#ifndef KITTY_SLOW_KITTY_SLOW_HPP
#define KITTY_SLOW_KITTY_SLOW_HPP

// Generated by dbones2cpp from kitty_ske.json, idle.dbani, meow.dbani
// armature "Armature220-kitty-merged": 5 bones, 5 slots, 6 attachments, 2 animation(s)
// scale 0.5, argb4444, atlas 256x257 (39435 of 65792 pixels used), about 132892 bytes
// images: 39435 pixels trimmed to 39435 (0 of 6 turned), 6 hulls enclosing 33529 pixels
// 2 warning(s):
//   animation idle of idle.dbani replaces the one of the armature
//   animation meow of meow.dbani replaces the one of the armature

#include "shapoco/gfx2d/rig.hpp"

namespace kitty_slow {

alignas(4) static const uint16_t atlasData[] = {
  0x0000, 0x0000, 0x0000, 0x0000, 0x0000, 0x0000, 0x0000, 0x0000,
  0x0000, 0x0000, 0x0000, 0x0000, 0x0000, 0x0000, 0x0000, 0x0000,
  0x0000, 0x0000, 0x0000, 0x0000, 0x0000, 0x0000, 0x0000, 0x0000,
  0x0000, 0x0000, 0x0000, 0x0000, 0x0000, 0x0000, 0x0000, 0x0000,
  0x0000, 0x0000, 0x0000, 0x0000, 0x0000, 0x0000, 0x0000, 0x0000,
  0x0000, 0x0000, 0x0000, 0x0000, 0x0000, 0x0000, 0x0000, 0x0000,
  0x0000, 0x0000, 0x0000, 0x0000, 0x0000, 0x0000, 0x0000, 0x0000,
  0x0000, 0x0000, 0x0000, 0x0555, 0x0000, 0x0000, 0x0000, 0x1433,
  0x3543, 0x6544, 0x7543, 0x8543, 0x8543, 0x7544, 0x5544, 0x2543,
  0x0000, 0x0000, 0x0000, 0x0555, 0x0000, 0x0000, 0x0000, 0x0000,
  0x0000, 0x0000, 0x0000, 0x0000, 0x0000, 0x0000, 0x0000, 0x0000,
  0x0000, 0x0000, 0x0000, 0x0000, 0x0000, 0x0000, 0x0000, 0x0000,
  0x0000, 0x0000, 0x0000, 0x0000, 0x0000, 0x0000, 0x0000, 0x0000,
  0x0000, 0x0000, 0x0000, 0x0000, 0x0000, 0x0000, 0x0000, 0x0000,
  0x0000, 0x0000, 0x0000, 0x0000, 0x0000, 0x0000, 0x0000, 0x0000,
  0x0770, 0x0444, 0x0000, 0x0000, 0x0000, 0x0000, 0x0000, 0x1533,
  0x2543, 0x5543, 0x6543, 0x7543, 0x8543, 0x9543, 0x9543, 0x9543,
  0x9543, 0x8543, 0x7543, 0x6543, 0x4543, 0x1543, 0x0000, 0x0000,
  0x0000, 0x0555, 0x0000, 0x0000, 0x0000, 0x0000, 0x0000, 0x0000,
  0x0000, 0x0000, 0x0000, 0x0000, 0x0000, 0x0000, 0x0000, 0x0000,
  0x0000, 0x0000, 0x0000, 0x0000, 0x0000, 0x0000, 0x0000, 0x0000,
  0x0000, 0x0000, 0x0000, 0x0000, 0x0000, 0x0000, 0x0000, 0x0000,
  0x0000, 0x0000, 0x0000, 0x0000, 0x0000, 0x0000, 0x0000, 0x0000,
  0x0000, 0x0000, 0x0000, 0x0000, 0x0000, 0x0000, 0x0000, 0x0000,
  0x0000, 0x0000, 0x0000, 0x0000, 0x0000, 0x0000, 0x0000, 0x0000,
  0x0000, 0x0000, 0x0000, 0x0000, 0x0000, 0x0000, 0x0000, 0x0000,
  0x0000, 0x0000, 0x0000, 0x0000, 0x0000, 0x0000, 0x0000, 0x0000,
  0x0000, 0x0000, 0x0000, 0x0000, 0x0000, 0x0000, 0x0000, 0x0000,
  0x0000, 0x0000, 0x0000, 0x0000, 0x0000, 0x0000, 0x0000, 0x0000,
  0x0000, 0x0000, 0x0000, 0x0000, 0x0000, 0x0000, 0x0000, 0x0000,
  0x0000, 0x0000, 0x0000, 0x0000, 0x0000, 0x0000, 0x0000, 0x0000,
  0x0000, 0x0000, 0x0000, 0x0000, 0x0000, 0x0000, 0x0000, 0x0000,
  0x0000, 0x0000, 0x0000, 0x0000, 0x0000, 0x0000, 0x0000, 0x0000,
  0x0000, 0x0000, 0x0000, 0x0000, 0x0000, 0x0000, 0x0000, 0x0000,
  0x0000, 0x0000, 0x0000, 0x0000, 0x0000, 0x0000, 0x0000, 0x0000,
  0x0000, 0x0000, 0x0000, 0x0000, 0x0000, 0x0000, 0x0000, 0x0000,
  0x0000, 0x0000, 0x0000, 0x0000, 0x0000, 0x0000, 0x0000, 0x0000,
  0x0000, 0x0000, 0x0000, 0x0000, 0x0000, 0x0000, 0x0000, 0x0000,
  0x0000, 0x0000, 0x0000, 0x0000, 0x0000, 0x0000, 0x0000, 0x0000,
  0x0000, 0x0000, 0x0000, 0x0000, 0x0000, 0x4543, 0x9543, 0xD543,
  0xF543, 0xF544, 0xF544, 0xF544, 0xF544, 0xF544, 0xF544, 0xE544,
  0xB543, 0x6543, 0x1533, 0x0000, 0x0700, 0x0000, 0x0000, 0x0000,
  0x0000, 0x0000, 0x0000, 0x0000, 0x0000, 0x0000, 0x0000, 0x0000,
  0x0000, 0x0000, 0x0000, 0x0000, 0x0000, 0x0000, 0x0000, 0x0000,
  0x0000, 0x0000, 0x0000, 0x0000, 0x0000, 0x0000, 0x0000, 0x0000,
  0x0000, 0x0000, 0x0000, 0x0000, 0x0000, 0x0000, 0x0000, 0x0000,
  0x0000, 0x0000, 0x0000, 0x0000, 0x0000, 0x0000, 0x0555, 0x0000,
  0x0000, 0x0000, 0x0000, 0x2544, 0x5543, 0x8543, 0xB543, 0xD544,
  0xE544, 0xF544, 0xF544, 0xF544, 0xF544, 0xF544, 0xF544, 0xF544,
  0xF544, 0xF544, 0xF544, 0xF544, 0xF543, 0xE543, 0xB544, 0x6544,
  0x2543, 0x0000, 0x0000, 0x0555, 0x0000, 0x0000, 0x0000, 0x0000,
  0x0000, 0x0000, 0x0000, 0x0000, 0x0000, 0x0000, 0x0000, 0x0000,
  0x0000, 0x0000, 0x0000, 0x0000, 0x0000, 0x0000, 0x0000, 0x0000,
  0x0000, 0x0000, 0x0000, 0x0000, 0x0000, 0x0000, 0x0000, 0x0000,
  0x0000, 0x0000, 0x0000, 0x0000, 0x0000, 0x0000, 0x0000, 0x0000,
  0x0000, 0x0000, 0x0000, 0x0000, 0x0000, 0x0000, 0x0000, 0x0000,
  0x0000, 0x0000, 0x0000, 0x0000, 0x0000, 0x0000, 0x0000, 0x0000,
  0x0000, 0x0000, 0x0000, 0x0000, 0x0000, 0x0000, 0x0000, 0x0000,
  0x0000, 0x0000, 0x0000, 0x0000, 0x0000, 0x0000, 0x0000, 0x0000,
  0x0000, 0x0000, 0x0000, 0x0000, 0x0000, 0x0000, 0x0000, 0x0000,
  0x0000, 0x0000, 0x0000, 0x0000, 0x0000, 0x0000, 0x0000, 0x0000,
  0x0000, 0x0000, 0x0000, 0x0000, 0x0000, 0x0000, 0x0000, 0x0000,
  0x0000, 0x0000, 0x0000, 0x0000, 0x0000, 0x0000, 0x0000, 0x0000,
  0x0000, 0x0000, 0x0000, 0x0000, 0x0000, 0x0000, 0x0000, 0x0000,
  0x0000, 0x0000, 0x0000, 0x0000, 0x0000, 0x0000, 0x0000, 0x0000,
  0x0000, 0x0000, 0x0000, 0x0000, 0x0000, 0x0000, 0x0000, 0x0000,
  0x0000, 0x0000, 0x0000, 0x0000, 0x0000, 0x0000, 0x0000, 0x0000,
  0x0000, 0x0000, 0x0000, 0x0000, 0x0000, 0x0000, 0x0000, 0x0000,
  0x0000, 0x0000, 0x0000, 0x0000, 0x0000, 0x0000, 0x0000, 0x0000,
  0x0000, 0x0000, 0x0000, 0x0000, 0x0000, 0x0000, 0x0000, 0x0000,
  0x0000, 0x0000, 0x0000, 0x0000, 0x0000, 0x0000, 0x0000, 0x0000,
  0x0555, 0x0000, 0x0000, 0x4543, 0xB543, 0xF544, 0xF544, 0xF544,
  0xF544, 0xF544, 0xF544, 0xF544, 0xF544, 0xF544, 0xF544, 0xF544,
  0xF544, 0xF544, 0xC544, 0x4543, 0x0000, 0x0700, 0x0000, 0x0000,
  0x0000, 0x0000, 0x0000, 0x0000, 0x0000, 0x0000, 0x0000, 0x0000,
  0x0000, 0x0000, 0x0000, 0x0000, 0x0000, 0x0000, 0x0000, 0x0000,
  0x0000, 0x0000, 0x0000, 0x0000, 0x0000, 0x0000, 0x0000, 0x0000,
  0x0000, 0x0000, 0x0000, 0x0000, 0x0000, 0x0000, 0x0000, 0x0000,
  0x0000, 0x0000, 0x0000, 0x0555, 0x0770, 0x0000, 0x0000, 0x0000,
  0x3543, 0x7543, 0xB543, 0xE544, 0xF544, 0xF544, 0xF544, 0xF544,
  0xF544, 0xF544, 0xF544, 0xF544, 0xF544, 0xF544, 0xF544, 0xF544,
  0xF544, 0xF544, 0xF544, 0xF544, 0xF544, 0xF544, 0xF544, 0xF544,
  0xE544, 0x8543, 0x1533, 0x0000, 0x0700, 0x0000, 0x0000, 0x0000,
  0x0000, 0x0000, 0x0000, 0x0000, 0x0000, 0x0000, 0x0000, 0x0000,
  0x0000, 0x0000, 0x0000, 0x0000, 0x0000, 0x0000, 0x0000, 0x0000,
  0x0000, 0x0000, 0x0000, 0x0000, 0x0000, 0x0000, 0x0000, 0x0000,
  0x0000, 0x0000, 0x0000, 0x0000, 0x0000, 0x0000, 0x0000, 0x0000,
  0x0000, 0x0000, 0x0000, 0x0000, 0x0000, 0x0000, 0x0000, 0x0000,
  0x0000, 0x0000, 0x0000, 0x0000, 0x0000, 0x0000, 0x0000, 0x0000,
  0x0000, 0x0000, 0x0000, 0x0000, 0x0000, 0x0000, 0x0000, 0x0000,
  0x0000, 0x0000, 0x0000, 0x0000, 0x0000, 0x0000, 0x0000, 0x0000,
  0x0000, 0x0000, 0x0000, 0x0000, 0x0000, 0x0000, 0x0000, 0x0000,
  0x0000, 0x0000, 0x0000, 0x0000, 0x0000, 0x0000, 0x0000, 0x0000,
  0x0000, 0x0000, 0x0000, 0x0000, 0x0000, 0x0000, 0x0000, 0x0000,
  0x0000, 0x0000, 0x0000, 0x0000, 0x0000, 0x0000, 0x0000, 0x0000,
  0x0000, 0x0000, 0x0000, 0x0000, 0x0000, 0x0000, 0x0000, 0x0000,
  0x0000, 0x0000, 0x0000, 0x0000, 0x0000, 0x0000, 0x0000, 0x0000,
  0x0000, 0x0000, 0x0000, 0x0000, 0x0000, 0x0000, 0x0000, 0x0000,
  0x0000, 0x0000, 0x0000, 0x0000, 0x0000, 0x0000, 0x0000, 0x0000,
  0x0000, 0x0000, 0x0000, 0x0000, 0x0000, 0x0000, 0x0000, 0x0000,
  0x0000, 0x0000, 0x0000, 0x0000, 0x0000, 0x0000, 0x0000, 0x0000,
  0x0000, 0x0000, 0x0000, 0x0000, 0x0000, 0x0000, 0x0000, 0x0000,
  0x0000, 0x0000, 0x0000, 0x0000, 0x0000, 0x0000, 0x0000, 0x0555,
  0x0000, 0x2543, 0xA544, 0xF544, 0xF544, 0xF544, 0xF544, 0xF544,
  0xF544, 0xF544, 0xF544, 0xF544, 0xF544, 0xF544, 0xF544, 0xF544,
  0xF544, 0xF544, 0xF544, 0xF544, 0x7544, 0x0000, 0x0777, 0x0000,
  0x0000, 0x0000, 0x0000, 0x0000, 0x0000, 0x0000, 0x0000, 0x0000,
  0x0000, 0x0000, 0x0000, 0x0000, 0x0000, 0x0000, 0x0000, 0x0000,
  0x0000, 0x0000, 0x0000, 0x0000, 0x0000, 0x0000, 0x0000, 0x0000,
  0x0000, 0x0000, 0x0000, 0x0000, 0x0000, 0x0000, 0x0000, 0x0000,
  0x0000, 0x0555, 0x0000, 0x0000, 0x0000, 0x1443, 0x6543, 0xB544,
  0xE544, 0xF544, 0xF544, 0xF544, 0xF544, 0xF544, 0xF544, 0xF544,
  0xF544, 0xF544, 0xF544, 0xF544, 0xF544, 0xF544, 0xF544, 0xF544,
  0xF544, 0xF544, 0xF544, 0xF544, 0xF544, 0xF544, 0xF544, 0xF544,
  0xF544, 0xF544, 0xD544, 0x5543, 0x0000, 0x0000, 0x0555, 0x0000,
  0x0000, 0x0000, 0x0000, 0x0000, 0x0000, 0x0000, 0x0000, 0x0000,
  0x0000, 0x0000, 0x0000, 0x0000, 0x0000, 0x0000, 0x0000, 0x0000,
  0x0000, 0x0000, 0x0000, 0x0000, 0x0000, 0x0000, 0x0000, 0x0000,
  0x0000, 0x0000, 0x0000, 0x0000, 0x0000, 0x0000, 0x0000, 0x0000,
  0x0000, 0x0000, 0x0000, 0x0000, 0x0000, 0x0000, 0x0000, 0x0000,
  0x0000, 0x0000, 0x0000, 0x0000, 0x0000, 0x0000, 0x0000, 0x0000,
  0x0000, 0x0000, 0x0000, 0x0000, 0x0000, 0x0000, 0x0000, 0x0000,
  0x0000, 0x0000, 0x0000, 0x0000, 0x0000, 0x0000, 0x0000, 0x0000,
  0x0000, 0x0000, 0x0000, 0x0000, 0x0000, 0x0000, 0x0000, 0x0000,
  0x0000, 0x0000, 0x0000, 0x0000, 0x0000, 0x0000, 0x0000, 0x0000,
  0x0000, 0x0000, 0x0000, 0x0000, 0x0000, 0x0000, 0x0000, 0x0000,
  0x0000, 0x0000, 0x0000, 0x0000, 0x0000, 0x0000, 0x0000, 0x0000,
  0x0000, 0x0000, 0x0000, 0x0000, 0x0000, 0x0000, 0x0000, 0x0000,
  0x0000, 0x0000, 0x0000, 0x0000, 0x0000, 0x0000, 0x0000, 0x0000,
  0x0000, 0x0000, 0x0000, 0x0000, 0x0000, 0x0000, 0x0000, 0x0000,
  0x0000, 0x0000, 0x0000, 0x0000, 0x0000, 0x0000, 0x0000, 0x0000,
  0x0000, 0x0000, 0x0000, 0x0000, 0x0000, 0x0000, 0x0000, 0x0000,
  0x0000, 0x0000, 0x0000, 0x0000, 0x0000, 0x0000, 0x0000, 0x0000,
  0x0000, 0x0000, 0x0000, 0x0000, 0x0000, 0x0000, 0x0000, 0x0000,
  0x0000, 0x0000, 0x0000, 0x0000, 0x0000, 0x0000, 0x0555, 0x0000,
  0x4543, 0xD544, 0xF544, 0xF544, 0xF544, 0xF544, 0xF544, 0xF543,
  0xF543, 0xF544, 0xF644, 0xF654, 0xF654, 0xF544, 0xF544, 0xF543,
  0xF544, 0xF544, 0xF544, 0xF544, 0xF544, 0x8543, 0x0000, 0x0555,
  0x0000, 0x0000, 0x0000, 0x0000, 0x0000, 0x0000, 0x0000, 0x0000,
  0x0000, 0x0000, 0x0000, 0x0000, 0x0000, 0x0000, 0x0000, 0x0000,
  0x0000, 0x0000, 0x0000, 0x0000, 0x0000, 0x0000, 0x0000, 0x0000,
  0x0000, 0x0000, 0x0000, 0x0000, 0x0000, 0x0000, 0x0000, 0x0555,
  0x0000, 0x0000, 0x0522, 0x4543, 0x9543, 0xE543, 0xF544, 0xF544,
  0xF544, 0xF544, 0xF544, 0xF544, 0xF544, 0xF544, 0xF544, 0xF544,
  0xF544, 0xF544, 0xF544, 0xE544, 0xD544, 0xD543, 0xD543, 0xD544,
  0xD544, 0xD544, 0xE544, 0xF543, 0xF544, 0xF544, 0xF544, 0xF544,
  0xF544, 0xF544, 0xF544, 0xF544, 0xA543, 0x1544, 0x0000, 0x0555,
  0x0000, 0x0000, 0x0000, 0x0000, 0x0000, 0x0000, 0x0000, 0x0000,
  0x0000, 0x0000, 0x0000, 0x0000, 0x0000, 0x0000, 0x0000, 0x0000,
  0x0000, 0x0000, 0x0000, 0x0000, 0x0000, 0x0000, 0x0000, 0x0000,
  0x0000, 0x0000, 0x0000, 0x0000, 0x0000, 0x0000, 0x0000, 0x0000,
  0x0000, 0x0000, 0x0000, 0x0000, 0x0000, 0x0000, 0x0000, 0x0000,
  0x0000, 0x0000, 0x0000, 0x0000, 0x0000, 0x0000, 0x0000, 0x0000,
  0x0000, 0x0000, 0x0000, 0x0000, 0x0000, 0x0000, 0x0000, 0x0000,
  0x0000, 0x0000, 0x0000, 0x0000, 0x0000, 0x0000, 0x0000, 0x0000,
  0x0000, 0x0000, 0x0000, 0x0000, 0x0000, 0x0000, 0x0000, 0x0000,
  0x0000, 0x0000, 0x0000, 0x0000, 0x0000, 0x0000, 0x0000, 0x0000,
  0x0000, 0x0000, 0x0000, 0x0000, 0x0000, 0x0000, 0x0000, 0x0000,
  0x0000, 0x0000, 0x0000, 0x0000, 0x0000, 0x0000, 0x0000, 0x0000,
  0x0000, 0x0000, 0x0000, 0x0000, 0x0000, 0x0000, 0x0000, 0x0000,
  0x0000, 0x0000, 0x0000, 0x0000, 0x0000, 0x0000, 0x0000, 0x0000,
  0x0000, 0x0000, 0x0000, 0x0000, 0x0000, 0x0000, 0x0000, 0x0000,
  0x0000, 0x0000, 0x0000, 0x0000, 0x0000, 0x0000, 0x0000, 0x0000,
  0x0000, 0x0000, 0x0000, 0x0000, 0x0000, 0x0000, 0x0000, 0x0000,
  0x0000, 0x0000, 0x0000, 0x0000, 0x0000, 0x0000, 0x0000, 0x0000,
  0x0000, 0x0000, 0x0000, 0x0000, 0x0000, 0x0000, 0x0000, 0x0000,
  0x0000, 0x0000, 0x0000, 0x0000, 0x0000, 0x0500, 0x0000, 0x6543,
  0xE544, 0xF544, 0xF544, 0xF544, 0xF544, 0xF543, 0xF544, 0xF765,
  0xF976, 0xFA86, 0xFC86, 0xFC96, 0xFC86, 0xFB86, 0xFA76, 0xF865,
  0xF544, 0xF543, 0xF544, 0xF544, 0xF544, 0xF544, 0x6544, 0x0000,
  0x0770, 0x0000, 0x0000, 0x0000, 0x0000, 0x0000, 0x0000, 0x0000,
  0x0000, 0x0000, 0x0000, 0x0000, 0x0000, 0x0000, 0x0000, 0x0000,
  0x0000, 0x0000, 0x0000, 0x0000, 0x0000, 0x0000, 0x0000, 0x0000,
  0x0000, 0x0000, 0x0000, 0x0000, 0x0000, 0x0000, 0x0700, 0x0000,
  0x1443, 0x7543, 0xC543, 0xF544, 0xF544, 0xF544, 0xF544, 0xF544,
  0xF544, 0xF544, 0xF544, 0xF544, 0xF544, 0xE544, 0xC543, 0x9543,
  0x6543, 0x5543, 0x3543, 0x1543, 0x1443, 0x0444, 0x0552, 0x0444,
  0x1533, 0x1543, 0x1443, 0x3543, 0x6544, 0x9543, 0xE543, 0xF544,
  0xF544, 0xF544, 0xF544, 0xF544, 0xF544, 0xD544, 0x4543, 0x0000,
  0x0555, 0x0000, 0x0000, 0x0000, 0x0000, 0x0000, 0x0000, 0x0000,
  0x0000, 0x0000, 0x0000, 0x0000, 0x0000, 0x0000, 0x0000, 0x0000,
  0x0000, 0x0000, 0x0000, 0x0000, 0x0000, 0x0000, 0x0000, 0x0000,
  0x0000, 0x0000, 0x0000, 0x0000, 0x0000, 0x0000, 0x0000, 0x0000,
  0x0000, 0x0000, 0x0000, 0x0000, 0x0000, 0x0000, 0x0000, 0x0000,
  0x0000, 0x0000, 0x0000, 0x0000, 0x0000, 0x0000, 0x0000, 0x0000,
  0x0000, 0x0000, 0x0000, 0x0000, 0x0000, 0x0000, 0x0000, 0x0000,
  0x0000, 0x0000, 0x0000, 0x0000, 0x0000, 0x0000, 0x0000, 0x0000,
  0x0000, 0x0000, 0x0000, 0x0000, 0x0000, 0x0000, 0x0000, 0x0000,
  0x0000, 0x0000, 0x0000, 0x0000, 0x0000, 0x0000, 0x0000, 0x0000,
  0x0000, 0x0000, 0x0000, 0x0000, 0x0000, 0x0000, 0x0000, 0x0000,
  0x0000, 0x0000, 0x0000, 0x0000, 0x0000, 0x0000, 0x0000, 0x0000,
  0x0000, 0x0000, 0x0000, 0x0000, 0x0000, 0x0000, 0x0000, 0x0000,
  0x0000, 0x0000, 0x0000, 0x0000, 0x0000, 0x0000, 0x0000, 0x0000,
  0x0000, 0x0000, 0x0000, 0x0000, 0x0000, 0x0000, 0x0000, 0x0000,
  0x0000, 0x0000, 0x0000, 0x0000, 0x0000, 0x0000, 0x0000, 0x0000,
  0x0000, 0x0000, 0x0000, 0x0000, 0x0000, 0x0000, 0x0000, 0x0000,
  0x0000, 0x0000, 0x0000, 0x0000, 0x0000, 0x0000, 0x0000, 0x0000,
  0x0000, 0x0000, 0x0000, 0x0000, 0x0000, 0x0000, 0x0000, 0x0000,
  0x0000, 0x0000, 0x0000, 0x0000, 0x0555, 0x0000, 0x7543, 0xF544,
  0xF544, 0xF544, 0xF544, 0xF544, 0xF543, 0xF754, 0xFA86, 0xFC97,
  0xFC97, 0xFC97, 0xFC97, 0xFC97, 0xFC97, 0xFC97, 0xFC97, 0xFC97,
  0xFB86, 0xF754, 0xF543, 0xF544, 0xF544, 0xF544, 0xE544, 0x2544,
  0x0000, 0x0777, 0x0000, 0x0000, 0x0000, 0x0000, 0x0000, 0x0000,
  0x0000, 0x0000, 0x0000, 0x0000, 0x0000, 0x0000, 0x0000, 0x0000,
  0x0000, 0x0000, 0x0000, 0x0000, 0x0000, 0x0000, 0x0000, 0x0000,
  0x0000, 0x0000, 0x0000, 0x0000, 0x0000, 0x0000, 0x0000, 0x5543,
  0xD544, 0xF544, 0xF544, 0xF544, 0xF544, 0xF544, 0xF544, 0xF544,
  0xF544, 0xF544, 0xD544, 0x9544, 0x5543, 0x1543, 0x0777, 0x0000,
  0x0000, 0x0000, 0x0000, 0x0000, 0x0000, 0x0000, 0x0000, 0x0000,
  0x0000, 0x0000, 0x0000, 0x0000, 0x0000, 0x0000, 0x1543, 0x7544,
  0xE544, 0xF544, 0xF544, 0xF544, 0xF544, 0xF544, 0xF544, 0x6543,
  0x0000, 0x0555, 0x0000, 0x0000, 0x0000, 0x0000, 0x0000, 0x0000,
  0x0000, 0x0000, 0x0000, 0x0000, 0x0000, 0x0000, 0x0000, 0x0000,
  0x0000, 0x0000, 0x0000, 0x0000, 0x0000, 0x0000, 0x0000, 0x0000,
  0x0000, 0x0000, 0x0000, 0x0000, 0x0000, 0x0000, 0x0000, 0x0000,
  0x0000, 0x0000, 0x0000, 0x0000, 0x0000, 0x0000, 0x0000, 0x0000,
  0x0000, 0x0000, 0x0000, 0x0000, 0x0000, 0x0000, 0x0000, 0x0000,
  0x0000, 0x0000, 0x0000, 0x0000, 0x0000, 0x0000, 0x0000, 0x0000,
  0x0000, 0x0000, 0x0000, 0x0000, 0x0000, 0x0000, 0x0000, 0x0000,
  0x0000, 0x0000, 0x0000, 0x0000, 0x0000, 0x0000, 0x0000, 0x0000,
  0x0000, 0x0000, 0x0000, 0x0000, 0x0000, 0x0000, 0x0000, 0x0000,
  0x0000, 0x0000, 0x0000, 0x0000, 0x0000, 0x0000, 0x0000, 0x0000,
  0x0000, 0x0000, 0x0000, 0x0000, 0x0000, 0x0000, 0x0000, 0x0000,
  0x0000, 0x0000, 0x0000, 0x0000, 0x0000, 0x0000, 0x0000, 0x0000,
  0x0000, 0x0000, 0x0000, 0x0000, 0x0000, 0x0000, 0x0000, 0x0000,
  0x0000, 0x0000, 0x0000, 0x0000, 0x0000, 0x0000, 0x0000, 0x0000,
  0x0000, 0x0000, 0x0000, 0x0000, 0x0000, 0x0000, 0x0000, 0x0000,
  0x0000, 0x0000, 0x0000, 0x0000, 0x0000, 0x0000, 0x0000, 0x0000,
  0x0000, 0x0000, 0x0000, 0x0000, 0x0000, 0x0000, 0x0000, 0x0000,
  0x0000, 0x0000, 0x0000, 0x0000, 0x0000, 0x0000, 0x0000, 0x0000,
  0x0000, 0x0000, 0x0000, 0x0555, 0x0000, 0x6543, 0xF544, 0xF544,
  0xF544, 0xF544, 0xF543, 0xF544, 0xF975, 0xFC97, 0xFC97, 0xFC97,
  0xFC97, 0xFC97, 0xFC97, 0xFC97, 0xFC97, 0xFC97, 0xFC97, 0xFC97,
  0xFC97, 0xFC97, 0xF754, 0xF543, 0xF544, 0xF544, 0xF544, 0x9543,
  0x0000, 0x0777, 0x0000, 0x0000, 0x0000, 0x0000, 0x0000, 0x0000,
  0x0000, 0x0000, 0x0000, 0x0000, 0x0000, 0x0000, 0x0000, 0x0000,
  0x0000, 0x0000, 0x0000, 0x0000, 0x0000, 0x0000, 0x0000, 0x0000,
  0x0000, 0x0000, 0x0777, 0x0555, 0x0777, 0x0000, 0x8543, 0xF544,
  0xF544, 0xF544, 0xF544, 0xF544, 0xF544, 0xF544, 0xF544, 0xE544,
  0xA544, 0x5544, 0x1665, 0x0000, 0x0000, 0x0000, 0x0FFA, 0x0A77,
  0x0966, 0x0774, 0x0A55, 0x0777, 0x0000, 0x0000, 0x0000, 0x0000,
  0x0000, 0x0000, 0x0AAA, 0x0CA7, 0x0997, 0x0996, 0x0000, 0x0000,
  0x3544, 0xA544, 0xF544, 0xF544, 0xF544, 0xF544, 0xF544, 0xF544,
  0x7543, 0x0000, 0x0555, 0x0000, 0x0000, 0x0000, 0x0000, 0x0000,
  0x0000, 0x0000, 0x0000, 0x0000, 0x0000, 0x0000, 0x0000, 0x0000,
  0x0000, 0x0000, 0x0000, 0x0000, 0x0000, 0x0000, 0x0000, 0x0000,
  0x0000, 0x0000, 0x0000, 0x0000, 0x0000, 0x0000, 0x0000, 0x0000,
  0x0000, 0x0000, 0x0000, 0x0000, 0x0000, 0x0000, 0x0000, 0x0000,
  0x0000, 0x0000, 0x0000, 0x0000, 0x0000, 0x0000, 0x0000, 0x0000,
  0x0000, 0x0000, 0x0000, 0x0000, 0x0000, 0x0000, 0x0000, 0x0000,
  0x0000, 0x0000, 0x0000, 0x0000, 0x0000, 0x0000, 0x0000, 0x0000,
  0x0000, 0x0000, 0x0000, 0x0000, 0x0000, 0x0000, 0x0000, 0x0000,
  0x0000, 0x0000, 0x0000, 0x0000, 0x0000, 0x0000, 0x0000, 0x0000,
  0x0000, 0x0000, 0x0000, 0x0000, 0x0000, 0x0000, 0x0000, 0x0000,
  0x0000, 0x0000, 0x0000, 0x0000, 0x0000, 0x0000, 0x0000, 0x0000,
  0x0000, 0x0000, 0x0000, 0x0000, 0x0000, 0x0000, 0x0000, 0x0000,
  0x0000, 0x0000, 0x0000, 0x0000, 0x0000, 0x0000, 0x0000, 0x0000,
  0x0000, 0x0000, 0x0000, 0x0000, 0x0000, 0x0000, 0x0000, 0x0000,
  0x0000, 0x0000, 0x0000, 0x0000, 0x0000, 0x0000, 0x0000, 0x0000,
  0x0000, 0x0000, 0x0000, 0x0000, 0x0000, 0x0000, 0x0000, 0x0000,
  0x0000, 0x0000, 0x0000, 0x0000, 0x0000, 0x0000, 0x0000, 0x0000,
  0x0000, 0x0000, 0x0000, 0x0000, 0x0000, 0x0000, 0x0000, 0x0000,
  0x0000, 0x0000, 0x0555, 0x0000, 0x4543, 0xF544, 0xF544, 0xF544,
  0xF544, 0xF543, 0xF654, 0xFB86, 0xFC97, 0xFC97, 0xFC97, 0xFC97,
  0xFC97, 0xFC97, 0xFC97, 0xFC97, 0xFC97, 0xFC97, 0xFC97, 0xFC97,
  0xFC97, 0xFC97, 0xFC86, 0xF654, 0xF543, 0xF544, 0xF544, 0xE543,
  0x1443, 0x0000, 0x0000, 0x0000, 0x0000, 0x0000, 0x0000, 0x0000,
  0x0000, 0x0000, 0x0000, 0x0000, 0x0000, 0x0000, 0x0000, 0x0000,
  0x0000, 0x0000, 0x0000, 0x0000, 0x0000, 0x0000, 0x0000, 0x0000,
  0x0000, 0x0000, 0x0000, 0x0000, 0x0000, 0x8543, 0xF544, 0xF544,
  0xF544, 0xF544, 0xF544, 0xF544, 0xF544, 0xB544, 0x6543, 0x2433,
  0x0000, 0x0000, 0x0000, 0x0000, 0x0000, 0x0000, 0x0000, 0x0000,
  0x0000, 0x0000, 0x0000, 0x0000, 0x0FFF, 0x0FFF, 0x0FFF, 0x0FF0,
  0x0FFF, 0x0000, 0x0000, 0x0000, 0x0000, 0x0000, 0x0000, 0x0000,
  0x0000, 0x0000, 0x6543, 0xE544, 0xF544, 0xF544, 0xF544, 0xF544,
  0xF544, 0x6543, 0x0000, 0x0444, 0x0000, 0x0000, 0x0000, 0x0000,
  0x0000, 0x0000, 0x0000, 0x0000, 0x0000, 0x0000, 0x0000, 0x0000,
  0x0000, 0x0000, 0x0000, 0x0000, 0x0000, 0x0000, 0x0000, 0x0000,
  0x0000, 0x0000, 0x0000, 0x0000, 0x0000, 0x0000, 0x0000, 0x0000,
  0x0000, 0x0000, 0x0000, 0x0000, 0x0000, 0x0000, 0x0000, 0x0000,
  0x0000, 0x0000, 0x0000, 0x0000, 0x0000, 0x0000, 0x0000, 0x0000,
  0x0000, 0x0000, 0x0000, 0x0000, 0x0000, 0x0000, 0x0000, 0x0000,
  0x0000, 0x0000, 0x0000, 0x0000, 0x0000, 0x0000, 0x0000, 0x0000,
  0x0000, 0x0000, 0x0000, 0x0000, 0x0000, 0x0000, 0x0000, 0x0000,
  0x0000, 0x0000, 0x0000, 0x0000, 0x0000, 0x0000, 0x0000, 0x0000,
  0x0000, 0x0000, 0x0000, 0x0000, 0x0000, 0x0000, 0x0000, 0x0000,
  0x0000, 0x0000, 0x0000, 0x0000, 0x0000, 0x0000, 0x0000, 0x0000,
  0x0000, 0x0000, 0x0000, 0x0000, 0x0000, 0x0000, 0x0000, 0x0000,
  0x0000, 0x0000, 0x0000, 0x0000, 0x0000, 0x0000, 0x0000, 0x0000,
  0x0000, 0x0000, 0x0000, 0x0000, 0x0000, 0x0000, 0x0000, 0x0000,
  0x0000, 0x0000, 0x0000, 0x0000, 0x0000, 0x0000, 0x0000, 0x0000,
  0x0000, 0x0000, 0x0000, 0x0000, 0x0000, 0x0000, 0x0000, 0x0000,
  0x0000, 0x0000, 0x0000, 0x0000, 0x0000, 0x0000, 0x0000, 0x0000,
  0x0000, 0x0000, 0x0000, 0x0000, 0x0000, 0x0000, 0x0000, 0x0000,
  0x0000, 0x0777, 0x0000, 0x2544, 0xE543, 0xF544, 0xF544, 0xF544,
  0xF543, 0xF654, 0xFB86, 0xFC97, 0xFC97, 0xFC97, 0xFC97, 0xFC97,
  0xFC97, 0xFC97, 0xFC97, 0xFC97, 0xFC97, 0xFC97, 0xFC97, 0xFC97,
  0xFC97, 0xFC97, 0xFC97, 0xF975, 0xF543, 0xF544, 0xF544, 0xF544,
  0x5544, 0x0000, 0x0444, 0x0000, 0x0000, 0x0000, 0x0000, 0x0000,
  0x0000, 0x0000, 0x0000, 0x0000, 0x0000, 0x0000, 0x0000, 0x0000,
  0x0000, 0x0000, 0x0000, 0x0000, 0x0000, 0x0000, 0x0000, 0x0000,
  0x0000, 0x0000, 0x6543, 0x9543, 0xA543, 0xF544, 0xF544, 0xF544,
  0xF544, 0xF544, 0xE544, 0x8433, 0x2000, 0x0000, 0x0000, 0x0000,
  0x1DD9, 0x3EDA, 0x4EDA, 0x5EDA, 0x6EDA, 0x7EDB, 0x8EDA, 0x9EDA,
  0x9EDB, 0xAEDA, 0xAEDA, 0xBEDA, 0xCEDA, 0xCEDA, 0xCEDA, 0xCEDA,
  0xCEDA, 0xBEDA, 0x9EDA, 0x8EDB, 0x6EDA, 0x5EDA, 0x5EDA, 0x3EDA,
  0x3EDA, 0x1DCA, 0x0000, 0x3433, 0xC433, 0xF543, 0xF544, 0xF544,
  0xF544, 0xF544, 0x5543, 0x0000, 0x0555, 0x0000, 0x0000, 0x0000,
  0x0000, 0x0000, 0x0000, 0x0000, 0x0000, 0x0000, 0x0000, 0x0000,
  0x0000, 0x0000, 0x0000, 0x0000, 0x0000, 0x0000, 0x0000, 0x0000,
  0x0000, 0x0000, 0x0000, 0x0000, 0x0000, 0x0000, 0x0000, 0x0000,
  0x0000, 0x0000, 0x0000, 0x0000, 0x0000, 0x0000, 0x0000, 0x0000,
  0x0000, 0x0000, 0x0000, 0x0000, 0x0000, 0x0000, 0x0000, 0x0000,
  0x0000, 0x0000, 0x0000, 0x0000, 0x0000, 0x0000, 0x0000, 0x0000,
  0x0000, 0x0000, 0x0000, 0x0000, 0x0000, 0x0000, 0x0000, 0x0000,
  0x0000, 0x0000, 0x0000, 0x0000, 0x0000, 0x0000, 0x0000, 0x0000,
  0x0000, 0x0000, 0x0000, 0x0000, 0x0000, 0x0000, 0x0000, 0x0000,
  0x0000, 0x0000, 0x0000, 0x0000, 0x0000, 0x0000, 0x0000, 0x0000,
  0x0000, 0x0000, 0x0000, 0x0000, 0x0000, 0x0000, 0x0000, 0x0000,
  0x0000, 0x0000, 0x0000, 0x0000, 0x0000, 0x0000, 0x0000, 0x0000,
  0x0000, 0x0000, 0x0000, 0x0000, 0x0000, 0x0000, 0x0000, 0x0000,
  0x0000, 0x0000, 0x0000, 0x0000, 0x0000, 0x0000, 0x0000, 0x0000,
  0x0000, 0x0000, 0x0000, 0x0000, 0x0000, 0x0000, 0x0000, 0x0000,
  0x0000, 0x0000, 0x0000, 0x0000, 0x0000, 0x0000, 0x0000, 0x0000,
  0x0000, 0x0000, 0x0000, 0x0000, 0x0000, 0x0000, 0x0000, 0x0000,
  0x0000, 0x0000, 0x0000, 0x0000, 0x0000, 0x0000, 0x0000, 0x0000,
  0x0000, 0x0555, 0x0555, 0xB544, 0xF544, 0xF544, 0xF544, 0xF543,
  0xF654, 0xFB86, 0xFC97, 0xFC97, 0xFC97, 0xFC97, 0xFC97, 0xFC97,
  0xFC97, 0xFC97, 0xFC97, 0xFC97, 0xFC97, 0xFC97, 0xFC97, 0xFC97,
  0xFC97, 0xFC97, 0xFC97, 0xFB86, 0xF644, 0xF544, 0xF544, 0xF544,
  0x7543, 0x0000, 0x0444, 0x0000, 0x0000, 0x0000, 0x0000, 0x0000,
  0x0000, 0x0000, 0x0000, 0x0000, 0x0000, 0x0000, 0x0000, 0x0000,
  0x0000, 0x0000, 0x0000, 0x0000, 0x0000, 0x0000, 0x0000, 0x0700,
  0x0000, 0x6543, 0xF544, 0xF544, 0xF544, 0xF544, 0xF544, 0xF544,
  0xF544, 0xA433, 0x2433, 0x2FFD, 0x5FEB, 0x9EDB, 0xBEDA, 0xDEDA,
  0xEEDA, 0xFEDA, 0xFEDB, 0xFFEB, 0xFFEB, 0xFFEB, 0xFFEB, 0xFFEB,
  0xFFEB, 0xFFEB, 0xFFEB, 0xFFEB, 0xFFEB, 0xFFEB, 0xFFEB, 0xFFEB,
  0xFFEB, 0xFFEB, 0xFFEB, 0xFFEB, 0xFFEB, 0xFFEB, 0xFFEB, 0xFEDA,
  0xFEDA, 0xEEDB, 0xDEDA, 0xAFEB, 0xADCA, 0xE655, 0xF543, 0xF544,
  0xF544, 0xF544, 0xE544, 0x3543, 0x0000, 0x0777, 0x0000, 0x0000,
  0x0000, 0x0000, 0x0000, 0x0000, 0x0000, 0x0000, 0x0000, 0x0000,
  0x0000, 0x0000, 0x0000, 0x0000, 0x0000, 0x0000, 0x0000, 0x0000,
  0x0000, 0x0000, 0x0000, 0x0000, 0x0000, 0x0000, 0x0000, 0x0000,
  0x0000, 0x0000, 0x0000, 0x0000, 0x0000, 0x0000, 0x0000, 0x0000,
  0x0000, 0x0000, 0x0000, 0x0000, 0x0000, 0x0000, 0x0000, 0x0000,
  0x0000, 0x0000, 0x0000, 0x0000, 0x0000, 0x0000, 0x0000, 0x0000,
  0x0000, 0x0000, 0x0000, 0x0000, 0x0000, 0x0000, 0x0000, 0x0000,
  0x0000, 0x0000, 0x0000, 0x0000, 0x0000, 0x0000, 0x0000, 0x0000,
  0x0000, 0x0000, 0x0000, 0x0000, 0x0000, 0x0000, 0x0000, 0x0000,
  0x0000, 0x0000, 0x0000, 0x0000, 0x0000, 0x0000, 0x0000, 0x0000,
  0x0000, 0x0000, 0x0000, 0x0000, 0x0000, 0x0000, 0x0000, 0x0000,
  0x0000, 0x0000, 0x0000, 0x0000, 0x0000, 0x0000, 0x0000, 0x0000,
  0x0000, 0x0000, 0x0000, 0x0000, 0x0000, 0x0000, 0x0000, 0x0000,
  0x0000, 0x0000, 0x0000, 0x0000, 0x0000, 0x0000, 0x0000, 0x0000,
  0x0000, 0x0000, 0x0000, 0x0000, 0x0000, 0x0000, 0x0000, 0x0000,
  0x0000, 0x0000, 0x0000, 0x0000, 0x0000, 0x0000, 0x0000, 0x0000,
  0x0000, 0x0000, 0x0000, 0x0000, 0x0000, 0x0000, 0x0000, 0x0000,
  0x0000, 0x0000, 0x0000, 0x0000, 0x0000, 0x0000, 0x0000, 0x0000,
  0x0500, 0x0000, 0x7543, 0xF544, 0xF544, 0xF544, 0xF544, 0xF644,
  0xFB86, 0xFC97, 0xFC97, 0xFC97, 0xFC97, 0xFC97, 0xFC97, 0xFC97,
  0xFC97, 0xFC97, 0xFC97, 0xFC97, 0xFC97, 0xFC97, 0xFC97, 0xFC97,
  0xFC97, 0xFC97, 0xFC97, 0xFC97, 0xF654, 0xF544, 0xF544, 0xF544,
  0x8543, 0x0000, 0x0555, 0x0000, 0x0000, 0x0000, 0x0000, 0x0000,
  0x0000, 0x0000, 0x0000, 0x0000, 0x0000, 0x0000, 0x0000, 0x0000,
  0x0000, 0x0000, 0x0000, 0x0000, 0x0000, 0x0000, 0x0000, 0x0000,
  0x1544, 0xD544, 0xF544, 0xF544, 0xF544, 0xF544, 0xF544, 0xF543,
  0xB654, 0x7EDA, 0xBFEB, 0xFEDA, 0xFFEB, 0xFFEB, 0xFFEB, 0xFFEB,
  0xFEDB, 0xFEDB, 0xFEDA, 0xFEDA, 0xFEDA, 0xFEDA, 0xFEDA, 0xFEDA,
  0xFEDA, 0xFEDA, 0xFEDA, 0xFEDA, 0xFEDA, 0xFEDA, 0xFEDA, 0xFEDA,
  0xFEDA, 0xFEDA, 0xFEDA, 0xFEDA, 0xFEDA, 0xFEDA, 0xFEDA, 0xFEDA,
  0xFEDB, 0xFEDB, 0xFFEB, 0xFFEB, 0xFFEB, 0xFDDA, 0xF765, 0xF543,
  0xF544, 0xF544, 0xF544, 0xD544, 0x1543, 0x0000, 0x0F00, 0x0000,
  0x0000, 0x0000, 0x0000, 0x0000, 0x0000, 0x0000, 0x0000, 0x0000,
  0x0000, 0x0000, 0x0000, 0x0000, 0x0000, 0x0000, 0x0000, 0x0000,
  0x0000, 0x0000, 0x0000, 0x0000, 0x0000, 0x0000, 0x0000, 0x0000,
  0x0000, 0x0000, 0x0000, 0x0000, 0x0000, 0x0000, 0x0000, 0x0000,
  0x0000, 0x0000, 0x0000, 0x0000, 0x0000, 0x0000, 0x0000, 0x0000,
  0x0000, 0x0000, 0x0000, 0x0000, 0x0000, 0x0000, 0x0000, 0x0000,
  0x0000, 0x0000, 0x0000, 0x0000, 0x0000, 0x0000, 0x0000, 0x0000,
  0x0000, 0x0000, 0x0000, 0x0000, 0x0000, 0x0000, 0x0000, 0x0000,
  0x0000, 0x0000, 0x0000, 0x0000, 0x0000, 0x0000, 0x0000, 0x0000,
  0x0000, 0x0000, 0x0000, 0x0000, 0x0000, 0x0000, 0x0000, 0x0000,
  0x0000, 0x0000, 0x0000, 0x0000, 0x0000, 0x0000, 0x0000, 0x0000,
  0x0000, 0x0000, 0x0000, 0x0000, 0x0000, 0x0000, 0x0000, 0x0000,
  0x0000, 0x0000, 0x0000, 0x0000, 0x0000, 0x0000, 0x0000, 0x0000,
  0x0000, 0x0000, 0x0000, 0x0000, 0x0000, 0x0000, 0x0000, 0x0000,
  0x0000, 0x0000, 0x0000, 0x0000, 0x0000, 0x0000, 0x0000, 0x0000,
  0x0000, 0x0000, 0x0000, 0x0000, 0x0000, 0x0000, 0x0000, 0x0000,
  0x0000, 0x0000, 0x0000, 0x0000, 0x0000, 0x0000, 0x0000, 0x0000,
  0x0000, 0x0000, 0x0000, 0x0000, 0x0000, 0x0000, 0x0000, 0x0777,
  0x0000, 0x2543, 0xE544, 0xF544, 0xF544, 0xF544, 0xF544, 0xFA76,
  0xFC97, 0xFC97, 0xFC97, 0xFC97, 0xFC97, 0xFC97, 0xFC97, 0xFC97,
  0xFC97, 0xFC97, 0xFC97, 0xFC97, 0xFC97, 0xFC97, 0xFC97, 0xFC97,
  0xFC97, 0xFC97, 0xFC97, 0xFC96, 0xF654, 0xF544, 0xF544, 0xF544,
  0x8543, 0x0000, 0x0555, 0x0000, 0x0000, 0x0000, 0x0000, 0x0000,
  0x0000, 0x0000, 0x0000, 0x0000, 0x0000, 0x0000, 0x0000, 0x0000,
  0x0000, 0x0000, 0x0000, 0x0000, 0x0000, 0x0000, 0x0555, 0x0000,
  0x7543, 0xF544, 0xF544, 0xF544, 0xF544, 0xF544, 0xF543, 0xF765,
  0xEEDA, 0xFFEB, 0xFFEB, 0xFEDB, 0xFEDA, 0xFEDA, 0xFEDA, 0xFEDA,
  0xFEDA, 0xFEDA, 0xFEDA, 0xFEDA, 0xFEDA, 0xFEDA, 0xFEDA, 0xFEDA,
  0xFEDA, 0xFEDA, 0xFEDA, 0xFEDA, 0xFEDA, 0xFEDA, 0xFEDA, 0xFEDA,
  0xFEDA, 0xFEDA, 0xFEDA, 0xFEDA, 0xFEDA, 0xFEDA, 0xFEDA, 0xFEDA,
  0xFEDA, 0xFEDA, 0xFEDA, 0xFEDA, 0xFEDA, 0xFFEB, 0xFDC9, 0xF654,
  0xF543, 0xF544, 0xF544, 0xF544, 0xB544, 0x0522, 0x0700, 0x0000,
  0x0000, 0x0000, 0x0000, 0x0000, 0x0000, 0x0000, 0x0000, 0x0000,
  0x0000, 0x0000, 0x0000, 0x0000, 0x0000, 0x0000, 0x0000, 0x0000,
  0x0000, 0x0000, 0x0000, 0x0000, 0x0000, 0x0000, 0x0000, 0x0000,
  0x0000, 0x0000, 0x0000, 0x0000, 0x0000, 0x0000, 0x0000, 0x0000,
  0x0000, 0x0000, 0x0000, 0x0000, 0x0000, 0x0000, 0x0000, 0x0000,
  0x0000, 0x0000, 0x0000, 0x0000, 0x0000, 0x0000, 0x0000, 0x0000,
  0x0000, 0x0000, 0x0000, 0x0000, 0x0000, 0x0000, 0x0000, 0x0000,
  0x0000, 0x0000, 0x0000, 0x0000, 0x0000, 0x0000, 0x0000, 0x0000,
  0x0000, 0x0000, 0x0000, 0x0000, 0x0000, 0x0000, 0x0000, 0x0000,
  0x0000, 0x0000, 0x0000, 0x0000, 0x0000, 0x0000, 0x0000, 0x0000,
  0x0000, 0x0000, 0x0000, 0x0000, 0x0000, 0x0000, 0x0000, 0x0000,
  0x0000, 0x0000, 0x0000, 0x0000, 0x0000, 0x0000, 0x0000, 0x0000,
  0x0000, 0x0000, 0x0000, 0x0000, 0x0000, 0x0000, 0x0000, 0x0000,
  0x0000, 0x0000, 0x0000, 0x0000, 0x0000, 0x0000, 0x0000, 0x0000,
  0x0000, 0x0000, 0x0000, 0x0000, 0x0000, 0x0000, 0x0000, 0x0000,
  0x0000, 0x0000, 0x0000, 0x0000, 0x0000, 0x0000, 0x0000, 0x0000,
  0x0000, 0x0000, 0x0000, 0x0000, 0x0000, 0x0000, 0x0000, 0x0000,
  0x0000, 0x0000, 0x0000, 0x0000, 0x0000, 0x0000, 0x0000, 0x0777,
  0x0000, 0xA543, 0xF544, 0xF544, 0xF544, 0xF543, 0xF865, 0xFC97,
  0xFC97, 0xFC97, 0xFC97, 0xFC97, 0xFC97, 0xFC97, 0xFC97, 0xFC97,
  0xFC97, 0xFC97, 0xFC97, 0xFC97, 0xFC97, 0xFC97, 0xFC97, 0xFC97,
  0xFC97, 0xFC97, 0xFC97, 0xFC86, 0xF644, 0xF544, 0xF544, 0xF544,
  0x7543, 0x0000, 0x0444, 0x0000, 0x0000, 0x0000, 0x0000, 0x0000,
  0x0000, 0x0000, 0x0000, 0x0000, 0x0000, 0x0000, 0x0000, 0x0000,
  0x0000, 0x0000, 0x0000, 0x0000, 0x0000, 0x0000, 0x0000, 0x0444,
  0xD544, 0xF544, 0xF544, 0xF544, 0xF544, 0xF543, 0xF765, 0xFEDA,
  0xFFEB, 0xFEDA, 0xFEDA, 0xFEDA, 0xFEDA, 0xFEDA, 0xFEDA, 0xFEDA,
  0xFEDA, 0xFEDA, 0xFEDA, 0xFEDA, 0xFEDA, 0xFEDA, 0xFEDA, 0xFEDA,
  0xFEDA, 0xFEDA, 0xFEDA, 0xFEDA, 0xFEDA, 0xFEDA, 0xFEDA, 0xFEDA,
  0xFEDA, 0xFEDA, 0xFEDA, 0xFEDA, 0xFEDA, 0xFEDA, 0xFEDA, 0xFEDA,
  0xFEDA, 0xFEDA, 0xFEDA, 0xFEDA, 0xFEDA, 0xFEDA, 0xFFEB, 0xFCB9,
  0xF544, 0xF544, 0xF544, 0xF544, 0xF544, 0x6543, 0x0000, 0x0770,
  0x0000, 0x0000, 0x0000, 0x0000, 0x0000, 0x0000, 0x0000, 0x0000,
  0x0000, 0x0000, 0x0000, 0x0000, 0x0000, 0x0000, 0x0000, 0x0000,
  0x0000, 0x0000, 0x0000, 0x0000, 0x0000, 0x0000, 0x0000, 0x0000,
  0x0000, 0x0000, 0x0000, 0x0000, 0x0000, 0x0000, 0x0000, 0x0000,
  0x0000, 0x0000, 0x0000, 0x0000, 0x0000, 0x0000, 0x0000, 0x0000,
  0x0000, 0x0000, 0x0000, 0x0000, 0x0000, 0x0000, 0x0000, 0x0000,
  0x0000, 0x0000, 0x0000, 0x0000, 0x0000, 0x0000, 0x0000, 0x0000,
  0x0000, 0x0000, 0x0000, 0x0000, 0x0000, 0x0000, 0x0000, 0x0000,
  0x0000, 0x0000, 0x0000, 0x0000, 0x0000, 0x0000, 0x0000, 0x0000,
  0x0000, 0x0000, 0x0000, 0x0000, 0x0000, 0x0000, 0x0000, 0x0000,
  0x0000, 0x0000, 0x0000, 0x0000, 0x0000, 0x0000, 0x0000, 0x0000,
  0x0000, 0x0000, 0x0000, 0x0000, 0x0000, 0x0000, 0x0000, 0x0000,
  0x0000, 0x0000, 0x0000, 0x0000, 0x0000, 0x0000, 0x0000, 0x0000,
  0x0000, 0x0000, 0x0000, 0x0000, 0x0000, 0x0000, 0x0000, 0x0000,
  0x0000, 0x0000, 0x0000, 0x0000, 0x0000, 0x0000, 0x0000, 0x0000,
  0x0000, 0x0000, 0x0000, 0x0000, 0x0000, 0x0000, 0x0000, 0x0000,
  0x0000, 0x0000, 0x0000, 0x0000, 0x0000, 0x0000, 0x0000, 0x0000,
  0x0000, 0x0000, 0x0000, 0x0000, 0x0000, 0x0000, 0x0555, 0x0000,
  0x4543, 0xF544, 0xF544, 0xF544, 0xF543, 0xF654, 0xFC86, 0xFC97,
  0xFC97, 0xFC97, 0xFC97, 0xFC97, 0xFC97, 0xFC97, 0xFC97, 0xFC97,
  0xFC97, 0xFC97, 0xFC97, 0xFC97, 0xFC97, 0xFC97, 0xFC97, 0xFC97,
  0xFC97, 0xFC97, 0xFC97, 0xFB86, 0xF544, 0xF544, 0xF544, 0xF544,
  0x6543, 0x0000, 0x0444, 0x0000, 0x0000, 0x0000, 0x0000, 0x0000,
  0x0000, 0x0000, 0x0000, 0x0000, 0x0000, 0x0000, 0x0000, 0x0000,
  0x0000, 0x0000, 0x0000, 0x0000, 0x0000, 0x0444, 0x0000, 0x8543,
  0xF544, 0xF544, 0xF544, 0xF544, 0xF543, 0xF655, 0xFDCA, 0xFEEB,
  0xFEDA, 0xFEDA, 0xFEDA, 0xFEDA, 0xFEDA, 0xFEDA, 0xFEDA, 0xFEDA,
  0xFEDA, 0xFEDA, 0xFEDA, 0xFEDA, 0xFEDA, 0xFEDA, 0xFEDA, 0xFEDA,
  0xFEDA, 0xFEDA, 0xFEDA, 0xFEDA, 0xFEDA, 0xFEDA, 0xFEDA, 0xFEDA,
  0xFEDA, 0xFEDA, 0xFEDA, 0xFEDA, 0xFEDA, 0xFEDA, 0xFEDA, 0xFEDA,
  0xFEDA, 0xFEDA, 0xFEDA, 0xFEDA, 0xFEDA, 0xFEDA, 0xFEDA, 0xFFEB,
  0xFBA8, 0xF543, 0xF544, 0xF544, 0xF544, 0xD543, 0x1544, 0x0000,
  0x0000, 0x0000, 0x0000, 0x0000, 0x0000, 0x0000, 0x0000, 0x0000,
  0x0000, 0x0000, 0x0000, 0x0000, 0x0000, 0x0000, 0x0000, 0x0000,
  0x0000, 0x0000, 0x0000, 0x0000, 0x0000, 0x0000, 0x0000, 0x0000,
  0x0000, 0x0000, 0x0000, 0x0000, 0x0000, 0x0000, 0x0000, 0x0000,
  0x0000, 0x0000, 0x0000, 0x0000, 0x0000, 0x0000, 0x0000, 0x0000,
  0x0000, 0x0000, 0x0000, 0x0000, 0x0000, 0x0000, 0x0000, 0x0000,
  0x0000, 0x0000, 0x0000, 0x0000, 0x0000, 0x0000, 0x0000, 0x0000,
  0x0000, 0x0000, 0x0000, 0x0000, 0x0000, 0x0000, 0x0000, 0x0000,
  0x0000, 0x0000, 0x0000, 0x0000, 0x0000, 0x0000, 0x0000, 0x0000,
  0x0000, 0x0000, 0x0000, 0x0000, 0x0000, 0x0000, 0x0000, 0x0000,
  0x0000, 0x0000, 0x0000, 0x0000, 0x0000, 0x0000, 0x0000, 0x0000,
  0x0000, 0x0000, 0x0000, 0x0000, 0x0000, 0x0000, 0x0000, 0x0000,
  0x0000, 0x0000, 0x0000, 0x0000, 0x0000, 0x0000, 0x0000, 0x0000,
  0x0000, 0x0000, 0x0000, 0x0000, 0x0000, 0x0000, 0x0000, 0x0000,
  0x0000, 0x0000, 0x0000, 0x0000, 0x0000, 0x0000, 0x0000, 0x0000,
  0x0000, 0x0000, 0x0000, 0x0000, 0x0000, 0x0000, 0x0000, 0x0000,
  0x0000, 0x0000, 0x0000, 0x0000, 0x0000, 0x0000, 0x0000, 0x0000,
  0x0000, 0x0000, 0x0000, 0x0000, 0x0000, 0x0000, 0x0FFF, 0x0000,
  0xB543, 0xF544, 0xF544, 0xF544, 0xF544, 0xFA87, 0xFC97, 0xFC86,
  0xFC97, 0xFC97, 0xFC97, 0xFC97, 0xFC97, 0xFC97, 0xFC97, 0xFC97,
  0xFC97, 0xFC97, 0xFC97, 0xFC97, 0xFC97, 0xFC97, 0xFC97, 0xFC97,
  0xFC97, 0xFC97, 0xFC97, 0xF975, 0xF543, 0xF544, 0xF544, 0xF544,
  0x4543, 0x0000, 0x0777, 0x0000, 0x0000, 0x0000, 0x0000, 0x0000,
  0x0000, 0x0000, 0x0000, 0x0000, 0x0000, 0x0000, 0x0000, 0x0000,
  0x0000, 0x0000, 0x0000, 0x0000, 0x0770, 0x0000, 0x4543, 0xF544,
  0xF544, 0xF544, 0xF544, 0xF543, 0xF765, 0xFDCA, 0xFFEB, 0xFEDA,
  0xFEDA, 0xFEDA, 0xFEDA, 0xFEDA, 0xFEDA, 0xFEDA, 0xFEDA, 0xFEDA,
  0xFEDA, 0xFEDA, 0xFEDA, 0xFEDA, 0xFEDA, 0xFEDA, 0xFEDA, 0xFEDA,
  0xFEDA, 0xFEDA, 0xFEDA, 0xFEDA, 0xFEDA, 0xFEDA, 0xFEDA, 0xFEDA,
  0xFEDA, 0xFEDA, 0xFEDA, 0xFEDA, 0xFEDA, 0xFEDA, 0xFEDA, 0xFEDA,
  0xFEDA, 0xFEDA, 0xFEDA, 0xFEDA, 0xFEDA, 0xFEDA, 0xFEDA, 0xFEDA,
  0xFFEB, 0xF986, 0xF543, 0xF544, 0xF544, 0xF544, 0x5543, 0x0000,
  0x0555, 0x0000, 0x0000, 0x0000, 0x0000, 0x0000, 0x0000, 0x0000,
  0x0000, 0x0000, 0x0000, 0x0000, 0x0000, 0x0000, 0x0000, 0x0000,
  0x0000, 0x0000, 0x0000, 0x0000, 0x0000, 0x0000, 0x0000, 0x0000,
  0x0000, 0x0000, 0x0000, 0x0000, 0x0000, 0x0000, 0x0000, 0x0000,
  0x0000, 0x0000, 0x0000, 0x0000, 0x0000, 0x0000, 0x0000, 0x0000,
  0x0000, 0x0000, 0x0000, 0x0000, 0x0000, 0x0000, 0x0000, 0x0000,
  0x0000, 0x0000, 0x0000, 0x0000, 0x0000, 0x0000, 0x0000, 0x0000,
  0x0000, 0x0000, 0x0000, 0x0000, 0x0000, 0x0000, 0x0000, 0x0000,
  0x0000, 0x0000, 0x0000, 0x0000, 0x0000, 0x0000, 0x0000, 0x0000,
  0x0000, 0x0000, 0x0000, 0x0000, 0x0000, 0x0000, 0x0000, 0x0000,
  0x0000, 0x0000, 0x0000, 0x0000, 0x0000, 0x0000, 0x0000, 0x0000,
  0x0000, 0x0000, 0x0000, 0x0000, 0x0000, 0x0000, 0x0000, 0x0000,
  0x0000, 0x0000, 0x0000, 0x0000, 0x0000, 0x0000, 0x0000, 0x0000,
  0x0000, 0x0000, 0x0000, 0x0000, 0x0000, 0x0000, 0x0000, 0x0000,
  0x0000, 0x0000, 0x0000, 0x0000, 0x0000, 0x0000, 0x0000, 0x0000,
  0x0000, 0x0000, 0x0000, 0x0000, 0x0000, 0x0000, 0x0000, 0x0000,
  0x0000, 0x0000, 0x0000, 0x0000, 0x0000, 0x0000, 0x0000, 0x0000,
  0x0000, 0x0000, 0x0000, 0x0000, 0x0000, 0x0555, 0x0000, 0x3544,
  0xF544, 0xF544, 0xF544, 0xF543, 0xF765, 0xFEDB, 0xFDC9, 0xFC97,
  0xFC86, 0xFC96, 0xFC97, 0xFC97, 0xFC97, 0xFC97, 0xFC97, 0xFC97,
  0xFC97, 0xFC97, 0xFC97, 0xFC97, 0xFC97, 0xFC97, 0xFC97, 0xFC97,
  0xFC97, 0xFC97, 0xFC97, 0xF765, 0xF543, 0xF544, 0xF544, 0xD543,
  0x1443, 0x0000, 0x0000, 0x0000, 0x0000, 0x0000, 0x0000, 0x0000,
  0x0000, 0x0000, 0x0000, 0x0000, 0x0000, 0x0000, 0x0000, 0x0000,
  0x0000, 0x0000, 0x0000, 0x0FFF, 0x0000, 0x1544, 0xC543, 0xF544,
  0xF544, 0xF544, 0xF543, 0xF765, 0xFEDA, 0xFFEB, 0xFEDA, 0xFEDA,
  0xFEDA, 0xFEDA, 0xFEDA, 0xFEDA, 0xFEDA, 0xFEDA, 0xFEDA, 0xFEDA,
  0xFEDA, 0xFEDA, 0xFEDA, 0xFEDA, 0xFEDA, 0xFEDA, 0xFEDA, 0xFEDA,
  0xFEDA, 0xFEDA, 0xFEDA, 0xFEDA, 0xFEDA, 0xFEDA, 0xFEDA, 0xFEDA,
  0xFEDA, 0xFEDA, 0xFEDA, 0xFEDA, 0xFEDA, 0xFEDA, 0xFEDA, 0xFEDA,
  0xFEDA, 0xFEDA, 0xFEDA, 0xFEDA, 0xFEDA, 0xFEDA, 0xFEDA, 0xFEDA,
  0xFEEB, 0xFDCA, 0xF544, 0xF544, 0xF544, 0xF544, 0xA543, 0x0000,
  0x0700, 0x0000, 0x0000, 0x0000, 0x0000, 0x0000, 0x0000, 0x0000,
  0x0000, 0x0000, 0x0000, 0x0000, 0x0000, 0x0000, 0x0000, 0x0000,
  0x0000, 0x0000, 0x0000, 0x0000, 0x0000, 0x0000, 0x0000, 0x0000,
  0x0000, 0x0000, 0x0000, 0x0000, 0x0000, 0x0000, 0x0000, 0x0000,
  0x0000, 0x0000, 0x0000, 0x0000, 0x0000, 0x0000, 0x0000, 0x0000,
  0x0000, 0x0000, 0x0000, 0x0000, 0x0000, 0x0000, 0x0000, 0x0000,
  0x0000, 0x0000, 0x0000, 0x0000, 0x0000, 0x0000, 0x0000, 0x0000,
  0x0000, 0x0000, 0x0000, 0x0000, 0x0000, 0x0000, 0x0000, 0x0000,
  0x0000, 0x0000, 0x0000, 0x0000, 0x0000, 0x0000, 0x0000, 0x0000,
  0x0000, 0x0000, 0x0000, 0x0000, 0x0000, 0x0000, 0x0000, 0x0000,
  0x0000, 0x0000, 0x0000, 0x0000, 0x0000, 0x0000, 0x0000, 0x0000,
  0x0000, 0x0000, 0x0000, 0x0000, 0x0000, 0x0000, 0x0000, 0x0000,
  0x0000, 0x0000, 0x0000, 0x0000, 0x0000, 0x0000, 0x0000, 0x0000,
  0x0000, 0x0000, 0x0000, 0x0000, 0x0000, 0x0000, 0x0000, 0x0000,
  0x0000, 0x0000, 0x0000, 0x0000, 0x0000, 0x0000, 0x0000, 0x0000,
  0x0000, 0x0000, 0x0000, 0x0000, 0x0000, 0x0000, 0x0000, 0x0000,
  0x0000, 0x0000, 0x0000, 0x0000, 0x0000, 0x0000, 0x0000, 0x0000,
  0x0000, 0x0000, 0x0000, 0x0000, 0x0000, 0x0777, 0x0000, 0x9543,
  0xF544, 0xF544, 0xF544, 0xF543, 0xFCB8, 0xFFEB, 0xFEDB, 0xFEDA,
  0xFDB9, 0xFC97, 0xFC86, 0xFC96, 0xFC97, 0xFC97, 0xFC97, 0xFC97,
  0xFC97, 0xFC97, 0xFC97, 0xFC97, 0xFC97, 0xFC97, 0xFC97, 0xFC97,
  0xFC97, 0xFC97, 0xFB86, 0xF544, 0xF544, 0xF544, 0xF544, 0xA543,
  0x0000, 0x0FFF, 0x0000, 0x0000, 0x0000, 0x0000, 0x0000, 0x0000,
  0x0000, 0x0000, 0x0000, 0x0000, 0x0000, 0x0000, 0x0000, 0x0000,
  0x0000, 0x0000, 0x0000, 0x0777, 0x0000, 0x8543, 0xF544, 0xF544,
  0xF544, 0xF544, 0xF543, 0xFBA8, 0xFFEB, 0xFEDA, 0xFEDA, 0xFEDA,
  0xFEDA, 0xFEDA, 0xFEDA, 0xFEDA, 0xFEDA, 0xFEDA, 0xFEDA, 0xFEDA,
  0xFEDA, 0xFEDA, 0xFEDA, 0xFEDA, 0xFEDA, 0xFEDA, 0xFEDA, 0xFEDA,
  0xFEDA, 0xFEDA, 0xFEDA, 0xFEDA, 0xFEDA, 0xFEDA, 0xFEDA, 0xFEDA,
  0xFEDA, 0xFEDA, 0xFEDA, 0xFEDA, 0xFEDA, 0xFEDA, 0xFEDA, 0xFEDA,
  0xFEDA, 0xFEDA, 0xFEDA, 0xFEDA, 0xFEDA, 0xFEDA, 0xFEDA, 0xFEDA,
  0xFEDA, 0xFFEB, 0xF876, 0xF543, 0xF544, 0xF544, 0xE544, 0x2543,
  0x0000, 0x0777, 0x0000, 0x0000, 0x0000, 0x0000, 0x0000, 0x0000,
  0x0000, 0x0000, 0x0000, 0x0000, 0x0000, 0x0000, 0x0000, 0x0000,
  0x0000, 0x0000, 0x0000, 0x0000, 0x0000, 0x0000, 0x0000, 0x0000,
  0x0000, 0x0000, 0x0000, 0x0000, 0x0000, 0x0000, 0x0000, 0x0000,
  0x0000, 0x0000, 0x0000, 0x0000, 0x0000, 0x0000, 0x0000, 0x0000,
  0x0000, 0x0000, 0x0000, 0x0000, 0x0000, 0x0000, 0x0000, 0x0000,
  0x0000, 0x0000, 0x0000, 0x0000, 0x0000, 0x0000, 0x0000, 0x0000,
  0x0000, 0x0000, 0x0000, 0x0000, 0x0000, 0x0000, 0x0000, 0x0000,
  0x0000, 0x0000, 0x0000, 0x0000, 0x0000, 0x0000, 0x0000, 0x0000,
  0x0000, 0x0000, 0x0000, 0x0000, 0x0000, 0x0000, 0x0000, 0x0000,
  0x0000, 0x0000, 0x0000, 0x0000, 0x0000, 0x0000, 0x0000, 0x0000,
  0x0000, 0x0000, 0x0000, 0x0000, 0x0000, 0x0000, 0x0000, 0x0000,
  0x0000, 0x0000, 0x0000, 0x0000, 0x0000, 0x0000, 0x0000, 0x0000,
  0x0000, 0x0000, 0x0000, 0x0000, 0x0000, 0x0000, 0x0000, 0x0000,
  0x0000, 0x0000, 0x0000, 0x0000, 0x0000, 0x0000, 0x0000, 0x0000,
  0x0000, 0x0000, 0x0000, 0x0000, 0x0000, 0x0000, 0x0000, 0x0000,
  0x0000, 0x0000, 0x0000, 0x0000, 0x0000, 0x0000, 0x0000, 0x0000,
  0x0000, 0x0000, 0x0000, 0x0000, 0x0777, 0x0000, 0x2544, 0xE544,
  0xF544, 0xF544, 0xF543, 0xF765, 0xFEDB, 0xFEDA, 0xFEDA, 0xFEDB,
  0xFEDB, 0xFEDA, 0xFDB9, 0xFC97, 0xFC86, 0xFC86, 0xFC97, 0xFC97,
  0xFC97, 0xFC97, 0xFC97, 0xFC97, 0xFC97, 0xFC97, 0xFC97, 0xFC97,
  0xFC97, 0xFC97, 0xF765, 0xF543, 0xF544, 0xF544, 0xF544, 0x5543,
  0x0000, 0x0444, 0x0000, 0x0000, 0x0000, 0x0000, 0x0000, 0x0000,
  0x0000, 0x0000, 0x0000, 0x0000, 0x0000, 0x0000, 0x0000, 0x0000,
  0x0000, 0x0000, 0x0007, 0x0000, 0x2543, 0xE544, 0xF544, 0xF544,
  0xF544, 0xF543, 0xF654, 0xFDCA, 0xFEDB, 0xFEDA, 0xFEDA, 0xFEDA,
  0xFEDA, 0xFEDA, 0xFEDA, 0xFEDA, 0xFEDA, 0xFEDA, 0xFEDA, 0xFEDA,
  0xFEDA, 0xFEDA, 0xFEDA, 0xFEDA, 0xFEDA, 0xFEDA, 0xFEDA, 0xFEDA,
  0xFEDA, 0xFEDA, 0xFEDA, 0xFEDA, 0xFEDA, 0xFEDA, 0xFEDA, 0xFEDA,
  0xFEDA, 0xFEDA, 0xFEDA, 0xFEDA, 0xFEDA, 0xFEDA, 0xFEDA, 0xFEDA,
  0xFEDA, 0xFEDA, 0xFEDA, 0xFEDA, 0xFEDA, 0xFEDA, 0xFEDA, 0xFEDA,
  0xFEDA, 0xFFEB, 0xFBA8, 0xF543, 0xF544, 0xF544, 0xF544, 0x8543,
  0x0000, 0x0777, 0x0000, 0x0000, 0x0000, 0x0000, 0x0000, 0x0000,
  0x0000, 0x0000, 0x0000, 0x0000, 0x0000, 0x0000, 0x0000, 0x0000,
  0x0000, 0x0000, 0x0000, 0x0000, 0x0000, 0x0000, 0x0000, 0x0000,
  0x0000, 0x0000, 0x0000, 0x0000, 0x0000, 0x0000, 0x0000, 0x0000,
  0x0000, 0x0000, 0x0000, 0x0000, 0x0000, 0x0000, 0x0000, 0x0000,
  0x0000, 0x0000, 0x0000, 0x0000, 0x0000, 0x0000, 0x0000, 0x0000,
  0x0000, 0x0000, 0x0000, 0x0000, 0x0000, 0x0000, 0x0000, 0x0000,
  0x0000, 0x0000, 0x0000, 0x0000, 0x0000, 0x0000, 0x0000, 0x0000,
  0x0000, 0x0000, 0x0000, 0x0000, 0x0000, 0x0000, 0x0000, 0x0000,
  0x0000, 0x0000, 0x0000, 0x0000, 0x0000, 0x0000, 0x0000, 0x0000,
  0x0000, 0x0000, 0x0000, 0x0000, 0x0000, 0x0000, 0x0000, 0x0000,
  0x0000, 0x0000, 0x0000, 0x0000, 0x0000, 0x0000, 0x0000, 0x0000,
  0x0000, 0x0000, 0x0000, 0x0000, 0x0000, 0x0000, 0x0000, 0x0000,
  0x0000, 0x0000, 0x0000, 0x0000, 0x0000, 0x0000, 0x0000, 0x0000,
  0x0000, 0x0000, 0x0000, 0x0000, 0x0000, 0x0000, 0x0000, 0x0000,
  0x0000, 0x0000, 0x0000, 0x0000, 0x0000, 0x0000, 0x0000, 0x0000,
  0x0000, 0x0000, 0x0000, 0x0000, 0x0000, 0x0000, 0x0000, 0x0000,
  0x0000, 0x0000, 0x0000, 0x0000, 0x0555, 0x0000, 0x7543, 0xF544,
  0xF544, 0xF544, 0xF543, 0xFBA8, 0xFFEB, 0xFEDA, 0xFEDA, 0xFEDA,
  0xFEDA, 0xFEDB, 0xFEEB, 0xFEDA, 0xFDB9, 0xFC97, 0xFC86, 0xFC86,
  0xFC97, 0xFC97, 0xFC97, 0xFC97, 0xFC97, 0xFC97, 0xFC97, 0xFC97,
  0xFC97, 0xFA76, 0xF544, 0xF544, 0xF544, 0xF544, 0xC543, 0x0442,
  0x0000, 0x0000, 0x0000, 0x0000, 0x0000, 0x0000, 0x0000, 0x0000,
  0x0000, 0x0000, 0x0000, 0x0000, 0x0000, 0x0000, 0x0000, 0x0000,
  0x0000, 0x0000, 0x0555, 0x0000, 0x7543, 0xF544, 0xF544, 0xF544,
  0xF544, 0xF433, 0xF876, 0xFFEB, 0xFEDA, 0xFEDA, 0xFEDA, 0xFEDA,
  0xFEDA, 0xFEDA, 0xFEDA, 0xFEDA, 0xFEDA, 0xFEDA, 0xFEDA, 0xFEDA,
  0xFEDA, 0xFEDA, 0xFEDA, 0xFEDA, 0xFEDA, 0xFEDA, 0xFEDA, 0xFEDA,
  0xFEDA, 0xFEDA, 0xFEDA, 0xFEDA, 0xFEDA, 0xFEDA, 0xFEDA, 0xFEDA,
  0xFEDA, 0xFEDA, 0xFEDA, 0xFEDA, 0xFEDA, 0xFEDA, 0xFEDA, 0xFEDA,
  0xFEDA, 0xFEDA, 0xFEDA, 0xFEDA, 0xFEDA, 0xFEDA, 0xFEDA, 0xFEDA,
  0xFEDA, 0xFEDB, 0xFEDA, 0xF655, 0xF543, 0xF544, 0xF544, 0xD544,
  0x1543, 0x0000, 0x0000, 0x0000, 0x0000, 0x0000, 0x0000, 0x0000,
  0x0000, 0x0000, 0x0000, 0x0000, 0x0000, 0x0000, 0x0000, 0x0000,
  0x0000, 0x0000, 0x0000, 0x0000, 0x0000, 0x0000, 0x0000, 0x0000,
  0x0000, 0x0000, 0x0000, 0x0000, 0x0000, 0x0000, 0x0000, 0x0000,
  0x0000, 0x0000, 0x0000, 0x0000, 0x0000, 0x0000, 0x0000, 0x0000,
  0x0000, 0x0000, 0x0000, 0x0000, 0x0000, 0x0000, 0x0000, 0x0000,
  0x0000, 0x0000, 0x0000, 0x0000, 0x0000, 0x0000, 0x0000, 0x0000,
  0x0000, 0x0000, 0x0000, 0x0000, 0x0000, 0x0000, 0x0000, 0x0000,
  0x0000, 0x0000, 0x0000, 0x0000, 0x0000, 0x0000, 0x0000, 0x0000,
  0x0000, 0x0000, 0x0000, 0x0000, 0x0000, 0x0000, 0x0000, 0x0000,
  0x0000, 0x0000, 0x0000, 0x0000, 0x0000, 0x0000, 0x0000, 0x0000,
  0x0000, 0x0000, 0x0000, 0x0000, 0x0000, 0x0000, 0x0000, 0x0000,
  0x0000, 0x0000, 0x0000, 0x0000, 0x0000, 0x0000, 0x0000, 0x0000,
  0x0000, 0x0000, 0x0000, 0x0000, 0x0000, 0x0000, 0x0000, 0x0000,
  0x0000, 0x0000, 0x0000, 0x0000, 0x0000, 0x0000, 0x0000, 0x0000,
  0x0000, 0x0000, 0x0000, 0x0000, 0x0000, 0x0000, 0x0000, 0x0000,
  0x0000, 0x0000, 0x0000, 0x0000, 0x0000, 0x0000, 0x0000, 0x0000,
  0x0000, 0x0000, 0x0000, 0x0000, 0x0000, 0x0555, 0xC543, 0xF544,
  0xF544, 0xF543, 0xF654, 0xFDDA, 0xFEDB, 0xFEDA, 0xFEDA, 0xFEDA,
  0xFEDA, 0xFEDA, 0xFEDA, 0xFEDB, 0xFEEB, 0xFEDA, 0xFDC9, 0xFCA8,
  0xFC97, 0xFC86, 0xFC97, 0xFC97, 0xFC97, 0xFC97, 0xFC97, 0xFC97,
  0xFC97, 0xF654, 0xF543, 0xF544, 0xF544, 0xF544, 0x5543, 0x0000,
  0x0555, 0x0000, 0x0000, 0x0000, 0x0000, 0x0000, 0x0000, 0x0000,
  0x0000, 0x0000, 0x0000, 0x0000, 0x0000, 0x0000, 0x0000, 0x0000,
  0x0000, 0x0000, 0x0000, 0x0552, 0xC543, 0xF544, 0xF544, 0xF544,
  0xF544, 0xF543, 0xFCB8, 0xFFEB, 0xFEDA, 0xFEDA, 0xFEDA, 0xFEDA,
  0xFEDA, 0xFEDA, 0xFEDA, 0xFEDA, 0xFEDA, 0xFEDA, 0xFEDA, 0xFEDA,
  0xFEDA, 0xFEDA, 0xFEDA, 0xFEDA, 0xFEDA, 0xFEDA, 0xFEDA, 0xFEDA,
  0xFEDA, 0xFEDA, 0xFEDA, 0xFEDA, 0xFEDA, 0xFEDA, 0xFEDA, 0xFEDA,
  0xFEDA, 0xFEDA, 0xFEDA, 0xFEDA, 0xFEDA, 0xFEDA, 0xFEDA, 0xFEDA,
  0xFEDA, 0xFEDA, 0xFEDA, 0xFEDA, 0xFEDA, 0xFEDA, 0xFEDA, 0xFEDA,
  0xFEDA, 0xFEDA, 0xFFEB, 0xFA97, 0xF543, 0xF544, 0xF544, 0xF544,
  0x6543, 0x0000, 0x0555, 0x0000, 0x0000, 0x0000, 0x0000, 0x0000,
  0x0000, 0x0000, 0x0000, 0x0000, 0x0000, 0x0000, 0x0000, 0x0000,
  0x0000, 0x0000, 0x0000, 0x0000, 0x0000, 0x0000, 0x0000, 0x0000,
  0x0000, 0x0000, 0x0000, 0x0000, 0x0000, 0x0000, 0x0000, 0x0000,
  0x0000, 0x0000, 0x0000, 0x0000, 0x0000, 0x0000, 0x0000, 0x0000,
  0x0000, 0x0000, 0x0000, 0x0000, 0x0000, 0x0000, 0x0000, 0x0000,
  0x0000, 0x0000, 0x0000, 0x0000, 0x0000, 0x0000, 0x0000, 0x0000,
  0x0000, 0x0000, 0x0000, 0x0000, 0x0000, 0x0000, 0x0000, 0x0000,
  0x0000, 0x0000, 0x0000, 0x0000, 0x0000, 0x0000, 0x0000, 0x0000,
  0x0000, 0x0000, 0x0000, 0x0000, 0x0000, 0x0000, 0x0000, 0x0000,
  0x0000, 0x0000, 0x0000, 0x0000, 0x0000, 0x0000, 0x0000, 0x0000,
  0x0000, 0x0000, 0x0000, 0x0000, 0x0000, 0x0000, 0x0000, 0x0000,
  0x0000, 0x0000, 0x0000, 0x0000, 0x0000, 0x0000, 0x0000, 0x0000,
  0x0000, 0x0000, 0x0000, 0x0000, 0x0000, 0x0000, 0x0000, 0x0000,
  0x0000, 0x0000, 0x0000, 0x0000, 0x0000, 0x0000, 0x0000, 0x0000,
  0x0000, 0x0000, 0x0000, 0x0000, 0x0000, 0x0000, 0x0000, 0x0000,
  0x0000, 0x0000, 0x0000, 0x0000, 0x0000, 0x0000, 0x0000, 0x0000,
  0x0000, 0x0000, 0x0000, 0x0555, 0x0000, 0x4543, 0xF544, 0xF544,
  0xF544, 0xF433, 0xF987, 0xFFEB, 0xFEDA, 0xFEDA, 0xFEDA, 0xFEDA,
  0xFEDA, 0xFEDA, 0xFEDA, 0xFEDA, 0xFEDA, 0xFEDA, 0xFEEB, 0xFEDB,
  0xFEC9, 0xFDA8, 0xFC97, 0xFC86, 0xFC97, 0xFC97, 0xFC97, 0xFC97,
  0xF865, 0xF543, 0xF544, 0xF544, 0xF544, 0xB543, 0x0F00, 0x0777,
  0x0000, 0x0000, 0x0000, 0x0000, 0x0000, 0x0000, 0x0000, 0x0000,
  0x0000, 0x0000, 0x0000, 0x0000, 0x0000, 0x0000, 0x0000, 0x0000,
  0x0000, 0x0555, 0x0000, 0x4543, 0xF544, 0xF544, 0xF544, 0xF544,
  0xF543, 0xF655, 0xFEDA, 0xFEDB, 0xFEDA, 0xFEDA, 0xFEDA, 0xFEDA,
  0xFEDA, 0xFEDA, 0xFEDA, 0xFEDA, 0xFEDA, 0xFEDA, 0xFEDA, 0xFEDA,
  0xFEDA, 0xFEDA, 0xFEDA, 0xFEDA, 0xFEDA, 0xFEDA, 0xFEDA, 0xFEDA,
  0xFEDA, 0xFEDA, 0xFEDA, 0xFEDA, 0xFEDA, 0xFEDA, 0xFEDA, 0xFEDA,
  0xFEDA, 0xFEDA, 0xFEDA, 0xFEDA, 0xFEDA, 0xFEDA, 0xFEDA, 0xFEDA,
  0xFEDA, 0xFEDA, 0xFEDA, 0xFEDA, 0xFEDA, 0xFEDA, 0xFEDA, 0xFEDA,
  0xFEDA, 0xFEDA, 0xFEDB, 0xFDCA, 0xF654, 0xF544, 0xF544, 0xF544,
  0xC544, 0x1533, 0x0000, 0x0000, 0x0000, 0x0000, 0x0000, 0x0000,
  0x0000, 0x0000, 0x0000, 0x0000, 0x0000, 0x0000, 0x0000, 0x0000,
  0x0000, 0x0000, 0x0000, 0x0000, 0x0000, 0x0000, 0x0000, 0x0000,
  0x0000, 0x0000, 0x0000, 0x0000, 0x0000, 0x0000, 0x0000, 0x0000,
  0x0000, 0x0000, 0x0000, 0x0000, 0x0000, 0x0000, 0x0000, 0x0000,
  0x0000, 0x0000, 0x0000, 0x0000, 0x0000, 0x0000, 0x0000, 0x0000,
  0x0000, 0x0000, 0x0000, 0x0000, 0x0000, 0x0000, 0x0000, 0x0000,
  0x0000, 0x0000, 0x0000, 0x0000, 0x0000, 0x0000, 0x0000, 0x0000,
  0x0000, 0x0000, 0x0000, 0x0000, 0x0000, 0x0000, 0x0000, 0x0000,
  0x0000, 0x0000, 0x0000, 0x0000, 0x0000, 0x0000, 0x0000, 0x0000,
  0x0000, 0x0000, 0x0000, 0x0000, 0x0000, 0x0000, 0x0000, 0x0000,
  0x0000, 0x0000, 0x0000, 0x0000, 0x0000, 0x0000, 0x0000, 0x0000,
  0x0000, 0x0000, 0x0000, 0x0000, 0x0000, 0x0000, 0x0000, 0x0000,
  0x0000, 0x0000, 0x0000, 0x0000, 0x0000, 0x0000, 0x0000, 0x0000,
  0x0000, 0x0000, 0x0000, 0x0000, 0x0000, 0x0000, 0x0000, 0x0000,
  0x0000, 0x0000, 0x0000, 0x0000, 0x0000, 0x0000, 0x0000, 0x0000,
  0x0000, 0x0000, 0x0000, 0x0000, 0x0000, 0x0000, 0x0000, 0x0000,
  0x0000, 0x0000, 0x0000, 0x0777, 0x0000, 0x8544, 0xF544, 0xF544,
  0xF544, 0xF544, 0xFCB9, 0xFFEB, 0xFEDA, 0xFEDA, 0xFEDA, 0xFEDA,
  0xFEDA, 0xFEDA, 0xFEDA, 0xFEDA, 0xFEDA, 0xFEDA, 0xFEDA, 0xFEDA,
  0xFEDB, 0xFEDB, 0xFECA, 0xFDA8, 0xFC96, 0xFC86, 0xFC97, 0xFB86,
  0xF544, 0xF544, 0xF544, 0xF544, 0xE544, 0x3543, 0x0000, 0x0777,
  0x0000, 0x0000, 0x0000, 0x0000, 0x0000, 0x0000, 0x0000, 0x0000,
  0x0000, 0x0000, 0x0000, 0x0000, 0x0000, 0x0000, 0x0000, 0x0000,
  0x0000, 0x0777, 0x0000, 0x8543, 0xF544, 0xF544, 0xF544, 0xF544,
  0xF433, 0xF987, 0xFFEB, 0xFEDA, 0xFEDA, 0xFEDA, 0xFEDA, 0xFEDA,
  0xFEDA, 0xFEDA, 0xFEDA, 0xFEDA, 0xFEDA, 0xFEDA, 0xFEDA, 0xFEDA,
  0xFEDA, 0xFEDA, 0xFEDA, 0xFEDA, 0xFEDA, 0xFEDA, 0xFEDA, 0xFEDA,
  0xFEDA, 0xFEDA, 0xFEDA, 0xFEDA, 0xFEDA, 0xFEDA, 0xFEDA, 0xFEDA,
  0xFEDA, 0xFEDA, 0xFEDA, 0xFEDA, 0xFEDA, 0xFEDA, 0xFEDA, 0xFEDA,
  0xFEDA, 0xFEDA, 0xFEDA, 0xFEDA, 0xFEDA, 0xFEDA, 0xFEDA, 0xFEDA,
  0xFEDA, 0xFEDA, 0xFEDA, 0xFFEB, 0xF986, 0xF433, 0xF544, 0xF544,
  0xF544, 0x6543, 0x0000, 0x0550, 0x0000, 0x0000, 0x0000, 0x0000,
  0x0000, 0x0000, 0x0000, 0x0000, 0x0000, 0x0000, 0x0000, 0x0000,
  0x0000, 0x0000, 0x0000, 0x0000, 0x0000, 0x0000, 0x0000, 0x0000,
  0x0000, 0x0000, 0x0000, 0x0000, 0x0000, 0x0000, 0x0000, 0x0000,
  0x0000, 0x0000, 0x0000, 0x0000, 0x0000, 0x0000, 0x0000, 0x0000,
  0x0000, 0x0000, 0x0000, 0x0000, 0x0000, 0x0000, 0x0000, 0x0000,
  0x0000, 0x0000, 0x0000, 0x0000, 0x0000, 0x0000, 0x0000, 0x0000,
  0x0000, 0x0000, 0x0000, 0x0000, 0x0000, 0x0000, 0x0000, 0x0000,
  0x0000, 0x0000, 0x0000, 0x0000, 0x0000, 0x0000, 0x0000, 0x0000,
  0x0000, 0x0000, 0x0000, 0x0000, 0x0000, 0x0000, 0x0000, 0x0000,
  0x0000, 0x0000, 0x0000, 0x0000, 0x0000, 0x0000, 0x0000, 0x0000,
  0x0000, 0x0000, 0x0000, 0x0000, 0x0000, 0x0000, 0x0000, 0x0000,
  0x0000, 0x0000, 0x0000, 0x0000, 0x0000, 0x0000, 0x0000, 0x0000,
  0x0000, 0x0000, 0x0000, 0x0000, 0x0000, 0x0000, 0x0000, 0x0000,
  0x0000, 0x0000, 0x0000, 0x0000, 0x0000, 0x0000, 0x0000, 0x0000,
  0x0000, 0x0000, 0x0000, 0x0000, 0x0000, 0x0000, 0x0000, 0x0000,
  0x0000, 0x0000, 0x0000, 0x0000, 0x0000, 0x0000, 0x0000, 0x0000,
  0x0000, 0x0000, 0x0000, 0x0000, 0x1442, 0xD543, 0xF544, 0xF544,
  0xF543, 0xF765, 0xFEDA, 0xFEDA, 0xFEDA, 0xFEDA, 0xFEDA, 0xFEDA,
  0xFEDA, 0xFEDA, 0xFEDA, 0xFEDA, 0xFEDA, 0xFEDA, 0xFEDA, 0xFEDA,
  0xFEDA, 0xFEDA, 0xFEDB, 0xFEDB, 0xFDC9, 0xFC97, 0xFC97, 0xF754,
  0xF543, 0xF544, 0xF544, 0xF544, 0x7544, 0x0000, 0x0555, 0x0000,
  0x0000, 0x0000, 0x0000, 0x0000, 0x0000, 0x0000, 0x0000, 0x0000,
  0x0000, 0x0000, 0x0000, 0x0000, 0x0000, 0x0000, 0x0000, 0x0000,
  0x0000, 0x0700, 0x0000, 0x9543, 0xF544, 0xF544, 0xF544, 0xF544,
  0xF544, 0xFCB9, 0xFFEB, 0xFEDA, 0xFEDA, 0xFEDA, 0xFEDA, 0xFEDA,
  0xFEDA, 0xFEDA, 0xFEDA, 0xFEDA, 0xFEDA, 0xFEDA, 0xFEDA, 0xFEDA,
  0xFEDA, 0xFEDA, 0xFEDA, 0xFEDA, 0xFEDA, 0xFEDA, 0xFEDA, 0xFEDA,
  0xFEDA, 0xFEDA, 0xFEDA, 0xFEDA, 0xFEDA, 0xFEDA, 0xFEDA, 0xFEDA,
  0xFEDA, 0xFEDA, 0xFEDA, 0xFEDA, 0xFEDA, 0xFEDA, 0xFEDA, 0xFEDA,
  0xFEDA, 0xFEDA, 0xFEDA, 0xFEDA, 0xFEDA, 0xFEDA, 0xFEDA, 0xFEDA,
  0xFEDA, 0xFEDA, 0xFEDA, 0xFFEB, 0xFCC9, 0xF544, 0xF544, 0xF544,
  0xF544, 0xD543, 0x1533, 0x0000, 0x0000, 0x0000, 0x0000, 0x0000,
  0x0000, 0x0000, 0x0000, 0x0000, 0x0000, 0x0000, 0x0000, 0x0000,
  0x0000, 0x0000, 0x0000, 0x0000, 0x0000, 0x0000, 0x0000, 0x0000,
  0x0000, 0x0000, 0x0000, 0x0000, 0x0000, 0x0000, 0x0000, 0x0000,
  0x0000, 0x0000, 0x0000, 0x0000, 0x0000, 0x0000, 0x0000, 0x0000,
  0x0000, 0x0000, 0x0000, 0x0000, 0x0000, 0x0000, 0x0000, 0x0000,
  0x0000, 0x0000, 0x0000, 0x0000, 0x0000, 0x0000, 0x0000, 0x0000,
  0x0000, 0x0000, 0x0000, 0x0000, 0x0000, 0x0000, 0x0000, 0x0000,
  0x0000, 0x0000, 0x0000, 0x0000, 0x0000, 0x0000, 0x0000, 0x0000,
  0x0000, 0x0000, 0x0000, 0x0000, 0x0000, 0x0000, 0x0000, 0x0000,
  0x0000, 0x0000, 0x0000, 0x0000, 0x0000, 0x0000, 0x0000, 0x0000,
  0x0000, 0x0000, 0x0000, 0x0000, 0x0000, 0x0000, 0x0000, 0x0000,
  0x0000, 0x0000, 0x0000, 0x0000, 0x0000, 0x0000, 0x0000, 0x0000,
  0x0000, 0x0000, 0x0000, 0x0000, 0x0000, 0x0000, 0x0000, 0x0000,
  0x0000, 0x0000, 0x0000, 0x0000, 0x0000, 0x0000, 0x0000, 0x0000,
  0x0000, 0x0000, 0x0000, 0x0000, 0x0000, 0x0000, 0x0000, 0x0000,
  0x0000, 0x0000, 0x0000, 0x0000, 0x0000, 0x0000, 0x0000, 0x0000,
  0x0000, 0x0000, 0x0444, 0x0000, 0x5543, 0xF544, 0xF544, 0xF544,
  0xF433, 0xFA97, 0xFFEB, 0xFEDA, 0xFEDA, 0xFEDA, 0xFEDA, 0xFEDA,
  0xFEDA, 0xFEDA, 0xFEDA, 0xFEDA, 0xFEDA, 0xFEDA, 0xFEDA, 0xFEDA,
  0xFEDA, 0xFEDA, 0xFEDA, 0xFEDA, 0xFEDB, 0xFFDB, 0xFA87, 0xF543,
  0xF544, 0xF544, 0xF544, 0xC544, 0x1533, 0x0700, 0x0000, 0x0000,
  0x0000, 0x0000, 0x0000, 0x0000, 0x0000, 0x0000, 0x0000, 0x0000,
  0x0000, 0x0000, 0x0000, 0x0000, 0x0000, 0x0000, 0x0000, 0x0000,
  0x0000, 0x0770, 0x0000, 0x4544, 0xF544, 0xF544, 0xF544, 0xF543,
  0xF765, 0xFEDA, 0xFEDA, 0xFEDA, 0xFEDA, 0xFEDA, 0xFEDA, 0xFEDA,
  0xFEDA, 0xFEDA, 0xFEDA, 0xFEDA, 0xFEDA, 0xFEDA, 0xFEDA, 0xFEDA,
  0xFEDA, 0xFEDA, 0xFEDA, 0xFEDA, 0xFEDA, 0xFEDA, 0xFEDA, 0xFEDA,
  0xFEDA, 0xFEDA, 0xFEDA, 0xFEDA, 0xFEDA, 0xFEDA, 0xFEDA, 0xFEDA,
  0xFEDA, 0xFEDA, 0xFEDA, 0xFEDA, 0xFEDA, 0xFEDA, 0xFEDA, 0xFEDA,
  0xFEDA, 0xFEDA, 0xFEDA, 0xFEDA, 0xFEDA, 0xFEDA, 0xFEDA, 0xFEDA,
  0xFEDA, 0xFEDA, 0xFEDA, 0xFEDA, 0xFFEB, 0xF986, 0xF533, 0xF544,
  0xF544, 0xF544, 0x8543, 0x0000, 0x0777, 0x0000, 0x0000, 0x0000,
  0x0000, 0x0000, 0x0000, 0x0000, 0x0000, 0x0000, 0x0000, 0x0000,
  0x0000, 0x0000, 0x0000, 0x0000, 0x0000, 0x0000, 0x0000, 0x0000,
  0x0000, 0x0000, 0x0000, 0x0000, 0x0000, 0x0000, 0x0000, 0x0000,
  0x0000, 0x0000, 0x0000, 0x0000, 0x0000, 0x0000, 0x0000, 0x0000,
  0x0000, 0x0000, 0x0000, 0x0000, 0x0000, 0x0000, 0x0000, 0x0000,
  0x0000, 0x0000, 0x0000, 0x0000, 0x0000, 0x0000, 0x0000, 0x0000,
  0x0000, 0x0000, 0x0000, 0x0000, 0x0000, 0x0000, 0x0000, 0x0000,
  0x0000, 0x0000, 0x0000, 0x0000, 0x0000, 0x0000, 0x0000, 0x0000,
  0x0000, 0x0000, 0x0000, 0x0000, 0x0000, 0x0000, 0x0000, 0x0000,
  0x0000, 0x0000, 0x0000, 0x0000, 0x0000, 0x0000, 0x0000, 0x0000,
  0x0000, 0x0000, 0x0000, 0x0000, 0x0000, 0x0000, 0x0000, 0x0000,
  0x0000, 0x0000, 0x0000, 0x0000, 0x0000, 0x0000, 0x0000, 0x0000,
  0x0000, 0x0000, 0x0000, 0x0000, 0x0000, 0x0000, 0x0000, 0x0000,
  0x0000, 0x0000, 0x0000, 0x0000, 0x0000, 0x0000, 0x0000, 0x0000,
  0x0000, 0x0000, 0x0000, 0x0000, 0x0000, 0x0000, 0x0000, 0x0000,
  0x0000, 0x0000, 0x0000, 0x0000, 0x0000, 0x0000, 0x0000, 0x0000,
  0x0000, 0x0000, 0x0777, 0x0000, 0x9543, 0xF544, 0xF544, 0xF544,
  0xF544, 0xFDC9, 0xFEEB, 0xFEDA, 0xFEDA, 0xFEDA, 0xFEDA, 0xFEDA,
  0xFEDA, 0xFEDA, 0xFEDA, 0xFEDA, 0xFEDA, 0xFEDA, 0xFEDA, 0xFEDA,
  0xFEDA, 0xFEDA, 0xFEDA, 0xFEDA, 0xFEDB, 0xFDDA, 0xF654, 0xF543,
  0xF544, 0xF544, 0xF544, 0x4543, 0x0000, 0x0500, 0x0000, 0x0000,
  0x0000, 0x0000, 0x0000, 0x0000, 0x0000, 0x0000, 0x0000, 0x0000,
  0x0000, 0x0000, 0x0000, 0x0000, 0x0000, 0x0000, 0x0000, 0x0000,
  0x0000, 0x0555, 0x0000, 0x4543, 0xF544, 0xF544, 0xF544, 0xF543,
  0xFA97, 0xFFEB, 0xFEDA, 0xFEDA, 0xFEDA, 0xFEDA, 0xFEDA, 0xFEDA,
  0xFEDA, 0xFEDA, 0xFEDA, 0xFEDA, 0xFEDA, 0xFEDA, 0xFEDA, 0xFEDA,
  0xFEDA, 0xFEDA, 0xFEDA, 0xFEDA, 0xFEDA, 0xFEDA, 0xFEDA, 0xFEDA,
  0xFEDA, 0xFEDA, 0xFEDA, 0xFEDA, 0xFEDA, 0xFEDA, 0xFEDA, 0xFEDA,
  0xFEDA, 0xFEDA, 0xFEDA, 0xFEDA, 0xFEDA, 0xFEDA, 0xFEDA, 0xFEDA,
  0xFEDA, 0xFEDA, 0xFEDA, 0xFEDA, 0xFEDA, 0xFEDA, 0xFEDA, 0xFEDA,
  0xFEDA, 0xFEDA, 0xFEDA, 0xFEDA, 0xFEEB, 0xFDCA, 0xF654, 0xF543,
  0xF544, 0xF544, 0xE543, 0x2543, 0x0000, 0x0000, 0x0000, 0x0000,
  0x0000, 0x0000, 0x0000, 0x0000, 0x0000, 0x0000, 0x0000, 0x0000,
  0x0000, 0x0000, 0x0000, 0x0000, 0x0000, 0x0000, 0x0000, 0x0000,
  0x0000, 0x0000, 0x0000, 0x0000, 0x0000, 0x0000, 0x0000, 0x0000,
  0x0000, 0x0000, 0x0000, 0x0000, 0x0000, 0x0000, 0x0000, 0x0000,
  0x0000, 0x0000, 0x0000, 0x0000, 0x0000, 0x0000, 0x0000, 0x0000,
  0x0000, 0x0000, 0x0000, 0x0000, 0x0000, 0x0000, 0x0000, 0x0000,
  0x0000, 0x0000, 0x0000, 0x0000, 0x0000, 0x0000, 0x0000, 0x0000,
  0x0000, 0x0000, 0x0000, 0x0000, 0x0000, 0x0000, 0x0000, 0x0000,
  0x0000, 0x0000, 0x0000, 0x0000, 0x0000, 0x0000, 0x0000, 0x0000,
  0x0000, 0x0000, 0x0000, 0x0000, 0x0000, 0x0000, 0x0000, 0x0000,
  0x0000, 0x0000, 0x0000, 0x0000, 0x0000, 0x0000, 0x0000, 0x0000,
  0x0000, 0x0000, 0x0000, 0x0000, 0x0000, 0x0000, 0x0000, 0x0000,
  0x0000, 0x0000, 0x0000, 0x0000, 0x0000, 0x0000, 0x0000, 0x0000,
  0x0000, 0x0000, 0x0000, 0x0000, 0x0000, 0x0000, 0x0000, 0x0000,
  0x0000, 0x0000, 0x0000, 0x0000, 0x0000, 0x0000, 0x0000, 0x0000,
  0x0000, 0x0000, 0x0000, 0x0000, 0x0000, 0x0000, 0x0000, 0x0000,
  0x0000, 0x0000, 0x0000, 0x1533, 0xD543, 0xF544, 0xF544, 0xF543,
  0xF875, 0xFEDB, 0xFEDA, 0xFEDA, 0xFEDA, 0xFEDA, 0xFEDA, 0xFEDA,
  0xFEDA, 0xFEDA, 0xFEDA, 0xFEDA, 0xFEDA, 0xFEDA, 0xFEDA, 0xFEDA,
  0xFEDA, 0xFEDA, 0xFEDA, 0xFEDA, 0xFFEB, 0xF987, 0xF433, 0xF544,
  0xF544, 0xF544, 0x9543, 0x0000, 0x0555, 0x0000, 0x0000, 0x0000,
  0x0000, 0x0000, 0x0000, 0x0000, 0x0000, 0x0000, 0x0000, 0x0000,
  0x0000, 0x0000, 0x0000, 0x0000, 0x0000, 0x0000, 0x0000, 0x0000,
  0x0000, 0x0777, 0x0000, 0x9543, 0xF544, 0xF544, 0xF544, 0xF544,
  0xFDC9, 0xFEEB, 0xFEDA, 0xFEDA, 0xFEDA, 0xFEDA, 0xFEDA, 0xFEDA,
  0xFEDA, 0xFEDA, 0xFEDA, 0xFEDA, 0xFEDA, 0xFEDA, 0xFEDA, 0xFEDA,
  0xFEDA, 0xFEDA, 0xFEDA, 0xFEDA, 0xFEDA, 0xFEDA, 0xFEDA, 0xFEDA,
  0xFEDA, 0xFEDA, 0xFEDA, 0xFEDA, 0xFEDA, 0xFEDA, 0xFEDA, 0xFEDA,
  0xFEDA, 0xFEDA, 0xFEDA, 0xFEDA, 0xFEDA, 0xFEDA, 0xFEDA, 0xFEDA,
  0xFEDA, 0xFEDA, 0xFEDA, 0xFEDA, 0xFEDA, 0xFEDA, 0xFEDA, 0xFEDA,
  0xFEDA, 0xFEDA, 0xFEDA, 0xFEDA, 0xFEDA, 0xFFEB, 0xFA97, 0xF533,
  0xF544, 0xF544, 0xF544, 0x8543, 0x0000, 0x0777, 0x0000, 0x0000,
  0x0000, 0x0000, 0x0000, 0x0000, 0x0000, 0x0000, 0x0000, 0x0000,
  0x0000, 0x0000, 0x0000, 0x0000, 0x0000, 0x0000, 0x0000, 0x0000,
  0x0000, 0x0000, 0x0000, 0x0000, 0x0000, 0x0000, 0x0000, 0x0000,
  0x0000, 0x0000, 0x0000, 0x0000, 0x0000, 0x0000, 0x0000, 0x0000,
  0x0000, 0x0000, 0x0000, 0x0000, 0x0000, 0x0000, 0x0000, 0x0000,
  0x0000, 0x0000, 0x0000, 0x0000, 0x0000, 0x0000, 0x0000, 0x0000,
  0x0000, 0x0000, 0x0000, 0x0000, 0x0000, 0x0000, 0x0000, 0x0000,
  0x0000, 0x0000, 0x0000, 0x0000, 0x0000, 0x0000, 0x0000, 0x0000,
  0x0000, 0x0000, 0x0000, 0x0000, 0x0000, 0x0000, 0x0000, 0x0000,
  0x0000, 0x0000, 0x0000, 0x0000, 0x0000, 0x0000, 0x0000, 0x0000,
  0x0000, 0x0000, 0x0000, 0x0000, 0x0000, 0x0000, 0x0000, 0x0000,
  0x0000, 0x0000, 0x0000, 0x0000, 0x0000, 0x0000, 0x0000, 0x0000,
  0x0000, 0x0000, 0x0000, 0x0000, 0x0000, 0x0000, 0x0000, 0x0000,
  0x0000, 0x0000, 0x0000, 0x0000, 0x0000, 0x0000, 0x0000, 0x0000,
  0x0000, 0x0000, 0x0000, 0x0000, 0x0000, 0x0000, 0x0000, 0x0000,
  0x0000, 0x0000, 0x0000, 0x0000, 0x0000, 0x0000, 0x0000, 0x0000,
  0x0000, 0x0444, 0x0000, 0x5543, 0xF544, 0xF544, 0xF544, 0xF543,
  0xFAA8, 0xFFEB, 0xFEDB, 0xFEDB, 0xFEDB, 0xFEDB, 0xFEDB, 0xFEDB,
  0xFEDB, 0xFEDB, 0xFEDA, 0xFEDA, 0xFEDA, 0xFEDA, 0xFEDA, 0xFEDA,
  0xFEDA, 0xFEDA, 0xFEDA, 0xFEEB, 0xFDC9, 0xF544, 0xF544, 0xF544,
  0xF544, 0xD544, 0x1544, 0x0000, 0x0777, 0x0000, 0x0000, 0x0000,
  0x0000, 0x0000, 0x0000, 0x0000, 0x0000, 0x0000, 0x0000, 0x0000,
  0x0000, 0x0000, 0x0000, 0x0000, 0x0000, 0x0000, 0x0000, 0x0000,
  0x0000, 0x0000, 0x1542, 0xD544, 0xF544, 0xF544, 0xF543, 0xF765,
  0xFEDB, 0xFEDA, 0xFEDA, 0xFEDA, 0xFEDA, 0xFEDA, 0xFEDA, 0xFEDA,
  0xFEDA, 0xFEDA, 0xFEDA, 0xFEDA, 0xFEDA, 0xFEDA, 0xFEDA, 0xFEDA,
  0xFEDA, 0xFEDA, 0xFEDA, 0xFEDA, 0xFEDA, 0xFEDA, 0xFEDA, 0xFEDA,
  0xFEDA, 0xFEDA, 0xFEDA, 0xFEDA, 0xFEDA, 0xFEDA, 0xFEDA, 0xFEDA,
  0xFEDA, 0xFEDA, 0xFEDA, 0xFEDA, 0xFEDA, 0xFEDA, 0xFEDA, 0xFEDA,
  0xFEDA, 0xFEDA, 0xFEDA, 0xFEDA, 0xFEDA, 0xFEDA, 0xFEDA, 0xFEDA,
  0xFEDA, 0xFEDA, 0xFEDA, 0xFEDA, 0xFEDA, 0xFEDB, 0xFEDA, 0xF654,
  0xF543, 0xF544, 0xF544, 0xD544, 0x1433, 0x0000, 0x0000, 0x0000,
  0x0000, 0x0000, 0x0000, 0x0000, 0x0000, 0x0000, 0x0000, 0x0000,
  0x0000, 0x0000, 0x0000, 0x0000, 0x0000, 0x0000, 0x0000, 0x0000,
  0x0000, 0x0000, 0x0000, 0x0000, 0x0000, 0x0000, 0x0000, 0x0000,
  0x0000, 0x0000, 0x0000, 0x0000, 0x0000, 0x0000, 0x0000, 0x0000,
  0x0000, 0x0000, 0x0000, 0x0000, 0x0000, 0x0000, 0x0000, 0x0000,
  0x0000, 0x0000, 0x0000, 0x0000, 0x0000, 0x0000, 0x0000, 0x0000,
  0x0000, 0x0000, 0x0000, 0x0000, 0x0000, 0x0000, 0x0000, 0x0000,
  0x0000, 0x0000, 0x0000, 0x0000, 0x0000, 0x0000, 0x0000, 0x0000,
  0x0000, 0x0000, 0x0000, 0x0000, 0x0000, 0x0000, 0x0000, 0x0000,
  0x0000, 0x0000, 0x0000, 0x0000, 0x0000, 0x0000, 0x0000, 0x0000,
  0x0000, 0x0000, 0x0000, 0x0000, 0x0000, 0x0000, 0x0000, 0x0000,
  0x0000, 0x0000, 0x0000, 0x0000, 0x0000, 0x0000, 0x0000, 0x0000,
  0x0000, 0x0000, 0x0000, 0x0000, 0x0000, 0x0000, 0x0000, 0x0000,
  0x0000, 0x0000, 0x0000, 0x0000, 0x0000, 0x0000, 0x0000, 0x0000,
  0x0000, 0x0000, 0x0000, 0x0000, 0x0000, 0x0000, 0x0000, 0x0000,
  0x0000, 0x0000, 0x0000, 0x0000, 0x0000, 0x0000, 0x0000, 0x0000,
  0x0000, 0x0555, 0x0000, 0x9543, 0xF544, 0xF544, 0xF544, 0xF544,
  0xFB97, 0xFDB8, 0xFDB9, 0xFEC9, 0xFEDA, 0xFEDA, 0xFEDA, 0xFEDA,
  0xFEDA, 0xFEDA, 0xFEDA, 0xFEDA, 0xFEDB, 0xFEEB, 0xFEEB, 0xFEDB,
  0xFEDB, 0xFEDA, 0xFEDA, 0xFEEB, 0xF876, 0xF543, 0xF544, 0xF544,
  0xF544, 0x6543, 0x0000, 0x0555, 0x0000, 0x0000, 0x0000, 0x0000,
  0x0000, 0x0000, 0x0000, 0x0000, 0x0000, 0x0000, 0x0000, 0x0000,
  0x0000, 0x0000, 0x0000, 0x0000, 0x0000, 0x0000, 0x0000, 0x0000,
  0x0444, 0x0000, 0x4543, 0xF544, 0xF544, 0xF544, 0xF543, 0xF975,
  0xFEC9, 0xFEDB, 0xFEDA, 0xFEDA, 0xFEDA, 0xFEDA, 0xFEDA, 0xFEDA,
  0xFEDA, 0xFEDA, 0xFEDA, 0xFEDA, 0xFEDA, 0xFEDA, 0xFEDA, 0xFEDA,
  0xFEDA, 0xFEDA, 0xFEDA, 0xFEDA, 0xFEDA, 0xFEDA, 0xFEDA, 0xFEDA,
  0xFEDA, 0xFEDA, 0xFEDA, 0xFEDA, 0xFEDA, 0xFEDA, 0xFEDA, 0xFEDA,
  0xFEDA, 0xFEDA, 0xFEDA, 0xFEDA, 0xFEDA, 0xFEDA, 0xFEDA, 0xFEDA,
  0xFEDA, 0xFEDA, 0xFEDA, 0xFEDA, 0xFEDA, 0xFEDA, 0xFEDA, 0xFEDA,
  0xFEDA, 0xFEDA, 0xFEDA, 0xFEDA, 0xFEDA, 0xFEDA, 0xFFEB, 0xFA97,
  0xF533, 0xF544, 0xF544, 0xF544, 0x5543, 0x0000, 0x0555, 0x0000,
  0x0000, 0x0000, 0x0000, 0x0000, 0x0000, 0x0000, 0x0000, 0x0000,
  0x0000, 0x0000, 0x0000, 0x0000, 0x0000, 0x0000, 0x0000, 0x0000,
  0x0000, 0x0000, 0x0000, 0x0000, 0x0000, 0x0000, 0x0000, 0x0000,
  0x0000, 0x0000, 0x0000, 0x0000, 0x0000, 0x0000, 0x0000, 0x0000,
  0x0000, 0x0000, 0x0000, 0x0000, 0x0000, 0x0000, 0x0000, 0x0000,
  0x0000, 0x0000, 0x0000, 0x0000, 0x0000, 0x0000, 0x0000, 0x0000,
  0x0000, 0x0000, 0x0000, 0x0000, 0x0000, 0x0000, 0x0000, 0x0000,
  0x0000, 0x0000, 0x0000, 0x0000, 0x0000, 0x0000, 0x0000, 0x0000,
  0x0000, 0x0000, 0x0000, 0x0000, 0x0000, 0x0000, 0x0000, 0x0000,
  0x0000, 0x0000, 0x0000, 0x0000, 0x0000, 0x0000, 0x0000, 0x0000,
  0x0000, 0x0000, 0x0000, 0x0000, 0x0000, 0x0000, 0x0000, 0x0000,
  0x0000, 0x0000, 0x0000, 0x0000, 0x0000, 0x0000, 0x0000, 0x0000,
  0x0000, 0x0000, 0x0000, 0x0000, 0x0000, 0x0000, 0x0000, 0x0000,
  0x0000, 0x0000, 0x0000, 0x0000, 0x0000, 0x0000, 0x0000, 0x0000,
  0x0000, 0x0000, 0x0000, 0x0000, 0x0000, 0x0000, 0x0000, 0x0000,
  0x0000, 0x0000, 0x0000, 0x0000, 0x0000, 0x0000, 0x0000, 0x0000,
  0x0000, 0x0000, 0x0555, 0xC544, 0xF544, 0xF544, 0xF543, 0xF754,
  0xFC96, 0xFC86, 0xFC86, 0xFC97, 0xFC97, 0xFC97, 0xFC97, 0xFC97,
  0xFC97, 0xFC97, 0xFC97, 0xFDA8, 0xFDA8, 0xFDB9, 0xFDC9, 0xFECA,
  0xFEDA, 0xFEDA, 0xFFEB, 0xFCB9, 0xF544, 0xF544, 0xF544, 0xF544,
  0xC543, 0x0444, 0x0000, 0x0000, 0x0000, 0x0000, 0x0000, 0x0000,
  0x0000, 0x0000, 0x0000, 0x0000, 0x0000, 0x0000, 0x0000, 0x0000,
  0x0000, 0x0000, 0x0000, 0x0000, 0x0000, 0x0000, 0x0000, 0x0000,
  0x0777, 0x0000, 0x8544, 0xF544, 0xF544, 0xF544, 0xF544, 0xFB86,
  0xFC97, 0xFDB8, 0xFEDB, 0xFEDB, 0xFEDA, 0xFEDA, 0xFEDA, 0xFEDA,
  0xFEDA, 0xFEDA, 0xFEDA, 0xFEDA, 0xFEDA, 0xFEDA, 0xFEDA, 0xFEDA,
  0xFEDA, 0xFEDA, 0xFEDA, 0xFEDA, 0xFEDA, 0xFEDA, 0xFEDA, 0xFEDA,
  0xFEDA, 0xFEDA, 0xFEDA, 0xFEDA, 0xFEDA, 0xFEDA, 0xFEDA, 0xFEDA,
  0xFEDA, 0xFEDA, 0xFEDA, 0xFEDA, 0xFEDA, 0xFEDA, 0xFEDA, 0xFEDA,
  0xFEDA, 0xFEDA, 0xFEDA, 0xFEDA, 0xFEDA, 0xFEDA, 0xFEDA, 0xFEDA,
  0xFEDA, 0xFEDA, 0xFEDA, 0xFEDA, 0xFEDA, 0xFEDA, 0xFFEB, 0xFCA8,
  0xF544, 0xF544, 0xF544, 0xF544, 0xA543, 0x0000, 0x0F00, 0x0000,
  0x0000, 0x0000, 0x0000, 0x0000, 0x0000, 0x0000, 0x0000, 0x0000,
  0x0000, 0x0000, 0x0000, 0x0000, 0x0000, 0x0000, 0x0000, 0x0000,
  0x0000, 0x0000, 0x0000, 0x0000, 0x0000, 0x0000, 0x0000, 0x0000,
  0x0000, 0x0000, 0x0000, 0x0000, 0x0000, 0x0000, 0x0000, 0x0000,
  0x0000, 0x0000, 0x0000, 0x0000, 0x0000, 0x0000, 0x0000, 0x0000,
  0x0000, 0x0000, 0x0000, 0x0000, 0x0000, 0x0000, 0x0000, 0x0000,
  0x0000, 0x0000, 0x0000, 0x0000, 0x0000, 0x0000, 0x0000, 0x0000,
  0x0000, 0x0000, 0x0000, 0x0000, 0x0000, 0x0000, 0x0000, 0x0000,
  0x0000, 0x0000, 0x0000, 0x0000, 0x0000, 0x0000, 0x0000, 0x0000,
  0x0000, 0x0000, 0x0000, 0x0000, 0x0000, 0x0000, 0x0000, 0x0000,
  0x0000, 0x0000, 0x0000, 0x0000, 0x0000, 0x0000, 0x0000, 0x0000,
  0x0000, 0x0000, 0x0000, 0x0000, 0x0000, 0x0000, 0x0000, 0x0000,
  0x0000, 0x0000, 0x0000, 0x0000, 0x0000, 0x0000, 0x0000, 0x0000,
  0x0000, 0x0000, 0x0000, 0x0000, 0x0000, 0x0000, 0x0000, 0x0000,
  0x0000, 0x0000, 0x0000, 0x0000, 0x0000, 0x0000, 0x0000, 0x0000,
  0x0000, 0x0000, 0x0000, 0x0000, 0x0000, 0x0000, 0x0000, 0x0000,
  0x0000, 0x0000, 0x3543, 0xE544, 0xF544, 0xF544, 0xF543, 0xF965,
  0xFC97, 0xFC97, 0xFC97, 0xFC97, 0xFC97, 0xFC97, 0xFC97, 0xFC97,
  0xFC97, 0xFC96, 0xFC86, 0xFC86, 0xFC86, 0xFC86, 0xFC86, 0xFC97,
  0xFC97, 0xFDA8, 0xFEDA, 0xF876, 0xF433, 0xF544, 0xF544, 0xF544,
  0x5543, 0x0000, 0x0555, 0x0000, 0x0000, 0x0000, 0x0000, 0x0000,
  0x0000, 0x0000, 0x0000, 0x0000, 0x0000, 0x0000, 0x0000, 0x0000,
  0x0000, 0x0000, 0x0000, 0x0000, 0x0000, 0x0000, 0x0000, 0x0000,
  0x0000, 0x0050, 0xC543, 0xF544, 0xF544, 0xF543, 0xF754, 0xFC97,
  0xFC97, 0xFC86, 0xFDA8, 0xFEDA, 0xFEDB, 0xFEDA, 0xFEDA, 0xFEDA,
  0xFEDA, 0xFEDA, 0xFEDA, 0xFEDA, 0xFEDA, 0xFEDA, 0xFEDA, 0xFEDA,
  0xFEDA, 0xFEDA, 0xFEDA, 0xFEDA, 0xFEDA, 0xFEDA, 0xFEDA, 0xFEDB,
  0xFEDB, 0xFEDA, 0xFEDA, 0xFEDA, 0xFEDA, 0xFEDA, 0xFEDA, 0xFEDB,
  0xFEDB, 0xFEDA, 0xFEDA, 0xFEDA, 0xFEDA, 0xFEDA, 0xFEDA, 0xFEDA,
  0xFEDA, 0xFEDA, 0xFEDA, 0xFEDA, 0xFEDA, 0xFEDA, 0xFEDA, 0xFEDA,
  0xFEDA, 0xFEDA, 0xFEDA, 0xFEDA, 0xFEDA, 0xFEDB, 0xFECA, 0xFC97,
  0xF754, 0xF543, 0xF544, 0xF544, 0xD544, 0x1544, 0x0000, 0x0000,
  0x0000, 0x0000, 0x0000, 0x0000, 0x0000, 0x0000, 0x0000, 0x0000,
  0x0000, 0x0000, 0x0000, 0x0000, 0x0000, 0x0000, 0x0000, 0x0000,
  0x0000, 0x0000, 0x0000, 0x0000, 0x0000, 0x0000, 0x0000, 0x0000,
  0x0000, 0x0000, 0x0000, 0x0000, 0x0000, 0x0000, 0x0000, 0x0000,
  0x0000, 0x0000, 0x0000, 0x0000, 0x0000, 0x0000, 0x0000, 0x0000,
  0x0000, 0x0000, 0x0000, 0x0000, 0x0000, 0x0000, 0x0000, 0x0000,
  0x0000, 0x0000, 0x0000, 0x0000, 0x0000, 0x0000, 0x0000, 0x0000,
  0x0000, 0x0000, 0x0000, 0x0000, 0x0000, 0x0000, 0x0000, 0x0000,
  0x0000, 0x0000, 0x0000, 0x0000, 0x0000, 0x0000, 0x0000, 0x0000,
  0x0000, 0x0000, 0x0000, 0x0000, 0x0000, 0x0000, 0x0000, 0x0000,
  0x0000, 0x0000, 0x0000, 0x0000, 0x0000, 0x0000, 0x0000, 0x0000,
  0x0000, 0x0000, 0x0000, 0x0000, 0x0000, 0x0000, 0x0000, 0x0000,
  0x0000, 0x0000, 0x0000, 0x0000, 0x0000, 0x0000, 0x0000, 0x0000,
  0x0000, 0x0000, 0x0000, 0x0000, 0x0000, 0x0000, 0x0000, 0x0000,
  0x0000, 0x0000, 0x0000, 0x0000, 0x0000, 0x0000, 0x0000, 0x0000,
  0x0000, 0x0000, 0x0000, 0x0000, 0x0000, 0x0000, 0x0000, 0x0000,
  0x0444, 0x0000, 0x6543, 0xF544, 0xF544, 0xF544, 0xF544, 0xFA76,
  0xFC97, 0xFC97, 0xFC97, 0xFC97, 0xFC97, 0xFC97, 0xFC97, 0xFC97,
  0xFC97, 0xFC97, 0xFC97, 0xFC97, 0xFC97, 0xFC97, 0xFC97, 0xFC97,
  0xFC96, 0xFC96, 0xFB97, 0xF654, 0xF543, 0xF544, 0xF544, 0xC543,
  0x0770, 0x0000, 0x0000, 0x0000, 0x0000, 0x0000, 0x0000, 0x0000,
  0x0000, 0x0000, 0x0000, 0x0000, 0x0000, 0x0000, 0x0000, 0x0000,
  0x0000, 0x0000, 0x0000, 0x0000, 0x0000, 0x0000, 0x0000, 0x0770,
  0x0000, 0x3543, 0xE544, 0xF544, 0xF544, 0xF543, 0xF865, 0xFC97,
  0xFC97, 0xFC97, 0xFC86, 0xFC97, 0xFECA, 0xFEDB, 0xFEDA, 0xFEDA,
  0xFEDA, 0xFEDA, 0xFEDA, 0xFEDA, 0xFEDA, 0xFEDA, 0xFEDA, 0xFEDA,
  0xFEDA, 0xFEDA, 0xFEDA, 0xFEDA, 0xFEDA, 0xFEDB, 0xFEDA, 0xFEDA,
  0xFEDA, 0xFEDB, 0xFEDB, 0xFEDB, 0xFEDB, 0xFEDB, 0xFEDA, 0xFEDA,
  0xFEDA, 0xFEDA, 0xFEDB, 0xFEDA, 0xFEDA, 0xFEDA, 0xFEDA, 0xFEDA,
  0xFEDA, 0xFEDA, 0xFEDA, 0xFEDA, 0xFEDA, 0xFEDA, 0xFEDA, 0xFEDA,
  0xFEDA, 0xFEDA, 0xFEDA, 0xFEDA, 0xFEDA, 0xFEDA, 0xFC97, 0xFC97,
  0xF975, 0xF543, 0xF544, 0xF544, 0xF544, 0x5543, 0x0000, 0x0555,
  0x0000, 0x0000, 0x0000, 0x0000, 0x0000, 0x0000, 0x0000, 0x0000,
  0x0000, 0x0000, 0x0000, 0x0000, 0x0000, 0x0000, 0x0000, 0x0000,
  0x0000, 0x0000, 0x0000, 0x0000, 0x0000, 0x0000, 0x0000, 0x0000,
  0x0000, 0x0000, 0x0000, 0x0000, 0x0000, 0x0000, 0x0000, 0x0000,
  0x0000, 0x0000, 0x0000, 0x0000, 0x0000, 0x0000, 0x0000, 0x0000,
  0x0000, 0x0000, 0x0000, 0x0000, 0x0000, 0x0000, 0x0000, 0x0000,
  0x0000, 0x0000, 0x0000, 0x0000, 0x0000, 0x0000, 0x0000, 0x0000,
  0x0000, 0x0000, 0x0000, 0x0000, 0x0000, 0x0000, 0x0000, 0x0000,
  0x0000, 0x0000, 0x0000, 0x0000, 0x0000, 0x0000, 0x0000, 0x0000,
  0x0000, 0x0000, 0x0000, 0x0000, 0x0000, 0x0000, 0x0000, 0x0000,
  0x0000, 0x0000, 0x0000, 0x0000, 0x0000, 0x0000, 0x0000, 0x0000,
  0x0000, 0x0000, 0x0000, 0x0000, 0x0000, 0x0000, 0x0000, 0x0000,
  0x0000, 0x0000, 0x0000, 0x0000, 0x0000, 0x0000, 0x0000, 0x0000,
  0x0000, 0x0000, 0x0000, 0x0000, 0x0000, 0x0000, 0x0000, 0x0000,
  0x0000, 0x0000, 0x0000, 0x0000, 0x0000, 0x0000, 0x0000, 0x0000,
  0x0000, 0x0000, 0x0000, 0x0000, 0x0000, 0x0000, 0x0000, 0x0000,
  0x0444, 0x0000, 0x8543, 0xF544, 0xF544, 0xF544, 0xF644, 0xFB86,
  0xFC97, 0xFC97, 0xFC97, 0xFC97, 0xFC97, 0xFC97, 0xFC97, 0xFC97,
  0xFC97, 0xFC97, 0xFC97, 0xFC97, 0xFC97, 0xFC97, 0xFC97, 0xFC97,
  0xFC97, 0xFC97, 0xF965, 0xF543, 0xF544, 0xF544, 0xF544, 0x5543,
  0x0000, 0x0555, 0x0000, 0x0000, 0x0000, 0x0000, 0x0000, 0x0000,
  0x0000, 0x0000, 0x0000, 0x0000, 0x0000, 0x0000, 0x0000, 0x0000,
  0x0000, 0x0000, 0x0000, 0x0000, 0x0000, 0x0000, 0x0000, 0x0444,
  0x0000, 0x6543, 0xF544, 0xF544, 0xF544, 0xF544, 0xFA76, 0xFC97,
  0xFC97, 0xFC97, 0xFC97, 0xFC96, 0xFC97, 0xFDB9, 0xFEDB, 0xFEDA,
  0xFEDA, 0xFEDA, 0xFEDA, 0xFEDA, 0xFEDA, 0xFEDA, 0xFEDA, 0xFEDA,
  0xFEDA, 0xFEDA, 0xFEDA, 0xFEDA, 0xFEDB, 0xFEDA, 0xFEDA, 0xFEEC,
  0xFFED, 0xFFFE, 0xFFFF, 0xFFFF, 0xFFFF, 0xFFFE, 0xFFFE, 0xFFED,
  0xFEEC, 0xFEDB, 0xFEDA, 0xFEDA, 0xFEDA, 0xFEDA, 0xFEDA, 0xFEDA,
  0xFEDA, 0xFEDA, 0xFEDA, 0xFEDA, 0xFEDA, 0xFEDA, 0xFEDA, 0xFEDA,
  0xFEDA, 0xFEDA, 0xFEDA, 0xFEDA, 0xFEEB, 0xFDB9, 0xFC86, 0xFC97,
  0xFB86, 0xF544, 0xF544, 0xF544, 0xF544, 0xA543, 0x0000, 0x0000,
  0x0000, 0x0000, 0x0000, 0x0000, 0x0000, 0x0000, 0x0000, 0x0000,
  0x0000, 0x0000, 0x0000, 0x0000, 0x0000, 0x0000, 0x0000, 0x0000,
  0x0000, 0x0000, 0x0000, 0x0000, 0x0000, 0x0000, 0x0000, 0x0000,
  0x0000, 0x0000, 0x0000, 0x0000, 0x0000, 0x0000, 0x0000, 0x0000,
  0x0000, 0x0000, 0x0000, 0x0000, 0x0000, 0x0000, 0x0000, 0x0000,
  0x0000, 0x0000, 0x0000, 0x0000, 0x0000, 0x0000, 0x0000, 0x0000,
  0x0000, 0x0000, 0x0000, 0x0000, 0x0000, 0x0000, 0x0000, 0x0000,
  0x0000, 0x0000, 0x0000, 0x0000, 0x0000, 0x0000, 0x0000, 0x0000,
  0x0000, 0x0000, 0x0000, 0x0000, 0x0000, 0x0000, 0x0000, 0x0000,
  0x0000, 0x0000, 0x0000, 0x0000, 0x0000, 0x0000, 0x0000, 0x0000,
  0x0000, 0x0000, 0x0000, 0x0000, 0x0000, 0x0000, 0x0000, 0x0000,
  0x0000, 0x0000, 0x0000, 0x0000, 0x0000, 0x0000, 0x0000, 0x0000,
  0x0000, 0x0000, 0x0000, 0x0000, 0x0000, 0x0000, 0x0000, 0x0000,
  0x0000, 0x0000, 0x0000, 0x0000, 0x0000, 0x0000, 0x0000, 0x0000,
  0x0000, 0x0000, 0x0000, 0x0000, 0x0000, 0x0000, 0x0000, 0x0000,
  0x0000, 0x0000, 0x0000, 0x0000, 0x0000, 0x0000, 0x0000, 0x0000,
  0x0000, 0x0000, 0xB543, 0xF544, 0xF544, 0xF543, 0xF654, 0xFC97,
  0xFC97, 0xFC97, 0xFC97, 0xFC97, 0xFC97, 0xFC97, 0xFC97, 0xFC97,
  0xFC97, 0xFC97, 0xFC97, 0xFC97, 0xFC97, 0xFC97, 0xFC97, 0xFC97,
  0xFC97, 0xFC97, 0xF654, 0xF543, 0xF544, 0xF544, 0xD543, 0x1443,
  0x0000, 0x0000, 0x0000, 0x0000, 0x0000, 0x0000, 0x0000, 0x0000,
  0x0000, 0x0000, 0x0000, 0x0000, 0x0000, 0x0000, 0x0000, 0x0000,
  0x0000, 0x0000, 0x0000, 0x0000, 0x0000, 0x0000, 0x0000, 0x0000,
  0x0000, 0xA544, 0xF544, 0xF544, 0xF544, 0xF654, 0xFC86, 0xFC97,
  0xFC97, 0xFC97, 0xFC97, 0xFC97, 0xFC97, 0xFC86, 0xFDB8, 0xFEDB,
  0xFEDA, 0xFEDA, 0xFEDA, 0xFEDA, 0xFEDA, 0xFEDA, 0xFEDA, 0xFEDA,
  0xFEDA, 0xFEDA, 0xFEDB, 0xFEDA, 0xFEDA, 0xFEEB, 0xFFFE, 0xFFFF,
  0xFFFF, 0xFFFF, 0xFFFF, 0xFFFF, 0xFFFF, 0xFFFF, 0xFFFF, 0xFFFF,
  0xFFFF, 0xFFFF, 0xFFED, 0xFEDA, 0xFEDA, 0xFEDA, 0xFEDA, 0xFEDA,
  0xFEDA, 0xFEDA, 0xFEDA, 0xFEDA, 0xFEDA, 0xFEDA, 0xFEDA, 0xFEDA,
  0xFEDA, 0xFEDA, 0xFEDA, 0xFEDB, 0xFEDA, 0xFC97, 0xFC97, 0xFC97,
  0xFC97, 0xF765, 0xF543, 0xF544, 0xF544, 0xE544, 0x3543, 0x0000,
  0x0700, 0x0000, 0x0000, 0x0000, 0x0000, 0x0000, 0x0000, 0x0000,
  0x0000, 0x0000, 0x0000, 0x0000, 0x0000, 0x0000, 0x0000, 0x0000,
  0x0000, 0x0000, 0x0000, 0x0000, 0x0000, 0x0000, 0x0000, 0x0000,
  0x0000, 0x0000, 0x0000, 0x0000, 0x0000, 0x0000, 0x0000, 0x0000,
  0x0000, 0x0000, 0x0000, 0x0000, 0x0000, 0x0000, 0x0000, 0x0000,
  0x0000, 0x0000, 0x0000, 0x0000, 0x0000, 0x0000, 0x0000, 0x0000,
  0x0000, 0x0000, 0x0000, 0x0000, 0x0000, 0x0000, 0x0000, 0x0000,
  0x0000, 0x0000, 0x0000, 0x0000, 0x0000, 0x0000, 0x0000, 0x0000,
  0x0000, 0x0000, 0x0000, 0x0000, 0x0000, 0x0000, 0x0000, 0x0000,
  0x0000, 0x0000, 0x0000, 0x0000, 0x0000, 0x0000, 0x0000, 0x0000,
  0x0000, 0x0000, 0x0000, 0x0000, 0x0000, 0x0000, 0x0000, 0x0000,
  0x0000, 0x0000, 0x0000, 0x0000, 0x0000, 0x0000, 0x0000, 0x0000,
  0x0000, 0x0000, 0x0000, 0x0000, 0x0000, 0x0000, 0x0000, 0x0000,
  0x0000, 0x0000, 0x0000, 0x0000, 0x0000, 0x0000, 0x0000, 0x0000,
  0x0000, 0x0000, 0x0000, 0x0000, 0x0000, 0x0000, 0x0000, 0x0000,
  0x0000, 0x0000, 0x0000, 0x0000, 0x0000, 0x0000, 0x0000, 0x0000,
  0x0000, 0x0555, 0xC544, 0xF544, 0xF544, 0xF543, 0xF865, 0xFC97,
  0xFC97, 0xFC97, 0xFC97, 0xFC97, 0xFC97, 0xFC97, 0xFC97, 0xFC97,
  0xFC97, 0xFC97, 0xFC97, 0xFC97, 0xFC97, 0xFC97, 0xFC97, 0xFC97,
  0xFC97, 0xFA86, 0xF544, 0xF544, 0xF544, 0xF544, 0x8543, 0x0000,
  0x0555, 0x0000, 0x0000, 0x0000, 0x0000, 0x0000, 0x0000, 0x0000,
  0x0000, 0x0000, 0x0000, 0x0000, 0x0000, 0x0000, 0x0000, 0x0000,
  0x0000, 0x0000, 0x0000, 0x0000, 0x0000, 0x0000, 0x0000, 0x0000,
  0x1543, 0xD543, 0xF544, 0xF544, 0xF543, 0xF765, 0xFC97, 0xFC97,
  0xFC97, 0xFC97, 0xFC97, 0xFC97, 0xFC97, 0xFC97, 0xFC86, 0xFDB9,
  0xFEDB, 0xFEDA, 0xFEDA, 0xFEDA, 0xFEDA, 0xFEDA, 0xFEDA, 0xFEDA,
  0xFEDA, 0xFEDB, 0xFEDA, 0xFEDA, 0xFFED, 0xFFFF, 0xFFFF, 0xFFFF,
  0xFFFF, 0xFFFF, 0xFFFF, 0xFFFF, 0xFFFF, 0xFFFF, 0xFFFF, 0xFFFF,
  0xFFFF, 0xFFFF, 0xFFFE, 0xFEDB, 0xFEDA, 0xFEDA, 0xFEDA, 0xFEDA,
  0xFEDA, 0xFEDA, 0xFEDA, 0xFEDA, 0xFEDA, 0xFEDA, 0xFEDA, 0xFEDA,
  0xFEDA, 0xFEDA, 0xFEDA, 0xFEDB, 0xFDA8, 0xFC86, 0xFC97, 0xFC97,
  0xFC97, 0xFA76, 0xF543, 0xF544, 0xF544, 0xF544, 0x9543, 0x0000,
  0x0777, 0x0000, 0x0000, 0x0000, 0x0000, 0x0000, 0x0000, 0x0000,
  0x0000, 0x0000, 0x0000, 0x0000, 0x0000, 0x0000, 0x0000, 0x0000,
  0x0000, 0x0000, 0x0000, 0x0000, 0x0000, 0x0000, 0x0000, 0x0000,
  0x0000, 0x0000, 0x0000, 0x0000, 0x0000, 0x0000, 0x0000, 0x0000,
  0x0000, 0x0000, 0x0000, 0x0000, 0x0000, 0x0000, 0x0000, 0x0000,
  0x0000, 0x0000, 0x0000, 0x0000, 0x0000, 0x0000, 0x0000, 0x0000,
  0x0000, 0x0000, 0x0000, 0x0000, 0x0000, 0x0000, 0x0000, 0x0000,
  0x0000, 0x0000, 0x0000, 0x0000, 0x0000, 0x0000, 0x0000, 0x0000,
  0x0000, 0x0000, 0x0000, 0x0000, 0x0000, 0x0000, 0x0000, 0x0000,
  0x0000, 0x0000, 0x0000, 0x0000, 0x0000, 0x0000, 0x0000, 0x0000,
  0x0000, 0x0000, 0x0000, 0x0000, 0x0000, 0x0000, 0x0000, 0x0000,
  0x0000, 0x0000, 0x0000, 0x0000, 0x0000, 0x0000, 0x0000, 0x0000,
  0x0000, 0x0000, 0x0000, 0x0000, 0x0000, 0x0000, 0x0000, 0x0000,
  0x0000, 0x0000, 0x0000, 0x0000, 0x0000, 0x0000, 0x0000, 0x0000,
  0x0000, 0x0000, 0x0000, 0x0000, 0x0000, 0x0000, 0x0000, 0x0000,
  0x0000, 0x0000, 0x0000, 0x0000, 0x0000, 0x0000, 0x0000, 0x0000,
  0x0000, 0x1443, 0xD544, 0xF544, 0xF544, 0xF543, 0xF965, 0xFC97,
  0xFC97, 0xFC97, 0xFC97, 0xFC97, 0xFC97, 0xFC97, 0xFC97, 0xFC97,
  0xFC97, 0xFC97, 0xFC97, 0xFC97, 0xFC97, 0xFC97, 0xFC97, 0xFC97,
  0xFC97, 0xF865, 0xF543, 0xF544, 0xF544, 0xF544, 0x3543, 0x0000,
  0x0555, 0x0000, 0x0000, 0x0000, 0x0000, 0x0000, 0x0000, 0x0000,
  0x0000, 0x0000, 0x0000, 0x0000, 0x0000, 0x0000, 0x0000, 0x0000,
  0x0000, 0x0000, 0x0000, 0x0000, 0x0000, 0x0000, 0x0555, 0x0000,
  0x4543, 0xF544, 0xF544, 0xF544, 0xF543, 0xFA97, 0xFDB8, 0xFC97,
  0xFC86, 0xFC97, 0xFC97, 0xFC97, 0xFC97, 0xFC97, 0xFC86, 0xFCA7,
  0xFEDA, 0xFEDA, 0xFEDA, 0xFEDA, 0xFEDA, 0xFEDA, 0xFEDA, 0xFEDA,
  0xFEDA, 0xFEDA, 0xFEDB, 0xFFFE, 0xFFFF, 0xFFFF, 0xFFFF, 0xFFFF,
  0xFFFF, 0xFFFF, 0xFFFF, 0xFFFF, 0xFFFF, 0xFFFF, 0xFFFF, 0xFFFF,
  0xFFFF, 0xFFFF, 0xFFED, 0xFEDA, 0xFEDB, 0xFEDA, 0xFEDA, 0xFEDA,
  0xFEDA, 0xFEDA, 0xFEDA, 0xFEDA, 0xFEDA, 0xFEDA, 0xFEDA, 0xFEDA,
  0xFEDA, 0xFEDA, 0xFEDB, 0xFEC9, 0xFC97, 0xFC97, 0xFC97, 0xFC97,
  0xFC97, 0xFC97, 0xF654, 0xF543, 0xF544, 0xF544, 0xE543, 0x2543,
  0x0000, 0x0000, 0x0000, 0x0000, 0x0000, 0x0000, 0x0000, 0x0000,
  0x0000, 0x0000, 0x0000, 0x0000, 0x0000, 0x0000, 0x0000, 0x0000,
  0x0000, 0x0000, 0x0000, 0x0000, 0x0000, 0x0000, 0x0000, 0x0000,
  0x0000, 0x0000, 0x0000, 0x0000, 0x0000, 0x0000, 0x0000, 0x0000,
  0x0000, 0x0000, 0x0000, 0x0000, 0x0000, 0x0000, 0x0000, 0x0000,
  0x0000, 0x0000, 0x0000, 0x0000, 0x0000, 0x0000, 0x0000, 0x0000,
  0x0000, 0x0000, 0x0000, 0x0000, 0x0000, 0x0000, 0x0000, 0x0000,
  0x0000, 0x0000, 0x0000, 0x0000, 0x0000, 0x0000, 0x0000, 0x0000,
  0x0000, 0x0000, 0x0000, 0x0000, 0x0000, 0x0000, 0x0000, 0x0000,
  0x0000, 0x0000, 0x0000, 0x0000, 0x0000, 0x0000, 0x0000, 0x0000,
  0x0000, 0x0000, 0x0000, 0x0000, 0x0000, 0x0000, 0x0000, 0x0000,
  0x0000, 0x0000, 0x0000, 0x0000, 0x0000, 0x0000, 0x0000, 0x0000,
  0x0000, 0x0000, 0x0000, 0x0000, 0x0000, 0x0000, 0x0000, 0x0000,
  0x0000, 0x0000, 0x0000, 0x0000, 0x0000, 0x0000, 0x0000, 0x0000,
  0x0000, 0x0000, 0x0000, 0x0000, 0x0000, 0x0000, 0x0000, 0x0000,
  0x0000, 0x0000, 0x0000, 0x0000, 0x0000, 0x0000, 0x0000, 0x0000,
  0x0000, 0x1533, 0xE543, 0xF544, 0xF544, 0xF543, 0xF975, 0xFC97,
  0xFC97, 0xFC97, 0xFC97, 0xFC97, 0xFC97, 0xFC97, 0xFC96, 0xFC86,
  0xFC86, 0xFC86, 0xFC86, 0xFC86, 0xFC86, 0xFC96, 0xFC97, 0xFC97,
  0xFC86, 0xF654, 0xF543, 0xF544, 0xF544, 0xC544, 0x0770, 0x0000,
  0x0000, 0x0000, 0x0000, 0x0000, 0x0000, 0x0000, 0x0000, 0x0000,
  0x0000, 0x0000, 0x0000, 0x0000, 0x0000, 0x0000, 0x0000, 0x0000,
  0x0000, 0x0000, 0x0000, 0x0000, 0x0000, 0x0000, 0x0555, 0x0000,
  0x8543, 0xF544, 0xF544, 0xF544, 0xF544, 0xFDCA, 0xFFEB, 0xFECA,
  0xFDA8, 0xFC97, 0xFC86, 0xFC86, 0xFC97, 0xFC97, 0xFC86, 0xFDA8,
  0xFEDA, 0xFEDA, 0xFEDA, 0xFEDA, 0xFEDA, 0xFEDA, 0xFEDA, 0xFEDA,
  0xFEDB, 0xFEDA, 0xFEEC, 0xFFFF, 0xFFFF, 0xFFFF, 0xFFFF, 0xFFFF,
  0xFFFF, 0xFFFF, 0xFFFF, 0xFFFF, 0xFFFF, 0xFFFF, 0xFFFF, 0xFFFF,
  0xFFFF, 0xFFFF, 0xFEEC, 0xFEDA, 0xFEDB, 0xFEDA, 0xFEDA, 0xFEDA,
  0xFEDA, 0xFEDA, 0xFEDA, 0xFEDA, 0xFEDA, 0xFEDA, 0xFEDA, 0xFEDA,
  0xFEDA, 0xFEDA, 0xFEDA, 0xFCA7, 0xFC86, 0xFC97, 0xFC97, 0xFC97,
  0xFC97, 0xFC97, 0xF975, 0xF543, 0xF544, 0xF544, 0xF544, 0x6543,
  0x0000, 0x0555, 0x0000, 0x0000, 0x0000, 0x0000, 0x0000, 0x0000,
  0x0000, 0x0000, 0x0000, 0x0000, 0x0000, 0x0000, 0x0000, 0x0000,
  0x0000, 0x0000, 0x0000, 0x0000, 0x0000, 0x0000, 0x0000, 0x0000,
  0x0000, 0x0000, 0x0000, 0x0000, 0x0000, 0x0000, 0x0000, 0x0000,
  0x0000, 0x0000, 0x0000, 0x0000, 0x0000, 0x0000, 0x0000, 0x0000,
  0x0000, 0x0000, 0x0000, 0x0000, 0x0000, 0x0000, 0x0000, 0x0000,
  0x0000, 0x0000, 0x0000, 0x0000, 0x0000, 0x0000, 0x0000, 0x0000,
  0x0000, 0x0000, 0x0000, 0x0000, 0x0000, 0x0000, 0x0000, 0x0000,
  0x0000, 0x0000, 0x0000, 0x0000, 0x0000, 0x0000, 0x0000, 0x0000,
  0x0000, 0x0000, 0x0000, 0x0000, 0x0000, 0x0000, 0x0000, 0x0000,
  0x0000, 0x0000, 0x0000, 0x0000, 0x0000, 0x0000, 0x0000, 0x0000,
  0x0000, 0x0000, 0x0000, 0x0000, 0x0000, 0x0000, 0x0000, 0x0000,
  0x0000, 0x0000, 0x0000, 0x0000, 0x0000, 0x0000, 0x0000, 0x0000,
  0x0000, 0x0000, 0x0000, 0x0000, 0x0000, 0x0000, 0x0000, 0x0000,
  0x0000, 0x0000, 0x0000, 0x0000, 0x0000, 0x0000, 0x0000, 0x0000,
  0x0000, 0x0000, 0x0000, 0x0000, 0x0000, 0x0000, 0x0000, 0x0700,
  0x0000, 0x2533, 0xE544, 0xF544, 0xF544, 0xF543, 0xF975, 0xFC97,
  0xFC97, 0xFC97, 0xFC97, 0xFC97, 0xFC97, 0xFC97, 0xFC97, 0xFC97,
  0xFDA8, 0xFDA8, 0xFDB8, 0xFDB9, 0xFDB9, 0xFDC9, 0xFDC9, 0xFECA,
  0xFCA8, 0xF544, 0xF544, 0xF544, 0xF544, 0x7544, 0x0000, 0x0555,
  0x0000, 0x0000, 0x0000, 0x0000, 0x0000, 0x0000, 0x0000, 0x0000,
  0x0000, 0x0000, 0x0000, 0x0000, 0x0000, 0x0000, 0x0000, 0x0000,
  0x0000, 0x0000, 0x0000, 0x0000, 0x0000, 0x0000, 0x0000, 0x0000,
  0xC544, 0xF544, 0xF544, 0xF543, 0xF765, 0xFEDA, 0xFEDA, 0xFEDB,
  0xFEDB, 0xFEDA, 0xFDB9, 0xFC97, 0xFC97, 0xFC97, 0xFC97, 0xFEC9,
  0xFEDB, 0xFEDA, 0xFEDA, 0xFEDA, 0xFEDA, 0xFEDA, 0xFEDA, 0xFEDA,
  0xFEDB, 0xFEDA, 0xFEEB, 0xFFFF, 0xFFFF, 0xFFFF, 0xFFFF, 0xFFFF,
  0xFFFF, 0xFFFF, 0xFFFF, 0xFFFF, 0xFFFF, 0xFFFF, 0xFFFF, 0xFFFF,
  0xFFFF, 0xFFFF, 0xFEEB, 0xFEDA, 0xFEDB, 0xFEDA, 0xFEDA, 0xFEDA,
  0xFEDA, 0xFEDA, 0xFEDA, 0xFEDA, 0xFEDA, 0xFEDA, 0xFEDA, 0xFEDA,
  0xFEDA, 0xFEDB, 0xFECA, 0xFC97, 0xFC97, 0xFC97, 0xFC97, 0xFC97,
  0xFC86, 0xFC97, 0xFDC9, 0xF654, 0xF543, 0xF544, 0xF544, 0xC543,
  0x0444, 0x0000, 0x0000, 0x0000, 0x0000, 0x0000, 0x0000, 0x0000,
  0x0000, 0x0000, 0x0000, 0x0000, 0x0000, 0x0000, 0x0000, 0x0000,
  0x0000, 0x0000, 0x0000, 0x0000, 0x0000, 0x0000, 0x0000, 0x0000,
  0x0000, 0x0000, 0x0000, 0x0000, 0x0000, 0x0000, 0x0000, 0x0000,
  0x0000, 0x0000, 0x0000, 0x0000, 0x0000, 0x0000, 0x0000, 0x0000,
  0x0000, 0x0000, 0x0000, 0x0000, 0x0000, 0x0000, 0x0000, 0x0000,
  0x0000, 0x0000, 0x0000, 0x0000, 0x0000, 0x0000, 0x0000, 0x0000,
  0x0000, 0x0000, 0x0000, 0x0000, 0x0000, 0x0000, 0x0000, 0x0000,
  0x0000, 0x0000, 0x0000, 0x0000, 0x0000, 0x0000, 0x0000, 0x0000,
  0x0000, 0x0000, 0x0000, 0x0000, 0x0000, 0x0000, 0x0000, 0x0000,
  0x0000, 0x0000, 0x0000, 0x0000, 0x0000, 0x0000, 0x0000, 0x0000,
  0x0000, 0x0000, 0x0000, 0x0000, 0x0000, 0x0000, 0x0000, 0x0000,
  0x0000, 0x0000, 0x0000, 0x0000, 0x0000, 0x0000, 0x0000, 0x0000,
  0x0000, 0x0000, 0x0000, 0x0000, 0x0000, 0x0000, 0x0000, 0x0000,
  0x0000, 0x0000, 0x0000, 0x0000, 0x0000, 0x0000, 0x0000, 0x0000,
  0x0000, 0x0000, 0x0000, 0x0000, 0x0000, 0x0000, 0x0000, 0x0777,
  0x0000, 0x3544, 0xF544, 0xF544, 0xF544, 0xF543, 0xFB97, 0xFECA,
  0xFEC9, 0xFECA, 0xFECA, 0xFEDA, 0xFEDA, 0xFEDA, 0xFEDA, 0xFEDA,
  0xFEDA, 0xFEDB, 0xFEDB, 0xFEEB, 0xFEEB, 0xFEDB, 0xFEDB, 0xFFEB,
  0xFA98, 0xF433, 0xF544, 0xF544, 0xF544, 0x3543, 0x0000, 0x0555,
  0x0000, 0x0000, 0x0000, 0x0000, 0x0000, 0x0000, 0x0000, 0x0000,
  0x0000, 0x0000, 0x0000, 0x0000, 0x0000, 0x0000, 0x0000, 0x0000,
  0x0000, 0x0000, 0x0000, 0x0000, 0x0000, 0x0700, 0x0000, 0x3543,
  0xE543, 0xF544, 0xF544, 0xF433, 0xF987, 0xFFEB, 0xFEDA, 0xFEDA,
  0xFEDA, 0xFEDB, 0xFEEB, 0xFEDA, 0xFECA, 0xFEC9, 0xFEDA, 0xFEDB,
  0xFEDA, 0xFEDA, 0xFEDA, 0xFEDA, 0xFEDA, 0xFEDA, 0xFEDA, 0xFEDA,
  0xFEDA, 0xFEDA, 0xFEDB, 0xFFFE, 0xFFFF, 0xFFFF, 0xFFFF, 0xFFFF,
  0xFFFF, 0xFFFF, 0xFFFF, 0xFFFF, 0xFFFF, 0xFFFF, 0xFFFF, 0xFFFF,
  0xFFFF, 0xFFFE, 0xFEDB, 0xFEDA, 0xFEDA, 0xFEDA, 0xFEDA, 0xFEDA,
  0xFEDA, 0xFEDA, 0xFEDA, 0xFEDA, 0xFEDA, 0xFEDA, 0xFEDA, 0xFEDA,
  0xFEDA, 0xFEDB, 0xFECA, 0xFC97, 0xFC97, 0xFC97, 0xFC97, 0xFC86,
  0xFC97, 0xFECA, 0xFFEB, 0xF987, 0xF433, 0xF544, 0xF544, 0xF544,
  0x4544, 0x0000, 0x0555, 0x0000, 0x0000, 0x0000, 0x0000, 0x0000,
  0x0000, 0x0000, 0x0000, 0x0000, 0x0000, 0x0000, 0x0000, 0x0000,
  0x0000, 0x0000, 0x0000, 0x0000, 0x0000, 0x0000, 0x0000, 0x0000,
  0x0000, 0x0000, 0x0000, 0x0000, 0x0000, 0x0000, 0x0000, 0x0000,
  0x0000, 0x0000, 0x0000, 0x0000, 0x0000, 0x0000, 0x0000, 0x0000,
  0x0000, 0x0000, 0x0000, 0x0000, 0x0000, 0x0000, 0x0000, 0x0000,
  0x0000, 0x0000, 0x0000, 0x0000, 0x0000, 0x0000, 0x0000, 0x0000,
  0x0000, 0x0000, 0x0000, 0x0000, 0x0000, 0x0000, 0x0000, 0x0000,
  0x0000, 0x0000, 0x0000, 0x0000, 0x0000, 0x0000, 0x0000, 0x0000,
  0x0000, 0x0000, 0x0000, 0x0000, 0x0000, 0x0000, 0x0000, 0x0000,
  0x0000, 0x0000, 0x0000, 0x0000, 0x0000, 0x0000, 0x0000, 0x0000,
  0x0000, 0x0000, 0x0000, 0x0000, 0x0000, 0x0000, 0x0000, 0x0000,
  0x0000, 0x0000, 0x0000, 0x0000, 0x0000, 0x0000, 0x0000, 0x0000,
  0x0000, 0x0000, 0x0000, 0x0000, 0x0000, 0x0000, 0x0000, 0x0000,
  0x0000, 0x0000, 0x0000, 0x0000, 0x0000, 0x0000, 0x0000, 0x0000,
  0x0000, 0x0000, 0x0000, 0x0000, 0x0000, 0x0000, 0x0000, 0x0555,
  0x0000, 0x4543, 0xF544, 0xF544, 0xF544, 0xF543, 0xFBB8, 0xFFEB,
  0xFEDB, 0xFEDB, 0xFEDB, 0xFEDB, 0xFEDB, 0xFEDB, 0xFEDB, 0xFEDA,
  0xFEDA, 0xFEDA, 0xFEDA, 0xFEDA, 0xFEDA, 0xFEDA, 0xFEDA, 0xFEDB,
  0xF876, 0xF543, 0xF544, 0xF544, 0xD544, 0x0633, 0x0000, 0x0000,
  0x0000, 0x0000, 0x0000, 0x0000, 0x0000, 0x0000, 0x0000, 0x0000,
  0x0000, 0x0000, 0x0000, 0x0000, 0x0000, 0x0000, 0x0000, 0x0000,
  0x0000, 0x0000, 0x0000, 0x0000, 0x0000, 0x0444, 0x0000, 0x6543,
  0xF544, 0xF544, 0xF544, 0xF544, 0xFCB9, 0xFFEB, 0xFEDA, 0xFEDA,
  0xFEDA, 0xFEDA, 0xFEDA, 0xFEDB, 0xFEDB, 0xFEDB, 0xFEDB, 0xFEDA,
  0xFEDA, 0xFEDA, 0xFEDA, 0xFEDA, 0xFEDA, 0xFEDA, 0xFEDA, 0xFEDA,
  0xFEDA, 0xFEDA, 0xFEDB, 0xFFFE, 0xFFFF, 0xFFFF, 0xFFFF, 0xFFFF,
  0xFFFF, 0xFFFF, 0xFFFF, 0xFFFF, 0xFFFF, 0xFFFF, 0xFFFF, 0xFFFF,
  0xFFFF, 0xFFED, 0xFEDA, 0xFEDA, 0xFEDA, 0xFEDA, 0xFEDA, 0xFEDA,
  0xFEDA, 0xFEDA, 0xFEDA, 0xFEDA, 0xFEDA, 0xFEDA, 0xFEDA, 0xFEDA,
  0xFEDA, 0xFEDA, 0xFEDB, 0xFDB8, 0xFC97, 0xFC96, 0xFC97, 0xFDA8,
  0xFEDA, 0xFEDB, 0xFFEB, 0xFCB9, 0xF544, 0xF544, 0xF544, 0xF544,
  0x9544, 0x0000, 0x0777, 0x0000, 0x0000, 0x0000, 0x0000, 0x0000,
  0x0000, 0x0000, 0x0000, 0x0000, 0x0000, 0x0000, 0x0000, 0x0000,
  0x0000, 0x0000, 0x0000, 0x0000, 0x0000, 0x0000, 0x0000, 0x0000,
  0x0000, 0x0000, 0x0000, 0x0000, 0x0000, 0x0000, 0x0000, 0x0000,
  0x0000, 0x0000, 0x0000, 0x0000, 0x0000, 0x0000, 0x0000, 0x0000,
  0x0000, 0x0000, 0x0000, 0x0000, 0x0000, 0x0000, 0x0000, 0x0000,
  0x0000, 0x0000, 0x0000, 0x0000, 0x0000, 0x0000, 0x0000, 0x0000,
  0x0000, 0x0000, 0x0000, 0x0000, 0x0000, 0x0000, 0x0000, 0x0000,
  0x0000, 0x0000, 0x0000, 0x0000, 0x0000, 0x0000, 0x0000, 0x0000,
  0x0000, 0x0000, 0x0000, 0x0000, 0x0000, 0x0000, 0x0000, 0x0000,
  0x0000, 0x0000, 0x0000, 0x0000, 0x0000, 0x0000, 0x0000, 0x0000,
  0x0000, 0x0000, 0x0000, 0x0000, 0x0000, 0x0000, 0x0000, 0x0000,
  0x0000, 0x0000, 0x0000, 0x0000, 0x0000, 0x0000, 0x0000, 0x0000,
  0x0000, 0x0000, 0x0000, 0x0000, 0x0000, 0x0000, 0x0000, 0x0000,
  0x0000, 0x0000, 0x0000, 0x0000, 0x0000, 0x0000, 0x0000, 0x0000,
  0x0000, 0x0000, 0x0000, 0x0000, 0x0000, 0x0000, 0x0000, 0x0555,
  0x0000, 0x4543, 0xF544, 0xF544, 0xF544, 0xF544, 0xFCB9, 0xFFEB,
  0xFEDA, 0xFEDA, 0xFEDA, 0xFEDA, 0xFEDA, 0xFEDA, 0xFEDA, 0xFEDA,
  0xFEDA, 0xFEDA, 0xFEDA, 0xFEDA, 0xFEDA, 0xFEDA, 0xFEDB, 0xFEDA,
  0xF654, 0xF543, 0xF544, 0xF544, 0x9543, 0x0000, 0x0000, 0x0000,
  0x0000, 0x0000, 0x0000, 0x0000, 0x0000, 0x0000, 0x0000, 0x0000,
  0x0000, 0x0000, 0x0000, 0x0000, 0x0000, 0x0000, 0x0000, 0x0000,
  0x0000, 0x0000, 0x0000, 0x0000, 0x0000, 0x0000, 0x0000, 0xA544,
  0xF544, 0xF544, 0xF543, 0xF654, 0xFDC9, 0xFEEB, 0xFEDA, 0xFEDA,
  0xFEDA, 0xFEDA, 0xFEDA, 0xFEDA, 0xFEDA, 0xFEDA, 0xFEDA, 0xFEDA,
  0xFEDA, 0xFEDA, 0xFEDA, 0xFEDA, 0xFEDA, 0xFEDA, 0xFEDA, 0xFEDA,
  0xFEDA, 0xFEDA, 0xFEDA, 0xFFFE, 0xFFFF, 0xFFFF, 0xFFFF, 0xFFFF,
  0xFFFF, 0xFFFF, 0xFFFF, 0xFFFF, 0xFFFF, 0xFFFF, 0xFFFF, 0xFFFF,
  0xFFFF, 0xFFEC, 0xFEDA, 0xFEDB, 0xFEDA, 0xFEDA, 0xFEDA, 0xFEDA,
  0xFEDA, 0xFEDA, 0xFEDA, 0xFEDA, 0xFEDA, 0xFEDA, 0xFEDA, 0xFEDA,
  0xFEDA, 0xFEDA, 0xFEDB, 0xFEDA, 0xFEC9, 0xFDC9, 0xFECA, 0xFEDB,
  0xFEDB, 0xFEDA, 0xFEDA, 0xFEDA, 0xF765, 0xF543, 0xF544, 0xF544,
  0xE544, 0x1543, 0x0000, 0x0000, 0x0000, 0x0000, 0x0000, 0x0000,
  0x0000, 0x0000, 0x0000, 0x0000, 0x0000, 0x0000, 0x0000, 0x0000,
  0x0000, 0x0000, 0x0000, 0x0000, 0x0000, 0x0000, 0x0000, 0x0000,
  0x0000, 0x0000, 0x0000, 0x0000, 0x0000, 0x0000, 0x0000, 0x0000,
  0x0000, 0x0000, 0x0000, 0x0000, 0x0000, 0x0000, 0x0000, 0x0000,
  0x0000, 0x0000, 0x0000, 0x0000, 0x0000, 0x0000, 0x0000, 0x0000,
  0x0000, 0x0000, 0x0000, 0x0000, 0x0000, 0x0000, 0x0000, 0x0000,
  0x0000, 0x0000, 0x0000, 0x0000, 0x0000, 0x0000, 0x0000, 0x0000,
  0x0000, 0x0000, 0x0000, 0x0000, 0x0000, 0x0000, 0x0000, 0x0000,
  0x0000, 0x0000, 0x0000, 0x0000, 0x0000, 0x0000, 0x0000, 0x0000,
  0x0000, 0x0000, 0x0000, 0x0000, 0x0000, 0x0000, 0x0000, 0x0000,
  0x0000, 0x0000, 0x0000, 0x0000, 0x0000, 0x0000, 0x0000, 0x0000,
  0x0000, 0x0000, 0x0000, 0x0000, 0x0000, 0x0000, 0x0000, 0x0000,
  0x0000, 0x0000, 0x0000, 0x0000, 0x0000, 0x0000, 0x0000, 0x0000,
  0x0000, 0x0000, 0x0000, 0x0000, 0x0000, 0x0000, 0x0000, 0x0000,
  0x0000, 0x0000, 0x0000, 0x0000, 0x0000, 0x0000, 0x0000, 0x0555,
  0x0000, 0x4543, 0xF544, 0xF544, 0xF544, 0xF544, 0xFCB9, 0xFFEB,
  0xFEDA, 0xFEDA, 0xFEDA, 0xFEDA, 0xFEDA, 0xFEDA, 0xFEDA, 0xFEDA,
  0xFEDA, 0xFEDA, 0xFEDA, 0xFEDA, 0xFEDA, 0xFEDA, 0xFFEB, 0xFCB9,
  0xF544, 0xF544, 0xF544, 0xF544, 0x6544, 0x0000, 0x0444, 0x0000,
  0x0000, 0x0000, 0x0000, 0x0000, 0x0000, 0x0000, 0x0000, 0x0000,
  0x0000, 0x0000, 0x0000, 0x0000, 0x0000, 0x0000, 0x0000, 0x0000,
  0x0000, 0x0000, 0x0000, 0x0000, 0x0000, 0x0000, 0x1543, 0xE543,
  0xF544, 0xF544, 0xF543, 0xF765, 0xFC97, 0xFDC9, 0xFEDB, 0xFEDA,
  0xFEDA, 0xFEDA, 0xFEDA, 0xFEDA, 0xFEDA, 0xFEDA, 0xFEDA, 0xFEDA,
  0xFEDA, 0xFEDA, 0xFEDA, 0xFEDA, 0xFEDA, 0xFEDA, 0xFEDA, 0xFEDA,
  0xFEDA, 0xFEDA, 0xFEDA, 0xFFEE, 0xFFFF, 0xFFFF, 0xFFFF, 0xFFFF,
  0xFFFF, 0xFFFF, 0xFFFF, 0xFFFF, 0xFFFF, 0xFFFF, 0xFFFF, 0xFFFF,
  0xFFFF, 0xFEEC, 0xFEDA, 0xFEDB, 0xFEDA, 0xFEDA, 0xFEDA, 0xFEDA,
  0xFEDA, 0xFEDA, 0xFEDA, 0xFEDA, 0xFEDA, 0xFEDA, 0xFEDA, 0xFEDA,
  0xFEDA, 0xFEDA, 0xFEDA, 0xFEDA, 0xFEDB, 0xFEDB, 0xFEDB, 0xFEDA,
  0xFEDA, 0xFEDA, 0xFEDA, 0xFFEB, 0xFA98, 0xF543, 0xF544, 0xF544,
  0xF544, 0x5543, 0x0000, 0x0444, 0x0000, 0x0000, 0x0000, 0x0000,
  0x0000, 0x0000, 0x0000, 0x0000, 0x0000, 0x0000, 0x0000, 0x0000,
  0x0000, 0x0000, 0x0000, 0x0000, 0x0000, 0x0000, 0x0000, 0x0000,
  0x0000, 0x0000, 0x0000, 0x0000, 0x0000, 0x0000, 0x0000, 0x0000,
  0x0000, 0x0000, 0x0000, 0x0000, 0x0000, 0x0000, 0x0000, 0x0000,
  0x0000, 0x0000, 0x0000, 0x0000, 0x0000, 0x0000, 0x0000, 0x0000,
  0x0000, 0x0000, 0x0000, 0x0000, 0x0000, 0x0000, 0x0000, 0x0000,
  0x0000, 0x0000, 0x0000, 0x0000, 0x0000, 0x0000, 0x0000, 0x0000,
  0x0000, 0x0000, 0x0000, 0x0000, 0x0000, 0x0000, 0x0000, 0x0000,
  0x0000, 0x0000, 0x0000, 0x0000, 0x0000, 0x0000, 0x0000, 0x0000,
  0x0000, 0x0000, 0x0000, 0x0000, 0x0000, 0x0000, 0x0000, 0x0000,
  0x0000, 0x0000, 0x0000, 0x0000, 0x0000, 0x0000, 0x0000, 0x0000,
  0x0000, 0x0000, 0x0000, 0x0000, 0x0000, 0x0000, 0x0000, 0x0000,
  0x0000, 0x0000, 0x0000, 0x0000, 0x0000, 0x0000, 0x0000, 0x0000,
  0x0000, 0x0000, 0x0000, 0x0000, 0x0000, 0x0000, 0x0000, 0x0000,
  0x0000, 0x0000, 0x0000, 0x0000, 0x0000, 0x0000, 0x0000, 0x0555,
  0x0000, 0x4543, 0xF544, 0xF544, 0xF544, 0xF543, 0xFBA8, 0xFFEB,
  0xFEDA, 0xFEDA, 0xFEDA, 0xFEDA, 0xFEDA, 0xFEDA, 0xFEDA, 0xFEDA,
  0xFEDA, 0xFEDA, 0xFEDA, 0xFEDA, 0xFEDA, 0xFEDA, 0xFFEB, 0xFBA8,
  0xF543, 0xF544, 0xF544, 0xF544, 0x3544, 0x0000, 0x0700, 0x0000,
  0x0000, 0x0000, 0x0000, 0x0000, 0x0000, 0x0000, 0x0000, 0x0000,
  0x0000, 0x0000, 0x0000, 0x0000, 0x0000, 0x0000, 0x0000, 0x0000,
  0x0000, 0x0000, 0x0000, 0x0000, 0x0555, 0x0000, 0x5543, 0xF544,
  0xF544, 0xF544, 0xF543, 0xF975, 0xFC97, 0xFC96, 0xFDB9, 0xFEDB,
  0xFEDA, 0xFEDA, 0xFEDA, 0xFEDA, 0xFEDA, 0xFEDA, 0xFEDA, 0xFEDA,
  0xFEDA, 0xFEDA, 0xFEDA, 0xFEDA, 0xFEDA, 0xFEDA, 0xFEDA, 0xFEDA,
  0xFEDA, 0xFEDB, 0xFEDA, 0xFFED, 0xFFFF, 0xFFFF, 0xFFFF, 0xFFFF,
  0xFFFF, 0xFFFF, 0xFFFF, 0xFFFF, 0xFFFF, 0xFFFF, 0xFFFF, 0xFFFF,
  0xFFFF, 0xFEDB, 0xFEDA, 0xFEDB, 0xFEDA, 0xFEDA, 0xFEDA, 0xFEDA,
  0xFEDA, 0xFEDA, 0xFEDA, 0xFEDA, 0xFEDA, 0xFEDA, 0xFEDA, 0xFEDA,
  0xFEDA, 0xFEDA, 0xFEDA, 0xFEDA, 0xFEDA, 0xFEDA, 0xFEDA, 0xFEDA,
  0xFEDA, 0xFEDA, 0xFEDB, 0xFECA, 0xFC97, 0xF544, 0xF544, 0xF544,
  0xF544, 0xA543, 0x0000, 0x0F00, 0x0000, 0x0000, 0x0000, 0x0000,
  0x0000, 0x0000, 0x0000, 0x0000, 0x0000, 0x0000, 0x0000, 0x0000,
  0x0000, 0x0000, 0x0000, 0x0000, 0x0000, 0x0000, 0x0000, 0x0000,
  0x0000, 0x0000, 0x0000, 0x0000, 0x0000, 0x0000, 0x0000, 0x0000,
  0x0000, 0x0000, 0x0000, 0x0000, 0x0000, 0x0000, 0x0000, 0x0000,
  0x0000, 0x0000, 0x0000, 0x0000, 0x0000, 0x0000, 0x0000, 0x0000,
  0x0000, 0x0000, 0x0000, 0x0000, 0x0000, 0x0000, 0x0000, 0x0000,
  0x0000, 0x0000, 0x0000, 0x0000, 0x0000, 0x0000, 0x0000, 0x0000,
  0x0000, 0x0000, 0x0000, 0x0000, 0x0000, 0x0000, 0x0000, 0x0000,
  0x0000, 0x0000, 0x0000, 0x0000, 0x0000, 0x0000, 0x0000, 0x0000,
  0x0000, 0x0000, 0x0000, 0x0000, 0x0000, 0x0000, 0x0000, 0x0000,
  0x0000, 0x0000, 0x0000, 0x0000, 0x0000, 0x0000, 0x0000, 0x0000,
  0x0000, 0x0000, 0x0000, 0x0000, 0x0000, 0x0000, 0x0000, 0x0000,
  0x0000, 0x0000, 0x0000, 0x0000, 0x0000, 0x0000, 0x0000, 0x0000,
  0x0000, 0x0000, 0x0000, 0x0000, 0x0000, 0x0000, 0x0000, 0x0000,
  0x0000, 0x0000, 0x0000, 0x0000, 0x0000, 0x0000, 0x0000, 0x0000,
  0x0000, 0x2543, 0xE544, 0xF544, 0xF544, 0xF433, 0xFA98, 0xFFEB,
  0xFEDA, 0xFEDA, 0xFEDA, 0xFEDA, 0xFEDA, 0xFEDA, 0xFEDA, 0xFEDA,
  0xFEDA, 0xFEDA, 0xFEDA, 0xFEDA, 0xFEDA, 0xFEDB, 0xFFEB, 0xF987,
  0xF433, 0xF544, 0xF544, 0xD543, 0x1433, 0x0000, 0x0000, 0x0000,
  0x0000, 0x0000, 0x0000, 0x0000, 0x0000, 0x0000, 0x0000, 0x0000,
  0x0000, 0x0000, 0x0000, 0x0000, 0x0000, 0x0000, 0x0000, 0x0000,
  0x0000, 0x0000, 0x0000, 0x0000, 0x0555, 0x0000, 0x8543, 0xF544,
  0xF544, 0xF544, 0xF544, 0xFB86, 0xFC97, 0xFC97, 0xFC96, 0xFDC9,
  0xFEDB, 0xFEDA, 0xFEDA, 0xFEDA, 0xFEDA, 0xFEDA, 0xFEDA, 0xFEDA,
  0xFEDA, 0xFEDA, 0xFEDA, 0xFEDA, 0xFEDA, 0xFEDA, 0xFEDA, 0xFEDA,
  0xFEDA, 0xFEDB, 0xFEDA, 0xFFED, 0xFFFF, 0xFFFF, 0xFFFF, 0xFFFF,
  0xFFFF, 0xFFFF, 0xFFFF, 0xFFFF, 0xFFFF, 0xFFFF, 0xFFFF, 0xFFFF,
  0xFFFE, 0xFEDB, 0xFEDA, 0xFEDA, 0xFEDA, 0xFEDA, 0xFEDA, 0xFEDA,
  0xFEDA, 0xFEDA, 0xFEDA, 0xFEDA, 0xFEDA, 0xFEDA, 0xFEDA, 0xFEDA,
  0xFEDA, 0xFEDA, 0xFEDA, 0xFEDA, 0xFEDA, 0xFEDA, 0xFEDA, 0xFEDA,
  0xFEDA, 0xFEDB, 0xFEC9, 0xFC97, 0xFC96, 0xF755, 0xF543, 0xF544,
  0xF544, 0xD544, 0x1533, 0x0000, 0x0000, 0x0000, 0x0000, 0x0000,
  0x0000, 0x0000, 0x0000, 0x0000, 0x0000, 0x0000, 0x0000, 0x0000,
  0x0000, 0x0000, 0x0000, 0x0000, 0x0000, 0x0000, 0x0000, 0x0000,
  0x0000, 0x0000, 0x0000, 0x0000, 0x0000, 0x0000, 0x0000, 0x0000,
  0x0000, 0x0000, 0x0000, 0x0000, 0x0000, 0x0000, 0x0000, 0x0000,
  0x0000, 0x0000, 0x0000, 0x0000, 0x0000, 0x0000, 0x0000, 0x0000,
  0x0000, 0x0000, 0x0000, 0x0000, 0x0000, 0x0000, 0x0000, 0x0000,
  0x0000, 0x0000, 0x0000, 0x0000, 0x0000, 0x0000, 0x0000, 0x0000,
  0x0000, 0x0000, 0x0000, 0x0000, 0x0000, 0x0000, 0x0000, 0x0000,
  0x0000, 0x0000, 0x0000, 0x0000, 0x0000, 0x0000, 0x0000, 0x0000,
  0x0000, 0x0000, 0x0000, 0x0000, 0x0000, 0x0000, 0x0000, 0x0000,
  0x0000, 0x0000, 0x0000, 0x0000, 0x0000, 0x0000, 0x0000, 0x0000,
  0x0000, 0x0000, 0x0000, 0x0000, 0x0000, 0x0000, 0x0000, 0x0000,
  0x0000, 0x0000, 0x0000, 0x0000, 0x0000, 0x0000, 0x0000, 0x0000,
  0x0000, 0x0000, 0x0000, 0x0000, 0x0000, 0x0000, 0x0000, 0x0000,
  0x0000, 0x0000, 0x0000, 0x0000, 0x0000, 0x0000, 0x0000, 0x0000,
  0x0000, 0x0442, 0xD544, 0xF544, 0xF544, 0xF543, 0xF876, 0xFEEB,
  0xFEDA, 0xFEDA, 0xFEDA, 0xFEDA, 0xFEDA, 0xFEDA, 0xFEDA, 0xFEDA,
  0xFEDA, 0xFEDA, 0xFEDA, 0xFEDB, 0xFEDB, 0xFEDA, 0xFDB9, 0xF865,
  0xF543, 0xF544, 0xF544, 0xC544, 0x0077, 0x0000, 0x0000, 0x0000,
  0x0000, 0x0000, 0x0000, 0x0000, 0x0000, 0x0000, 0x0000, 0x0000,
  0x0000, 0x0000, 0x0000, 0x0000, 0x0000, 0x0000, 0x0000, 0x0000,
  0x0000, 0x0000, 0x0000, 0x0000, 0x0000, 0x0000, 0xC544, 0xF544,
  0xF544, 0xF543, 0xF754, 0xFC97, 0xFC97, 0xFC97, 0xFC86, 0xFDA8,
  0xFEDA, 0xFEDA, 0xFEDA, 0xFEDA, 0xFEDA, 0xFEDA, 0xFEDA, 0xFEDA,
  0xFEDA, 0xFEDA, 0xFEDA, 0xFEDA, 0xFEDA, 0xFEDA, 0xFEDA, 0xFEDA,
  0xFEDA, 0xFEDB, 0xFEDA, 0xFFED, 0xFFFF, 0xFFFF, 0xFFFF, 0xFFFF,
  0xFFFF, 0xFFFF, 0xFFFF, 0xFFFF, 0xFFFF, 0xFFFF, 0xFFFF, 0xFFFF,
  0xFFED, 0xFEDA, 0xFEDA, 0xFEDA, 0xFEDA, 0xFEDA, 0xFEDA, 0xFEDA,
  0xFEDA, 0xFEDA, 0xFEDA, 0xFEDA, 0xFEDA, 0xFEDA, 0xFEDA, 0xFEDA,
  0xFEDA, 0xFEDA, 0xFEDA, 0xFEDA, 0xFEDA, 0xFEDA, 0xFEDA, 0xFEDA,
  0xFEDB, 0xFEDA, 0xFC97, 0xFC86, 0xFC97, 0xF975, 0xF543, 0xF544,
  0xF544, 0xF544, 0x4543, 0x0000, 0x0555, 0x0000, 0x0000, 0x0000,
  0x0000, 0x0000, 0x0000, 0x0000, 0x0000, 0x0000, 0x0000, 0x0000,
  0x0000, 0x0000, 0x0000, 0x0000, 0x0000, 0x0000, 0x0000, 0x0000,
  0x0000, 0x0000, 0x0000, 0x0000, 0x0000, 0x0000, 0x0000, 0x0000,
  0x0000, 0x0000, 0x0000, 0x0000, 0x0000, 0x0000, 0x0000, 0x0000,
  0x0000, 0x0000, 0x0000, 0x0000, 0x0000, 0x0000, 0x0000, 0x0000,
  0x0000, 0x0000, 0x0000, 0x0000, 0x0000, 0x0000, 0x0000, 0x0000,
  0x0000, 0x0000, 0x0000, 0x0000, 0x0000, 0x0000, 0x0000, 0x0000,
  0x0000, 0x0000, 0x0000, 0x0000, 0x0000, 0x0000, 0x0000, 0x0000,
  0x0000, 0x0000, 0x0000, 0x0000, 0x0000, 0x0000, 0x0000, 0x0000,
  0x0000, 0x0000, 0x0000, 0x0000, 0x0000, 0x0000, 0x0000, 0x0000,
  0x0000, 0x0000, 0x0000, 0x0000, 0x0000, 0x0000, 0x0000, 0x0000,
  0x0000, 0x0000, 0x0000, 0x0000, 0x0000, 0x0000, 0x0000, 0x0000,
  0x0000, 0x0000, 0x0000, 0x0000, 0x0000, 0x0000, 0x0000, 0x0000,
  0x0000, 0x0000, 0x0000, 0x0000, 0x0000, 0x0000, 0x0000, 0x0000,
  0x0000, 0x0000, 0x0000, 0x0000, 0x0000, 0x0000, 0x0000, 0x0000,
  0x0000, 0x0000, 0xA544, 0xF544, 0xF544, 0xF543, 0xF654, 0xFEDA,
  0xFEDB, 0xFEDA, 0xFEDA, 0xFEDA, 0xFEDA, 0xFEDA, 0xFEDA, 0xFEDA,
  0xFEDA, 0xFEDB, 0xFEDB, 0xFEDA, 0xFDA8, 0xFC97, 0xFC86, 0xF754,
  0xF543, 0xF544, 0xF544, 0xB543, 0x0000, 0x0000, 0x0000, 0x0000,
  0x0000, 0x0000, 0x0000, 0x0000, 0x0000, 0x0000, 0x0000, 0x0000,
  0x0000, 0x0000, 0x0000, 0x0000, 0x0000, 0x0000, 0x0000, 0x0000,
  0x0000, 0x0000, 0x0000, 0x0700, 0x0000, 0x3543, 0xE544, 0xF544,
  0xF544, 0xF543, 0xF865, 0xFC97, 0xFC97, 0xFC97, 0xFC86, 0xFDA8,
  0xFEDA, 0xFEDA, 0xFEDA, 0xFEDA, 0xFEDA, 0xFEDA, 0xFEDA, 0xFEDA,
  0xFEDA, 0xFEDA, 0xFEDA, 0xFEDA, 0xFEDA, 0xFEDA, 0xFEDA, 0xFEDA,
  0xFEDA, 0xFEDB, 0xFEDA, 0xFFED, 0xFFFF, 0xFFFF, 0xFFFF, 0xFFFF,
  0xFFFF, 0xFFFF, 0xFFFF, 0xFFFF, 0xFFFF, 0xFFFF, 0xFFFF, 0xFFFF,
  0xFFED, 0xFEDA, 0xFEDB, 0xFEDA, 0xFEDA, 0xFEDA, 0xFEDA, 0xFEDA,
  0xFEDA, 0xFEDA, 0xFEDA, 0xFEDA, 0xFEDA, 0xFEDA, 0xFEDA, 0xFEDA,
  0xFEDA, 0xFEDA, 0xFEDA, 0xFEDA, 0xFEDA, 0xFEDA, 0xFEDA, 0xFEDA,
  0xFEDA, 0xFDA8, 0xFC86, 0xFC97, 0xFC97, 0xFB86, 0xF544, 0xF544,
  0xF544, 0xF544, 0x8543, 0x0000, 0x0555, 0x0000, 0x0000, 0x0000,
  0x0000, 0x0000, 0x0000, 0x0000, 0x0000, 0x0000, 0x0000, 0x0000,
  0x0000, 0x0000, 0x0000, 0x0000, 0x0000, 0x0000, 0x0000, 0x0000,
  0x0000, 0x0000, 0x0000, 0x0000, 0x0000, 0x0000, 0x0000, 0x0000,
  0x0000, 0x0000, 0x0000, 0x0000, 0x0000, 0x0000, 0x0000, 0x0000,
  0x0000, 0x0000, 0x0000, 0x0000, 0x0000, 0x0000, 0x0000, 0x0000,
  0x0000, 0x0000, 0x0000, 0x0000, 0x0000, 0x0000, 0x0000, 0x0000,
  0x0000, 0x0000, 0x0000, 0x0000, 0x0000, 0x0000, 0x0000, 0x0000,
  0x0000, 0x0000, 0x0000, 0x0000, 0x0000, 0x0000, 0x0000, 0x0000,
  0x0000, 0x0000, 0x0000, 0x0000, 0x0000, 0x0000, 0x0000, 0x0000,
  0x0000, 0x0000, 0x0000, 0x0000, 0x0000, 0x0000, 0x0000, 0x0000,
  0x0000, 0x0000, 0x0000, 0x0000, 0x0000, 0x0000, 0x0000, 0x0000,
  0x0000, 0x0000, 0x0000, 0x0000, 0x0000, 0x0000, 0x0000, 0x0000,
  0x0000, 0x0000, 0x0000, 0x0000, 0x0000, 0x0000, 0x0000, 0x0000,
  0x0000, 0x0000, 0x0000, 0x0000, 0x0000, 0x0000, 0x0000, 0x0000,
  0x0000, 0x0000, 0x0000, 0x0000, 0x0000, 0x0000, 0x0000, 0x0000,
  0x0444, 0x0000, 0x6544, 0xF544, 0xF544, 0xF544, 0xF544, 0xFCB9,
  0xFFEB, 0xFEDA, 0xFEDA, 0xFEDA, 0xFEDA, 0xFEDA, 0xFEDA, 0xFEDA,
  0xFEEB, 0xFEDA, 0xFDB8, 0xFC97, 0xFC86, 0xFC97, 0xFC97, 0xF654,
  0xF543, 0xF544, 0xF544, 0x9544, 0x0000, 0x0700, 0x0000, 0x0000,
  0x0000, 0x0000, 0x0000, 0x0000, 0x0000, 0x0000, 0x0000, 0x0000,
  0x0000, 0x0000, 0x0000, 0x0000, 0x0000, 0x0000, 0x0000, 0x0000,
  0x0000, 0x0000, 0x0000, 0x0444, 0x0000, 0x6543, 0xF544, 0xF544,
  0xF544, 0xF544, 0xFA87, 0xFC97, 0xFC86, 0xFC86, 0xFC97, 0xFEC9,
  0xFEDB, 0xFEDA, 0xFEDA, 0xFEDA, 0xFEDA, 0xFEDA, 0xFEDA, 0xFEDA,
  0xFEDA, 0xFEDA, 0xFEDA, 0xFEDA, 0xFEDA, 0xFEDA, 0xFEDA, 0xFEDA,
  0xFEDA, 0xFEDB, 0xFEDA, 0xFFED, 0xFFFF, 0xFFFF, 0xFFFF, 0xFFFF,
  0xFFFF, 0xFFFF, 0xFFFF, 0xFFFF, 0xFFFF, 0xFFFF, 0xFFFF, 0xFFFF,
  0xFEEC, 0xFEDA, 0xFEDB, 0xFEDA, 0xFEDA, 0xFEDA, 0xFEDA, 0xFEDA,
  0xFEDA, 0xFEDA, 0xFEDA, 0xFEDA, 0xFEDA, 0xFEDA, 0xFEDA, 0xFEDA,
  0xFEDA, 0xFEDA, 0xFEDA, 0xFEDA, 0xFEDA, 0xFEDA, 0xFEDA, 0xFEDB,
  0xFDB9, 0xFC86, 0xFC97, 0xFC97, 0xFC97, 0xFC97, 0xF654, 0xF543,
  0xF544, 0xF544, 0xC543, 0x0444, 0x0000, 0x0000, 0x0000, 0x0000,
  0x0000, 0x0000, 0x0000, 0x0000, 0x0000, 0x0000, 0x0000, 0x0000,
  0x0000, 0x0000, 0x0000, 0x0000, 0x0000, 0x0000, 0x0000, 0x0000,
  0x0000, 0x0000, 0x0000, 0x0000, 0x0000, 0x0000, 0x0000, 0x0000,
  0x0000, 0x0000, 0x0000, 0x0000, 0x0000, 0x0000, 0x0000, 0x0000,
  0x0000, 0x0000, 0x0000, 0x0000, 0x0000, 0x0000, 0x0000, 0x0000,
  0x0000, 0x0000, 0x0000, 0x0000, 0x0000, 0x0000, 0x0000, 0x0000,
  0x0000, 0x0000, 0x0000, 0x0000, 0x0000, 0x0000, 0x0000, 0x0000,
  0x0000, 0x0000, 0x0000, 0x0000, 0x0000, 0x0000, 0x0000, 0x0000,
  0x0000, 0x0000, 0x0000, 0x0000, 0x0000, 0x0000, 0x0000, 0x0000,
  0x0000, 0x0000, 0x0000, 0x0000, 0x0000, 0x0000, 0x0000, 0x0000,
  0x0000, 0x0000, 0x0000, 0x0000, 0x0000, 0x0000, 0x0000, 0x0000,
  0x0000, 0x0000, 0x0000, 0x0000, 0x0000, 0x0000, 0x0000, 0x0000,
  0x0000, 0x0000, 0x0000, 0x0000, 0x0000, 0x0000, 0x0000, 0x0000,
  0x0000, 0x0000, 0x0000, 0x0000, 0x0000, 0x0000, 0x0000, 0x0000,
  0x0000, 0x0000, 0x0000, 0x0000, 0x0000, 0x0000, 0x0000, 0x0000,
  0x0500, 0x0000, 0x3543, 0xF543, 0xF544, 0xF544, 0xF433, 0xFA97,
  0xFFEB, 0xFEDA, 0xFEDA, 0xFEDA, 0xFEDA, 0xFEDB, 0xFEEB, 0xFEDA,
  0xFDB9, 0xFC97, 0xFC86, 0xFC97, 0xFC97, 0xFC97, 0xFC97, 0xF654,
  0xF543, 0xF544, 0xF544, 0x9543, 0x0000, 0x0777, 0x0000, 0x0000,
  0x0000, 0x0000, 0x0000, 0x0000, 0x0000, 0x0000, 0x0000, 0x0000,
  0x0000, 0x0000, 0x0000, 0x0000, 0x0000, 0x0000, 0x0000, 0x0000,
  0x0000, 0x0000, 0x0000, 0x0777, 0x0000, 0x9543, 0xF544, 0xF544,
  0xF543, 0xF654, 0xFECA, 0xFECA, 0xFDB9, 0xFDB9, 0xFEDA, 0xFEDB,
  0xFEDA, 0xFEDA, 0xFEDA, 0xFEDA, 0xFEDA, 0xFEDA, 0xFEDA, 0xFEDA,
  0xFEDA, 0xFEDA, 0xFEDA, 0xFEDA, 0xFEDA, 0xFEDA, 0xFEDA, 0xFEDA,
  0xFEDA, 0xFEDB, 0xFEDA, 0xFEEC, 0xFFFF, 0xFFFF, 0xFFFF, 0xFFFF,
  0xFFFF, 0xFFFF, 0xFFFF, 0xFFFF, 0xFFFF, 0xFFFF, 0xFFFF, 0xFFFF,
  0xFEEC, 0xFEDA, 0xFEDB, 0xFEDA, 0xFEDA, 0xFEDA, 0xFEDA, 0xFEDA,
  0xFEDA, 0xFEDA, 0xFEDA, 0xFEDA, 0xFEDA, 0xFEDA, 0xFEDA, 0xFEDA,
  0xFEDA, 0xFEDA, 0xFEDA, 0xFEDA, 0xFEDA, 0xFEDA, 0xFEDA, 0xFEDA,
  0xFCA7, 0xFC86, 0xFC97, 0xFC97, 0xFC97, 0xFC97, 0xF865, 0xF543,
  0xF544, 0xF544, 0xF544, 0x3543, 0x0000, 0x0555, 0x0000, 0x0000,
  0x0000, 0x0000, 0x0000, 0x0000, 0x0000, 0x0000, 0x0000, 0x0000,
  0x0000, 0x0000, 0x0000, 0x0000, 0x0000, 0x0000, 0x0000, 0x0000,
  0x0000, 0x0000, 0x0000, 0x0000, 0x0000, 0x0000, 0x0000, 0x0000,
  0x0000, 0x0000, 0x0000, 0x0000, 0x0000, 0x0000, 0x0000, 0x0000,
  0x0000, 0x0000, 0x0000, 0x0000, 0x0000, 0x0000, 0x0000, 0x0000,
  0x0000, 0x0000, 0x0000, 0x0000, 0x0000, 0x0000, 0x0000, 0x0000,
  0x0000, 0x0000, 0x0000, 0x0000, 0x0000, 0x0000, 0x0000, 0x0000,
  0x0000, 0x0000, 0x0000, 0x0000, 0x0000, 0x0000, 0x0000, 0x0000,
  0x0000, 0x0000, 0x0000, 0x0000, 0x0000, 0x0000, 0x0000, 0x0000,
  0x0000, 0x0000, 0x0000, 0x0000, 0x0000, 0x0000, 0x0000, 0x0000,
  0x0000, 0x0000, 0x0000, 0x0000, 0x0000, 0x0000, 0x0000, 0x0000,
  0x0000, 0x0000, 0x0000, 0x0000, 0x0000, 0x0000, 0x0000, 0x0000,
  0x0000, 0x0000, 0x0000, 0x0000, 0x0000, 0x0000, 0x0000, 0x0000,
  0x0000, 0x0000, 0x0000, 0x0000, 0x0000, 0x0000, 0x0000, 0x0000,
  0x0000, 0x0000, 0x0000, 0x0000, 0x0000, 0x0000, 0x0000, 0x0000,
  0x0000, 0x0000, 0x0444, 0xC544, 0xF544, 0xF544, 0xF543, 0xF876,
  0xFEDB, 0xFEDA, 0xFEDB, 0xFEEB, 0xFEDA, 0xFECA, 0xFDB9, 0xFC97,
  0xFC86, 0xFC96, 0xFC97, 0xFC97, 0xFC97, 0xFC97, 0xFC97, 0xF654,
  0xF543, 0xF544, 0xF544, 0x9544, 0x0000, 0x0770, 0x0000, 0x0000,
  0x0000, 0x0000, 0x0000, 0x0000, 0x0000, 0x0000, 0x0000, 0x0000,
  0x0000, 0x0000, 0x0000, 0x0000, 0x0000, 0x0000, 0x0000, 0x0000,
  0x0000, 0x0000, 0x0000, 0x0000, 0x0000, 0xC544, 0xF544, 0xF544,
  0xF543, 0xF876, 0xFEDB, 0xFEDB, 0xFEDB, 0xFEDB, 0xFEDB, 0xFEDA,
  0xFEDA, 0xFEDA, 0xFEDA, 0xFEDA, 0xFEDA, 0xFEDA, 0xFEDA, 0xFEDA,
  0xFEDA, 0xFEDA, 0xFEDA, 0xFEDA, 0xFEDA, 0xFEDA, 0xFEDA, 0xFEDA,
  0xFEDA, 0xFEDB, 0xFEDB, 0xFFED, 0xFFFF, 0xFFFF, 0xFFFF, 0xFFFF,
  0xFFFF, 0xFFFF, 0xFFFF, 0xFFFF, 0xFFFF, 0xFFFF, 0xFFFF, 0xFFFF,
  0xFEDB, 0xFEDA, 0xFEDB, 0xFEDA, 0xFEDA, 0xFEDA, 0xFEDA, 0xFEDA,
  0xFEDA, 0xFEDA, 0xFEDA, 0xFEDA, 0xFEDA, 0xFEDA, 0xFEDA, 0xFEDA,
  0xFEDA, 0xFEDA, 0xFEDA, 0xFEDA, 0xFEDA, 0xFEDA, 0xFEDB, 0xFEDA,
  0xFC97, 0xFC96, 0xFC97, 0xFC97, 0xFC86, 0xFC97, 0xFBA8, 0xF544,
  0xF544, 0xF544, 0xF544, 0x8543, 0x0000, 0x0555, 0x0000, 0x0000,
  0x0000, 0x0000, 0x0000, 0x0000, 0x0000, 0x0000, 0x0000, 0x0000,
  0x0000, 0x0000, 0x0000, 0x0000, 0x0000, 0x0000, 0x0000, 0x0000,
  0x0000, 0x0000, 0x0000, 0x0000, 0x0000, 0x0000, 0x0000, 0x0000,
  0x0000, 0x0000, 0x0000, 0x0000, 0x0000, 0x0000, 0x0000, 0x0000,
  0x0000, 0x0000, 0x0000, 0x0000, 0x0000, 0x0000, 0x0000, 0x0000,
  0x0000, 0x0000, 0x0000, 0x0000, 0x0000, 0x0000, 0x0000, 0x0000,
  0x0000, 0x0000, 0x0000, 0x0000, 0x0000, 0x0000, 0x0000, 0x0000,
  0x0000, 0x0000, 0x0000, 0x0000, 0x0000, 0x0000, 0x0000, 0x0000,
  0x0000, 0x0000, 0x0000, 0x0000, 0x0000, 0x0000, 0x0000, 0x0000,
  0x0000, 0x0000, 0x0000, 0x0000, 0x0000, 0x0000, 0x0000, 0x0000,
  0x0000, 0x0000, 0x0000, 0x0000, 0x0000, 0x0000, 0x0000, 0x0000,
  0x0000, 0x0000, 0x0000, 0x0000, 0x0000, 0x0000, 0x0000, 0x0000,
  0x0000, 0x0000, 0x0000, 0x0000, 0x0000, 0x0000, 0x0000, 0x0000,
  0x0000, 0x0000, 0x0000, 0x0000, 0x0000, 0x0000, 0x0000, 0x0000,
  0x0000, 0x0000, 0x0000, 0x0000, 0x0000, 0x0000, 0x0000, 0x0000,
  0x0000, 0x0000, 0x0000, 0x9543, 0xF544, 0xF544, 0xF543, 0xF654,
  0xFEDA, 0xFEEB, 0xFEDA, 0xFDB9, 0xFCA7, 0xFC97, 0xFC86, 0xFC96,
  0xFC97, 0xFC97, 0xFC97, 0xFC97, 0xFC97, 0xFC97, 0xFC97, 0xF754,
  0xF543, 0xF544, 0xF544, 0xA543, 0x0000, 0x0000, 0x0000, 0x0000,
  0x0000, 0x0000, 0x0000, 0x0000, 0x0000, 0x0000, 0x0000, 0x0000,
  0x0000, 0x0000, 0x0000, 0x0000, 0x0000, 0x0000, 0x0000, 0x0000,
  0x0000, 0x0000, 0x0700, 0x0000, 0x2543, 0xE544, 0xF544, 0xF544,
  0xF433, 0xFA97, 0xFFEB, 0xFEDA, 0xFEDA, 0xFEDA, 0xFEDA, 0xFEDA,
  0xFEDA, 0xFEDA, 0xFEDA, 0xFEDA, 0xFEDA, 0xFEDA, 0xFEDA, 0xFEDA,
  0xFEDA, 0xFEDA, 0xFEDA, 0xFEDA, 0xFEDA, 0xFEDA, 0xFEDA, 0xFEDA,
  0xFEDB, 0xFEDA, 0xFBA8, 0xFA98, 0xFEEE, 0xFFFF, 0xFFFF, 0xFFFF,
  0xFFFF, 0xFFFF, 0xFFFF, 0xFFFF, 0xFFFF, 0xFFFF, 0xFFFF, 0xFFFF,
  0xFEDB, 0xFEDB, 0xFEDA, 0xFEDA, 0xFEDA, 0xFEDA, 0xFEDA, 0xFEDA,
  0xFEDA, 0xFEDA, 0xFEDA, 0xFEDA, 0xFEDA, 0xFEDA, 0xFEDA, 0xFEDA,
  0xFEDA, 0xFEDA, 0xFEDA, 0xFEDA, 0xFEDA, 0xFEDA, 0xFEDA, 0xFEDB,
  0xFDB9, 0xFC96, 0xFC86, 0xFC96, 0xFCA7, 0xFECA, 0xFEDB, 0xF765,
  0xF543, 0xF544, 0xF544, 0xC543, 0x0000, 0x0000, 0x0000, 0x0000,
  0x0000, 0x0000, 0x0000, 0x0000, 0x0000, 0x0000, 0x0000, 0x0000,
  0x0000, 0x0000, 0x0000, 0x0000, 0x0000, 0x0000, 0x0000, 0x0000,
  0x0000, 0x0000, 0x0000, 0x0000, 0x0000, 0x0000, 0x0000, 0x0000,
  0x0000, 0x0000, 0x0000, 0x0000, 0x0000, 0x0000, 0x0000, 0x0000,
  0x0000, 0x0000, 0x0000, 0x0000, 0x0000, 0x0000, 0x0000, 0x0000,
  0x0000, 0x0000, 0x0000, 0x0000, 0x0000, 0x0000, 0x0000, 0x0000,
  0x0000, 0x0000, 0x0000, 0x0000, 0x0000, 0x0000, 0x0000, 0x0000,
  0x0000, 0x0000, 0x0000, 0x0000, 0x0000, 0x0000, 0x0000, 0x0000,
  0x0000, 0x0000, 0x0000, 0x0000, 0x0000, 0x0000, 0x0000, 0x0000,
  0x0000, 0x0000, 0x0000, 0x0000, 0x0000, 0x0000, 0x0000, 0x0000,
  0x0000, 0x0000, 0x0000, 0x0000, 0x0000, 0x0000, 0x0000, 0x0000,
  0x0000, 0x0000, 0x0000, 0x0000, 0x0000, 0x0000, 0x0000, 0x0000,
  0x0000, 0x0000, 0x0000, 0x0000, 0x0000, 0x0000, 0x0000, 0x0000,
  0x0000, 0x0000, 0x0000, 0x0000, 0x0000, 0x0000, 0x0000, 0x0000,
  0x0000, 0x0000, 0x0000, 0x0000, 0x0000, 0x0000, 0x0000, 0x0000,
  0x0000, 0x0444, 0x0000, 0x6544, 0xF544, 0xF544, 0xF544, 0xF544,
  0xFBA8, 0xFDB8, 0xFC97, 0xFC86, 0xFC86, 0xFC97, 0xFC97, 0xFC97,
  0xFC97, 0xFC97, 0xFC97, 0xFC97, 0xFC97, 0xFC97, 0xFC97, 0xF765,
  0xF543, 0xF544, 0xF544, 0xC544, 0x0000, 0x0000, 0x0000, 0x0000,
  0x0000, 0x0000, 0x0000, 0x0000, 0x0000, 0x0000, 0x0000, 0x0000,
  0x0000, 0x0000, 0x0000, 0x0000, 0x0000, 0x0000, 0x0000, 0x0000,
  0x0000, 0x0000, 0x0555, 0x0000, 0x5543, 0xF544, 0xF544, 0xF544,
  0xF543, 0xFBA8, 0xFFEB, 0xFEDA, 0xFEDA, 0xFEDA, 0xFEDA, 0xFEDA,
  0xFEDA, 0xFEDA, 0xFEDA, 0xFEDA, 0xFEDA, 0xFEDA, 0xFEDA, 0xFEDA,
  0xFEDA, 0xFEDA, 0xFEDA, 0xFEDA, 0xFEDA, 0xFEDA, 0xFEDA, 0xFEDA,
  0xFFEB, 0xFA98, 0xF543, 0xF433, 0xF877, 0xFFFF, 0xFFFF, 0xFFFF,
  0xFFFF, 0xFFFF, 0xFFFF, 0xFFFF, 0xFFFF, 0xFFFF, 0xFEEE, 0xF998,
  0xF876, 0xFCB9, 0xFEEB, 0xFEDA, 0xFEDA, 0xFEDA, 0xFEDA, 0xFEDA,
  0xFEDA, 0xFEDA, 0xFEDA, 0xFEDA, 0xFEDA, 0xFEDA, 0xFEDA, 0xFEDA,
  0xFEDA, 0xFEDA, 0xFEDA, 0xFEDA, 0xFEDA, 0xFEDA, 0xFEDA, 0xFEDA,
  0xFEDA, 0xFDC9, 0xFDB8, 0xFDC9, 0xFEDA, 0xFEDB, 0xFFEB, 0xF987,
  0xF433, 0xF544, 0xF544, 0xE544, 0x3543, 0x0000, 0x0700, 0x0000,
  0x0000, 0x0000, 0x0000, 0x0000, 0x0000, 0x0000, 0x0000, 0x0000,
  0x0000, 0x0000, 0x0000, 0x0000, 0x0000, 0x0000, 0x0000, 0x0000,
  0x0000, 0x0000, 0x0000, 0x0000, 0x0000, 0x0000, 0x0000, 0x0000,
  0x0000, 0x0000, 0x0000, 0x0000, 0x0000, 0x0000, 0x0000, 0x0000,
  0x0000, 0x0000, 0x0000, 0x0000, 0x0000, 0x0000, 0x0000, 0x0000,
  0x0000, 0x0000, 0x0000, 0x0000, 0x0000, 0x0000, 0x0000, 0x0000,
  0x0000, 0x0000, 0x0000, 0x0000, 0x0000, 0x0000, 0x0000, 0x0000,
  0x0000, 0x0000, 0x0000, 0x0000, 0x0000, 0x0000, 0x0000, 0x0000,
  0x0000, 0x0000, 0x0000, 0x0000, 0x0000, 0x0000, 0x0000, 0x0000,
  0x0000, 0x0000, 0x0000, 0x0000, 0x0000, 0x0000, 0x0000, 0x0000,
  0x0000, 0x0000, 0x0000, 0x0000, 0x0000, 0x0000, 0x0000, 0x0000,
  0x0000, 0x0000, 0x0000, 0x0000, 0x0000, 0x0000, 0x0000, 0x0000,
  0x0000, 0x0000, 0x0000, 0x0000, 0x0000, 0x0000, 0x0000, 0x0000,
  0x0000, 0x0000, 0x0000, 0x0000, 0x0000, 0x0000, 0x0000, 0x0000,
  0x0000, 0x0000, 0x0000, 0x0000, 0x0000, 0x0000, 0x0000, 0x0000,
  0x0000, 0x0000, 0x0000, 0x2544, 0xE544, 0xF544, 0xF544, 0xF543,
  0xF865, 0xFC97, 0xFC96, 0xFC97, 0xFC97, 0xFC97, 0xFC97, 0xFC97,
  0xFC97, 0xFC97, 0xFC97, 0xFC97, 0xFC97, 0xFC97, 0xFC97, 0xF865,
  0xF543, 0xF544, 0xF544, 0xE544, 0x1543, 0x0000, 0x0000, 0x0000,
  0x0000, 0x0000, 0x0000, 0x0000, 0x0000, 0x0000, 0x0000, 0x0000,
  0x0000, 0x0000, 0x0000, 0x0000, 0x0000, 0x0000, 0x0000, 0x0000,
  0x0000, 0x0000, 0x0555, 0x0000, 0x7544, 0xF544, 0xF544, 0xF543,
  0xF654, 0xFDCA, 0xFEDB, 0xFEDA, 0xFEDA, 0xFEDA, 0xFEDA, 0xFEDA,
  0xFEDA, 0xFEDA, 0xFEDA, 0xFEDA, 0xFEDA, 0xFEDA, 0xFEDA, 0xFEDA,
  0xFEDA, 0xFEDA, 0xFEDA, 0xFEDA, 0xFEDA, 0xFEDA, 0xFEDA, 0xFEDA,
  0xFFEB, 0xF876, 0xF543, 0xF544, 0xF543, 0xFDCC, 0xFFFF, 0xFFFF,
  0xFFFF, 0xFFFF, 0xFFFF, 0xFFFF, 0xFFFF, 0xFFFF, 0xFA99, 0xF433,
  0xF433, 0xF765, 0xFEDA, 0xFEDB, 0xFEDA, 0xFEDA, 0xFEDA, 0xFEDA,
  0xFEDA, 0xFEDA, 0xFEDA, 0xFEDA, 0xFEDA, 0xFEDA, 0xFEDA, 0xFEDA,
  0xFEDA, 0xFEDA, 0xFEEB, 0xFEDB, 0xFEDB, 0xFEDB, 0xFEDA, 0xFEDA,
  0xFEDA, 0xFEDB, 0xFEEB, 0xFEDB, 0xFEDA, 0xFEDA, 0xFEDA, 0xFB97,
  0xF543, 0xF544, 0xF544, 0xF544, 0x6543, 0x0000, 0x0444, 0x0000,
  0x0000, 0x0000, 0x0000, 0x0000, 0x0000, 0x0000, 0x0000, 0x0000,
  0x0000, 0x0000, 0x0000, 0x0000, 0x0000, 0x0000, 0x0000, 0x0000,
  0x0000, 0x0000, 0x0000, 0x0000, 0x0000, 0x0000, 0x0000, 0x0000,
  0x0000, 0x0000, 0x0000, 0x0000, 0x0000, 0x0000, 0x0000, 0x0000,
  0x0000, 0x0000, 0x0000, 0x0000, 0x0000, 0x0000, 0x0000, 0x0000,
  0x0000, 0x0000, 0x0000, 0x0000, 0x0000, 0x0000, 0x0000, 0x0000,
  0x0000, 0x0000, 0x0000, 0x0000, 0x0000, 0x0000, 0x0000, 0x0000,
  0x0000, 0x0000, 0x0000, 0x0000, 0x0000, 0x0000, 0x0000, 0x0000,
  0x0000, 0x0000, 0x0000, 0x0000, 0x0000, 0x0000, 0x0000, 0x0000,
  0x0000, 0x0000, 0x0000, 0x0000, 0x0000, 0x0000, 0x0000, 0x0000,
  0x0000, 0x0000, 0x0000, 0x0000, 0x0000, 0x0000, 0x0000, 0x0000,
  0x0000, 0x0000, 0x0000, 0x0000, 0x0000, 0x0000, 0x0000, 0x0000,
  0x0000, 0x0000, 0x0000, 0x0000, 0x0000, 0x0000, 0x0000, 0x0000,
  0x0000, 0x0000, 0x0000, 0x0000, 0x0000, 0x0000, 0x0000, 0x0000,
  0x0000, 0x0000, 0x0000, 0x0000, 0x0000, 0x0000, 0x0000, 0x0000,
  0x0000, 0x0000, 0x0000, 0x0070, 0xC544, 0xF544, 0xF544, 0xF543,
  0xF754, 0xFC97, 0xFC97, 0xFC97, 0xFC97, 0xFC97, 0xFC97, 0xFC97,
  0xFC97, 0xFC97, 0xFC97, 0xFC97, 0xFC86, 0xFC86, 0xFDA8, 0xFB97,
  0xF543, 0xF544, 0xF544, 0xF544, 0x5543, 0x0000, 0x0444, 0x0000,
  0x0000, 0x0000, 0x0000, 0x0000, 0x0000, 0x0000, 0x0000, 0x0000,
  0x0000, 0x0000, 0x0000, 0x0000, 0x0000, 0x0000, 0x0000, 0x0000,
  0x0000, 0x0000, 0x0000, 0x0000, 0xB543, 0xF544, 0xF544, 0xF543,
  0xF765, 0xFEDA, 0xFEDB, 0xFEDA, 0xFEDA, 0xFEDA, 0xFEDA, 0xFEDA,
  0xFEDA, 0xFEDA, 0xFEDA, 0xFEDA, 0xFEDA, 0xFEDA, 0xFEDA, 0xFEDA,
  0xFEDA, 0xFEDA, 0xFEDA, 0xFEDA, 0xFEDA, 0xFEDA, 0xFEDA, 0xFEDA,
  0xFFEB, 0xF765, 0xF543, 0xF544, 0xF543, 0xFAAA, 0xFFFF, 0xFFFF,
  0xFFFF, 0xFFFF, 0xFFFF, 0xFFFF, 0xFFFF, 0xFFFF, 0xF776, 0xF543,
  0xF544, 0xF544, 0xFDC9, 0xFFEB, 0xFEDA, 0xFEDA, 0xFEDA, 0xFEDA,
  0xFEDA, 0xFEDA, 0xFEDA, 0xFEDA, 0xFEDA, 0xFEDA, 0xFEDA, 0xFEDA,
  0xFEDA, 0xFEDB, 0xFCB9, 0xF876, 0xF876, 0xFDC9, 0xFEDB, 0xFEDA,
  0xFEDA, 0xFEDA, 0xFEDA, 0xFEDA, 0xFEDA, 0xFEDB, 0xFDA8, 0xFB86,
  0xF644, 0xF544, 0xF544, 0xF544, 0x9543, 0x0000, 0x0770, 0x0000,
  0x0000, 0x0000, 0x0000, 0x0000, 0x0000, 0x0000, 0x0000, 0x0000,
  0x0000, 0x0000, 0x0000, 0x0000, 0x0000, 0x0000, 0x0000, 0x0000,
  0x0000, 0x0000, 0x0000, 0x0000, 0x0000, 0x0000, 0x0000, 0x0000,
  0x0000, 0x0000, 0x0000, 0x0000, 0x0000, 0x0000, 0x0000, 0x0000,
  0x0000, 0x0000, 0x0000, 0x0000, 0x0000, 0x0000, 0x0000, 0x0000,
  0x0000, 0x0000, 0x0000, 0x0000, 0x0000, 0x0000, 0x0000, 0x0000,
  0x0000, 0x0000, 0x0000, 0x0000, 0x0000, 0x0000, 0x0000, 0x0000,
  0x0000, 0x0000, 0x0000, 0x0000, 0x0000, 0x0000, 0x0000, 0x0000,
  0x0000, 0x0000, 0x0000, 0x0000, 0x0000, 0x0000, 0x0000, 0x0000,
  0x0000, 0x0000, 0x0000, 0x0000, 0x0000, 0x0000, 0x0000, 0x0000,
  0x0000, 0x0000, 0x0000, 0x0000, 0x0000, 0x0000, 0x0000, 0x0000,
  0x0000, 0x0000, 0x0000, 0x0000, 0x0000, 0x0000, 0x0000, 0x0000,
  0x0000, 0x0000, 0x0000, 0x0000, 0x0000, 0x0000, 0x0000, 0x0000,
  0x0000, 0x0000, 0x0000, 0x0000, 0x0000, 0x0000, 0x0000, 0x0000,
  0x0000, 0x0000, 0x0000, 0x0000, 0x0000, 0x0000, 0x0000, 0x0000,
  0x0000, 0x0000, 0x0555, 0x0000, 0x8543, 0xF544, 0xF544, 0xF544,
  0xF544, 0xFB86, 0xFC97, 0xFC97, 0xFC97, 0xFC97, 0xFC97, 0xFC97,
  0xFC97, 0xFC97, 0xFC86, 0xFC86, 0xFCA7, 0xFDC9, 0xFEEB, 0xFDCA,
  0xF654, 0xF543, 0xF544, 0xF544, 0x8544, 0x0000, 0x0055, 0x0000,
  0x0000, 0x0000, 0x0000, 0x0000, 0x0000, 0x0000, 0x0000, 0x0000,
  0x0000, 0x0000, 0x0000, 0x0000, 0x0000, 0x0000, 0x0000, 0x0000,
  0x0000, 0x0000, 0x0000, 0x0444, 0xD544, 0xF544, 0xF544, 0xF433,
  0xF986, 0xFFEB, 0xFEDA, 0xFEDA, 0xFEDA, 0xFEDA, 0xFEDA, 0xFEDA,
  0xFEDA, 0xFEDA, 0xFEDA, 0xFEDA, 0xFEDA, 0xFEDA, 0xFEDA, 0xFEDA,
  0xFEDA, 0xFEDA, 0xFEDA, 0xFEDA, 0xFEDA, 0xFEDA, 0xFEDA, 0xFEDA,
  0xFFEB, 0xF875, 0xF543, 0xF544, 0xF433, 0xF999, 0xFFFF, 0xFFFF,
  0xFFFF, 0xFFFF, 0xFFFF, 0xFFFF, 0xFFFF, 0xFEEE, 0xF765, 0xF543,
  0xF544, 0xF544, 0xFCB9, 0xFFEB, 0xFEDA, 0xFEDA, 0xFEDA, 0xFEDA,
  0xFEDA, 0xFEDA, 0xFEDA, 0xFEDA, 0xFEDA, 0xFEDA, 0xFEDA, 0xFEDA,
  0xFEDB, 0xFDCA, 0xF654, 0xF433, 0xF433, 0xF875, 0xFEDA, 0xFEDA,
  0xFEDA, 0xFEDA, 0xFEDA, 0xFEDA, 0xFEDB, 0xFECA, 0xFC97, 0xFC97,
  0xF755, 0xF543, 0xF544, 0xF544, 0xD543, 0x0444, 0x0000, 0x0000,
  0x0000, 0x0000, 0x0000, 0x0000, 0x0000, 0x0000, 0x0000, 0x0000,
  0x0000, 0x0000, 0x0000, 0x0000, 0x0000, 0x0000, 0x0000, 0x0000,
  0x0000, 0x0000, 0x0000, 0x0000, 0x0000, 0x0000, 0x0000, 0x0000,
  0x0000, 0x0000, 0x0000, 0x0000, 0x0000, 0x0000, 0x0000, 0x0000,
  0x0000, 0x0000, 0x0000, 0x0000, 0x0000, 0x0000, 0x0000, 0x0000,
  0x0000, 0x0000, 0x0000, 0x0000, 0x0000, 0x0000, 0x0000, 0x0000,
  0x0000, 0x0000, 0x0000, 0x0000, 0x0000, 0x0000, 0x0000, 0x0000,
  0x0000, 0x0000, 0x0000, 0x0000, 0x0000, 0x0000, 0x0000, 0x0000,
  0x0000, 0x0000, 0x0000, 0x0000, 0x0000, 0x0000, 0x0000, 0x0000,
  0x0000, 0x0000, 0x0000, 0x0000, 0x0000, 0x0000, 0x0000, 0x0000,
  0x0000, 0x0000, 0x0000, 0x0000, 0x0000, 0x0000, 0x0000, 0x0000,
  0x0000, 0x0000, 0x0000, 0x0000, 0x0000, 0x0000, 0x0000, 0x0000,
  0x0000, 0x0000, 0x0000, 0x0000, 0x0000, 0x0000, 0x0000, 0x0000,
  0x0000, 0x0000, 0x0000, 0x0000, 0x0000, 0x0000, 0x0000, 0x0000,
  0x0000, 0x0000, 0x0000, 0x0000, 0x0000, 0x0000, 0x0000, 0x0000,
  0x0000, 0x0000, 0x0555, 0x0000, 0x4544, 0xF544, 0xF544, 0xF544,
  0xF543, 0xF975, 0xFC97, 0xFC97, 0xFC97, 0xFC97, 0xFC97, 0xFC96,
  0xFC86, 0xFC97, 0xFDA8, 0xFEC9, 0xFEDB, 0xFEDB, 0xFEDA, 0xFEDB,
  0xF765, 0xF543, 0xF544, 0xF544, 0xD543, 0x1443, 0x0000, 0x0000,
  0x0000, 0x0000, 0x0000, 0x0000, 0x0000, 0x0000, 0x0000, 0x0000,
  0x0000, 0x0000, 0x0000, 0x0000, 0x0000, 0x0000, 0x0000, 0x0000,
  0x0000, 0x0777, 0x0000, 0x3543, 0xF544, 0xF544, 0xF544, 0xF543,
  0xF976, 0xFECA, 0xFEDB, 0xFEDA, 0xFEDA, 0xFEDA, 0xFEDA, 0xFEDA,
  0xFEDA, 0xFEDA, 0xFEDA, 0xFEDA, 0xFEDA, 0xFEDA, 0xFEDA, 0xFEDA,
  0xFEDA, 0xFEDA, 0xFEDA, 0xFEDA, 0xFEDA, 0xFEDA, 0xFEDA, 0xFEDA,
  0xFFEB, 0xF876, 0xF543, 0xF544, 0xF433, 0xF988, 0xFFFF, 0xFFFF,
  0xFFFF, 0xFFFF, 0xFFFF, 0xFFFF, 0xFFFF, 0xFEEE, 0xF655, 0xF543,
  0xF544, 0xF544, 0xFCB9, 0xFFEB, 0xFEDA, 0xFEDA, 0xFEDA, 0xFEDA,
  0xFEDA, 0xFEDA, 0xFEDA, 0xFEDA, 0xFEDA, 0xFEDA, 0xFEDA, 0xFEDA,
  0xFFEB, 0xFBA8, 0xF543, 0xF544, 0xF544, 0xF544, 0xFDC9, 0xFEEB,
  0xFEDA, 0xFEDA, 0xFEDA, 0xFEDA, 0xFEDB, 0xFDA8, 0xFC86, 0xFC97,
  0xF965, 0xF543, 0xF544, 0xF544, 0xF544, 0x3543, 0x0000, 0x0770,
  0x0000, 0x0000, 0x0000, 0x0000, 0x0000, 0x0000, 0x0000, 0x0000,
  0x0000, 0x0000, 0x0000, 0x0000, 0x0000, 0x0000, 0x0000, 0x0000,
  0x0000, 0x0000, 0x0000, 0x0000, 0x0000, 0x0000, 0x0000, 0x0000,
  0x0000, 0x0000, 0x0000, 0x0000, 0x0000, 0x0000, 0x0000, 0x0000,
  0x0000, 0x0000, 0x0000, 0x0000, 0x0000, 0x0000, 0x0000, 0x0000,
  0x0000, 0x0000, 0x0000, 0x0000, 0x0000, 0x0000, 0x0000, 0x0000,
  0x0000, 0x0000, 0x0000, 0x0000, 0x0000, 0x0000, 0x0000, 0x0000,
  0x0000, 0x0000, 0x0000, 0x0000, 0x0000, 0x0000, 0x0000, 0x0000,
  0x0000, 0x0000, 0x0000, 0x0000, 0x0000, 0x0000, 0x0000, 0x0000,
  0x0000, 0x0000, 0x0000, 0x0000, 0x0000, 0x0000, 0x0000, 0x0000,
  0x0000, 0x0000, 0x0000, 0x0000, 0x0000, 0x0000, 0x0000, 0x0000,
  0x0000, 0x0000, 0x0000, 0x0000, 0x0000, 0x0000, 0x0000, 0x0000,
  0x0000, 0x0000, 0x0000, 0x0000, 0x0000, 0x0000, 0x0000, 0x0000,
  0x0000, 0x0000, 0x0000, 0x0000, 0x0000, 0x0000, 0x0000, 0x0000,
  0x0000, 0x0000, 0x0000, 0x0000, 0x0000, 0x0000, 0x0000, 0x0000,
  0x0000, 0x0000, 0x0000, 0x0000, 0x1444, 0xD544, 0xF544, 0xF544,
  0xF543, 0xF754, 0xFC97, 0xFC97, 0xFC97, 0xFC97, 0xFC97, 0xFC97,
  0xFDB8, 0xFECA, 0xFEDB, 0xFEDB, 0xFEDA, 0xFEDA, 0xFEDA, 0xFFEB,
  0xFA97, 0xF443, 0xF544, 0xF544, 0xF544, 0x5543, 0x0000, 0x0555,
  0x0000, 0x0000, 0x0000, 0x0000, 0x0000, 0x0000, 0x0000, 0x0000,
  0x0000, 0x0000, 0x0000, 0x0000, 0x0000, 0x0000, 0x0000, 0x0000,
  0x0000, 0x0444, 0x0000, 0x5544, 0xF544, 0xF544, 0xF544, 0xF544,
  0xFA76, 0xFDA7, 0xFEDA, 0xFEDB, 0xFEDA, 0xFEDA, 0xFEDA, 0xFEDB,
  0xFFEB, 0xFEEB, 0xFEDA, 0xFEDA, 0xFEDA, 0xFEDA, 0xFEDA, 0xFEDA,
  0xFEDA, 0xFEDA, 0xFEDA, 0xFEDA, 0xFEDA, 0xFEDA, 0xFEDA, 0xFEDA,
  0xFFEB, 0xF876, 0xF543, 0xF544, 0xF433, 0xF877, 0xFFFF, 0xFFFF,
  0xFFFF, 0xFFFF, 0xFFFF, 0xFFFF, 0xFFFF, 0xFEEE, 0xF655, 0xF543,
  0xF544, 0xF543, 0xFCB9, 0xFFEB, 0xFEDA, 0xFEDA, 0xFEDA, 0xFEDA,
  0xFEDA, 0xFEDA, 0xFEDA, 0xFEDA, 0xFEDA, 0xFEDA, 0xFEDA, 0xFEDA,
  0xFFEB, 0xFBA8, 0xF543, 0xF544, 0xF544, 0xF544, 0xFCB9, 0xFFEB,
  0xFEDA, 0xFEDA, 0xFEDA, 0xFEDB, 0xFEDA, 0xFC97, 0xFC96, 0xFC97,
  0xFA76, 0xF544, 0xF544, 0xF544, 0xF544, 0x6544, 0x0000, 0x0444,
  0x0000, 0x0000, 0x0000, 0x0000, 0x0000, 0x0000, 0x0000, 0x0000,
  0x0000, 0x0000, 0x0000, 0x0000, 0x0000, 0x0000, 0x0000, 0x0000,
  0x0000, 0x0000, 0x0000, 0x0000, 0x0000, 0x0000, 0x0000, 0x0000,
  0x0000, 0x0000, 0x0000, 0x0000, 0x0000, 0x0000, 0x0000, 0x0000,
  0x0000, 0x0000, 0x0000, 0x0000, 0x0000, 0x0000, 0x0000, 0x0000,
  0x0000, 0x0000, 0x0000, 0x0000, 0x0000, 0x0000, 0x0000, 0x0000,
  0x0000, 0x0000, 0x0000, 0x0000, 0x0000, 0x0000, 0x0000, 0x0000,
  0x0000, 0x0000, 0x0000, 0x0000, 0x0000, 0x0000, 0x0000, 0x0000,
  0x0000, 0x0000, 0x0000, 0x0000, 0x0000, 0x0000, 0x0000, 0x0000,
  0x0000, 0x0000, 0x0000, 0x0000, 0x0000, 0x0000, 0x0000, 0x0000,
  0x0000, 0x0000, 0x0000, 0x0000, 0x0000, 0x0000, 0x0000, 0x0000,
  0x0000, 0x0000, 0x0000, 0x0000, 0x0000, 0x0000, 0x0000, 0x0000,
  0x0000, 0x0000, 0x0000, 0x0000, 0x0000, 0x0000, 0x0000, 0x0000,
  0x0000, 0x0000, 0x0000, 0x0000, 0x0000, 0x0000, 0x0000, 0x0000,
  0x0000, 0x0000, 0x0000, 0x0000, 0x0000, 0x0000, 0x0000, 0x0000,
  0x0000, 0x0000, 0x0000, 0x0777, 0x0000, 0x9543, 0xF544, 0xF544,
  0xF544, 0xF544, 0xFA86, 0xFC97, 0xFC97, 0xFC97, 0xFDC9, 0xFEDA,
  0xFEEB, 0xFEDB, 0xFEDA, 0xFEDA, 0xFEDA, 0xFEDA, 0xFEDA, 0xFEEB,
  0xFDC9, 0xF544, 0xF544, 0xF544, 0xF544, 0xB543, 0x0000, 0x0FFF,
  0x0000, 0x0000, 0x0000, 0x0000, 0x0000, 0x0000, 0x0000, 0x0000,
  0x0000, 0x0000, 0x0000, 0x0000, 0x0000, 0x0000, 0x0000, 0x0000,
  0x0000, 0x0555, 0x0000, 0x8543, 0xF544, 0xF544, 0xF544, 0xF644,
  0xFB86, 0xFC97, 0xFECA, 0xFEDB, 0xFEDA, 0xFEDA, 0xFEDB, 0xFDC9,
  0xF987, 0xFCB9, 0xFEDB, 0xFEDA, 0xFEDA, 0xFEDA, 0xFEDA, 0xFEDA,
  0xFEDA, 0xFEDA, 0xFEDA, 0xFEDA, 0xFEDA, 0xFEDA, 0xFEDA, 0xFEDA,
  0xFFEB, 0xF876, 0xF543, 0xF544, 0xF543, 0xF776, 0xFFFF, 0xFFFF,
  0xFFFF, 0xFFFF, 0xFFFF, 0xFFFF, 0xFFFF, 0xFEEE, 0xF654, 0xF543,
  0xF544, 0xF543, 0xFCB9, 0xFFEB, 0xFEDA, 0xFEDA, 0xFEDA, 0xFEDA,
  0xFEDA, 0xFEDA, 0xFEDA, 0xFEDA, 0xFEDA, 0xFEDA, 0xFEDA, 0xFEDA,
  0xFFEB, 0xFA97, 0xF543, 0xF544, 0xF543, 0xF654, 0xFDCA, 0xFEDB,
  0xFEDA, 0xFEDA, 0xFEDA, 0xFEDB, 0xFDC9, 0xFC97, 0xFC97, 0xFC97,
  0xFC86, 0xF654, 0xF544, 0xF544, 0xF544, 0xB543, 0x0000, 0x0000,
  0x0000, 0x0000, 0x0000, 0x0000, 0x0000, 0x0000, 0x0000, 0x0000,
  0x0000, 0x0000, 0x0000, 0x0000, 0x0000, 0x0000, 0x0000, 0x0000,
  0x0000, 0x0000, 0x0000, 0x0000, 0x0000, 0x0000, 0x0000, 0x0000,
  0x0000, 0x0000, 0x0000, 0x0000, 0x0000, 0x0000, 0x0000, 0x0000,
  0x0000, 0x0000, 0x0000, 0x0000, 0x0000, 0x0000, 0x0000, 0x0000,
  0x0000, 0x0000, 0x0000, 0x0000, 0x0000, 0x0000, 0x0000, 0x0000,
  0x0000, 0x0000, 0x0000, 0x0000, 0x0000, 0x0000, 0x0000, 0x0000,
  0x0000, 0x0000, 0x0000, 0x0000, 0x0000, 0x0000, 0x0000, 0x0000,
  0x0000, 0x0000, 0x0000, 0x0000, 0x0000, 0x0000, 0x0000, 0x0000,
  0x0000, 0x0000, 0x0000, 0x0000, 0x0000, 0x0000, 0x0000, 0x0000,
  0x0000, 0x0000, 0x0000, 0x0000, 0x0000, 0x0000, 0x0000, 0x0000,
  0x0000, 0x0000, 0x0000, 0x0000, 0x0000, 0x0000, 0x0000, 0x0000,
  0x0000, 0x0000, 0x0000, 0x0000, 0x0000, 0x0000, 0x0000, 0x0000,
  0x0000, 0x0000, 0x0000, 0x0000, 0x0000, 0x0000, 0x0000, 0x0000,
  0x0000, 0x0000, 0x0000, 0x0000, 0x0000, 0x0000, 0x0000, 0x0000,
  0x0000, 0x0000, 0x0000, 0x0555, 0x0000, 0x4543, 0xF544, 0xF544,
  0xF544, 0xF543, 0xF865, 0xFC97, 0xFC86, 0xFDB9, 0xFEEB, 0xFEDA,
  0xFEDA, 0xFEDA, 0xFEDA, 0xFEDA, 0xFEDA, 0xFEDA, 0xFEDA, 0xFEDA,
  0xFEEB, 0xF876, 0xF543, 0xF544, 0xF544, 0xF544, 0x3544, 0x0000,
  0x0777, 0x0000, 0x0000, 0x0000, 0x0000, 0x0000, 0x0000, 0x0000,
  0x0000, 0x0000, 0x0000, 0x0000, 0x0000, 0x0000, 0x0000, 0x0000,
  0x0000, 0x0000, 0x0000, 0xC543, 0xF544, 0xF544, 0xF543, 0xF754,
  0xFC86, 0xFC97, 0xFECA, 0xFEDB, 0xFEDA, 0xFEDB, 0xFEDA, 0xF765,
  0xF433, 0xF654, 0xFCC9, 0xFEEB, 0xFEDA, 0xFEDA, 0xFEDA, 0xFEDA,
  0xFEDA, 0xFEDA, 0xFEDA, 0xFEDA, 0xFEDA, 0xFEDA, 0xFEDA, 0xFEDA,
  0xFFEB, 0xF987, 0xF543, 0xF544, 0xF543, 0xF765, 0xFEEE, 0xFFFF,
  0xFFFF, 0xFFFF, 0xFFFF, 0xFFFF, 0xFFFF, 0xFEED, 0xF654, 0xF543,
  0xF544, 0xF543, 0xFCB9, 0xFFEB, 0xFEDA, 0xFEDA, 0xFEDA, 0xFEDA,
  0xFEDA, 0xFEDA, 0xFEDA, 0xFEDA, 0xFEDA, 0xFEDA, 0xFEDA, 0xFEDA,
  0xFFEB, 0xFA97, 0xF543, 0xF544, 0xF543, 0xF654, 0xFDCA, 0xFEDB,
  0xFEDA, 0xFEDA, 0xFEDA, 0xFEDB, 0xFEC9, 0xFC97, 0xFC97, 0xFC97,
  0xFC97, 0xF865, 0xF543, 0xF544, 0xF544, 0xE544, 0x2443, 0x0000,
  0x0000, 0x0000, 0x0000, 0x0000, 0x0000, 0x0000, 0x0000, 0x0000,
  0x0000, 0x0000, 0x0000, 0x0000, 0x0000, 0x0000, 0x0000, 0x0000,
  0x0000, 0x0000, 0x0000, 0x0000, 0x0000, 0x0000, 0x0000, 0x0000,
  0x0000, 0x0000, 0x0000, 0x0000, 0x0000, 0x0000, 0x0000, 0x0000,
  0x0000, 0x0000, 0x0000, 0x0000, 0x0000, 0x0000, 0x0000, 0x0000,
  0x0000, 0x0000, 0x0000, 0x0000, 0x0000, 0x0000, 0x0000, 0x0000,
  0x0000, 0x0000, 0x0000, 0x0000, 0x0000, 0x0000, 0x0000, 0x0000,
  0x0000, 0x0000, 0x0000, 0x0000, 0x0000, 0x0000, 0x0000, 0x0000,
  0x0000, 0x0000, 0x0000, 0x0000, 0x0000, 0x0000, 0x0000, 0x0000,
  0x0000, 0x0000, 0x0000, 0x0000, 0x0000, 0x0000, 0x0000, 0x0000,
  0x0000, 0x0000, 0x0000, 0x0000, 0x0000, 0x0000, 0x0000, 0x0000,
  0x0000, 0x0000, 0x0000, 0x0000, 0x0000, 0x0000, 0x0000, 0x0000,
  0x0000, 0x0000, 0x0000, 0x0000, 0x0000, 0x0000, 0x0000, 0x0000,
  0x0000, 0x0000, 0x0000, 0x0000, 0x0000, 0x0000, 0x0000, 0x0000,
  0x0000, 0x0000, 0x0000, 0x0000, 0x0000, 0x0000, 0x0000, 0x0000,
  0x0000, 0x0000, 0x0000, 0x0000, 0x0000, 0x0555, 0xC544, 0xF544,
  0xF544, 0xF544, 0xF644, 0xFC97, 0xFEC9, 0xFEDB, 0xFEDA, 0xFEDA,
  0xFEDA, 0xFEDA, 0xFEDA, 0xFEDA, 0xFEDA, 0xFEDA, 0xFEDA, 0xFEDA,
  0xFFEB, 0xFCB8, 0xF543, 0xF544, 0xF544, 0xF544, 0x9543, 0x0000,
  0x0777, 0x0000, 0x0000, 0x0000, 0x0000, 0x0000, 0x0000, 0x0000,
  0x0000, 0x0000, 0x0000, 0x0000, 0x0000, 0x0000, 0x0000, 0x0000,
  0x0000, 0x0000, 0x1444, 0xE544, 0xF544, 0xF544, 0xF543, 0xF865,
  0xFC97, 0xFDB9, 0xFEDA, 0xFEDA, 0xFEDA, 0xFFEB, 0xFCB9, 0xF544,
  0xF544, 0xF543, 0xFA97, 0xFFEB, 0xFEDA, 0xFEDA, 0xFEDA, 0xFEDA,
  0xFEDA, 0xFEDA, 0xFEDA, 0xFEDA, 0xFEDA, 0xFEDA, 0xFEDA, 0xFEDA,
  0xFFEB, 0xFA97, 0xF543, 0xF544, 0xF543, 0xF655, 0xFEEE, 0xFFFF,
  0xFFFF, 0xFFFF, 0xFFFF, 0xFFFF, 0xFFFF, 0xFEED, 0xF654, 0xF543,
  0xF544, 0xF543, 0xFCB9, 0xFFEB, 0xFEDA, 0xFEDA, 0xFEDA, 0xFEDA,
  0xFEDA, 0xFEDA, 0xFEDA, 0xFEDA, 0xFEDA, 0xFEDA, 0xFEDA, 0xFEDA,
  0xFFEB, 0xF987, 0xF433, 0xF544, 0xF543, 0xF654, 0xFEDA, 0xFEDB,
  0xFEDA, 0xFEDA, 0xFEDA, 0xFEDA, 0xFEDA, 0xFDA8, 0xFC96, 0xFC86,
  0xFC97, 0xFA76, 0xF544, 0xF544, 0xF544, 0xF544, 0x6543, 0x0000,
  0x0444, 0x0000, 0x0000, 0x0000, 0x0000, 0x0000, 0x0000, 0x0000,
  0x0000, 0x0000, 0x0000, 0x0000, 0x0000, 0x0000, 0x0000, 0x0000,
  0x0000, 0x0000, 0x0000, 0x0000, 0x0000, 0x0000, 0x0000, 0x0000,
  0x0000, 0x0000, 0x0000, 0x0000, 0x0000, 0x0000, 0x0000, 0x0000,
  0x0000, 0x0000, 0x0000, 0x0000, 0x0000, 0x0000, 0x0000, 0x0000,
  0x0000, 0x0000, 0x0000, 0x0000, 0x0000, 0x0000, 0x0000, 0x0000,
  0x0000, 0x0000, 0x0000, 0x0000, 0x0000, 0x0000, 0x0000, 0x0000,
  0x0000, 0x0000, 0x0000, 0x0000, 0x0000, 0x0000, 0x0000, 0x0000,
  0x0000, 0x0000, 0x0000, 0x0000, 0x0000, 0x0000, 0x0000, 0x0000,
  0x0000, 0x0000, 0x0000, 0x0000, 0x0000, 0x0000, 0x0000, 0x0000,
  0x0000, 0x0000, 0x0000, 0x0000, 0x0000, 0x0000, 0x0000, 0x0000,
  0x0000, 0x0000, 0x0000, 0x0000, 0x0000, 0x0000, 0x0000, 0x0000,
  0x0000, 0x0000, 0x0000, 0x0000, 0x0000, 0x0000, 0x0000, 0x0000,
  0x0000, 0x0000, 0x0000, 0x0000, 0x0000, 0x0000, 0x0000, 0x0000,
  0x0000, 0x0000, 0x0000, 0x0000, 0x0000, 0x0000, 0x0000, 0x0000,
  0x0000, 0x0000, 0x0000, 0x0000, 0x0555, 0x0000, 0x6543, 0xF544,
  0xF544, 0xF544, 0xF533, 0xFA97, 0xFFEB, 0xFEDA, 0xFEDA, 0xFEDA,
  0xFEDA, 0xFEDA, 0xFEDA, 0xFEDA, 0xFEDA, 0xFEDA, 0xFEDA, 0xFEDA,
  0xFEDA, 0xFEDA, 0xF765, 0xF543, 0xF544, 0xF544, 0xE544, 0x2543,
  0x0000, 0x0777, 0x0000, 0x0000, 0x0000, 0x0000, 0x0000, 0x0000,
  0x0000, 0x0000, 0x0000, 0x0000, 0x0000, 0x0000, 0x0000, 0x0000,
  0x0555, 0x0000, 0x4543, 0xF544, 0xF544, 0xF544, 0xF543, 0xFA97,
  0xFEDA, 0xFEDA, 0xFEDA, 0xFEDA, 0xFEDA, 0xFFEB, 0xFCB9, 0xF543,
  0xF544, 0xF433, 0xF987, 0xFFEB, 0xFEDB, 0xFEDB, 0xFEDB, 0xFEDB,
  0xFEDB, 0xFEDB, 0xFEDA, 0xFEDA, 0xFEDB, 0xFEDA, 0xFEDA, 0xFEDA,
  0xFFEB, 0xFBA8, 0xF543, 0xF544, 0xF544, 0xF544, 0xFEDD, 0xFFFF,
  0xFFFF, 0xFFFF, 0xFFFF, 0xFFFF, 0xFFFF, 0xFEEE, 0xF654, 0xF543,
  0xF544, 0xF543, 0xFBA8, 0xFFEB, 0xFEDA, 0xFEDA, 0xFEDA, 0xFEDA,
  0xFEDB, 0xFEDB, 0xFEDB, 0xFEDB, 0xFEDB, 0xFEDA, 0xFEDA, 0xFEDA,
  0xFFEB, 0xF987, 0xF433, 0xF544, 0xF543, 0xF655, 0xFEDA, 0xFEDB,
  0xFEDA, 0xFEDA, 0xFEDA, 0xFEDA, 0xFEDB, 0xFEDA, 0xFEC9, 0xFDB9,
  0xFEC9, 0xFDCA, 0xF654, 0xF543, 0xF544, 0xF544, 0xA543, 0x0000,
  0x0000, 0x0000, 0x0000, 0x0000, 0x0000, 0x0000, 0x0000, 0x0000,
  0x0000, 0x0000, 0x0000, 0x0000, 0x0000, 0x0000, 0x0000, 0x0000,
  0x0000, 0x0000, 0x0000, 0x0000, 0x0000, 0x0000, 0x0000, 0x0000,
  0x0000, 0x0000, 0x0000, 0x0000, 0x0000, 0x0000, 0x0000, 0x0000,
  0x0000, 0x0000, 0x0000, 0x0000, 0x0000, 0x0000, 0x0000, 0x0000,
  0x0000, 0x0000, 0x0000, 0x0000, 0x0000, 0x0000, 0x0000, 0x0000,
  0x0000, 0x0000, 0x0000, 0x0000, 0x0000, 0x0000, 0x0000, 0x0000,
  0x0000, 0x0000, 0x0000, 0x0000, 0x0000, 0x0000, 0x0000, 0x0000,
  0x0000, 0x0000, 0x0000, 0x0000, 0x0000, 0x0000, 0x0000, 0x0000,
  0x0000, 0x0000, 0x0000, 0x0000, 0x0000, 0x0000, 0x0000, 0x0000,
  0x0000, 0x0000, 0x0000, 0x0000, 0x0000, 0x0000, 0x0000, 0x0000,
  0x0000, 0x0000, 0x0000, 0x0000, 0x0000, 0x0000, 0x0000, 0x0000,
  0x0000, 0x0000, 0x0000, 0x0000, 0x0000, 0x0000, 0x0000, 0x0000,
  0x0000, 0x0000, 0x0000, 0x0000, 0x0000, 0x0000, 0x0000, 0x0000,
  0x0000, 0x0000, 0x0000, 0x0000, 0x0000, 0x0000, 0x0000, 0x0000,
  0x0000, 0x0000, 0x0000, 0x0000, 0x0700, 0x0000, 0x1533, 0xD544,
  0xF544, 0xF544, 0xF543, 0xF654, 0xFDCA, 0xFEDB, 0xFEDA, 0xFEDA,
  0xFEDA, 0xFEDA, 0xFEDA, 0xFEDA, 0xFEDA, 0xFEDA, 0xFEDA, 0xFEDA,
  0xFEDA, 0xFFEB, 0xFBA8, 0xF543, 0xF544, 0xF544, 0xF544, 0x9543,
  0x0000, 0x0555, 0x0000, 0x0000, 0x0000, 0x0000, 0x0000, 0x0000,
  0x0000, 0x0000, 0x0000, 0x0000, 0x0000, 0x0000, 0x0000, 0x0000,
  0x0444, 0x0000, 0x7543, 0xF544, 0xF544, 0xF544, 0xF544, 0xFDC9,
  0xFFEB, 0xFEDA, 0xFEDA, 0xFEDA, 0xFEDA, 0xFFEB, 0xFBA8, 0xF543,
  0xF544, 0xF543, 0xF875, 0xFDB9, 0xFDA8, 0xFDA8, 0xFDA8, 0xFDA8,
  0xFDA8, 0xFDA8, 0xFCA7, 0xFCA8, 0xFDC9, 0xFEDB, 0xFEDA, 0xFEDA,
  0xFFEB, 0xFCB8, 0xF543, 0xF544, 0xF544, 0xF544, 0xFDDD, 0xFFFF,
  0xFFFF, 0xFFFF, 0xFFFF, 0xFFFF, 0xFFFF, 0xFEED, 0xF654, 0xF543,
  0xF544, 0xF543, 0xFBA8, 0xFFEB, 0xFEDA, 0xFEDA, 0xFEDA, 0xFEDB,
  0xFECA, 0xFDA8, 0xFDA8, 0xFDB9, 0xFECA, 0xFEDA, 0xFEEB, 0xFEDB,
  0xFFEB, 0xF987, 0xF433, 0xF544, 0xF543, 0xF765, 0xFEDA, 0xFEDA,
  0xFEDA, 0xFEDA, 0xFEDA, 0xFEDA, 0xFEDA, 0xFEDA, 0xFEDB, 0xFEDB,
  0xFEDB, 0xFEEB, 0xF876, 0xF543, 0xF544, 0xF544, 0xD543, 0x1533,
  0x0000, 0x0000, 0x0000, 0x0000, 0x0000, 0x0000, 0x0000, 0x0000,
  0x0000, 0x0000, 0x0000, 0x0000, 0x0000, 0x0000, 0x0000, 0x0000,
  0x0000, 0x0000, 0x0000, 0x0000, 0x0000, 0x0000, 0x0000, 0x0000,
  0x0000, 0x0000, 0x0000, 0x0000, 0x0000, 0x0000, 0x0000, 0x0000,
  0x0000, 0x0000, 0x0000, 0x0000, 0x0000, 0x0000, 0x0000, 0x0000,
  0x0000, 0x0000, 0x0000, 0x0000, 0x0000, 0x0000, 0x0000, 0x0000,
  0x0000, 0x0000, 0x0000, 0x0000, 0x0000, 0x0000, 0x0000, 0x0000,
  0x0000, 0x0000, 0x0000, 0x0000, 0x0000, 0x0000, 0x0000, 0x0000,
  0x0000, 0x0000, 0x0000, 0x0000, 0x0000, 0x0000, 0x0000, 0x0000,
  0x0000, 0x0000, 0x0000, 0x0000, 0x0000, 0x0000, 0x0000, 0x0000,
  0x0000, 0x0000, 0x0000, 0x0000, 0x0000, 0x0000, 0x0000, 0x0000,
  0x0000, 0x0000, 0x0000, 0x0000, 0x0000, 0x0000, 0x0000, 0x0000,
  0x0000, 0x0000, 0x0000, 0x0000, 0x0000, 0x0000, 0x0000, 0x0000,
  0x0000, 0x0000, 0x0000, 0x0000, 0x0000, 0x0000, 0x0000, 0x0000,
  0x0000, 0x0000, 0x0000, 0x0000, 0x0000, 0x0000, 0x0000, 0x0000,
  0x0000, 0x0000, 0x0000, 0x0000, 0x0000, 0x0555, 0x0000, 0x8543,
  0xF544, 0xF544, 0xF544, 0xF433, 0xF987, 0xFFEB, 0xFEDA, 0xFEDA,
  0xFEDA, 0xFEDA, 0xFEDA, 0xFEDA, 0xFEDA, 0xFEDA, 0xFEDA, 0xFEDA,
  0xFEDA, 0xFEDB, 0xFEDA, 0xF765, 0xF543, 0xF544, 0xF544, 0xF544,
  0x3543, 0x0000, 0x0500, 0x0000, 0x0000, 0x0000, 0x0000, 0x0000,
  0x0000, 0x0000, 0x0000, 0x0000, 0x0000, 0x0000, 0x0000, 0x0000,
  0x0000, 0x0000, 0xA544, 0xF544, 0xF544, 0xF543, 0xF655, 0xFEDA,
  0xFEDA, 0xFEDA, 0xFEDA, 0xFEDA, 0xFEDA, 0xFFEB, 0xFCB8, 0xF543,
  0xF544, 0xF544, 0xF654, 0xFC86, 0xFC86, 0xFC86, 0xFC86, 0xFC86,
  0xFC86, 0xFC86, 0xFC86, 0xFC86, 0xFC97, 0xFECA, 0xFEDB, 0xFEDA,
  0xFFEB, 0xFCB9, 0xF543, 0xF544, 0xF544, 0xF543, 0xFCCC, 0xFFFF,
  0xFFFF, 0xFFFF, 0xFFFF, 0xFFFF, 0xFFFF, 0xFEDD, 0xF654, 0xF543,
  0xF544, 0xF543, 0xFBA8, 0xFFEB, 0xFEDA, 0xFEDA, 0xFEDB, 0xFEDA,
  0xFC97, 0xFC86, 0xFC86, 0xFC86, 0xFC97, 0xFCA7, 0xFDB8, 0xFDB9,
  0xFEDA, 0xF986, 0xF433, 0xF544, 0xF543, 0xF765, 0xFEDA, 0xFEDA,
  0xFEDA, 0xFEDA, 0xFEDA, 0xFEDA, 0xFEDA, 0xFEDA, 0xFEDA, 0xFEDA,
  0xFEDA, 0xFFEB, 0xFA97, 0xF543, 0xF544, 0xF544, 0xF544, 0x4544,
  0x0000, 0x0555, 0x0000, 0x0000, 0x0000, 0x0000, 0x0000, 0x0000,
  0x0000, 0x0000, 0x0000, 0x0000, 0x0000, 0x0000, 0x0000, 0x0000,
  0x0000, 0x0000, 0x0000, 0x0000, 0x0000, 0x0000, 0x0000, 0x0000,
  0x0000, 0x0000, 0x0000, 0x0000, 0x0000, 0x0000, 0x0000, 0x0000,
  0x0000, 0x0000, 0x0000, 0x0000, 0x0000, 0x0000, 0x0000, 0x0000,
  0x0000, 0x0000, 0x0000, 0x0000, 0x0000, 0x0000, 0x0000, 0x0000,
  0x0000, 0x0000, 0x0000, 0x0000, 0x0000, 0x0000, 0x0000, 0x0000,
  0x0000, 0x0000, 0x0000, 0x0000, 0x0000, 0x0000, 0x0000, 0x0000,
  0x0000, 0x0000, 0x0000, 0x0000, 0x0000, 0x0000, 0x0000, 0x0000,
  0x0000, 0x0000, 0x0000, 0x0000, 0x0000, 0x0000, 0x0000, 0x0000,
  0x0000, 0x0000, 0x0000, 0x0000, 0x0000, 0x0000, 0x0000, 0x0000,
  0x0000, 0x0000, 0x0000, 0x0000, 0x0000, 0x0000, 0x0000, 0x0000,
  0x0000, 0x0000, 0x0000, 0x0000, 0x0000, 0x0000, 0x0000, 0x0000,
  0x0000, 0x0000, 0x0000, 0x0000, 0x0000, 0x0000, 0x0000, 0x0000,
  0x0000, 0x0000, 0x0000, 0x0000, 0x0000, 0x0000, 0x0000, 0x0000,
  0x0000, 0x0000, 0x0000, 0x0000, 0x0000, 0x0777, 0x0000, 0x1544,
  0xE543, 0xF544, 0xF544, 0xF544, 0xF544, 0xFCB9, 0xFFEB, 0xFEDA,
  0xFEDA, 0xFEDA, 0xFEDA, 0xFEDA, 0xFEDA, 0xFEDA, 0xFEDA, 0xFEDA,
  0xFEDA, 0xFEDA, 0xFFEB, 0xFBA8, 0xF543, 0xF544, 0xF544, 0xF544,
  0xB544, 0x0555, 0x0700, 0x0000, 0x0000, 0x0000, 0x0000, 0x0000,
  0x0000, 0x0000, 0x0000, 0x0000, 0x0000, 0x0000, 0x0000, 0x0000,
  0x0000, 0x1443, 0xD544, 0xF544, 0xF544, 0xF433, 0xF876, 0xFFEB,
  0xFEDA, 0xFEDA, 0xFEDA, 0xFEDA, 0xFEDA, 0xFFEB, 0xFCB9, 0xF544,
  0xF544, 0xF544, 0xF544, 0xFB86, 0xFC97, 0xFC97, 0xFC97, 0xFC97,
  0xFC97, 0xFC97, 0xFC97, 0xFC97, 0xFC97, 0xFEC9, 0xFEDB, 0xFEDA,
  0xFFEB, 0xFCB9, 0xF544, 0xF544, 0xF544, 0xF543, 0xFBBB, 0xFFFF,
  0xFFFF, 0xFFFF, 0xFFFF, 0xFFFF, 0xFFFF, 0xFDDD, 0xF544, 0xF543,
  0xF544, 0xF543, 0xFBA8, 0xFFEB, 0xFEDA, 0xFEDA, 0xFEDB, 0xFEDA,
  0xFC97, 0xFC97, 0xFC97, 0xFC97, 0xFC97, 0xFC86, 0xFC86, 0xFC86,
  0xFC97, 0xF865, 0xF543, 0xF544, 0xF543, 0xF765, 0xFEDA, 0xFEDA,
  0xFEDA, 0xFEDA, 0xFEDA, 0xFEDA, 0xFEDA, 0xFEDA, 0xFEDA, 0xFEDA,
  0xFEDA, 0xFEEB, 0xFCB9, 0xF544, 0xF544, 0xF544, 0xF544, 0x6543,
  0x0000, 0x0444, 0x0000, 0x0000, 0x0000, 0x0000, 0x0000, 0x0000,
  0x0000, 0x0000, 0x0000, 0x0000, 0x0000, 0x0000, 0x0000, 0x0000,
  0x0000, 0x0000, 0x0000, 0x0000, 0x0000, 0x0000, 0x0000, 0x0000,
  0x0000, 0x0000, 0x0000, 0x0000, 0x0000, 0x0000, 0x0000, 0x0000,
  0x0000, 0x0000, 0x0000, 0x0000, 0x0000, 0x0000, 0x0000, 0x0000,
  0x0000, 0x0000, 0x0000, 0x0000, 0x0000, 0x0000, 0x0000, 0x0000,
  0x0000, 0x0000, 0x0000, 0x0000, 0x0000, 0x0000, 0x0000, 0x0000,
  0x0000, 0x0000, 0x0000, 0x0000, 0x0000, 0x0000, 0x0000, 0x0000,
  0x0000, 0x0000, 0x0000, 0x0000, 0x0000, 0x0000, 0x0000, 0x0000,
  0x0000, 0x0000, 0x0000, 0x0000, 0x0000, 0x0000, 0x0000, 0x0000,
  0x0000, 0x0000, 0x0000, 0x0000, 0x0000, 0x0000, 0x0000, 0x0000,
  0x0000, 0x0000, 0x0000, 0x0000, 0x0000, 0x0000, 0x0000, 0x0000,
  0x0000, 0x0000, 0x0000, 0x0000, 0x0000, 0x0000, 0x0000, 0x0000,
  0x0000, 0x0000, 0x0000, 0x0000, 0x0000, 0x0000, 0x0000, 0x0000,
  0x0000, 0x0000, 0x0000, 0x0000, 0x0000, 0x0000, 0x0000, 0x0000,
  0x0000, 0x0000, 0x0000, 0x0000, 0x0000, 0x0000, 0x0777, 0x0000,
  0x7544, 0xF544, 0xF544, 0xF544, 0xF543, 0xF765, 0xFEDA, 0xFEDB,
  0xFEDA, 0xFEDA, 0xFEDA, 0xFEDA, 0xFEDA, 0xFEDA, 0xFEDA, 0xFEDA,
  0xFEDB, 0xFEDB, 0xFEDA, 0xFDB9, 0xF754, 0xF543, 0xF544, 0xF544,
  0xF544, 0x8543, 0x0000, 0x0444, 0x0000, 0x0000, 0x0000, 0x0000,
  0x0000, 0x0000, 0x0000, 0x0000, 0x0000, 0x0000, 0x0000, 0x0555,
  0x0000, 0x4543, 0xF544, 0xF544, 0xF544, 0xF543, 0xFA98, 0xFFEB,
  0xFEDA, 0xFEDA, 0xFEDA, 0xFEDA, 0xFEDA, 0xFEDB, 0xFDCA, 0xF655,
  0xF543, 0xF544, 0xF544, 0xFA76, 0xFC97, 0xFC86, 0xFC86, 0xFC86,
  0xFC86, 0xFC86, 0xFC86, 0xFC86, 0xFDA8, 0xFEDA, 0xFEDA, 0xFEDA,
  0xFEEB, 0xFDC9, 0xF654, 0xF544, 0xF544, 0xF533, 0xFAAA, 0xFFFF,
  0xFFFF, 0xFFFF, 0xFFFF, 0xFFFF, 0xFFFF, 0xFDDD, 0xF544, 0xF544,
  0xF544, 0xF543, 0xFBA8, 0xFFEB, 0xFEDA, 0xFEDA, 0xFEDA, 0xFEDB,
  0xFDB9, 0xFC86, 0xFC86, 0xFC97, 0xFC97, 0xFC97, 0xFC97, 0xFC97,
  0xFC97, 0xF865, 0xF543, 0xF544, 0xF543, 0xF765, 0xFEDA, 0xFEDA,
  0xFEDA, 0xFEDA, 0xFEDA, 0xFEDA, 0xFEDA, 0xFEDA, 0xFEDA, 0xFEDA,
  0xFEDA, 0xFEDB, 0xFEDA, 0xF655, 0xF543, 0xF544, 0xF544, 0xA543,
  0x0000, 0x0000, 0x0000, 0x0000, 0x0000, 0x0000, 0x0000, 0x0000,
  0x0000, 0x0000, 0x0000, 0x0000, 0x0000, 0x0000, 0x0000, 0x0000,
  0x0000, 0x0000, 0x0000, 0x0000, 0x0000, 0x0000, 0x0000, 0x0000,
  0x0000, 0x0000, 0x0000, 0x0000, 0x0000, 0x0000, 0x0000, 0x0000,
  0x0000, 0x0000, 0x0000, 0x0000, 0x0000, 0x0000, 0x0000, 0x0000,
  0x0000, 0x0000, 0x0000, 0x0000, 0x0000, 0x0000, 0x0000, 0x0000,
  0x0000, 0x0000, 0x0000, 0x0000, 0x0000, 0x0000, 0x0000, 0x0000,
  0x0000, 0x0000, 0x0000, 0x0000, 0x0000, 0x0000, 0x0000, 0x0000,
  0x0000, 0x0000, 0x0000, 0x0000, 0x0000, 0x0000, 0x0000, 0x0000,
  0x0000, 0x0000, 0x0000, 0x0000, 0x0000, 0x0000, 0x0000, 0x0000,
  0x0000, 0x0000, 0x0000, 0x0000, 0x0000, 0x0000, 0x0000, 0x0000,
  0x0000, 0x0000, 0x0000, 0x0000, 0x0000, 0x0000, 0x0000, 0x0000,
  0x0000, 0x0000, 0x0000, 0x0000, 0x0000, 0x0000, 0x0000, 0x0000,
  0x0000, 0x0000, 0x0000, 0x0000, 0x0000, 0x0000, 0x0000, 0x0000,
  0x0000, 0x0000, 0x0000, 0x0000, 0x0000, 0x0000, 0x0000, 0x0000,
  0x0000, 0x0000, 0x0000, 0x0000, 0x0000, 0x0000, 0x0000, 0x0000,
  0x0444, 0xC543, 0xF544, 0xF544, 0xF544, 0xF543, 0xFA97, 0xFFEB,
  0xFEDA, 0xFEDA, 0xFEDA, 0xFEDA, 0xFEDA, 0xFEDA, 0xFEDB, 0xFEDB,
  0xFECA, 0xFDA8, 0xFC97, 0xFC97, 0xFA76, 0xF544, 0xF544, 0xF544,
  0xF544, 0xF544, 0x5543, 0x0000, 0x0555, 0x0000, 0x0000, 0x0000,
  0x0000, 0x0000, 0x0000, 0x0000, 0x0000, 0x0000, 0x0000, 0x0444,
  0x0000, 0x7543, 0xF544, 0xF544, 0xF544, 0xF544, 0xFCC9, 0xFEEB,
  0xFEDA, 0xFEDA, 0xFEDA, 0xFEDA, 0xFEDB, 0xFEDA, 0xFFEC, 0xF766,
  0xF543, 0xF544, 0xF543, 0xF976, 0xFDA8, 0xFCA7, 0xFDA8, 0xFDA8,
  0xFDA8, 0xFDA8, 0xFDA8, 0xFDB9, 0xFEDA, 0xFEDB, 0xFEDA, 0xFEDA,
  0xFEDB, 0xFDCA, 0xF654, 0xF543, 0xF544, 0xF433, 0xFA99, 0xFFFF,
  0xFFFF, 0xFFFF, 0xFFFF, 0xFFFF, 0xFFFF, 0xFDDD, 0xF544, 0xF544,
  0xF544, 0xF543, 0xFCB8, 0xFFEB, 0xFEDA, 0xFEDA, 0xFEDA, 0xFEDA,
  0xFEDA, 0xFDC9, 0xFCA7, 0xFC97, 0xFC86, 0xFC86, 0xFC97, 0xFC97,
  0xFC97, 0xF865, 0xF543, 0xF544, 0xF543, 0xF765, 0xFEDA, 0xFEDA,
  0xFEDA, 0xFEDA, 0xFEDA, 0xFEDA, 0xFEDA, 0xFEDA, 0xFEDA, 0xFEDA,
  0xFEDA, 0xFEDA, 0xFEDB, 0xF876, 0xF543, 0xF544, 0xF544, 0xD543,
  0x0633, 0x0000, 0x0000, 0x0000, 0x0000, 0x0000, 0x0000, 0x0000,
  0x0000, 0x0000, 0x0000, 0x0000, 0x0000, 0x0000, 0x0000, 0x0000,
  0x0000, 0x0000, 0x0000, 0x0000, 0x0000, 0x0000, 0x0000, 0x0000,
  0x0000, 0x0000, 0x0000, 0x0000, 0x0000, 0x0000, 0x0000, 0x0000,
  0x0000, 0x0000, 0x0000, 0x0000, 0x0000, 0x0000, 0x0000, 0x0000,
  0x0000, 0x0000, 0x0000, 0x0000, 0x0000, 0x0000, 0x0000, 0x0000,
  0x0000, 0x0000, 0x0000, 0x0000, 0x0000, 0x0000, 0x0000, 0x0000,
  0x0000, 0x0000, 0x0000, 0x0000, 0x0000, 0x0000, 0x0000, 0x0000,
  0x0000, 0x0000, 0x0000, 0x0000, 0x0000, 0x0000, 0x0000, 0x0000,
  0x0000, 0x0000, 0x0000, 0x0000, 0x0000, 0x0000, 0x0000, 0x0000,
  0x0000, 0x0000, 0x0000, 0x0000, 0x0000, 0x0000, 0x0000, 0x0000,
  0x0000, 0x0000, 0x0000, 0x0000, 0x0000, 0x0000, 0x0000, 0x0000,
  0x0000, 0x0000, 0x0000, 0x0000, 0x0000, 0x0000, 0x0000, 0x0000,
  0x0000, 0x0000, 0x0000, 0x0000, 0x0000, 0x0000, 0x0000, 0x0000,
  0x0000, 0x0000, 0x0000, 0x0000, 0x0000, 0x0000, 0x0000, 0x0000,
  0x0000, 0x0000, 0x0000, 0x0000, 0x0000, 0x0000, 0x0000, 0x0000,
  0x0000, 0x3543, 0xF544, 0xF544, 0xF544, 0xF544, 0xF544, 0xFCB9,
  0xFFEB, 0xFEDA, 0xFEDA, 0xFEDA, 0xFEDA, 0xFEDB, 0xFEDA, 0xFDA8,
  0xFC97, 0xFC86, 0xFC97, 0xFC97, 0xFC97, 0xF865, 0xF543, 0xF544,
  0xF544, 0xF544, 0xE544, 0x3543, 0x0000, 0x0777, 0x0000, 0x0000,
  0x0000, 0x0000, 0x0000, 0x0000, 0x0000, 0x0000, 0x0000, 0x0000,
  0x0000, 0xB543, 0xF544, 0xF544, 0xF543, 0xF655, 0xFEDA, 0xFEDB,
  0xFEDA, 0xFEDA, 0xFEDA, 0xFEDA, 0xFEDA, 0xFEDA, 0xFFFE, 0xF888,
  0xF533, 0xF544, 0xF433, 0xF876, 0xFEDB, 0xFEDA, 0xFEDB, 0xFEDB,
  0xFEDB, 0xFEDB, 0xFEDB, 0xFEDB, 0xFEDB, 0xFEDA, 0xFEDA, 0xFEDA,
  0xFEDB, 0xFEDA, 0xF765, 0xF543, 0xF544, 0xF433, 0xF988, 0xFFFF,
  0xFFFF, 0xFFFF, 0xFFFF, 0xFFFF, 0xFFFF, 0xFDDD, 0xF543, 0xF544,
  0xF544, 0xF543, 0xFCB9, 0xFFEB, 0xFEDA, 0xFEDA, 0xFEDA, 0xFEDA,
  0xFEDA, 0xFEDB, 0xFEDA, 0xFECA, 0xFDB8, 0xFCA8, 0xFC97, 0xFC97,
  0xFC97, 0xF865, 0xF543, 0xF544, 0xF543, 0xF765, 0xFEDA, 0xFEDA,
  0xFEDA, 0xFEDA, 0xFEDA, 0xFEDA, 0xFEDA, 0xFEDA, 0xFEDA, 0xFEDA,
  0xFEDA, 0xFEDA, 0xFFEB, 0xFA97, 0xF433, 0xF544, 0xF544, 0xE544,
  0x3543, 0x0000, 0x0770, 0x0000, 0x0000, 0x0000, 0x0000, 0x0000,
  0x0000, 0x0000, 0x0000, 0x0000, 0x0000, 0x0000, 0x0000, 0x0000,
  0x0000, 0x0000, 0x0000, 0x0000, 0x0000, 0x0000, 0x0000, 0x0000,
  0x0000, 0x0000, 0x0000, 0x0000, 0x0000, 0x0000, 0x0000, 0x0000,
  0x0000, 0x0000, 0x0000, 0x0000, 0x0000, 0x0000, 0x0000, 0x0000,
  0x0000, 0x0000, 0x0000, 0x0000, 0x0000, 0x0000, 0x0000, 0x0000,
  0x0000, 0x0000, 0x0000, 0x0000, 0x0000, 0x0000, 0x0000, 0x0000,
  0x0000, 0x0000, 0x0000, 0x0000, 0x0000, 0x0000, 0x0000, 0x0000,
  0x0000, 0x0000, 0x0000, 0x0000, 0x0000, 0x0000, 0x0000, 0x0000,
  0x0000, 0x0000, 0x0000, 0x0000, 0x0000, 0x0000, 0x0000, 0x0000,
  0x0000, 0x0000, 0x0000, 0x0000, 0x0000, 0x0000, 0x0000, 0x0000,
  0x0000, 0x0000, 0x0000, 0x0000, 0x0000, 0x0000, 0x0000, 0x0000,
  0x0000, 0x0000, 0x0000, 0x0000, 0x0000, 0x0000, 0x0000, 0x0000,
  0x0000, 0x0000, 0x0000, 0x0000, 0x0000, 0x0000, 0x0000, 0x0000,
  0x0000, 0x0000, 0x0000, 0x0000, 0x0000, 0x0000, 0x0000, 0x0000,
  0x0000, 0x0000, 0x0000, 0x0000, 0x0000, 0x0000, 0x0000, 0x0000,
  0x0555, 0x0000, 0x8543, 0xF544, 0xF544, 0xF544, 0xF543, 0xF765,
  0xFEDA, 0xFEDA, 0xFEDA, 0xFEDB, 0xFEDA, 0xFDB9, 0xFC97, 0xFC86,
  0xFC97, 0xFC97, 0xFC97, 0xFC97, 0xFC97, 0xFC97, 0xF754, 0xF543,
  0xF544, 0xF544, 0xF544, 0xD544, 0x1543, 0x0000, 0x0FFF, 0x0000,
  0x0000, 0x0000, 0x0000, 0x0000, 0x0000, 0x0000, 0x0000, 0x0000,
  0x1444, 0xE543, 0xF544, 0xF544, 0xF433, 0xF986, 0xFFEB, 0xFEDA,
  0xFEDA, 0xFEDA, 0xFEDA, 0xFEDA, 0xFEDA, 0xFEDB, 0xFFFF, 0xFBAA,
  0xF433, 0xF544, 0xF543, 0xF655, 0xFEDA, 0xFEDB, 0xFEDA, 0xFEDA,
  0xFEDA, 0xFEDA, 0xFEDA, 0xFEDA, 0xFEDA, 0xFEDA, 0xFEDA, 0xFEDA,
  0xFEDA, 0xFEDB, 0xF765, 0xF543, 0xF544, 0xF433, 0xF988, 0xFFFF,
  0xFFFF, 0xFFFF, 0xFFFF, 0xFFFF, 0xFFFF, 0xFCCC, 0xF543, 0xF544,
  0xF544, 0xF544, 0xFCB9, 0xFFEB, 0xFEDA, 0xFEDA, 0xFEDA, 0xFEDA,
  0xFEDA, 0xFEDA, 0xFEDA, 0xFEDB, 0xFEEB, 0xFEDB, 0xFEDA, 0xFECA,
  0xFEDA, 0xF986, 0xF443, 0xF544, 0xF543, 0xF765, 0xFEDB, 0xFEDA,
  0xFEDA, 0xFEDA, 0xFEDA, 0xFEDA, 0xFEDA, 0xFEDA, 0xFEDA, 0xFEDA,
  0xFEDA, 0xFEDA, 0xFFEB, 0xFCB9, 0xF544, 0xF544, 0xF544, 0xF544,
  0x5543, 0x0000, 0x0444, 0x0000, 0x0000, 0x0000, 0x0000, 0x0000,
  0x0000, 0x0000, 0x0000, 0x0000, 0x0000, 0x0000, 0x0000, 0x0000,
  0x0000, 0x0000, 0x0000, 0x0000, 0x0000, 0x0000, 0x0000, 0x0000,
  0x0000, 0x0000, 0x0000, 0x0000, 0x0000, 0x0000, 0x0000, 0x0000,
  0x0000, 0x0000, 0x0000, 0x0000, 0x0000, 0x0000, 0x0000, 0x0000,
  0x0000, 0x0000, 0x0000, 0x0000, 0x0000, 0x0000, 0x0000, 0x0000,
  0x0000, 0x0000, 0x0000, 0x0000, 0x0000, 0x0000, 0x0000, 0x0000,
  0x0000, 0x0000, 0x0000, 0x0000, 0x0000, 0x0000, 0x0000, 0x0000,
  0x0000, 0x0000, 0x0000, 0x0000, 0x0000, 0x0000, 0x0000, 0x0000,
  0x0000, 0x0000, 0x0000, 0x0000, 0x0000, 0x0000, 0x0000, 0x0000,
  0x0000, 0x0000, 0x0000, 0x0000, 0x0000, 0x0000, 0x0000, 0x0000,
  0x0000, 0x0000, 0x0000, 0x0000, 0x0000, 0x0000, 0x0000, 0x0000,
  0x0000, 0x0000, 0x0000, 0x0000, 0x0000, 0x0000, 0x0000, 0x0000,
  0x0000, 0x0000, 0x0000, 0x0000, 0x0000, 0x0000, 0x0000, 0x0000,
  0x0000, 0x0000, 0x0000, 0x0000, 0x0000, 0x0000, 0x0000, 0x0000,
  0x0000, 0x0000, 0x0000, 0x0000, 0x0000, 0x0000, 0x0000, 0x0000,
  0x0000, 0x0700, 0x1443, 0xC544, 0xF544, 0xF544, 0xF544, 0xF543,
  0xFA97, 0xFFEB, 0xFEDB, 0xFECA, 0xFCA7, 0xFC86, 0xFC97, 0xFC97,
  0xFC97, 0xFC97, 0xFC97, 0xFC97, 0xFC97, 0xFC97, 0xFB86, 0xF644,
  0xF544, 0xF544, 0xF544, 0xF544, 0xA543, 0x0000, 0x0555, 0x0000,
  0x0000, 0x0000, 0x0000, 0x0000, 0x0000, 0x0000, 0x0555, 0x0000,
  0x4543, 0xF544, 0xF544, 0xF544, 0xF543, 0xFBA8, 0xFFEB, 0xFEDA,
  0xFEDA, 0xFEDA, 0xFEDA, 0xFEDB, 0xFEDA, 0xFEEC, 0xFFFF, 0xFCCB,
  0xF543, 0xF544, 0xF544, 0xF544, 0xFDCA, 0xFEDB, 0xFEDA, 0xFEDA,
  0xFEDA, 0xFEDA, 0xFEDA, 0xFEDA, 0xFEDA, 0xFEDA, 0xFEDA, 0xFEDA,
  0xFEDA, 0xFFEB, 0xF765, 0xF543, 0xF544, 0xF433, 0xF887, 0xFFFF,
  0xFFFF, 0xFFFF, 0xFFFF, 0xFFFF, 0xFFFF, 0xFCBB, 0xF543, 0xF544,
  0xF544, 0xF544, 0xFCB9, 0xFFEB, 0xFEDA, 0xFEDA, 0xFEDA, 0xFEDA,
  0xFEDA, 0xFEDA, 0xFEDA, 0xFEDA, 0xFEDA, 0xFEDA, 0xFEDB, 0xFEDB,
  0xFFEB, 0xF987, 0xF433, 0xF544, 0xF543, 0xF766, 0xFEEC, 0xFEDA,
  0xFEDB, 0xFEDA, 0xFEDA, 0xFEDA, 0xFEDA, 0xFEDA, 0xFEDA, 0xFEDA,
  0xFEDA, 0xFEDA, 0xFEDB, 0xFDCA, 0xF654, 0xF543, 0xF544, 0xF544,
  0x8543, 0x0000, 0x0555, 0x0000, 0x0000, 0x0000, 0x0000, 0x0000,
  0x0000, 0x0000, 0x0000, 0x0000, 0x0000, 0x0000, 0x0000, 0x0000,
  0x0000, 0x0000, 0x0000, 0x0000, 0x0000, 0x0000, 0x0000, 0x0000,
  0x0000, 0x0000, 0x0000, 0x0000, 0x0000, 0x0000, 0x0000, 0x0000,
  0x0000, 0x0000, 0x0000, 0x0000, 0x0000, 0x0000, 0x0000, 0x0000,
  0x0000, 0x0000, 0x0000, 0x0000, 0x0000, 0x0000, 0x0000, 0x0000,
  0x0000, 0x0000, 0x0000, 0x0000, 0x0000, 0x0000, 0x0000, 0x0000,
  0x0000, 0x0000, 0x0000, 0x0000, 0x0000, 0x0000, 0x0000, 0x0000,
  0x0000, 0x0000, 0x0000, 0x0000, 0x0000, 0x0000, 0x0000, 0x0000,
  0x0000, 0x0000, 0x0000, 0x0000, 0x0000, 0x0000, 0x0000, 0x0000,
  0x0000, 0x0000, 0x0000, 0x0000, 0x0000, 0x0000, 0x0000, 0x0000,
  0x0000, 0x0000, 0x0000, 0x0000, 0x0000, 0x0000, 0x0000, 0x0000,
  0x0000, 0x0000, 0x0000, 0x0000, 0x0000, 0x0000, 0x0000, 0x0000,
  0x0000, 0x0000, 0x0000, 0x0000, 0x0000, 0x0000, 0x0000, 0x0000,
  0x0000, 0x0000, 0x0000, 0x0000, 0x0000, 0x0000, 0x0000, 0x0000,
  0x0000, 0x0000, 0x0000, 0x0000, 0x0000, 0x0000, 0x0000, 0x0000,
  0x0000, 0x0000, 0x0000, 0x3543, 0xF544, 0xF544, 0xF544, 0xF543,
  0xF654, 0xFDCA, 0xFEC9, 0xFC97, 0xFC86, 0xFC97, 0xFC97, 0xFC97,
  0xFC97, 0xFC97, 0xFC97, 0xFC97, 0xFC97, 0xFC97, 0xFC97, 0xFA86,
  0xF544, 0xF544, 0xF544, 0xF544, 0xF544, 0x5543, 0x0000, 0x0555,
  0x0000, 0x0000, 0x0000, 0x0000, 0x0000, 0x0000, 0x0555, 0x0000,
  0x7543, 0xF544, 0xF544, 0xF544, 0xF544, 0xFDC9, 0xFEEB, 0xFEDA,
  0xFEDA, 0xFEDA, 0xFEDA, 0xFEDB, 0xFEDA, 0xFEED, 0xFFFF, 0xFDCC,
  0xF544, 0xF544, 0xF544, 0xF544, 0xFCB9, 0xFFEB, 0xFEDA, 0xFEDA,
  0xFEDA, 0xFEDA, 0xFEDA, 0xFEDA, 0xFEDA, 0xFEDA, 0xFEDA, 0xFEDA,
  0xFEDA, 0xFFEB, 0xF876, 0xF543, 0xF544, 0xF533, 0xF877, 0xFFFF,
  0xFFFF, 0xFFFF, 0xFFFF, 0xFFFF, 0xFFFF, 0xFBAA, 0xF543, 0xF544,
  0xF544, 0xF544, 0xFDC9, 0xFFEB, 0xFEDA, 0xFEDA, 0xFEDA, 0xFEDA,
  0xFEDA, 0xFEDA, 0xFEDA, 0xFEDA, 0xFEDA, 0xFEDA, 0xFEDA, 0xFEDA,
  0xFFEB, 0xF987, 0xF433, 0xF544, 0xF543, 0xF766, 0xFFEE, 0xFEDA,
  0xFEDA, 0xFEDA, 0xFEDA, 0xFEDA, 0xFEDA, 0xFEDA, 0xFEDA, 0xFEDA,
  0xFEDA, 0xFEDA, 0xFEDB, 0xFEDA, 0xF765, 0xF543, 0xF544, 0xF544,
  0xB543, 0x0000, 0x0000, 0x0000, 0x0000, 0x0000, 0x0000, 0x0000,
  0x0000, 0x0000, 0x0000, 0x0000, 0x0000, 0x0000, 0x0000, 0x0000,
  0x0000, 0x0000, 0x0000, 0x0000, 0x0000, 0x0000, 0x0000, 0x0000,
  0x0000, 0x0000, 0x0000, 0x0000, 0x0000, 0x0000, 0x0000, 0x0000,
  0x0000, 0x0000, 0x0000, 0x0000, 0x0000, 0x0000, 0x0000, 0x0000,
  0x0000, 0x0000, 0x0000, 0x0000, 0x0000, 0x0000, 0x0000, 0x0000,
  0x0000, 0x0000, 0x0000, 0x0000, 0x0000, 0x0000, 0x0000, 0x0000,
  0x0000, 0x0000, 0x0000, 0x0000, 0x0000, 0x0000, 0x0000, 0x0000,
  0x0000, 0x0000, 0x0000, 0x0000, 0x0000, 0x0000, 0x0000, 0x0000,
  0x0000, 0x0000, 0x0000, 0x0000, 0x0000, 0x0000, 0x0000, 0x0000,
  0x0000, 0x0000, 0x0000, 0x0000, 0x0000, 0x0000, 0x0000, 0x0000,
  0x0000, 0x0000, 0x0000, 0x0000, 0x0000, 0x0000, 0x0000, 0x0000,
  0x0000, 0x0000, 0x0000, 0x0000, 0x0000, 0x0000, 0x0000, 0x0000,
  0x0000, 0x0000, 0x0000, 0x0000, 0x0000, 0x0000, 0x0000, 0x0000,
  0x0000, 0x0000, 0x0000, 0x0000, 0x0000, 0x0000, 0x0000, 0x0000,
  0x0000, 0x0000, 0x0000, 0x0000, 0x0000, 0x0000, 0x0000, 0x0000,
  0x0000, 0x0000, 0x0555, 0x0000, 0x8543, 0xF544, 0xF544, 0xF544,
  0xF543, 0xF865, 0xFC97, 0xFC86, 0xFC97, 0xFC97, 0xFC97, 0xFC97,
  0xFC97, 0xFC97, 0xFC97, 0xFC97, 0xFC97, 0xFC97, 0xFC97, 0xFC97,
  0xF975, 0xF543, 0xF544, 0xF544, 0xF544, 0xD544, 0x1444, 0x0000,
  0x0770, 0x0000, 0x0000, 0x0000, 0x0000, 0x0000, 0x0000, 0x0000,
  0xB543, 0xF544, 0xF544, 0xF543, 0xF765, 0xFEDA, 0xFEDB, 0xFEDA,
  0xFEDA, 0xFEDA, 0xFEDA, 0xFEDA, 0xFEDA, 0xFFEE, 0xFFFF, 0xFEEE,
  0xF654, 0xF543, 0xF544, 0xF543, 0xFBA8, 0xFFEB, 0xFEDA, 0xFEDA,
  0xFEDA, 0xFEDA, 0xFEDA, 0xFEDA, 0xFEDA, 0xFEDA, 0xFEDA, 0xFEDA,
  0xFEDA, 0xFFEB, 0xF876, 0xF543, 0xF544, 0xF543, 0xF776, 0xFFFF,
  0xFFFF, 0xFFFF, 0xFFFF, 0xFFFF, 0xFFFF, 0xFA99, 0xF533, 0xF544,
  0xF543, 0xF654, 0xFDCA, 0xFEEB, 0xFEDA, 0xFEDA, 0xFEDA, 0xFEDA,
  0xFEDA, 0xFEDA, 0xFEDA, 0xFEDA, 0xFEDA, 0xFEDA, 0xFEDA, 0xFEDA,
  0xFFEB, 0xF987, 0xF433, 0xF544, 0xF543, 0xF766, 0xFFFF, 0xFEDB,
  0xFEDA, 0xFEDA, 0xFEDA, 0xFEDA, 0xFEDA, 0xFEDA, 0xFEDA, 0xFEDA,
  0xFEDA, 0xFEDA, 0xFEDA, 0xFFEB, 0xF986, 0xF433, 0xF544, 0xF544,
  0xD543, 0x1433, 0x0000, 0x0000, 0x0000, 0x0000, 0x0000, 0x0000,
  0x0000, 0x0000, 0x0000, 0x0000, 0x0000, 0x0000, 0x0000, 0x0000,
  0x0000, 0x0000, 0x0000, 0x0000, 0x0000, 0x0000, 0x0000, 0x0000,
  0x0000, 0x0000, 0x0000, 0x0000, 0x0000, 0x0000, 0x0000, 0x0000,
  0x0000, 0x0000, 0x0000, 0x0000, 0x0000, 0x0000, 0x0000, 0x0000,
  0x0000, 0x0000, 0x0000, 0x0000, 0x0000, 0x0000, 0x0000, 0x0000,
  0x0000, 0x0000, 0x0000, 0x0000, 0x0000, 0x0000, 0x0000, 0x0000,
  0x0000, 0x0000, 0x0000, 0x0000, 0x0000, 0x0000, 0x0000, 0x0000,
  0x0000, 0x0000, 0x0000, 0x0000, 0x0000, 0x0000, 0x0000, 0x0000,
  0x0000, 0x0000, 0x0000, 0x0000, 0x0000, 0x0000, 0x0000, 0x0000,
  0x0000, 0x0000, 0x0000, 0x0000, 0x0000, 0x0000, 0x0000, 0x0000,
  0x0000, 0x0000, 0x0000, 0x0000, 0x0000, 0x0000, 0x0000, 0x0000,
  0x0000, 0x0000, 0x0000, 0x0000, 0x0000, 0x0000, 0x0000, 0x0000,
  0x0000, 0x0000, 0x0000, 0x0000, 0x0000, 0x0000, 0x0000, 0x0000,
  0x0000, 0x0000, 0x0000, 0x0000, 0x0000, 0x0000, 0x0000, 0x0000,
  0x0000, 0x0000, 0x0000, 0x0000, 0x0000, 0x0000, 0x0000, 0x0000,
  0x0000, 0x0000, 0x0700, 0x0000, 0x1543, 0xD543, 0xF544, 0xF544,
  0xF544, 0xF543, 0xFA76, 0xFC97, 0xFC97, 0xFC97, 0xFC97, 0xFC97,
  0xFC97, 0xFC97, 0xFC97, 0xFC97, 0xFC97, 0xFC97, 0xFC97, 0xFC97,
  0xFC97, 0xF765, 0xF543, 0xF544, 0xF544, 0xF544, 0x9543, 0x0000,
  0x0777, 0x0000, 0x0000, 0x0000, 0x0000, 0x0000, 0x0000, 0x1543,
  0xE543, 0xF544, 0xF544, 0xF433, 0xF987, 0xFFEB, 0xFEDA, 0xFEDA,
  0xFEDA, 0xFEDA, 0xFEDA, 0xFEDA, 0xFEDB, 0xFFFF, 0xFFFF, 0xFFFF,
  0xF665, 0xF543, 0xF544, 0xF543, 0xFA97, 0xFFEB, 0xFEDA, 0xFEDB,
  0xFEDB, 0xFEDB, 0xFEEB, 0xFEDB, 0xFEDA, 0xFEDA, 0xFEDA, 0xFEDA,
  0xFEDA, 0xFFEB, 0xF876, 0xF543, 0xF544, 0xF543, 0xF766, 0xFFFF,
  0xFFFF, 0xFFFF, 0xFFFF, 0xFFFF, 0xFFFF, 0xF999, 0xF433, 0xF544,
  0xF543, 0xF654, 0xFDCA, 0xFEDB, 0xFEDA, 0xFEDA, 0xFEDA, 0xFEDA,
  0xFEDA, 0xFEDA, 0xFEDA, 0xFEDA, 0xFEDA, 0xFEDA, 0xFEDA, 0xFEDA,
  0xFFEB, 0xF987, 0xF433, 0xF544, 0xF543, 0xF766, 0xFFFF, 0xFEEC,
  0xFEDA, 0xFEDB, 0xFEDA, 0xFEDA, 0xFEDA, 0xFEDA, 0xFEDA, 0xFEDA,
  0xFEDA, 0xFEDA, 0xFEDA, 0xFFEB, 0xFA98, 0xF543, 0xF544, 0xF544,
  0xF544, 0x3543, 0x0000, 0x0555, 0x0000, 0x0000, 0x0000, 0x0000,
  0x0000, 0x0000, 0x0000, 0x0000, 0x0000, 0x0000, 0x0000, 0x0000,
  0x0000, 0x0000, 0x0000, 0x0000, 0x0000, 0x0000, 0x0000, 0x0000,
  0x0000, 0x0000, 0x0000, 0x0000, 0x0000, 0x0000, 0x0000, 0x0000,
  0x0000, 0x0000, 0x0000, 0x0000, 0x0000, 0x0000, 0x0000, 0x0000,
  0x0000, 0x0000, 0x0000, 0x0000, 0x0000, 0x0000, 0x0000, 0x0000,
  0x0000, 0x0000, 0x0000, 0x0000, 0x0000, 0x0000, 0x0000, 0x0000,
  0x0000, 0x0000, 0x0000, 0x0000, 0x0000, 0x0000, 0x0000, 0x0000,
  0x0000, 0x0000, 0x0000, 0x0000, 0x0000, 0x0000, 0x0000, 0x0000,
  0x0000, 0x0000, 0x0000, 0x0000, 0x0000, 0x0000, 0x0000, 0x0000,
  0x0000, 0x0000, 0x0000, 0x0000, 0x0000, 0x0000, 0x0000, 0x0000,
  0x0000, 0x0000, 0x0000, 0x0000, 0x0000, 0x0000, 0x0000, 0x0000,
  0x0000, 0x0000, 0x0000, 0x0000, 0x0000, 0x0000, 0x0000, 0x0000,
  0x0000, 0x0000, 0x0000, 0x0000, 0x0000, 0x0000, 0x0000, 0x0000,
  0x0000, 0x0000, 0x0000, 0x0000, 0x0000, 0x0000, 0x0000, 0x0000,
  0x0000, 0x0000, 0x0000, 0x0000, 0x0000, 0x0000, 0x0000, 0x0000,
  0x0000, 0x0000, 0x0000, 0x0555, 0x0000, 0x5543, 0xF544, 0xF544,
  0xF544, 0xF543, 0xF754, 0xFC97, 0xFC97, 0xFC97, 0xFC97, 0xFC97,
  0xFC97, 0xFC97, 0xFC97, 0xFC97, 0xFC97, 0xFC97, 0xFC97, 0xFC97,
  0xFC97, 0xFB86, 0xF644, 0xF544, 0xF544, 0xF544, 0xF544, 0x3543,
  0x0000, 0x0500, 0x0000, 0x0000, 0x0000, 0x0555, 0x0000, 0x5543,
  0xF544, 0xF544, 0xF544, 0xF543, 0xFBA8, 0xFFEB, 0xFEDA, 0xFEDA,
  0xFEDA, 0xFEDA, 0xFEDB, 0xFEDA, 0xFEEC, 0xFFFF, 0xFFFF, 0xFFFF,
  0xF766, 0xF543, 0xF544, 0xF433, 0xF987, 0xFFEB, 0xFEDA, 0xFEDA,
  0xFEC9, 0xFDB8, 0xFDB8, 0xFEC9, 0xFEDB, 0xFEDA, 0xFEDA, 0xFEDA,
  0xFEDA, 0xFFEB, 0xF876, 0xF543, 0xF544, 0xF543, 0xF766, 0xFFFF,
  0xFFFF, 0xFFFF, 0xFFFF, 0xFFFF, 0xFFFF, 0xF988, 0xF433, 0xF544,
  0xF543, 0xF765, 0xFEDA, 0xFEDB, 0xFEDA, 0xFEDA, 0xFEDA, 0xFEDA,
  0xFEDA, 0xFEDA, 0xFEDB, 0xFEDB, 0xFEDB, 0xFEDA, 0xFEDA, 0xFEDA,
  0xFFEB, 0xF987, 0xF433, 0xF544, 0xF543, 0xF766, 0xFFFF, 0xFEEC,
  0xFEDA, 0xFEDB, 0xFEDA, 0xFEDA, 0xFEDA, 0xFEDA, 0xFEDA, 0xFEDA,
  0xFEDA, 0xFEDA, 0xFEDA, 0xFFEB, 0xFCB9, 0xF544, 0xF544, 0xF544,
  0xF544, 0x6543, 0x0000, 0x0444, 0x0000, 0x0000, 0x0000, 0x0000,
  0x0000, 0x0000, 0x0000, 0x0000, 0x0000, 0x0000, 0x0000, 0x0000,
  0x0000, 0x0000, 0x0000, 0x0000, 0x0000, 0x0000, 0x0000, 0x0000,
  0x0000, 0x0000, 0x0000, 0x0000, 0x0000, 0x0000, 0x0000, 0x0000,
  0x0000, 0x0000, 0x0000, 0x0000, 0x0000, 0x0000, 0x0000, 0x0000,
  0x0000, 0x0000, 0x0000, 0x0000, 0x0000, 0x0000, 0x0000, 0x0000,
  0x0000, 0x0000, 0x0000, 0x0000, 0x0000, 0x0000, 0x0000, 0x0000,
  0x0000, 0x0000, 0x0000, 0x0000, 0x0000, 0x0000, 0x0000, 0x0000,
  0x0000, 0x0000, 0x0000, 0x0000, 0x0000, 0x0000, 0x0000, 0x0000,
  0x0000, 0x0000, 0x0000, 0x0000, 0x0000, 0x0000, 0x0000, 0x0000,
  0x0000, 0x0000, 0x0000, 0x0000, 0x0000, 0x0000, 0x0000, 0x0000,
  0x0000, 0x0000, 0x0000, 0x0000, 0x0000, 0x0000, 0x0000, 0x0000,
  0x0000, 0x0000, 0x0000, 0x0000, 0x0000, 0x0000, 0x0000, 0x0000,
  0x0000, 0x0000, 0x0000, 0x0000, 0x0000, 0x0000, 0x0000, 0x0000,
  0x0000, 0x0000, 0x0000, 0x0000, 0x0000, 0x0000, 0x0000, 0x0000,
  0x0000, 0x0000, 0x0000, 0x0000, 0x0000, 0x0000, 0x0000, 0x0000,
  0x0000, 0x0000, 0x0000, 0x0000, 0x0700, 0x00F0, 0xB544, 0xF544,
  0xF544, 0xF544, 0xF544, 0xFA76, 0xFC97, 0xFC97, 0xFC97, 0xFC97,
  0xFC97, 0xFC97, 0xFC97, 0xFC97, 0xFC97, 0xFC97, 0xFC97, 0xFC97,
  0xFC97, 0xFC97, 0xF975, 0xF543, 0xF544, 0xF544, 0xF544, 0xB543,
  0x0770, 0x0F00, 0x0000, 0x0000, 0x0000, 0x0555, 0x0000, 0x8543,
  0xF544, 0xF544, 0xF543, 0xF544, 0xFDCA, 0xFEDB, 0xFEDA, 0xFEDA,
  0xFEDA, 0xFEDA, 0xFEDB, 0xFEDA, 0xFEEC, 0xFFFF, 0xFFFF, 0xFFFF,
  0xF766, 0xF543, 0xF544, 0xF543, 0xF875, 0xFDB8, 0xFCA7, 0xFC97,
  0xFC96, 0xFC86, 0xFC86, 0xFC97, 0xFECA, 0xFEDB, 0xFEDA, 0xFEDA,
  0xFEDA, 0xFFEB, 0xF876, 0xF543, 0xF544, 0xF543, 0xF766, 0xFFFF,
  0xFFFF, 0xFFFF, 0xFFFF, 0xFFFF, 0xFFFF, 0xF988, 0xF433, 0xF544,
  0xF543, 0xF765, 0xFEDA, 0xFEDA, 0xFEDA, 0xFEDA, 0xFEDA, 0xFEDA,
  0xFEDA, 0xFEDB, 0xFEDA, 0xFEDA, 0xFEDA, 0xFEDB, 0xFEEB, 0xFEDB,
  0xFFEB, 0xF986, 0xF433, 0xF544, 0xF543, 0xF766, 0xFFFF, 0xFFED,
  0xFEDA, 0xFEDB, 0xFEDA, 0xFEDA, 0xFEDA, 0xFEDA, 0xFEDA, 0xFEDA,
  0xFEDA, 0xFEDA, 0xFEDA, 0xFEDB, 0xFEDA, 0xF654, 0xF543, 0xF544,
  0xF544, 0x9544, 0x0000, 0x0777, 0x0000, 0x0000, 0x0000, 0x0000,
  0x0000, 0x0000, 0x0000, 0x0000, 0x0000, 0x0000, 0x0000, 0x0000,
  0x0000, 0x0000, 0x0000, 0x0000, 0x0000, 0x0000, 0x0000, 0x0000,
  0x0000, 0x0000, 0x0000, 0x0000, 0x0000, 0x0000, 0x0000, 0x0000,
  0x0000, 0x0000, 0x0000, 0x0000, 0x0000, 0x0000, 0x0000, 0x0000,
  0x0000, 0x0000, 0x0000, 0x0000, 0x0000, 0x0000, 0x0000, 0x0000,
  0x0000, 0x0000, 0x0000, 0x0000, 0x0000, 0x0000, 0x0000, 0x0000,
  0x0000, 0x0000, 0x0000, 0x0000, 0x0000, 0x0000, 0x0000, 0x0000,
  0x0000, 0x0000, 0x0000, 0x0000, 0x0000, 0x0000, 0x0000, 0x0000,
  0x0000, 0x0000, 0x0000, 0x0000, 0x0000, 0x0000, 0x0000, 0x0000,
  0x0000, 0x0000, 0x0000, 0x0000, 0x0000, 0x0000, 0x0000, 0x0000,
  0x0000, 0x0000, 0x0000, 0x0000, 0x0000, 0x0000, 0x0000, 0x0000,
  0x0000, 0x0000, 0x0000, 0x0000, 0x0000, 0x0000, 0x0000, 0x0000,
  0x0000, 0x0000, 0x0000, 0x0000, 0x0000, 0x0000, 0x0000, 0x0000,
  0x0000, 0x0000, 0x0000, 0x0000, 0x0000, 0x0000, 0x0000, 0x0000,
  0x0000, 0x0000, 0x0000, 0x0000, 0x0000, 0x0000, 0x0000, 0x0000,
  0x0000, 0x0000, 0x0000, 0x0000, 0x0550, 0x0000, 0x4544, 0xF544,
  0xF544, 0xF544, 0xF543, 0xF765, 0xFC97, 0xFC97, 0xFC97, 0xFC97,
  0xFC97, 0xFC97, 0xFC97, 0xFC97, 0xFC97, 0xFC97, 0xFC97, 0xFC97,
  0xFC86, 0xFC86, 0xFC97, 0xF765, 0xF543, 0xF544, 0xF544, 0xF544,
  0x5543, 0x0000, 0x0555, 0x0000, 0x0000, 0x0000, 0x0000, 0xB543,
  0xF544, 0xF544, 0xF543, 0xF765, 0xFEDA, 0xFEDB, 0xFEDA, 0xFEDA,
  0xFEDA, 0xFEDA, 0xFEDB, 0xFEDA, 0xFFED, 0xFFFF, 0xFFFF, 0xFFFF,
  0xF776, 0xF543, 0xF544, 0xF543, 0xF865, 0xFC96, 0xFC86, 0xFC97,
  0xFC97, 0xFC97, 0xFC97, 0xFC86, 0xFDB9, 0xFEDB, 0xFEDA, 0xFEDA,
  0xFEDA, 0xFFEB, 0xF986, 0xF543, 0xF544, 0xF543, 0xF765, 0xFEEE,
  0xFFFF, 0xFFFF, 0xFFFF, 0xFFFF, 0xFFFF, 0xF887, 0xF433, 0xF544,
  0xF543, 0xF765, 0xFEDB, 0xFEDA, 0xFEDA, 0xFEDA, 0xFEDA, 0xFEDA,
  0xFEDA, 0xFDB9, 0xFC97, 0xFC97, 0xFC97, 0xFCA8, 0xFDA8, 0xFDB8,
  0xFEB9, 0xF876, 0xF543, 0xF544, 0xF543, 0xF776, 0xFFFF, 0xFFEE,
  0xFEDA, 0xFEDA, 0xFEDA, 0xFEDA, 0xFEDA, 0xFEDA, 0xFEDA, 0xFEDA,
  0xFEDA, 0xFEDA, 0xFEDA, 0xFEDA, 0xFEDA, 0xF765, 0xF543, 0xF544,
  0xF544, 0xC544, 0x0000, 0x0000, 0x0000, 0x0000, 0x0000, 0x0000,
  0x0000, 0x0000, 0x0000, 0x0000, 0x0000, 0x0000, 0x0000, 0x0000,
  0x0000, 0x0000, 0x0000, 0x0000, 0x0000, 0x0000, 0x0000, 0x0000,
  0x0000, 0x0000, 0x0000, 0x0000, 0x0000, 0x0000, 0x0000, 0x0000,
  0x0000, 0x0000, 0x0000, 0x0000, 0x0000, 0x0000, 0x0000, 0x0000,
  0x0000, 0x0000, 0x0000, 0x0000, 0x0000, 0x0000, 0x0000, 0x0000,
  0x0000, 0x0000, 0x0000, 0x0000, 0x0000, 0x0000, 0x0000, 0x0000,
  0x0000, 0x0000, 0x0000, 0x0000, 0x0000, 0x0000, 0x0000, 0x0000,
  0x0000, 0x0000, 0x0000, 0x0000, 0x0000, 0x0000, 0x0000, 0x0000,
  0x0000, 0x0000, 0x0000, 0x0000, 0x0000, 0x0000, 0x0000, 0x0000,
  0x0000, 0x0000, 0x0000, 0x0000, 0x0000, 0x0000, 0x0000, 0x0000,
  0x0000, 0x0000, 0x0000, 0x0000, 0x0000, 0x0000, 0x0000, 0x0000,
  0x0000, 0x0000, 0x0000, 0x0000, 0x0000, 0x0000, 0x0000, 0x0000,
  0x0000, 0x0000, 0x0000, 0x0000, 0x0000, 0x0000, 0x0000, 0x0000,
  0x0000, 0x0000, 0x0000, 0x0000, 0x0000, 0x0000, 0x0000, 0x0000,
  0x0000, 0x0000, 0x0000, 0x0000, 0x0000, 0x0000, 0x0000, 0x0000,
  0x0000, 0x0000, 0x0000, 0x0000, 0x0000, 0x0700, 0x0000, 0xB543,
  0xF544, 0xF544, 0xF544, 0xF544, 0xFB86, 0xFC97, 0xFC97, 0xFC97,
  0xFC97, 0xFC97, 0xFC97, 0xFC97, 0xFC97, 0xFC97, 0xFC86, 0xFC97,
  0xFDA8, 0xFDC9, 0xFFDB, 0xFCB9, 0xF544, 0xF544, 0xF544, 0xF544,
  0xB543, 0x0000, 0x0F00, 0x0000, 0x0000, 0x0000, 0x1443, 0xE544,
  0xF544, 0xF544, 0xF433, 0xF987, 0xFFEB, 0xFEDA, 0xFEDA, 0xFEDA,
  0xFEDA, 0xFEDA, 0xFEDA, 0xFEDA, 0xFFED, 0xFFFF, 0xFFFF, 0xFFFF,
  0xF877, 0xF543, 0xF544, 0xF543, 0xF765, 0xFC97, 0xFC97, 0xFC97,
  0xFC97, 0xFC97, 0xFC86, 0xFC97, 0xFEDA, 0xFEDB, 0xFEDA, 0xFEDA,
  0xFEDA, 0xFFEB, 0xF986, 0xF543, 0xF544, 0xF543, 0xF765, 0xFEEE,
  0xFFFF, 0xFFFF, 0xFFFF, 0xFFFF, 0xFFFF, 0xF877, 0xF433, 0xF544,
  0xF543, 0xF875, 0xFFEB, 0xFEDA, 0xFEDA, 0xFEDA, 0xFEDA, 0xFEDB,
  0xFECA, 0xFC97, 0xFC86, 0xFC97, 0xFC97, 0xFC86, 0xFC86, 0xFC86,
  0xFC97, 0xF765, 0xF543, 0xF544, 0xF543, 0xF776, 0xFFFF, 0xFFFE,
  0xFEDB, 0xFEDA, 0xFEDA, 0xFEDA, 0xFEDA, 0xFEDA, 0xFEDA, 0xFEDA,
  0xFEDA, 0xFEDA, 0xFEDA, 0xFEDA, 0xFFEB, 0xF987, 0xF433, 0xF544,
  0xF544, 0xE544, 0x1443, 0x0000, 0x0000, 0x0000, 0x0000, 0x0000,
  0x0000, 0x0000, 0x0000, 0x0000, 0x0000, 0x0000, 0x0000, 0x0000,
  0x0000, 0x0000, 0x0000, 0x0000, 0x0000, 0x0000, 0x0000, 0x0000,
  0x0000, 0x0000, 0x0000, 0x0000, 0x0000, 0x0000, 0x0000, 0x0000,
  0x0000, 0x0000, 0x0000, 0x0000, 0x0000, 0x0000, 0x0000, 0x0000,
  0x0000, 0x0000, 0x0000, 0x0000, 0x0000, 0x0000, 0x0000, 0x0000,
  0x0000, 0x0000, 0x0000, 0x0000, 0x0000, 0x0000, 0x0000, 0x0000,
  0x0000, 0x0000, 0x0000, 0x0000, 0x0000, 0x0000, 0x0000, 0x0000,
  0x0000, 0x0000, 0x0000, 0x0000, 0x0000, 0x0000, 0x0000, 0x0000,
  0x0000, 0x0000, 0x0000, 0x0000, 0x0000, 0x0000, 0x0000, 0x0000,
  0x0000, 0x0000, 0x0000, 0x0000, 0x0000, 0x0000, 0x0000, 0x0000,
  0x0000, 0x0000, 0x0000, 0x0000, 0x0000, 0x0000, 0x0000, 0x0000,
  0x0000, 0x0000, 0x0000, 0x0000, 0x0000, 0x0000, 0x0000, 0x0000,
  0x0000, 0x0000, 0x0000, 0x0000, 0x0000, 0x0000, 0x0000, 0x0000,
  0x0000, 0x0000, 0x0000, 0x0000, 0x0000, 0x0000, 0x0000, 0x0000,
  0x0000, 0x0000, 0x0000, 0x0000, 0x0000, 0x0000, 0x0000, 0x0000,
  0x0000, 0x0000, 0x0000, 0x0000, 0x0000, 0x0555, 0x0000, 0x5543,
  0xF544, 0xF544, 0xF544, 0xF543, 0xF975, 0xFC97, 0xFC97, 0xFC97,
  0xFC97, 0xFC97, 0xFC97, 0xFC86, 0xFC86, 0xFC97, 0xFDB8, 0xFECA,
  0xFEDB, 0xFEDB, 0xFEDA, 0xFFEB, 0xF876, 0xF543, 0xF544, 0xF544,
  0xE543, 0x2543, 0x0000, 0x0000, 0x0555, 0x0000, 0x4543, 0xF544,
  0xF544, 0xF544, 0xF543, 0xFBA8, 0xFFEB, 0xFEDA, 0xFEDA, 0xFEDA,
  0xFEDA, 0xFEDA, 0xFEDA, 0xFEDA, 0xFFFE, 0xFFFF, 0xFFFF, 0xFFFF,
  0xF877, 0xF533, 0xF544, 0xF543, 0xF754, 0xFC86, 0xFC86, 0xFC86,
  0xFC86, 0xFC97, 0xFDA8, 0xFECA, 0xFEDB, 0xFEDA, 0xFEDA, 0xFEDA,
  0xFEDA, 0xFFEB, 0xF986, 0xF543, 0xF544, 0xF543, 0xF665, 0xFEEE,
  0xFFFF, 0xFFFF, 0xFFFF, 0xFFFF, 0xFFFF, 0xF877, 0xF433, 0xF544,
  0xF543, 0xF876, 0xFFEB, 0xFEDA, 0xFEDA, 0xFEDA, 0xFEDA, 0xFEDB,
  0xFECA, 0xFC97, 0xFC96, 0xFC97, 0xFC97, 0xFC97, 0xFC97, 0xFC97,
  0xFC97, 0xF754, 0xF543, 0xF544, 0xF543, 0xF877, 0xFFFF, 0xFFFF,
  0xFEEB, 0xFEDA, 0xFEDB, 0xFEDA, 0xFEDA, 0xFEDA, 0xFEDA, 0xFEDA,
  0xFEDA, 0xFEDA, 0xFEDA, 0xFEDA, 0xFFEB, 0xFBA8, 0xF543, 0xF544,
  0xF544, 0xF544, 0x4543, 0x0000, 0x0000, 0x0000, 0x0000, 0x0000,
  0x0000, 0x0000, 0x0000, 0x0000, 0x0000, 0x0000, 0x0000, 0x0000,
  0x0000, 0x0000, 0x0000, 0x0000, 0x0000, 0x0000, 0x0000, 0x0000,
  0x0000, 0x0000, 0x0000, 0x0000, 0x0000, 0x0000, 0x0000, 0x0000,
  0x0000, 0x0000, 0x0000, 0x0000, 0x0000, 0x0000, 0x0000, 0x0000,
  0x0000, 0x0000, 0x0000, 0x0000, 0x0000, 0x0000, 0x0000, 0x0000,
  0x0000, 0x0000, 0x0000, 0x0000, 0x0000, 0x0000, 0x0000, 0x0000,
  0x0000, 0x0000, 0x0000, 0x0000, 0x0000, 0x0000, 0x0000, 0x0000,
  0x0000, 0x0000, 0x0000, 0x0000, 0x0000, 0x0000, 0x0000, 0x0000,
  0x0000, 0x0000, 0x0000, 0x0000, 0x0000, 0x0000, 0x0000, 0x0000,
  0x0000, 0x0000, 0x0000, 0x0000, 0x0000, 0x0000, 0x0000, 0x0000,
  0x0000, 0x0000, 0x0000, 0x0000, 0x0000, 0x0000, 0x0000, 0x0000,
  0x0000, 0x0000, 0x0000, 0x0000, 0x0000, 0x0000, 0x0000, 0x0000,
  0x0000, 0x0000, 0x0000, 0x0000, 0x0000, 0x0000, 0x0000, 0x0000,
  0x0000, 0x0000, 0x0000, 0x0000, 0x0000, 0x0000, 0x0000, 0x0000,
  0x0000, 0x0000, 0x0000, 0x0000, 0x0000, 0x0000, 0x0000, 0x0000,
  0x0000, 0x0000, 0x0000, 0x0000, 0x0000, 0x0000, 0x0000, 0x1533,
  0xD544, 0xF544, 0xF544, 0xF543, 0xF754, 0xFC97, 0xFC97, 0xFC97,
  0xFC97, 0xFC86, 0xFC86, 0xFC97, 0xFDB9, 0xFEDA, 0xFEEB, 0xFEDB,
  0xFEDA, 0xFEDA, 0xFEDA, 0xFFEB, 0xFBA8, 0xF543, 0xF544, 0xF544,
  0xF544, 0x5543, 0x0000, 0x0444, 0x0444, 0x0000, 0x6543, 0xF544,
  0xF544, 0xF544, 0xF544, 0xFCC9, 0xFEEB, 0xFEDA, 0xFEDA, 0xFEDA,
  0xFEDA, 0xFEDA, 0xFEDA, 0xFEDA, 0xFFFE, 0xFFFF, 0xFFFF, 0xFFFF,
  0xF887, 0xF533, 0xF544, 0xF543, 0xF755, 0xFCA8, 0xFDA8, 0xFDB8,
  0xFDC9, 0xFEDA, 0xFEDB, 0xFEDB, 0xFEDA, 0xFEDA, 0xFEDA, 0xFEDA,
  0xFEDA, 0xFFEB, 0xF986, 0xF543, 0xF544, 0xF543, 0xF665, 0xFEEE,
  0xFFFF, 0xFFFF, 0xFFFF, 0xFFFF, 0xFFFF, 0xF877, 0xF433, 0xF544,
  0xF543, 0xF876, 0xFFEB, 0xFEDA, 0xFEDA, 0xFEDA, 0xFEDA, 0xFEDA,
  0xFEDB, 0xFDB9, 0xFC97, 0xFC86, 0xFC86, 0xFC86, 0xFC86, 0xFC96,
  0xFC96, 0xF754, 0xF543, 0xF544, 0xF533, 0xF887, 0xFFFF, 0xFFFF,
  0xFEEC, 0xFEDA, 0xFEDB, 0xFEDA, 0xFEDA, 0xFEDA, 0xFEDA, 0xFEDA,
  0xFEDA, 0xFEDA, 0xFEDA, 0xFEDA, 0xFFEB, 0xFCB9, 0xF544, 0xF544,
  0xF544, 0xF544, 0x6543, 0x0000, 0x0000, 0x0000, 0x0000, 0x0000,
  0x0000, 0x0000, 0x0000, 0x0000, 0x0000, 0x0000, 0x0000, 0x0000,
  0x0000, 0x0000, 0x0000, 0x0000, 0x0000, 0x0000, 0x0000, 0x0000,
  0x0000, 0x0000, 0x0000, 0x0000, 0x0000, 0x0000, 0x0000, 0x0000,
  0x0000, 0x0000, 0x0000, 0x0000, 0x0000, 0x0000, 0x0000, 0x0000,
  0x0000, 0x0000, 0x0000, 0x0000, 0x0000, 0x0000, 0x0000, 0x0000,
  0x0000, 0x0000, 0x0000, 0x0000, 0x0000, 0x0000, 0x0000, 0x0000,
  0x0000, 0x0000, 0x0000, 0x0000, 0x0000, 0x0000, 0x0000, 0x0000,
  0x0000, 0x0000, 0x0000, 0x0000, 0x0000, 0x0000, 0x0000, 0x0000,
  0x0000, 0x0000, 0x0000, 0x0000, 0x0000, 0x0000, 0x0000, 0x0000,
  0x0000, 0x0000, 0x0000, 0x0000, 0x0000, 0x0000, 0x0000, 0x0000,
  0x0000, 0x0000, 0x0000, 0x0000, 0x0000, 0x0000, 0x0000, 0x0000,
  0x0000, 0x0000, 0x0000, 0x0000, 0x0000, 0x0000, 0x0000, 0x0000,
  0x0000, 0x0000, 0x0000, 0x0000, 0x0000, 0x0000, 0x0000, 0x0000,
  0x0000, 0x0000, 0x0000, 0x0000, 0x0000, 0x0000, 0x0000, 0x0000,
  0x0000, 0x0000, 0x0000, 0x0000, 0x0000, 0x0000, 0x0000, 0x0000,
  0x0000, 0x0000, 0x0000, 0x0000, 0x0000, 0x0000, 0x0055, 0x0000,
  0x9543, 0xF544, 0xF544, 0xF544, 0xF644, 0xFB86, 0xFC97, 0xFC86,
  0xFC97, 0xFDA8, 0xFDC9, 0xFEDA, 0xFEEB, 0xFEDB, 0xFEDA, 0xFEDA,
  0xFEDA, 0xFEDA, 0xFEDA, 0xFEDB, 0xFDCA, 0xF654, 0xF543, 0xF544,
  0xF544, 0x7543, 0x0000, 0x0444, 0x0700, 0x0000, 0x9543, 0xF544,
  0xF544, 0xF543, 0xF654, 0xFEDA, 0xFEDB, 0xFEDA, 0xFEDA, 0xFEDA,
  0xFEDA, 0xFEDA, 0xFEDA, 0xFEDB, 0xFFFF, 0xFFFF, 0xFFFF, 0xFFFF,
  0xF988, 0xF433, 0xF544, 0xF543, 0xF765, 0xFEDA, 0xFEEB, 0xFEDB,
  0xFEDB, 0xFEDB, 0xFEDA, 0xFEDA, 0xFEDA, 0xFEDA, 0xFEDA, 0xFEDA,
  0xFEDA, 0xFFEB, 0xF986, 0xF543, 0xF544, 0xF543, 0xF665, 0xFEEE,
  0xFFFF, 0xFFFF, 0xFFFF, 0xFFFF, 0xFFFF, 0xF877, 0xF433, 0xF544,
  0xF543, 0xF876, 0xFFEB, 0xFEDA, 0xFEDA, 0xFEDA, 0xFEDA, 0xFEDB,
  0xFEDB, 0xFEDB, 0xFEDA, 0xFDC9, 0xFDB8, 0xFDA8, 0xFCA7, 0xFC97,
  0xFC97, 0xF654, 0xF543, 0xF544, 0xF433, 0xF988, 0xFFFF, 0xFFFF,
  0xFFED, 0xFEDA, 0xFEDB, 0xFEDA, 0xFEDA, 0xFEDA, 0xFEDA, 0xFEDA,
  0xFEDA, 0xFEDA, 0xFEDA, 0xFEDA, 0xFEDB, 0xFEDA, 0xF654, 0xF543,
  0xF544, 0xF544, 0x7543, 0x0000, 0x0000, 0x0000, 0x0000, 0x0000,
  0x0000, 0x0000, 0x0000, 0x0000, 0x0000, 0x0000, 0x0000, 0x0000,
  0x0000, 0x0000, 0x0000, 0x0000, 0x0000, 0x0000, 0x0000, 0x0000,
  0x0000, 0x0000, 0x0000, 0x0000, 0x0000, 0x0000, 0x0000, 0x0000,
  0x0000, 0x0000, 0x0000, 0x0000, 0x0000, 0x0000, 0x0000, 0x0000,
  0x0000, 0x0000, 0x0000, 0x0000, 0x0000, 0x0000, 0x0000, 0x0000,
  0x0000, 0x0000, 0x0000, 0x0000, 0x0000, 0x0000, 0x0000, 0x0000,
  0x0000, 0x0000, 0x0000, 0x0000, 0x0000, 0x0000, 0x0000, 0x0000,
  0x0000, 0x0000, 0x0000, 0x0000, 0x0000, 0x0000, 0x0000, 0x0000,
  0x0000, 0x0000, 0x0000, 0x0000, 0x0000, 0x0000, 0x0000, 0x0000,
  0x0000, 0x0000, 0x0000, 0x0000, 0x0000, 0x0000, 0x0000, 0x0000,
  0x0000, 0x0000, 0x0000, 0x0000, 0x0000, 0x0000, 0x0000, 0x0000,
  0x0000, 0x0000, 0x0000, 0x0000, 0x0000, 0x0000, 0x0000, 0x0000,
  0x0000, 0x0000, 0x0000, 0x0000, 0x0000, 0x0000, 0x0000, 0x0000,
  0x0000, 0x0000, 0x0000, 0x0000, 0x0000, 0x0000, 0x0000, 0x0000,
  0x0000, 0x0000, 0x0000, 0x0000, 0x0000, 0x0000, 0x0000, 0x0000,
  0x0000, 0x0000, 0x0000, 0x0000, 0x0000, 0x0000, 0x0444, 0x0000,
  0x5543, 0xF544, 0xF544, 0xF544, 0xF544, 0xFA76, 0xFDA8, 0xFDB9,
  0xFEDA, 0xFEDB, 0xFEDB, 0xFEDA, 0xFEDA, 0xFEDA, 0xFEDA, 0xFEDA,
  0xFEDA, 0xFEDA, 0xFEDA, 0xFEDA, 0xFEDA, 0xF765, 0xF543, 0xF544,
  0xF544, 0xA543, 0x0000, 0x0000, 0x0000, 0x0000, 0xC544, 0xF544,
  0xF544, 0xF543, 0xF876, 0xFEDB, 0xFEDA, 0xFEDA, 0xFEDA, 0xFEDA,
  0xFEDA, 0xFEDA, 0xFEDA, 0xFEDB, 0xFFFF, 0xFFFF, 0xFFFF, 0xFFFF,
  0xF998, 0xF433, 0xF544, 0xF543, 0xF654, 0xFEDA, 0xFEDB, 0xFEDA,
  0xFEDA, 0xFEDA, 0xFEDA, 0xFEDA, 0xFEDA, 0xFEDA, 0xFEDA, 0xFEDA,
  0xFEDA, 0xFFEB, 0xF986, 0xF543, 0xF544, 0xF543, 0xF665, 0xFEEE,
  0xFFFF, 0xFFFF, 0xFFFF, 0xFFFF, 0xFFFF, 0xF877, 0xF433, 0xF544,
  0xF543, 0xF876, 0xFFEB, 0xFEDA, 0xFEDA, 0xFEDA, 0xFEDA, 0xFEDB,
  0xFEEB, 0xFEDA, 0xFEDB, 0xFEDB, 0xFEDB, 0xFEDB, 0xFEDA, 0xFEDA,
  0xFDCA, 0xF655, 0xF543, 0xF544, 0xF433, 0xF999, 0xFFFF, 0xFFFF,
  0xFFFE, 0xFEDA, 0xFEDA, 0xFEDA, 0xFEDA, 0xFEDA, 0xFEDA, 0xFEDA,
  0xFEDA, 0xFEDA, 0xFEDA, 0xFEDA, 0xFEDB, 0xFEDA, 0xF765, 0xF543,
  0xF544, 0xF544, 0x9543, 0x0000, 0x0000, 0x0000, 0x0000, 0x0000,
  0x0000, 0x0000, 0x0000, 0x0000, 0x0000, 0x0000, 0x0000, 0x0000,
  0x0000, 0x0000, 0x0000, 0x0000, 0x0000, 0x0000, 0x0000, 0x0000,
  0x0000, 0x0000, 0x0000, 0x0000, 0x0000, 0x0000, 0x0000, 0x0000,
  0x0000, 0x0000, 0x0000, 0x0000, 0x0000, 0x0000, 0x0000, 0x0000,
  0x0000, 0x0000, 0x0000, 0x0000, 0x0000, 0x0000, 0x0000, 0x0000,
  0x0000, 0x0000, 0x0000, 0x0000, 0x0000, 0x0000, 0x0000, 0x0000,
  0x0000, 0x0000, 0x0000, 0x0000, 0x0000, 0x0000, 0x0000, 0x0000,
  0x0000, 0x0000, 0x0000, 0x0000, 0x0000, 0x0000, 0x0000, 0x0000,
  0x0000, 0x0000, 0x0000, 0x0000, 0x0000, 0x0000, 0x0000, 0x0000,
  0x0000, 0x0000, 0x0000, 0x0000, 0x0000, 0x0000, 0x0000, 0x0000,
  0x0000, 0x0000, 0x0000, 0x0000, 0x0000, 0x0000, 0x0000, 0x0000,
  0x0000, 0x0000, 0x0000, 0x0000, 0x0000, 0x0000, 0x0000, 0x0000,
  0x0000, 0x0000, 0x0000, 0x0000, 0x0000, 0x0000, 0x0000, 0x0000,
  0x0000, 0x0000, 0x0000, 0x0000, 0x0000, 0x0000, 0x0000, 0x0000,
  0x0000, 0x0000, 0x0000, 0x0000, 0x0000, 0x0000, 0x0000, 0x0000,
  0x0000, 0x0000, 0x0000, 0x0000, 0x0000, 0x0000, 0x0000, 0x0000,
  0x1543, 0xE544, 0xF544, 0xF544, 0xF433, 0xF987, 0xFFEB, 0xFEDB,
  0xFEDB, 0xFEDA, 0xFEDA, 0xFEDA, 0xFEDA, 0xFEDA, 0xFEDA, 0xFEDA,
  0xFEDA, 0xFEDA, 0xFEDA, 0xFEDA, 0xFEEB, 0xF876, 0xF433, 0xF544,
  0xF544, 0xD544, 0x0444, 0x0000, 0x0000, 0x2543, 0xE543, 0xF544,
  0xF544, 0xF433, 0xFA97, 0xFFEB, 0xFEDA, 0xFEDA, 0xFEDA, 0xFEDA,
  0xFEDA, 0xFEDB, 0xFEDA, 0xFEEB, 0xFFFF, 0xFFFF, 0xFFFF, 0xFFFF,
  0xFA99, 0xF433, 0xF544, 0xF543, 0xF654, 0xFDCA, 0xFEDB, 0xFEDA,
  0xFEDA, 0xFEDA, 0xFEDA, 0xFEDA, 0xFEDA, 0xFEDA, 0xFEDA, 0xFEDA,
  0xFEDA, 0xFFEB, 0xF986, 0xF543, 0xF544, 0xF543, 0xF665, 0xFEEE,
  0xFFFF, 0xFFFF, 0xFFFF, 0xFFFF, 0xFFFF, 0xF877, 0xF533, 0xF544,
  0xF543, 0xF876, 0xFFEB, 0xFEDA, 0xFEDA, 0xFEDA, 0xFEDA, 0xFEDB,
  0xFEEB, 0xFEDA, 0xFEDA, 0xFEDA, 0xFEDA, 0xFEDA, 0xFEDA, 0xFEDB,
  0xFDDA, 0xF654, 0xF543, 0xF544, 0xF433, 0xFAA9, 0xFFFF, 0xFFFF,
  0xFFFF, 0xFEDB, 0xFEDA, 0xFEDA, 0xFEDA, 0xFEDA, 0xFEDA, 0xFEDA,
  0xFEDA, 0xFEDA, 0xFEDA, 0xFEDA, 0xFEDA, 0xFEDB, 0xF876, 0xF543,
  0xF544, 0xF544, 0xB544, 0x0000, 0x0000, 0x0000, 0x0000, 0x0000,
  0x0000, 0x0000, 0x0000, 0x0000, 0x0000, 0x0000, 0x0000, 0x0000,
  0x0000, 0x0000, 0x0000, 0x0000, 0x0000, 0x0000, 0x0000, 0x0000,
  0x0000, 0x0000, 0x0000, 0x0000, 0x0000, 0x0000, 0x0000, 0x0000,
  0x0000, 0x0000, 0x0000, 0x0000, 0x0000, 0x0000, 0x0000, 0x0000,
  0x0000, 0x0000, 0x0000, 0x0000, 0x0000, 0x0000, 0x0000, 0x0000,
  0x0000, 0x0000, 0x0000, 0x0000, 0x0000, 0x0000, 0x0000, 0x0000,
  0x0000, 0x0000, 0x0000, 0x0000, 0x0000, 0x0000, 0x0000, 0x0000,
  0x0000, 0x0000, 0x0000, 0x0000, 0x0000, 0x0000, 0x0000, 0x0000,
  0x0000, 0x0000, 0x0000, 0x0000, 0x0000, 0x0000, 0x0000, 0x0000,
  0x0000, 0x0000, 0x0000, 0x0000, 0x0000, 0x0000, 0x0000, 0x0000,
  0x0000, 0x0000, 0x0000, 0x0000, 0x0000, 0x0000, 0x0000, 0x0000,
  0x0000, 0x0000, 0x0000, 0x0000, 0x0000, 0x0000, 0x0000, 0x0000,
  0x0000, 0x0000, 0x0000, 0x0000, 0x0000, 0x0000, 0x0000, 0x0000,
  0x0000, 0x0000, 0x0000, 0x0000, 0x0000, 0x0000, 0x0000, 0x0000,
  0x0000, 0x0000, 0x0000, 0x0000, 0x0000, 0x0000, 0x0000, 0x0000,
  0x0000, 0x0000, 0x0000, 0x0000, 0x0000, 0x0000, 0x0000, 0x0000,
  0x0000, 0xC543, 0xF544, 0xF544, 0xF543, 0xF876, 0xFEDB, 0xFEDA,
  0xFEDA, 0xFEDA, 0xFEDA, 0xFEDA, 0xFEDA, 0xFEDA, 0xFEDA, 0xFEDA,
  0xFEDA, 0xFEDA, 0xFEDA, 0xFEDA, 0xFFEB, 0xFA97, 0xF433, 0xF544,
  0xF544, 0xE544, 0x2543, 0x0000, 0x0000, 0x5543, 0xF544, 0xF544,
  0xF544, 0xF543, 0xFBA8, 0xFFEB, 0xFEDA, 0xFEDA, 0xFEDA, 0xFEDA,
  0xFEDA, 0xFEDB, 0xFEDA, 0xFEEC, 0xFFFF, 0xFFFF, 0xFFFF, 0xFFFF,
  0xFAAA, 0xF433, 0xF544, 0xF543, 0xF654, 0xFDCA, 0xFEDB, 0xFEDA,
  0xFEDA, 0xFEDA, 0xFEDA, 0xFEDA, 0xFEDA, 0xFEDA, 0xFEDA, 0xFEDA,
  0xFEDA, 0xFFEB, 0xF986, 0xF543, 0xF544, 0xF543, 0xF665, 0xFEEE,
  0xFFFF, 0xFFFF, 0xFFFF, 0xFFFF, 0xFFFF, 0xF877, 0xF533, 0xF544,
  0xF543, 0xF876, 0xFFEB, 0xFEDA, 0xFEDA, 0xFEDA, 0xFEDA, 0xFEDB,
  0xFEEB, 0xFEDA, 0xFEDA, 0xFEDA, 0xFEDA, 0xFEDA, 0xFEDA, 0xFEDB,
  0xFDCA, 0xF654, 0xF543, 0xF544, 0xF433, 0xFBAA, 0xFFFF, 0xFFFF,
  0xFFFF, 0xFEEB, 0xFEDA, 0xFEDB, 0xFEDA, 0xFEDA, 0xFEDA, 0xFEDA,
  0xFEDA, 0xFEDA, 0xFEDA, 0xFEDA, 0xFEDA, 0xFFEB, 0xF987, 0xF433,
  0xF544, 0xF544, 0xD544, 0x0444, 0x0000, 0x0000, 0x0000, 0x0000,
  0x0000, 0x0000, 0x0000, 0x0000, 0x0000, 0x0000, 0x0000, 0x0000,
  0x0000, 0x0000, 0x0000, 0x0000, 0x0000, 0x0000, 0x0000, 0x0000,
  0x0000, 0x0000, 0x0000, 0x0000, 0x0000, 0x0000, 0x0000, 0x0000,
  0x0000, 0x0000, 0x0000, 0x0000, 0x0000, 0x0000, 0x0000, 0x0000,
  0x0000, 0x0000, 0x0000, 0x0000, 0x0000, 0x0000, 0x0000, 0x0000,
  0x0000, 0x0000, 0x0000, 0x0000, 0x0000, 0x0000, 0x0000, 0x0000,
  0x0000, 0x0000, 0x0000, 0x0000, 0x0000, 0x0000, 0x0000, 0x0000,
  0x0000, 0x0000, 0x0000, 0x0000, 0x0000, 0x0000, 0x0000, 0x0000,
  0x0000, 0x0000, 0x0000, 0x0000, 0x0000, 0x0000, 0x0000, 0x0000,
  0x0000, 0x0000, 0x0000, 0x0000, 0x0000, 0x0000, 0x0000, 0x0000,
  0x0000, 0x0000, 0x0000, 0x0000, 0x0000, 0x0000, 0x0000, 0x0000,
  0x0000, 0x0000, 0x0000, 0x0000, 0x0000, 0x0000, 0x0000, 0x0000,
  0x0000, 0x0000, 0x0000, 0x0000, 0x0000, 0x0000, 0x0000, 0x0000,
  0x0000, 0x0000, 0x0000, 0x0000, 0x0000, 0x0000, 0x0000, 0x0000,
  0x0000, 0x0000, 0x0000, 0x0000, 0x0000, 0x0000, 0x0000, 0x0000,
  0x0000, 0x0000, 0x0000, 0x0000, 0x0000, 0x0000, 0x0000, 0x0000,
  0x0000, 0x9543, 0xF544, 0xF544, 0xF543, 0xF765, 0xFEDA, 0xFEDB,
  0xFEDA, 0xFEDA, 0xFEDA, 0xFEDA, 0xFEDA, 0xFEDA, 0xFEDA, 0xFEDA,
  0xFEDA, 0xFEDA, 0xFEDA, 0xFEDA, 0xFFEB, 0xFBA8, 0xF543, 0xF544,
  0xF544, 0xF544, 0x5543, 0x0000, 0x0000, 0x7543, 0xF544, 0xF544,
  0xF543, 0xF544, 0xFDCA, 0xFEDB, 0xFEDA, 0xFEDA, 0xFEDA, 0xFEDA,
  0xFEDA, 0xFEDB, 0xFEDA, 0xFEEC, 0xFFFF, 0xFFFF, 0xFFFF, 0xFFFF,
  0xFBBA, 0xF433, 0xF544, 0xF544, 0xF544, 0xFDCA, 0xFEDB, 0xFEDA,
  0xFEDA, 0xFEDA, 0xFEDA, 0xFEDA, 0xFEDA, 0xFEDA, 0xFEDA, 0xFEDA,
  0xFEDA, 0xFFEB, 0xF986, 0xF543, 0xF544, 0xF543, 0xF655, 0xFEEE,
  0xFFFF, 0xFFFF, 0xFFFF, 0xFFFF, 0xFFFF, 0xF877, 0xF533, 0xF544,
  0xF543, 0xF876, 0xFFEB, 0xFEDA, 0xFEDA, 0xFEDA, 0xFEDA, 0xFEDB,
  0xFEDB, 0xFEDA, 0xFEDB, 0xFEDB, 0xFEDB, 0xFEDA, 0xFEDA, 0xFEDB,
  0xFDCA, 0xF544, 0xF543, 0xF544, 0xF433, 0xFCBB, 0xFFFF, 0xFFFF,
  0xFFFF, 0xFEEC, 0xFEDA, 0xFEDB, 0xFEDA, 0xFEDA, 0xFEDA, 0xFEDA,
  0xFEDA, 0xFEDA, 0xFEDA, 0xFEDA, 0xFEDA, 0xFFEB, 0xFA97, 0xF433,
  0xF544, 0xF544, 0xE544, 0x2544, 0x0000, 0x0000, 0x0000, 0x0000,
  0x0000, 0x0000, 0x0000, 0x0000, 0x0000, 0x0000, 0x0000, 0x0000,
  0x0000, 0x0000, 0x0000, 0x0000, 0x0000, 0x0000, 0x0000, 0x0000,
  0x0000, 0x0000, 0x0000, 0x0000, 0x0000, 0x0000, 0x0000, 0x0000,
  0x0000, 0x0000, 0x0000, 0x0000, 0x0000, 0x0000, 0x0000, 0x0000,
  0x0000, 0x0000, 0x0000, 0x0000, 0x0000, 0x0000, 0x0000, 0x0000,
  0x0000, 0x0000, 0x0000, 0x0000, 0x0000, 0x0000, 0x0000, 0x0000,
  0x0000, 0x0000, 0x0000, 0x0000, 0x0000, 0x0000, 0x0000, 0x0000,
  0x0000, 0x0000, 0x0000, 0x0000, 0x0000, 0x0000, 0x0000, 0x0000,
  0x0000, 0x0000, 0x0000, 0x0000, 0x0000, 0x0000, 0x0000, 0x0000,
  0x0000, 0x0000, 0x0000, 0x0000, 0x0000, 0x0000, 0x0000, 0x0000,
  0x0000, 0x0000, 0x0000, 0x0000, 0x0000, 0x0000, 0x0000, 0x0000,
  0x0000, 0x0000, 0x0000, 0x0000, 0x0000, 0x0000, 0x0000, 0x0000,
  0x0000, 0x0000, 0x0000, 0x0000, 0x0000, 0x0000, 0x0000, 0x0000,
  0x0000, 0x0000, 0x0000, 0x0000, 0x0000, 0x0000, 0x0000, 0x0000,
  0x0000, 0x0000, 0x0000, 0x0000, 0x0000, 0x0000, 0x0000, 0x0000,
  0x0000, 0x0000, 0x0000, 0x0000, 0x0000, 0x0000, 0x0000, 0x0444,
  0x0000, 0x7543, 0xF544, 0xF544, 0xF543, 0xF654, 0xFEDA, 0xFEDB,
  0xFEDA, 0xFEDA, 0xFEDA, 0xFEDA, 0xFEDA, 0xFEDA, 0xFEDA, 0xFEDA,
  0xFEDA, 0xFEDA, 0xFEDA, 0xFEDA, 0xFEDB, 0xFDCA, 0xF654, 0xF544,
  0xF544, 0xF544, 0x7543, 0x0000, 0x0000, 0xA544, 0xF544, 0xF544,
  0xF543, 0xF655, 0xFEDA, 0xFEDB, 0xFEDA, 0xFEDA, 0xFEDA, 0xFEDA,
  0xFEDA, 0xFEDB, 0xFEDA, 0xFFEC, 0xFFFF, 0xFFFF, 0xFFFF, 0xFFFF,
  0xFCBB, 0xF433, 0xF544, 0xF544, 0xF544, 0xFDC9, 0xFEDB, 0xFEDA,
  0xFEDA, 0xFEDB, 0xFEDB, 0xFEDB, 0xFEDB, 0xFEDB, 0xFEDA, 0xFEDA,
  0xFEDA, 0xFFEB, 0xF987, 0xF543, 0xF544, 0xF543, 0xF655, 0xFEEE,
  0xFFFF, 0xFFFF, 0xFFFF, 0xFFFF, 0xFFFF, 0xF877, 0xF533, 0xF544,
  0xF543, 0xF876, 0xFFEB, 0xFEDA, 0xFEDA, 0xFEDA, 0xFEDA, 0xFEDB,
  0xFEDB, 0xFEDB, 0xFEDA, 0xFEDA, 0xFEDA, 0xFEEB, 0xFEDB, 0xFFEB,
  0xFDC9, 0xF544, 0xF544, 0xF544, 0xF543, 0xFCCB, 0xFFFF, 0xFFFF,
  0xFFFF, 0xFFEC, 0xFEDA, 0xFEDB, 0xFEDA, 0xFEDA, 0xFEDA, 0xFEDA,
  0xFEDA, 0xFEDA, 0xFEDA, 0xFEDA, 0xFEDA, 0xFFEB, 0xFBA8, 0xF543,
  0xF544, 0xF544, 0xF544, 0x5543, 0x0000, 0x0000, 0x0000, 0x0000,
  0x0000, 0x0000, 0x0000, 0x0000, 0x0000, 0x0000, 0x0000, 0x0000,
  0x0000, 0x0000, 0x0000, 0x0000, 0x0000, 0x0000, 0x0000, 0x0000,
  0x0000, 0x0000, 0x0000, 0x0000, 0x0000, 0x0000, 0x0000, 0x0000,
  0x0000, 0x0000, 0x0000, 0x0000, 0x0000, 0x0000, 0x0000, 0x0000,
  0x0000, 0x0000, 0x0000, 0x0000, 0x0000, 0x0000, 0x0000, 0x0000,
  0x0000, 0x0000, 0x0000, 0x0000, 0x0000, 0x0000, 0x0000, 0x0000,
  0x0000, 0x0000, 0x0000, 0x0000, 0x0000, 0x0000, 0x0000, 0x0000,
  0x0000, 0x0000, 0x0000, 0x0000, 0x0000, 0x0000, 0x0000, 0x0000,
  0x0000, 0x0000, 0x0000, 0x0000, 0x0000, 0x0000, 0x0000, 0x0000,
  0x0000, 0x0000, 0x0000, 0x0000, 0x0000, 0x0000, 0x0000, 0x0000,
  0x0000, 0x0000, 0x0000, 0x0000, 0x0000, 0x0000, 0x0000, 0x0000,
  0x0000, 0x0000, 0x0000, 0x0000, 0x0000, 0x0000, 0x0000, 0x0000,
  0x0000, 0x0000, 0x0000, 0x0000, 0x0000, 0x0000, 0x0000, 0x0000,
  0x0000, 0x0000, 0x0000, 0x0000, 0x0000, 0x0000, 0x0000, 0x0000,
  0x0000, 0x0000, 0x0000, 0x0000, 0x0000, 0x0000, 0x0000, 0x0000,
  0x0000, 0x0000, 0x0000, 0x0000, 0x0000, 0x0000, 0x0000, 0x0444,
  0x0000, 0x6543, 0xF544, 0xF544, 0xF543, 0xF654, 0xFDCA, 0xFEDB,
  0xFEDA, 0xFEDA, 0xFEDA, 0xFEDA, 0xFEDA, 0xFEDA, 0xFEDA, 0xFEDA,
  0xFEDA, 0xFEDA, 0xFEDA, 0xFEDA, 0xFEDA, 0xFEDA, 0xF765, 0xF543,
  0xF544, 0xF544, 0xA543, 0x0000, 0x0744, 0xC544, 0xF544, 0xF544,
  0xF433, 0xF876, 0xFEDB, 0xFEDA, 0xFEDA, 0xFEDA, 0xFEDA, 0xFEDA,
  0xFEDA, 0xFEDB, 0xFEDA, 0xFFED, 0xFFFF, 0xFFFF, 0xFFFF, 0xFFFF,
  0xFCCB, 0xF543, 0xF544, 0xF544, 0xF544, 0xFCC9, 0xFFEB, 0xFEDB,
  0xFEDB, 0xFEDA, 0xFECA, 0xFDB9, 0xFDC9, 0xFEDA, 0xFEDB, 0xFEDA,
  0xFEDA, 0xFFEB, 0xF987, 0xF543, 0xF544, 0xF543, 0xF655, 0xFEEE,
  0xFFFF, 0xFFFF, 0xFFFF, 0xFFFF, 0xFFFF, 0xF876, 0xF533, 0xF544,
  0xF543, 0xF876, 0xFFEB, 0xFEDA, 0xFEDA, 0xFEDA, 0xFEDA, 0xFEDA,
  0xFEDA, 0xFDB9, 0xFC97, 0xFC97, 0xFCA7, 0xFDA8, 0xFDA8, 0xFDA8,
  0xFB87, 0xF544, 0xF544, 0xF544, 0xF543, 0xFCCC, 0xFFFF, 0xFFFF,
  0xFFFF, 0xFFED, 0xFEDA, 0xFEDB, 0xFEDA, 0xFEDA, 0xFEDA, 0xFEDA,
  0xFEDA, 0xFEDA, 0xFEDA, 0xFEDA, 0xFEDA, 0xFEEB, 0xFDC9, 0xF544,
  0xF544, 0xF544, 0xF544, 0x6543, 0x0000, 0x0000, 0x0000, 0x0000,
  0x0000, 0x0000, 0x0000, 0x0000, 0x0000, 0x0000, 0x0000, 0x0000,
  0x0000, 0x0000, 0x0000, 0x0000, 0x0000, 0x0000, 0x0000, 0x0000,
  0x0000, 0x0000, 0x0000, 0x0000, 0x0000, 0x0000, 0x0000, 0x0000,
  0x0000, 0x0000, 0x0000, 0x0000, 0x0000, 0x0000, 0x0000, 0x0000,
  0x0000, 0x0000, 0x0000, 0x0000, 0x0000, 0x0000, 0x0000, 0x0000,
  0x0000, 0x0000, 0x0000, 0x0000, 0x0000, 0x0000, 0x0000, 0x0000,
  0x0000, 0x0000, 0x0000, 0x0000, 0x0000, 0x0000, 0x0000, 0x0000,
  0x0000, 0x0000, 0x0000, 0x0000, 0x0000, 0x0000, 0x0000, 0x0000,
  0x0000, 0x0000, 0x0000, 0x0000, 0x0000, 0x0000, 0x0000, 0x0000,
  0x0000, 0x0000, 0x0000, 0x0000, 0x0000, 0x0000, 0x0000, 0x0000,
  0x0000, 0x0000, 0x0000, 0x0000, 0x0000, 0x0000, 0x0000, 0x0000,
  0x0000, 0x0000, 0x0000, 0x0000, 0x0000, 0x0000, 0x0000, 0x0000,
  0x0000, 0x0000, 0x0000, 0x0000, 0x0000, 0x0000, 0x0000, 0x0000,
  0x0000, 0x0000, 0x0000, 0x0000, 0x0000, 0x0000, 0x0000, 0x0000,
  0x0000, 0x0000, 0x0000, 0x0000, 0x0000, 0x0000, 0x0000, 0x0000,
  0x0000, 0x0000, 0x0000, 0x0000, 0x0000, 0x0000, 0x0000, 0x0444,
  0x0000, 0x6544, 0xF544, 0xF544, 0xF544, 0xF654, 0xFDCA, 0xFEDB,
  0xFEDA, 0xFEDA, 0xFEDA, 0xFEDA, 0xFEDA, 0xFEDA, 0xFEDA, 0xFEDA,
  0xFEDA, 0xFEDA, 0xFEDA, 0xFEDA, 0xFEDA, 0xFEEB, 0xF876, 0xF533,
  0xF544, 0xF544, 0xD544, 0x0333, 0x2443, 0xE544, 0xF544, 0xF544,
  0xF433, 0xFA97, 0xFFEB, 0xFEDA, 0xFEDA, 0xFEDA, 0xFEDA, 0xFEDA,
  0xFEDA, 0xFEDB, 0xFEDA, 0xFFED, 0xFFFF, 0xFFFF, 0xFFFF, 0xFFFF,
  0xFCCC, 0xF543, 0xF544, 0xF544, 0xF544, 0xFB97, 0xFDB9, 0xFDB8,
  0xFDA8, 0xFC97, 0xFC97, 0xFC96, 0xFC97, 0xFDA8, 0xFEDA, 0xFEDB,
  0xFEDA, 0xFFEB, 0xF997, 0xF543, 0xF544, 0xF543, 0xF655, 0xFEEE,
  0xFFFF, 0xFFFF, 0xFFFF, 0xFFFF, 0xFFFF, 0xF776, 0xF543, 0xF544,
  0xF543, 0xF876, 0xFFEB, 0xFEDA, 0xFEDA, 0xFEDA, 0xFEDA, 0xFEDB,
  0xFEDA, 0xFC97, 0xFC86, 0xFC97, 0xFC86, 0xFC86, 0xFC86, 0xFC96,
  0xFA76, 0xF544, 0xF544, 0xF544, 0xF543, 0xFCCC, 0xFFFF, 0xFFFF,
  0xFFFF, 0xFFED, 0xFEDA, 0xFEDB, 0xFEDA, 0xFEDA, 0xFEDA, 0xFEDA,
  0xFEDA, 0xFEDA, 0xFEDA, 0xFEDA, 0xFEDA, 0xFEDB, 0xFEDA, 0xF654,
  0xF543, 0xF544, 0xF544, 0x8543, 0x0000, 0x0000, 0x0000, 0x0000,
  0x0000, 0x0000, 0x0000, 0x0000, 0x0000, 0x0000, 0x0000, 0x0000,
  0x0000, 0x0000, 0x0000, 0x0000, 0x0000, 0x0000, 0x0000, 0x0000,
  0x0000, 0x0000, 0x0000, 0x0000, 0x0000, 0x0000, 0x0000, 0x0000,
  0x0000, 0x0000, 0x0000, 0x0000, 0x0000, 0x0000, 0x0000, 0x0000,
  0x0000, 0x0000, 0x0000, 0x0000, 0x0000, 0x0000, 0x0000, 0x0000,
  0x0000, 0x0000, 0x0000, 0x0000, 0x0000, 0x0000, 0x0000, 0x0000,
  0x0000, 0x0000, 0x0000, 0x0000, 0x0000, 0x0000, 0x0000, 0x0000,
  0x0000, 0x0000, 0x0000, 0x0000, 0x0000, 0x0000, 0x0000, 0x0000,
  0x0000, 0x0000, 0x0000, 0x0000, 0x0000, 0x0000, 0x0000, 0x0000,
  0x0000, 0x0000, 0x0000, 0x0000, 0x0000, 0x0000, 0x0000, 0x0000,
  0x0000, 0x0000, 0x0000, 0x0000, 0x0000, 0x0000, 0x0000, 0x0000,
  0x0000, 0x0000, 0x0000, 0x0000, 0x0000, 0x0000, 0x0000, 0x0000,
  0x0000, 0x0000, 0x0000, 0x0000, 0x0000, 0x0000, 0x0000, 0x0000,
  0x0000, 0x0000, 0x0000, 0x0000, 0x0000, 0x0000, 0x0000, 0x0000,
  0x0000, 0x0000, 0x0000, 0x0000, 0x0000, 0x0000, 0x0000, 0x0000,
  0x0000, 0x0000, 0x0000, 0x0000, 0x0000, 0x0000, 0x0000, 0x0444,
  0x0000, 0x6543, 0xF544, 0xF544, 0xF544, 0xF544, 0xFDC9, 0xFEDB,
  0xFEDA, 0xFEDA, 0xFEDA, 0xFEDA, 0xFEDA, 0xFEDA, 0xFEDA, 0xFEDA,
  0xFEDA, 0xFEDA, 0xFEDA, 0xFEDA, 0xFEDA, 0xFFEB, 0xFA98, 0xF433,
  0xF544, 0xF544, 0xE543, 0x2443, 0x4543, 0xF543, 0xF544, 0xF544,
  0xF543, 0xFBA8, 0xFFEB, 0xFEDA, 0xFEDA, 0xFEDA, 0xFEDA, 0xFEDA,
  0xFEDA, 0xFEDA, 0xFEDA, 0xFFFE, 0xFFFF, 0xFFFF, 0xFFFF, 0xFFFF,
  0xFCCC, 0xF543, 0xF544, 0xF544, 0xF544, 0xFA75, 0xFC96, 0xFC86,
  0xFC86, 0xFC96, 0xFC97, 0xFC97, 0xFC97, 0xFC97, 0xFEC9, 0xFEDB,
  0xFEDA, 0xFFEB, 0xFA97, 0xF543, 0xF544, 0xF543, 0xF654, 0xFEEE,
  0xFFFF, 0xFFFF, 0xFFFF, 0xFFFF, 0xFFFF, 0xF766, 0xF543, 0xF544,
  0xF543, 0xF876, 0xFFEB, 0xFEDA, 0xFEDA, 0xFEDA, 0xFEDA, 0xFEDB,
  0xFEDA, 0xFC97, 0xFC96, 0xFC97, 0xFC97, 0xFC97, 0xFC97, 0xFC97,
  0xFA76, 0xF544, 0xF544, 0xF544, 0xF544, 0xFDCC, 0xFFFF, 0xFFFF,
  0xFFFF, 0xFFFE, 0xFEDA, 0xFEDA, 0xFEDA, 0xFEDA, 0xFEDA, 0xFEDA,
  0xFEDA, 0xFEDA, 0xFEDA, 0xFEDA, 0xFEDA, 0xFEDB, 0xFEDA, 0xF655,
  0xF543, 0xF544, 0xF544, 0x9544, 0x0000, 0x0000, 0x0000, 0x0000,
  0x0000, 0x0000, 0x0000, 0x0000, 0x0000, 0x0000, 0x0000, 0x0000,
  0x0000, 0x0000, 0x0000, 0x0000, 0x0000, 0x0000, 0x0000, 0x0000,
  0x0000, 0x0000, 0x0000, 0x0000, 0x0000, 0x0000, 0x0000, 0x0000,
  0x0000, 0x0000, 0x0000, 0x0000, 0x0000, 0x0000, 0x0000, 0x0000,
  0x0000, 0x0000, 0x0000, 0x0000, 0x0000, 0x0000, 0x0000, 0x0000,
  0x0000, 0x0000, 0x0000, 0x0000, 0x0000, 0x0000, 0x0000, 0x0000,
  0x0000, 0x0000, 0x0000, 0x0000, 0x0000, 0x0000, 0x0000, 0x0000,
  0x0000, 0x0000, 0x0000, 0x0000, 0x0000, 0x0000, 0x0000, 0x0000,
  0x0000, 0x0000, 0x0000, 0x0000, 0x0000, 0x0000, 0x0000, 0x0000,
  0x0000, 0x0000, 0x0000, 0x0000, 0x0000, 0x0000, 0x0000, 0x0000,
  0x0000, 0x0000, 0x0000, 0x0000, 0x0000, 0x0000, 0x0000, 0x0000,
  0x0000, 0x0000, 0x0000, 0x0000, 0x0000, 0x0000, 0x0000, 0x0000,
  0x0000, 0x0000, 0x0000, 0x0000, 0x0000, 0x0000, 0x0000, 0x0000,
  0x0000, 0x0000, 0x0000, 0x0000, 0x0000, 0x0000, 0x0000, 0x0000,
  0x0000, 0x0000, 0x0000, 0x0000, 0x0000, 0x0000, 0x0000, 0x0000,
  0x0000, 0x0000, 0x0000, 0x0000, 0x0000, 0x0000, 0x0000, 0x0444,
  0x0000, 0x6543, 0xF544, 0xF544, 0xF544, 0xF544, 0xFDC9, 0xFEDB,
  0xFEDA, 0xFEDA, 0xFEDA, 0xFEDA, 0xFEDA, 0xFEDA, 0xFEDA, 0xFEDA,
  0xFEDA, 0xFEDA, 0xFEDA, 0xFEDA, 0xFEDA, 0xFFEB, 0xFBB8, 0xF543,
  0xF544, 0xF544, 0xF544, 0x5544, 0x6543, 0xF544, 0xF544, 0xF544,
  0xF544, 0xFCB9, 0xFFEB, 0xFEDA, 0xFEDA, 0xFEDA, 0xFEDA, 0xFEDA,
  0xFEDA, 0xFEDA, 0xFEDA, 0xFFFE, 0xFFFF, 0xFFFF, 0xFFFF, 0xFFFF,
  0xFDCC, 0xF544, 0xF544, 0xF544, 0xF543, 0xF976, 0xFC97, 0xFC97,
  0xFC97, 0xFC97, 0xFC97, 0xFC97, 0xFC86, 0xFC97, 0xFECA, 0xFEDB,
  0xFEDA, 0xFFEB, 0xFA98, 0xF543, 0xF544, 0xF543, 0xF544, 0xFEDD,
  0xFFFF, 0xFFFF, 0xFFFF, 0xFFFF, 0xFFFF, 0xF766, 0xF543, 0xF544,
  0xF543, 0xF876, 0xFFEB, 0xFEDA, 0xFEDA, 0xFEDA, 0xFEDA, 0xFEDA,
  0xFEDB, 0xFDB9, 0xFC97, 0xFC86, 0xFC86, 0xFC86, 0xFC86, 0xFC97,
  0xF975, 0xF543, 0xF544, 0xF544, 0xF544, 0xFDDD, 0xFFFF, 0xFFFF,
  0xFFFF, 0xFFFE, 0xFEDA, 0xFEDA, 0xFEDA, 0xFEDA, 0xFEDA, 0xFEDA,
  0xFEDA, 0xFEDA, 0xFEDA, 0xFEDA, 0xFEDA, 0xFEDB, 0xFEDA, 0xF765,
  0xF543, 0xF544, 0xF544, 0xA544, 0x0000, 0x0000, 0x0000, 0x0000,
  0x0000, 0x0000, 0x0000, 0x0000, 0x0000, 0x0000, 0x0000, 0x0000,
  0x0000, 0x0000, 0x0000, 0x0000, 0x0000, 0x0000, 0x0000, 0x0000,
  0x0000, 0x0000, 0x0000, 0x0000, 0x0000, 0x0000, 0x0000, 0x0000,
  0x0000, 0x0000, 0x0000, 0x0000, 0x0000, 0x0000, 0x0000, 0x0000,
  0x0000, 0x0000, 0x0000, 0x0000, 0x0000, 0x0000, 0x0000, 0x0000,
  0x0000, 0x0000, 0x0000, 0x0000, 0x0000, 0x0000, 0x0000, 0x0000,
  0x0000, 0x0000, 0x0000, 0x0000, 0x0000, 0x0000, 0x0000, 0x0000,
  0x0000, 0x0000, 0x0000, 0x0000, 0x0000, 0x0000, 0x0000, 0x0000,
  0x0000, 0x0000, 0x0000, 0x0000, 0x0000, 0x0000, 0x0000, 0x0000,
  0x0000, 0x0000, 0x0000, 0x0000, 0x0000, 0x0000, 0x0000, 0x0000,
  0x0000, 0x0000, 0x0000, 0x0000, 0x0000, 0x0000, 0x0000, 0x0000,
  0x0000, 0x0000, 0x0000, 0x0000, 0x0000, 0x0000, 0x0000, 0x0000,
  0x0000, 0x0000, 0x0000, 0x0000, 0x0000, 0x0000, 0x0000, 0x0000,
  0x0000, 0x0000, 0x0000, 0x0000, 0x0000, 0x0000, 0x0000, 0x0000,
  0x0000, 0x0000, 0x0000, 0x0000, 0x0000, 0x0000, 0x0000, 0x0000,
  0x0000, 0x0000, 0x0000, 0x0000, 0x0000, 0x0000, 0x0000, 0x0444,
  0x0000, 0x6544, 0xF544, 0xF544, 0xF543, 0xF654, 0xFDCA, 0xFEDB,
  0xFEDA, 0xFEDA, 0xFEDA, 0xFEDA, 0xFEDA, 0xFEDA, 0xFEDA, 0xFEDA,
  0xFEDA, 0xFEDA, 0xFEDA, 0xFEDA, 0xFEDA, 0xFEDB, 0xFDCA, 0xF654,
  0xF543, 0xF544, 0xF544, 0x6544, 0x6543, 0xF544, 0xF544, 0xF544,
  0xF544, 0xFDCA, 0xFEDB, 0xFEDA, 0xFEDA, 0xFEDA, 0xFEDA, 0xFEDA,
  0xFEDA, 0xFEDA, 0xFEDA, 0xFFFE, 0xFFFF, 0xFFFF, 0xFFFF, 0xFFFF,
  0xFDDD, 0xF544, 0xF544, 0xF544, 0xF543, 0xF975, 0xFC97, 0xFC86,
  0xFC86, 0xFC86, 0xFC86, 0xFC97, 0xFC97, 0xFDC9, 0xFEDB, 0xFEDA,
  0xFEDA, 0xFFEB, 0xFBA8, 0xF543, 0xF544, 0xF544, 0xF544, 0xFDDD,
  0xFFFF, 0xFFFF, 0xFFFF, 0xFFFF, 0xFFFF, 0xF766, 0xF543, 0xF544,
  0xF543, 0xF876, 0xFFEB, 0xFEDA, 0xFEDA, 0xFEDA, 0xFEDA, 0xFEDA,
  0xFEDA, 0xFEDB, 0xFECA, 0xFDB9, 0xFDA8, 0xFCA7, 0xFCA7, 0xFDA8,
  0xFA86, 0xF543, 0xF544, 0xF543, 0xF654, 0xFDDD, 0xFFFF, 0xFFFF,
  0xFFFF, 0xFFFF, 0xFEDB, 0xFEDA, 0xFEDA, 0xFEDA, 0xFEDA, 0xFEDA,
  0xFEDA, 0xFEDA, 0xFEDA, 0xFEDA, 0xFEDA, 0xFEDA, 0xFEDB, 0xF765,
  0xF543, 0xF544, 0xF544, 0xB543, 0x0000, 0x0000, 0x0000, 0x0000,
  0x0000, 0x0000, 0x0000, 0x0000, 0x0000, 0x0000, 0x0000, 0x0000,
  0x0000, 0x0000, 0x0000, 0x0000, 0x0000, 0x0000, 0x0000, 0x0000,
  0x0000, 0x0000, 0x0000, 0x0000, 0x0000, 0x0000, 0x0000, 0x0000,
  0x0000, 0x0000, 0x0000, 0x0000, 0x0000, 0x0000, 0x0000, 0x0000,
  0x0000, 0x0000, 0x0000, 0x0000, 0x0000, 0x0000, 0x0000, 0x0000,
  0x0000, 0x0000, 0x0000, 0x0000, 0x0000, 0x0000, 0x0000, 0x0000,
  0x0000, 0x0000, 0x0000, 0x0000, 0x0000, 0x0000, 0x0000, 0x0000,
  0x0000, 0x0000, 0x0000, 0x0000, 0x0000, 0x0000, 0x0000, 0x0000,
  0x0000, 0x0000, 0x0000, 0x0000, 0x0000, 0x0000, 0x0000, 0x0000,
  0x0000, 0x0000, 0x0000, 0x0000, 0x0000, 0x0000, 0x0000, 0x0000,
  0x0000, 0x0000, 0x0000, 0x0000, 0x0000, 0x0000, 0x0000, 0x0000,
  0x0000, 0x0000, 0x0000, 0x0000, 0x0000, 0x0000, 0x0000, 0x0000,
  0x0000, 0x0000, 0x0000, 0x0000, 0x0000, 0x0000, 0x0000, 0x0000,
  0x0000, 0x0000, 0x0000, 0x0000, 0x0000, 0x0000, 0x0000, 0x0000,
  0x0000, 0x0000, 0x0000, 0x0000, 0x0000, 0x0000, 0x0000, 0x0000,
  0x0000, 0x0000, 0x0000, 0x0000, 0x0000, 0x0000, 0x0000, 0x0444,
  0x0000, 0x6544, 0xF544, 0xF544, 0xF543, 0xF654, 0xFDCA, 0xFEDB,
  0xFEDA, 0xFEDA, 0xFEDA, 0xFEDA, 0xFEDA, 0xFEDA, 0xFEDA, 0xFEDA,
  0xFEDA, 0xFEDA, 0xFEDA, 0xFEDA, 0xFEDA, 0xFEDB, 0xFEDA, 0xF654,
  0xF543, 0xF544, 0xF544, 0x7543, 0x7543, 0xF544, 0xF544, 0xF543,
  0xF654, 0xFDCA, 0xFEDB, 0xFEDA, 0xFEDA, 0xFEDA, 0xFEDA, 0xFEDA,
  0xFEDA, 0xFEDA, 0xFEDA, 0xFFFE, 0xFFFF, 0xFFFF, 0xFFFF, 0xFFFF,
  0xFEDD, 0xF654, 0xF543, 0xF544, 0xF543, 0xF976, 0xFDA7, 0xFC97,
  0xFCA7, 0xFDA8, 0xFDB9, 0xFECA, 0xFEDA, 0xFEDB, 0xFEDA, 0xFEDA,
  0xFEDA, 0xFFEB, 0xFBA8, 0xF543, 0xF544, 0xF544, 0xF544, 0xFDDD,
  0xFFFF, 0xFFFF, 0xFFFF, 0xFFFF, 0xFFFE, 0xF766, 0xF543, 0xF544,
  0xF543, 0xF876, 0xFFEB, 0xFEDA, 0xFEDA, 0xFEDA, 0xFEDA, 0xFEDA,
  0xFEDA, 0xFEDA, 0xFEDB, 0xFEDB, 0xFEDB, 0xFEDB, 0xFEDA, 0xFFEB,
  0xFA98, 0xF543, 0xF544, 0xF543, 0xF654, 0xFEEE, 0xFFFF, 0xFFFF,
  0xFFFF, 0xFFFF, 0xFEDB, 0xFEDA, 0xFEDA, 0xFEDA, 0xFEDA, 0xFEDA,
  0xFEDA, 0xFEDA, 0xFEDA, 0xFEDA, 0xFEDA, 0xFEDA, 0xFEDB, 0xF876,
  0xF543, 0xF544, 0xF544, 0xC543, 0x0000, 0x0000, 0x0000, 0x0000,
  0x0000, 0x0000, 0x0000, 0x0000, 0x0000, 0x0000, 0x0000, 0x0000,
  0x0000, 0x0000, 0x0000, 0x0000, 0x0000, 0x0000, 0x0000, 0x0000,
  0x0000, 0x0000, 0x0000, 0x0000, 0x0000, 0x0000, 0x0000, 0x0000,
  0x0000, 0x0000, 0x0000, 0x0000, 0x0000, 0x0000, 0x0000, 0x0000,
  0x0000, 0x0000, 0x0000, 0x0000, 0x0000, 0x0000, 0x0000, 0x0000,
  0x0000, 0x0000, 0x0000, 0x0000, 0x0000, 0x0000, 0x0000, 0x0000,
  0x0000, 0x0000, 0x0000, 0x0000, 0x0000, 0x0000, 0x0000, 0x0000,
  0x0000, 0x0000, 0x0000, 0x0000, 0x0000, 0x0000, 0x0000, 0x0000,
  0x0000, 0x0000, 0x0000, 0x0000, 0x0000, 0x0000, 0x0000, 0x0000,
  0x0000, 0x0000, 0x0000, 0x0000, 0x0000, 0x0000, 0x0000, 0x0000,
  0x0000, 0x0000, 0x0000, 0x0000, 0x0000, 0x0000, 0x0000, 0x0000,
  0x0000, 0x0000, 0x0000, 0x0000, 0x0000, 0x0000, 0x0000, 0x0000,
  0x0000, 0x0000, 0x0000, 0x0000, 0x0000, 0x0000, 0x0000, 0x0000,
  0x0000, 0x0000, 0x0000, 0x0000, 0x0000, 0x0000, 0x0000, 0x0000,
  0x0000, 0x0000, 0x0000, 0x0000, 0x0000, 0x0000, 0x0000, 0x0000,
  0x0000, 0x0000, 0x0000, 0x0000, 0x0000, 0x0000, 0x0000, 0x0444,
  0x0000, 0x6544, 0xF544, 0xF544, 0xF543, 0xF654, 0xFEDA, 0xFEEB,
  0xFEEB, 0xFEDB, 0xFEDB, 0xFEDA, 0xFEDA, 0xFEDA, 0xFEDA, 0xFEDA,
  0xFEDA, 0xFEDA, 0xFEDA, 0xFEDA, 0xFEDA, 0xFEDB, 0xFEDA, 0xF655,
  0xF543, 0xF544, 0xF544, 0x8543, 0x7543, 0xF544, 0xF544, 0xF543,
  0xF654, 0xFDCA, 0xFEDB, 0xFEDA, 0xFEDA, 0xFEDA, 0xFEDA, 0xFEDA,
  0xFEDA, 0xFEDA, 0xFEDA, 0xFFFE, 0xFFFF, 0xFFFF, 0xFFFF, 0xFFFF,
  0xFEEE, 0xF655, 0xF543, 0xF544, 0xF433, 0xF987, 0xFFEB, 0xFEDA,
  0xFEDA, 0xFEDB, 0xFEDB, 0xFEDB, 0xFEDB, 0xFEDA, 0xFEDA, 0xFEDA,
  0xFEDA, 0xFFEB, 0xFCB9, 0xF543, 0xF544, 0xF544, 0xF543, 0xFDDD,
  0xFFFF, 0xFFFF, 0xFFFF, 0xFFFF, 0xFEEE, 0xF765, 0xF543, 0xF544,
  0xF543, 0xF986, 0xFFEB, 0xFEDA, 0xFEDA, 0xFEDA, 0xFEDA, 0xFEDA,
  0xFEDA, 0xFEDA, 0xFEDA, 0xFEDA, 0xFEDA, 0xFEDA, 0xFEDA, 0xFFEB,
  0xFA98, 0xF543, 0xF544, 0xF543, 0xF655, 0xFEEE, 0xFFFF, 0xFFFF,
  0xFFFF, 0xFFFF, 0xFEEB, 0xFEDA, 0xFEDB, 0xFEDA, 0xFEDA, 0xFEDA,
  0xFEDA, 0xFEDA, 0xFEDA, 0xFEDA, 0xFEDA, 0xFEDA, 0xFEEB, 0xF876,
  0xF433, 0xF544, 0xF544, 0xD544, 0x0000, 0x0000, 0x0000, 0x0000,
  0x0000, 0x0000, 0x0000, 0x0000, 0x0000, 0x0000, 0x0000, 0x0000,
  0x0000, 0x0000, 0x0000, 0x0000, 0x0000, 0x0000, 0x0000, 0x0000,
  0x0000, 0x0000, 0x0000, 0x0000, 0x0000, 0x0000, 0x0000, 0x0000,
  0x0000, 0x0000, 0x0000, 0x0000, 0x0000, 0x0000, 0x0000, 0x0000,
  0x0000, 0x0000, 0x0000, 0x0000, 0x0000, 0x0000, 0x0000, 0x0000,
  0x0000, 0x0000, 0x0000, 0x0000, 0x0000, 0x0000, 0x0000, 0x0000,
  0x0000, 0x0000, 0x0000, 0x0000, 0x0000, 0x0000, 0x0000, 0x0000,
  0x0000, 0x0000, 0x0000, 0x0000, 0x0000, 0x0000, 0x0000, 0x0000,
  0x0000, 0x0000, 0x0000, 0x0000, 0x0000, 0x0000, 0x0000, 0x0000,
  0x0000, 0x0000, 0x0000, 0x0000, 0x0000, 0x0000, 0x0000, 0x0000,
  0x0000, 0x0000, 0x0000, 0x0000, 0x0000, 0x0000, 0x0000, 0x0000,
  0x0000, 0x0000, 0x0000, 0x0000, 0x0000, 0x0000, 0x0000, 0x0000,
  0x0000, 0x0000, 0x0000, 0x0000, 0x0000, 0x0000, 0x0000, 0x0000,
  0x0000, 0x0000, 0x0000, 0x0000, 0x0000, 0x0000, 0x0000, 0x0000,
  0x0000, 0x0000, 0x0000, 0x0000, 0x0000, 0x0000, 0x0000, 0x0000,
  0x0000, 0x0000, 0x0000, 0x0000, 0x0000, 0x0000, 0x0000, 0x0444,
  0x0000, 0x7543, 0xF544, 0xF544, 0xF543, 0xF654, 0xFCA8, 0xFDB9,
  0xFDB9, 0xFECA, 0xFEDA, 0xFEDB, 0xFEEB, 0xFEDB, 0xFEDA, 0xFEDA,
  0xFEDA, 0xFEDA, 0xFEDA, 0xFEDA, 0xFEDA, 0xFEDB, 0xFEDA, 0xF655,
  0xF543, 0xF544, 0xF544, 0x9543, 0x6543, 0xF544, 0xF544, 0xF544,
  0xF544, 0xFDCA, 0xFEDB, 0xFEDA, 0xFEDA, 0xFEDA, 0xFEDA, 0xFEDA,
  0xFEDA, 0xFEDA, 0xFEDA, 0xFFFE, 0xFFFF, 0xFFFF, 0xFFFF, 0xFFFF,
  0xFFFF, 0xF765, 0xF543, 0xF544, 0xF433, 0xF987, 0xFFEB, 0xFEDA,
  0xFEDA, 0xFEDA, 0xFEDA, 0xFEDA, 0xFEDA, 0xFEDA, 0xFEDA, 0xFEDA,
  0xFEDA, 0xFFEB, 0xFCB9, 0xF543, 0xF544, 0xF544, 0xF543, 0xFDCC,
  0xFFFF, 0xFFFF, 0xFFFF, 0xFFFF, 0xFEEE, 0xF665, 0xF543, 0xF544,
  0xF543, 0xF986, 0xFFEB, 0xFEDA, 0xFEDA, 0xFEDA, 0xFEDA, 0xFEDA,
  0xFEDA, 0xFEDA, 0xFEDA, 0xFEDA, 0xFEDA, 0xFEDA, 0xFEDA, 0xFFEB,
  0xFA98, 0xF433, 0xF544, 0xF543, 0xF655, 0xFEEE, 0xFFFF, 0xFFFF,
  0xFFFF, 0xFFFF, 0xFEEC, 0xFEDA, 0xFEDB, 0xFEDA, 0xFEDA, 0xFEDA,
  0xFEDA, 0xFEDA, 0xFEDA, 0xFEDA, 0xFEDA, 0xFEDA, 0xFFEB, 0xF986,
  0xF433, 0xF544, 0xF544, 0xD544, 0x0000, 0x0000, 0x0000, 0x0000,
  0x0000, 0x0000, 0x0000, 0x0000, 0x0000, 0x0000, 0x0000, 0x0000,
  0x0000, 0x0000, 0x0000, 0x0000, 0x0000, 0x0000, 0x0000, 0x0000,
  0x0000, 0x0000, 0x0000, 0x0000, 0x0000, 0x0000, 0x0000, 0x0000,
  0x0000, 0x0000, 0x0000, 0x0000, 0x0000, 0x0000, 0x0000, 0x0000,
  0x0000, 0x0000, 0x0000, 0x0000, 0x0000, 0x0000, 0x0000, 0x0000,
  0x0000, 0x0000, 0x0000, 0x0000, 0x0000, 0x0000, 0x0000, 0x0000,
  0x0000, 0x0000, 0x0000, 0x0000, 0x0000, 0x0000, 0x0000, 0x0000,
  0x0000, 0x0000, 0x0000, 0x0000, 0x0000, 0x0000, 0x0000, 0x0000,
  0x0000, 0x0000, 0x0000, 0x0000, 0x0000, 0x0000, 0x0000, 0x0000,
  0x0000, 0x0000, 0x0000, 0x0000, 0x0000, 0x0000, 0x0000, 0x0000,
  0x0000, 0x0000, 0x0000, 0x0000, 0x0000, 0x0000, 0x0000, 0x0000,
  0x0000, 0x0000, 0x0000, 0x0000, 0x0000, 0x0000, 0x0000, 0x0000,
  0x0000, 0x0000, 0x0000, 0x0000, 0x0000, 0x0000, 0x0000, 0x0000,
  0x0000, 0x0000, 0x0000, 0x0000, 0x0000, 0x0000, 0x0000, 0x0000,
  0x0000, 0x0000, 0x0000, 0x0000, 0x0000, 0x0000, 0x0000, 0x0000,
  0x0000, 0x0000, 0x0000, 0x0000, 0x0000, 0x0000, 0x0000, 0x0444,
  0x0000, 0x8543, 0xF544, 0xF544, 0xF544, 0xF654, 0xFC86, 0xFC86,
  0xFC86, 0xFC97, 0xFC97, 0xFDA8, 0xFDB9, 0xFEDA, 0xFEDA, 0xFEEB,
  0xFEDB, 0xFEDB, 0xFEDA, 0xFEDA, 0xFEDA, 0xFEDA, 0xFEDA, 0xF765,
  0xF543, 0xF544, 0xF544, 0x9543, 0x6543, 0xF544, 0xF544, 0xF544,
  0xF544, 0xFCB9, 0xFFEB, 0xFEDA, 0xFEDA, 0xFEDA, 0xFEDA, 0xFEDA,
  0xFEDA, 0xFEDA, 0xFEDA, 0xFFFE, 0xFFFF, 0xFFFF, 0xFFFF, 0xFFFF,
  0xFFFF, 0xF766, 0xF543, 0xF544, 0xF433, 0xF876, 0xFFEB, 0xFEDA,
  0xFEDA, 0xFEDA, 0xFEDA, 0xFEDA, 0xFEDA, 0xFEDA, 0xFEDA, 0xFEDA,
  0xFEDA, 0xFFEB, 0xFCB9, 0xF544, 0xF544, 0xF544, 0xF543, 0xFCCC,
  0xFFFF, 0xFFFF, 0xFFFF, 0xFFFF, 0xFEEE, 0xF655, 0xF543, 0xF544,
  0xF543, 0xF986, 0xFFEB, 0xFEDA, 0xFEDA, 0xFEDA, 0xFEDA, 0xFEDA,
  0xFEDA, 0xFEDB, 0xFEDA, 0xFEDA, 0xFEDA, 0xFEDA, 0xFEDA, 0xFFEB,
  0xF998, 0xF433, 0xF544, 0xF543, 0xF655, 0xFFFE, 0xFFFF, 0xFFFF,
  0xFFFF, 0xFFFF, 0xFFEC, 0xFEDA, 0xFEDB, 0xFEDA, 0xFEDA, 0xFEDA,
  0xFEDA, 0xFEDA, 0xFEDA, 0xFEDA, 0xFEDA, 0xFEDA, 0xFFEB, 0xF986,
  0xF433, 0xF544, 0xF544, 0xD543, 0x0000, 0x0000, 0x0000, 0x0000,
  0x0000, 0x0000, 0x0000, 0x0000, 0x0000, 0x0000, 0x0000, 0x0000,
  0x0000, 0x0000, 0x0000, 0x0000, 0x0000, 0x0000, 0x0000, 0x0000,
  0x0000, 0x0000, 0x0000, 0x0000, 0x0000, 0x0000, 0x0000, 0x0000,
  0x0000, 0x0000, 0x0000, 0x0000, 0x0000, 0x0000, 0x0000, 0x0000,
  0x0000, 0x0000, 0x0000, 0x0000, 0x0000, 0x0000, 0x0000, 0x0000,
  0x0000, 0x0000, 0x0000, 0x0000, 0x0000, 0x0000, 0x0000, 0x0000,
  0x0000, 0x0000, 0x0000, 0x0000, 0x0000, 0x0000, 0x0000, 0x0000,
  0x0000, 0x0000, 0x0000, 0x0000, 0x0000, 0x0000, 0x0000, 0x0000,
  0x0000, 0x0000, 0x0000, 0x0000, 0x0000, 0x0000, 0x0000, 0x0000,
  0x0000, 0x0000, 0x0000, 0x0000, 0x0000, 0x0000, 0x0000, 0x0000,
  0x0000, 0x0000, 0x0000, 0x0000, 0x0000, 0x0000, 0x0000, 0x0000,
  0x0000, 0x0000, 0x0000, 0x0000, 0x0000, 0x0000, 0x0000, 0x0000,
  0x0000, 0x0000, 0x0000, 0x0000, 0x0000, 0x0000, 0x0000, 0x0000,
  0x0000, 0x0000, 0x0000, 0x0000, 0x0000, 0x0000, 0x0000, 0x0000,
  0x0000, 0x0000, 0x0000, 0x0000, 0x0000, 0x0000, 0x0000, 0x0000,
  0x0000, 0x0000, 0x0000, 0x0000, 0x0000, 0x0000, 0x0000, 0x0700,
  0x0000, 0x9544, 0xF544, 0xF544, 0xF543, 0xF654, 0xFC97, 0xFC97,
  0xFC97, 0xFC97, 0xFC97, 0xFC86, 0xFC86, 0xFC97, 0xFCA7, 0xFDB9,
  0xFECA, 0xFEDA, 0xFEDB, 0xFEEB, 0xFEEB, 0xFEEB, 0xFEDB, 0xF765,
  0xF543, 0xF544, 0xF544, 0x9544, 0x4543, 0xF544, 0xF544, 0xF544,
  0xF543, 0xFBA8, 0xFFEB, 0xFEDA, 0xFEDA, 0xFEDA, 0xFEDA, 0xFEDA,
  0xFEDA, 0xFEDA, 0xFEDA, 0xFFFE, 0xFFFF, 0xFFFF, 0xFFFF, 0xFFFF,
  0xFFFF, 0xF877, 0xF543, 0xF544, 0xF543, 0xF765, 0xFEDB, 0xFEDA,
  0xFEDA, 0xFEDA, 0xFEDA, 0xFEDB, 0xFEDB, 0xFEDA, 0xFEDA, 0xFEDA,
  0xFEDA, 0xFFEB, 0xFCB9, 0xF544, 0xF544, 0xF544, 0xF543, 0xFCBB,
  0xFFFF, 0xFFFF, 0xFFFF, 0xFFFF, 0xFEEE, 0xF655, 0xF543, 0xF544,
  0xF543, 0xF986, 0xFFEB, 0xFEDA, 0xFEDA, 0xFEDA, 0xFEDA, 0xFEDB,
  0xFEDB, 0xFEDA, 0xFEDB, 0xFEEB, 0xFEDB, 0xFEDB, 0xFEDB, 0xFFEB,
  0xF987, 0xF433, 0xF544, 0xF543, 0xF765, 0xFFFF, 0xFFFF, 0xFFFF,
  0xFFFF, 0xFFFF, 0xFFED, 0xFEDA, 0xFEDB, 0xFEDA, 0xFEDA, 0xFEDA,
  0xFEDA, 0xFEDA, 0xFEDA, 0xFEDA, 0xFEDA, 0xFEDA, 0xFFEB, 0xF986,
  0xF433, 0xF544, 0xF544, 0xD543, 0x0000, 0x0000, 0x0000, 0x0000,
  0x0000, 0x0000, 0x0000, 0x0000, 0x0000, 0x0000, 0x0000, 0x0000,
  0x0000, 0x0000, 0x0000, 0x0000, 0x0000, 0x0000, 0x0000, 0x0000,
  0x0000, 0x0000, 0x0000, 0x0000, 0x0000, 0x0000, 0x0000, 0x0000,
  0x0000, 0x0000, 0x0000, 0x0000, 0x0000, 0x0000, 0x0000, 0x0000,
  0x0000, 0x0000, 0x0000, 0x0000, 0x0000, 0x0000, 0x0000, 0x0000,
  0x0000, 0x0000, 0x0000, 0x0000, 0x0000, 0x0000, 0x0000, 0x0000,
  0x0000, 0x0000, 0x0000, 0x0000, 0x0000, 0x0000, 0x0000, 0x0000,
  0x0000, 0x0000, 0x0000, 0x0000, 0x0000, 0x0000, 0x0000, 0x0000,
  0x0000, 0x0000, 0x0000, 0x0000, 0x0000, 0x0000, 0x0000, 0x0000,
  0x0000, 0x0000, 0x0000, 0x0000, 0x0000, 0x0000, 0x0000, 0x0000,
  0x0000, 0x0000, 0x0000, 0x0000, 0x0000, 0x0000, 0x0000, 0x0000,
  0x0000, 0x0000, 0x0000, 0x0000, 0x0000, 0x0000, 0x0000, 0x0000,
  0x0000, 0x0000, 0x0000, 0x0000, 0x0000, 0x0000, 0x0000, 0x0000,
  0x0000, 0x0000, 0x0000, 0x0000, 0x0000, 0x0000, 0x0000, 0x0000,
  0x0000, 0x0000, 0x0000, 0x0000, 0x0000, 0x0000, 0x0000, 0x0000,
  0x0000, 0x0000, 0x0000, 0x0000, 0x0000, 0x0000, 0x0000, 0x0000,
  0x0000, 0xB543, 0xF544, 0xF544, 0xF543, 0xF754, 0xFC97, 0xFC97,
  0xFC97, 0xFC97, 0xFC97, 0xFC97, 0xFC97, 0xFC97, 0xFC86, 0xFC86,
  0xFC97, 0xFC97, 0xFDA8, 0xFDB8, 0xFDB9, 0xFDB9, 0xFDA8, 0xF654,
  0xF543, 0xF544, 0xF544, 0x9543, 0x3544, 0xE544, 0xF544, 0xF544,
  0xF543, 0xFBA8, 0xFFEB, 0xFEDA, 0xFEDA, 0xFEDA, 0xFEDA, 0xFEDA,
  0xFEDA, 0xFEDA, 0xFEDA, 0xFFFE, 0xFFFF, 0xFFFF, 0xFFFF, 0xFFFF,
  0xFFFF, 0xF887, 0xF433, 0xF544, 0xF543, 0xF765, 0xFEDA, 0xFEDB,
  0xFEDA, 0xFEDB, 0xFEDB, 0xFEDA, 0xFEDA, 0xFEDA, 0xFEDB, 0xFEDA,
  0xFEDA, 0xFFEB, 0xFCB9, 0xF544, 0xF544, 0xF544, 0xF543, 0xFBBB,
  0xFFFF, 0xFFFF, 0xFFFF, 0xFFFF, 0xFEEE, 0xF655, 0xF543, 0xF544,
  0xF543, 0xF987, 0xFFEB, 0xFEDA, 0xFEDA, 0xFEDA, 0xFEDB, 0xFEDA,
  0xFDA8, 0xFCA7, 0xFDA8, 0xFDC9, 0xFECA, 0xFEDA, 0xFEC9, 0xFEC9,
  0xF876, 0xF443, 0xF544, 0xF543, 0xF766, 0xFFFF, 0xFFFF, 0xFFFF,
  0xFFFF, 0xFFFF, 0xFFED, 0xFEDA, 0xFEDB, 0xFEDA, 0xFEDA, 0xFEDA,
  0xFEDA, 0xFEDA, 0xFEDA, 0xFEDA, 0xFEDA, 0xFEDA, 0xFFEB, 0xF986,
  0xF433, 0xF544, 0xF544, 0xD544, 0x0000, 0x0000, 0x0000, 0x0000,
  0x0000, 0x0000, 0x0000, 0x0000, 0x0000, 0x0000, 0x0000, 0x0000,
  0x0000, 0x0000, 0x0000, 0x0000, 0x0000, 0x0000, 0x0000, 0x0000,
  0x0000, 0x0000, 0x0000, 0x0000, 0x0000, 0x0000, 0x0000, 0x0000,
  0x0000, 0x0000, 0x0000, 0x0000, 0x0000, 0x0000, 0x0000, 0x0000,
  0x0000, 0x0000, 0x0000, 0x0000, 0x0000, 0x0000, 0x0000, 0x0000,
  0x0000, 0x0000, 0x0000, 0x0000, 0x0000, 0x0000, 0x0000, 0x0000,
  0x0000, 0x0000, 0x0000, 0x0000, 0x0000, 0x0000, 0x0000, 0x0000,
  0x0000, 0x0000, 0x0000, 0x0000, 0x0000, 0x0000, 0x0000, 0x0000,
  0x0000, 0x0000, 0x0000, 0x0000, 0x0000, 0x0000, 0x0000, 0x0000,
  0x0000, 0x0000, 0x0000, 0x0000, 0x0000, 0x0000, 0x0000, 0x0000,
  0x0000, 0x0000, 0x0000, 0x0000, 0x0000, 0x0000, 0x0000, 0x0000,
  0x0000, 0x0000, 0x0000, 0x0000, 0x0000, 0x0000, 0x0000, 0x0000,
  0x0000, 0x0000, 0x0000, 0x0000, 0x0000, 0x0000, 0x0000, 0x0000,
  0x0000, 0x0000, 0x0000, 0x0000, 0x0000, 0x0000, 0x0000, 0x0000,
  0x0000, 0x0000, 0x0000, 0x0000, 0x0000, 0x0000, 0x0000, 0x0000,
  0x0000, 0x0000, 0x0000, 0x0000, 0x0000, 0x0000, 0x0000, 0x0000,
  0x0770, 0xC543, 0xF544, 0xF544, 0xF543, 0xF865, 0xFC97, 0xFC97,
  0xFC97, 0xFC97, 0xFC97, 0xFC97, 0xFC97, 0xFC97, 0xFC97, 0xFC97,
  0xFC97, 0xFC96, 0xFC86, 0xFC86, 0xFC86, 0xFC86, 0xFC86, 0xF654,
  0xF544, 0xF544, 0xF544, 0x8543, 0x2444, 0xE544, 0xF544, 0xF544,
  0xF543, 0xFA98, 0xFFEB, 0xFEDA, 0xFEDA, 0xFEDA, 0xFEDA, 0xFEDA,
  0xFEDA, 0xFEDA, 0xFEDA, 0xFFEE, 0xFFFF, 0xFFFF, 0xFFFF, 0xFFFF,
  0xFFFF, 0xF998, 0xF433, 0xF544, 0xF543, 0xF654, 0xFEDA, 0xFEDB,
  0xFEDA, 0xFECA, 0xFDB8, 0xFC97, 0xFC97, 0xFDB8, 0xFEDA, 0xFEDB,
  0xFEDA, 0xFFEB, 0xFDC9, 0xF544, 0xF544, 0xF544, 0xF543, 0xFBAA,
  0xFFFF, 0xFFFF, 0xFFFF, 0xFFFF, 0xFEEE, 0xF655, 0xF543, 0xF544,
  0xF543, 0xF987, 0xFFEB, 0xFEDA, 0xFEDA, 0xFEDA, 0xFEDB, 0xFDB9,
  0xFC86, 0xFC96, 0xFC86, 0xFC86, 0xFC97, 0xFC97, 0xFC97, 0xFC97,
  0xF865, 0xF543, 0xF544, 0xF543, 0xF766, 0xFFFF, 0xFFFF, 0xFFFF,
  0xFFFF, 0xFFFF, 0xFFED, 0xFEDA, 0xFEDB, 0xFEDA, 0xFEDA, 0xFEDA,
  0xFEDA, 0xFEDA, 0xFEDA, 0xFEDA, 0xFEDA, 0xFEDA, 0xFEDB, 0xF876,
  0xF543, 0xF544, 0xF544, 0xD544, 0x0000, 0x0000, 0x0000, 0x0000,
  0x0000, 0x0000, 0x0000, 0x0000, 0x0000, 0x0000, 0x0000, 0x0000,
  0x0000, 0x0000, 0x0000, 0x0000, 0x0000, 0x0000, 0x0000, 0x0000,
  0x0000, 0x0000, 0x0000, 0x0000, 0x0000, 0x0000, 0x0000, 0x0000,
  0x0000, 0x0000, 0x0000, 0x0000, 0x0000, 0x0000, 0x0000, 0x0000,
  0x0000, 0x0000, 0x0000, 0x0000, 0x0000, 0x0000, 0x0000, 0x0000,
  0x0000, 0x0000, 0x0000, 0x0000, 0x0000, 0x0000, 0x0000, 0x0000,
  0x0000, 0x0000, 0x0000, 0x0000, 0x0000, 0x0000, 0x0000, 0x0000,
  0x0000, 0x0000, 0x0000, 0x0000, 0x0000, 0x0000, 0x0000, 0x0000,
  0x0000, 0x0000, 0x0000, 0x0000, 0x0000, 0x0000, 0x0000, 0x0000,
  0x0000, 0x0000, 0x0000, 0x0000, 0x0000, 0x0000, 0x0000, 0x0000,
  0x0000, 0x0000, 0x0000, 0x0000, 0x0000, 0x0000, 0x0000, 0x0000,
  0x0000, 0x0000, 0x0000, 0x0000, 0x0000, 0x0000, 0x0000, 0x0000,
  0x0000, 0x0000, 0x0000, 0x0000, 0x0000, 0x0000, 0x0000, 0x0000,
  0x0000, 0x0000, 0x0000, 0x0000, 0x0000, 0x0000, 0x0000, 0x0000,
  0x0000, 0x0000, 0x0000, 0x0000, 0x0000, 0x0000, 0x0000, 0x0000,
  0x0000, 0x0000, 0x0000, 0x0000, 0x0000, 0x0000, 0x0000, 0x0000,
  0x2443, 0xE544, 0xF544, 0xF544, 0xF543, 0xF965, 0xFC97, 0xFC97,
  0xFC97, 0xFC97, 0xFC97, 0xFC97, 0xFC97, 0xFC97, 0xFC97, 0xFC97,
  0xFC97, 0xFC97, 0xFC97, 0xFC97, 0xFC97, 0xFC97, 0xFC86, 0xF644,
  0xF544, 0xF544, 0xF544, 0x7544, 0x2543, 0xE544, 0xF544, 0xF544,
  0xF433, 0xFA98, 0xFFEB, 0xFEDA, 0xFEDA, 0xFEDA, 0xFEDA, 0xFEDA,
  0xFEDA, 0xFEDB, 0xFEDA, 0xFFED, 0xFFFF, 0xFFFF, 0xFFFF, 0xFFFF,
  0xFFFF, 0xFAAA, 0xF433, 0xF544, 0xF544, 0xF544, 0xFC97, 0xFDA8,
  0xFC97, 0xFC97, 0xFC86, 0xFC96, 0xFC96, 0xFC97, 0xFDC9, 0xFEDB,
  0xFEDA, 0xFEEB, 0xFDC9, 0xF654, 0xF544, 0xF544, 0xF533, 0xFAAA,
  0xFFFF, 0xFFFF, 0xFFFF, 0xFFFF, 0xFEDD, 0xF654, 0xF543, 0xF544,
  0xF543, 0xFA97, 0xFFEB, 0xFEDA, 0xFEDA, 0xFEDA, 0xFEDB, 0xFDB8,
  0xFC86, 0xFC97, 0xFC97, 0xFC97, 0xFC97, 0xFC97, 0xFC97, 0xFC97,
  0xF865, 0xF543, 0xF544, 0xF543, 0xF766, 0xFFFF, 0xFFFF, 0xFFFF,
  0xFFFF, 0xFFFF, 0xFFED, 0xFEDA, 0xFEDB, 0xFEDA, 0xFEDA, 0xFEDA,
  0xFEDA, 0xFEDA, 0xFEDA, 0xFEDA, 0xFEDA, 0xFEDA, 0xFEDB, 0xF876,
  0xF543, 0xF544, 0xF544, 0xC543, 0x0000, 0x0000, 0x0000, 0x0000,
  0x0000, 0x0000, 0x0000, 0x0000, 0x0000, 0x0000, 0x0000, 0x0000,
  0x0000, 0x0000, 0x0000, 0x0000, 0x0000, 0x0000, 0x0000, 0x0000,
  0x0000, 0x0000, 0x0000, 0x0000, 0x0000, 0x0000, 0x0000, 0x0000,
  0x0000, 0x0000, 0x0000, 0x0000, 0x0000, 0x0000, 0x0000, 0x0000,
  0x0000, 0x0000, 0x0000, 0x0000, 0x0000, 0x0000, 0x0000, 0x0000,
  0x0000, 0x0000, 0x0000, 0x0000, 0x0000, 0x0000, 0x0000, 0x0000,
  0x0000, 0x0000, 0x0000, 0x0000, 0x0000, 0x0000, 0x0000, 0x0000,
  0x0000, 0x0000, 0x0000, 0x0000, 0x0000, 0x0000, 0x0000, 0x0000,
  0x0000, 0x0000, 0x0000, 0x0000, 0x0000, 0x0000, 0x0000, 0x0000,
  0x0000, 0x0000, 0x0000, 0x0000, 0x0000, 0x0000, 0x0000, 0x0000,
  0x0000, 0x0000, 0x0000, 0x0000, 0x0000, 0x0000, 0x0000, 0x0000,
  0x0000, 0x0000, 0x0000, 0x0000, 0x0000, 0x0000, 0x0000, 0x0000,
  0x0000, 0x0000, 0x0000, 0x0000, 0x0000, 0x0000, 0x0000, 0x0000,
  0x0000, 0x0000, 0x0000, 0x0000, 0x0000, 0x0000, 0x0000, 0x0000,
  0x0000, 0x0000, 0x0000, 0x0000, 0x0000, 0x0000, 0x0000, 0x0000,
  0x0000, 0x0000, 0x0000, 0x0000, 0x0000, 0x0000, 0x0444, 0x0000,
  0x5543, 0xF544, 0xF544, 0xF544, 0xF544, 0xFA76, 0xFC97, 0xFC97,
  0xFC97, 0xFC97, 0xFC97, 0xFC97, 0xFC97, 0xFC97, 0xFC97, 0xFC97,
  0xFC97, 0xFC97, 0xFC97, 0xFC97, 0xFC97, 0xFC97, 0xFB86, 0xF544,
  0xF544, 0xF544, 0xF544, 0x6544, 0x2543, 0xE544, 0xF544, 0xF544,
  0xF543, 0xFA98, 0xFFEB, 0xFEDA, 0xFEDA, 0xFEDA, 0xFEDA, 0xFEDA,
  0xFEDA, 0xFEDB, 0xFEDA, 0xFFEC, 0xFFFF, 0xFFFF, 0xFFFF, 0xFFFF,
  0xFFFF, 0xFBBB, 0xF433, 0xF544, 0xF544, 0xF544, 0xFB86, 0xFC97,
  0xFC87, 0xFC97, 0xFC97, 0xFC97, 0xFC97, 0xFC97, 0xFDB9, 0xFEDB,
  0xFEDA, 0xFEDB, 0xFDCA, 0xF654, 0xF543, 0xF544, 0xF433, 0xFA99,
  0xFFFF, 0xFFFF, 0xFFFF, 0xFFFF, 0xFDDD, 0xF544, 0xF544, 0xF544,
  0xF543, 0xFBA8, 0xFFEB, 0xFEDA, 0xFEDA, 0xFEDA, 0xFEDB, 0xFECA,
  0xFC97, 0xFC86, 0xFC97, 0xFC97, 0xFC97, 0xFC97, 0xFC97, 0xFC97,
  0xF765, 0xF543, 0xF544, 0xF543, 0xF776, 0xFFFF, 0xFFFF, 0xFFFF,
  0xFFFF, 0xFFFF, 0xFFEE, 0xFEDA, 0xFEDA, 0xFEDA, 0xFEDA, 0xFEDA,
  0xFEDA, 0xFEDA, 0xFEDA, 0xFEDA, 0xFEDA, 0xFEDA, 0xFEDB, 0xF775,
  0xF543, 0xF544, 0xF544, 0xC543, 0x0000, 0x0000, 0x0000, 0x0000,
  0x0000, 0x0000, 0x0000, 0x0000, 0x0000, 0x0000, 0x0000, 0x0000,
  0x0000, 0x0000, 0x0000, 0x0000, 0x0000, 0x0000, 0x0000, 0x0000,
  0x0000, 0x0000, 0x0000, 0x0000, 0x0000, 0x0000, 0x0000, 0x0000,
  0x0000, 0x0000, 0x0000, 0x0000, 0x0000, 0x0000, 0x0000, 0x0000,
  0x0000, 0x0000, 0x0000, 0x0000, 0x0000, 0x0000, 0x0000, 0x0000,
  0x0000, 0x0000, 0x0000, 0x0000, 0x0000, 0x0000, 0x0000, 0x0000,
  0x0000, 0x0000, 0x0000, 0x0000, 0x0000, 0x0000, 0x0000, 0x0000,
  0x0000, 0x0000, 0x0000, 0x0000, 0x0000, 0x0000, 0x0000, 0x0000,
  0x0000, 0x0000, 0x0000, 0x0000, 0x0000, 0x0000, 0x0000, 0x0000,
  0x0000, 0x0000, 0x0000, 0x0000, 0x0000, 0x0000, 0x0000, 0x0000,
  0x0000, 0x0000, 0x0000, 0x0000, 0x0000, 0x0000, 0x0000, 0x0000,
  0x0000, 0x0000, 0x0000, 0x0000, 0x0000, 0x0000, 0x0000, 0x0000,
  0x0000, 0x0000, 0x0000, 0x0000, 0x0000, 0x0000, 0x0000, 0x0000,
  0x0000, 0x0000, 0x0000, 0x0000, 0x0000, 0x0000, 0x0000, 0x0000,
  0x0000, 0x0000, 0x0000, 0x0000, 0x0000, 0x0000, 0x0000, 0x0000,
  0x0000, 0x0000, 0x0000, 0x0000, 0x0000, 0x0000, 0x0555, 0x0000,
  0x8543, 0xF544, 0xF544, 0xF544, 0xF544, 0xFB86, 0xFC97, 0xFC97,
  0xFC97, 0xFC97, 0xFC97, 0xFC97, 0xFC97, 0xFC97, 0xFC97, 0xFC97,
  0xFC97, 0xFC97, 0xFC97, 0xFC97, 0xFC97, 0xFC97, 0xF976, 0xF543,
  0xF544, 0xF544, 0xF544, 0x4543, 0x3544, 0xF544, 0xF544, 0xF544,
  0xF543, 0xFBA8, 0xFFEB, 0xFEDA, 0xFEDA, 0xFEDA, 0xFEDA, 0xFEDA,
  0xFEDA, 0xFEDB, 0xFEDA, 0xFEEC, 0xFFFF, 0xFFFF, 0xFFFF, 0xFFFF,
  0xFFFF, 0xFCCB, 0xF543, 0xF544, 0xF544, 0xF544, 0xFB86, 0xFC97,
  0xFC97, 0xFC97, 0xFC97, 0xFC86, 0xFC86, 0xFDA8, 0xFEDA, 0xFEDB,
  0xFEDA, 0xFEDB, 0xFDCA, 0xF654, 0xF543, 0xF544, 0xF433, 0xF999,
  0xFFFF, 0xFFFF, 0xFFFF, 0xFFFF, 0xFDDD, 0xF543, 0xF544, 0xF544,
  0xF543, 0xFBB8, 0xFFEB, 0xFEDA, 0xFEDA, 0xFEDA, 0xFEDA, 0xFEDB,
  0xFECA, 0xFDA8, 0xFC97, 0xFC97, 0xFC86, 0xFC86, 0xFC86, 0xFC97,
  0xF765, 0xF543, 0xF544, 0xF543, 0xF877, 0xFFFF, 0xFFFF, 0xFFFF,
  0xFFFF, 0xFFFF, 0xFFFE, 0xFEDA, 0xFEDA, 0xFEDA, 0xFEDA, 0xFEDA,
  0xFEDA, 0xFEDA, 0xFEDA, 0xFEDA, 0xFEDA, 0xFEDA, 0xFEDA, 0xF765,
  0xF543, 0xF544, 0xF544, 0xB543, 0x0000, 0x0000, 0x0000, 0x0000,
  0x0000, 0x0000, 0x0000, 0x0000, 0x0000, 0x0000, 0x0000, 0x0000,
  0x0000, 0x0000, 0x0000, 0x0000, 0x0000, 0x0000, 0x0000, 0x0000,
  0x0000, 0x0000, 0x0000, 0x0000, 0x0000, 0x0000, 0x0000, 0x0000,
  0x0000, 0x0000, 0x0000, 0x0000, 0x0000, 0x0000, 0x0000, 0x0000,
  0x0000, 0x0000, 0x0000, 0x0000, 0x0000, 0x0000, 0x0000, 0x0000,
  0x0000, 0x0000, 0x0000, 0x0000, 0x0000, 0x0000, 0x0000, 0x0000,
  0x0000, 0x0000, 0x0000, 0x0000, 0x0000, 0x0000, 0x0000, 0x0000,
  0x0000, 0x0000, 0x0000, 0x0000, 0x0000, 0x0000, 0x0000, 0x0000,
  0x0000, 0x0000, 0x0000, 0x0000, 0x0000, 0x0000, 0x0000, 0x0000,
  0x0000, 0x0000, 0x0000, 0x0000, 0x0000, 0x0000, 0x0000, 0x0000,
  0x0000, 0x0000, 0x0000, 0x0000, 0x0000, 0x0000, 0x0000, 0x0000,
  0x0000, 0x0000, 0x0000, 0x0000, 0x0000, 0x0000, 0x0000, 0x0000,
  0x0000, 0x0000, 0x0000, 0x0000, 0x0000, 0x0000, 0x0000, 0x0000,
  0x0000, 0x0000, 0x0000, 0x0000, 0x0000, 0x0000, 0x0000, 0x0000,
  0x0000, 0x0000, 0x0000, 0x0000, 0x0000, 0x0000, 0x0000, 0x0000,
  0x0000, 0x0000, 0x0000, 0x0000, 0x0000, 0x0000, 0x0000, 0x0333,
  0xD543, 0xF544, 0xF544, 0xF543, 0xF755, 0xFC97, 0xFC86, 0xFC86,
  0xFC97, 0xFC97, 0xFC97, 0xFC97, 0xFC97, 0xFC97, 0xFC97, 0xFC97,
  0xFC97, 0xFC97, 0xFC97, 0xFC97, 0xFC97, 0xFC97, 0xF965, 0xF543,
  0xF544, 0xF544, 0xE543, 0x1533, 0x5543, 0xF544, 0xF544, 0xF544,
  0xF544, 0xFCB9, 0xFFEB, 0xFEDA, 0xFEDA, 0xFEDA, 0xFEDA, 0xFEDA,
  0xFEDA, 0xFEDB, 0xFEDA, 0xFEEB, 0xFFFF, 0xFFFF, 0xFFFF, 0xFFFF,
  0xFFFF, 0xFCCC, 0xF543, 0xF544, 0xF544, 0xF544, 0xFA76, 0xFC97,
  0xFC86, 0xFC86, 0xFC97, 0xFC97, 0xFDB9, 0xFEDA, 0xFEDB, 0xFEDA,
  0xFEDA, 0xFEDB, 0xFEDA, 0xF655, 0xF543, 0xF544, 0xF433, 0xF988,
  0xFFFF, 0xFFFF, 0xFFFF, 0xFFFF, 0xFCCC, 0xF543, 0xF544, 0xF544,
  0xF543, 0xFCB9, 0xFFEB, 0xFEDA, 0xFEDA, 0xFEDA, 0xFEDA, 0xFEDA,
  0xFEDB, 0xFEDB, 0xFEDA, 0xFEC9, 0xFDC9, 0xFDC9, 0xFEC9, 0xFECA,
  0xF765, 0xF543, 0xF544, 0xF533, 0xF877, 0xFFFF, 0xFFFF, 0xFFFF,
  0xFFFF, 0xFFFF, 0xFFFE, 0xFEDA, 0xFEDA, 0xFEDA, 0xFEDA, 0xFEDA,
  0xFEDA, 0xFEDA, 0xFEDA, 0xFEDA, 0xFEDA, 0xFEDA, 0xFEDA, 0xF765,
  0xF543, 0xF544, 0xF544, 0xB544, 0x0000, 0x0000, 0x0000, 0x0000,
  0x0000, 0x0000, 0x0000, 0x0000, 0x0000, 0x0000, 0x0000, 0x0000,
  0x0000, 0x0000, 0x0000, 0x0000, 0x0000, 0x0000, 0x0000, 0x0000,
  0x0000, 0x0000, 0x0000, 0x0000, 0x0000, 0x0000, 0x0000, 0x0000,
  0x0000, 0x0000, 0x0000, 0x0000, 0x0000, 0x0000, 0x0000, 0x0000,
  0x0000, 0x0000, 0x0000, 0x0000, 0x0000, 0x0000, 0x0000, 0x0000,
  0x0000, 0x0000, 0x0000, 0x0000, 0x0000, 0x0000, 0x0000, 0x0000,
  0x0000, 0x0000, 0x0000, 0x0000, 0x0000, 0x0000, 0x0000, 0x0000,
  0x0000, 0x0000, 0x0000, 0x0000, 0x0000, 0x0000, 0x0000, 0x0000,
  0x0000, 0x0000, 0x0000, 0x0000, 0x0000, 0x0000, 0x0000, 0x0000,
  0x0000, 0x0000, 0x0000, 0x0000, 0x0000, 0x0000, 0x0000, 0x0000,
  0x0000, 0x0000, 0x0000, 0x0000, 0x0000, 0x0000, 0x0000, 0x0000,
  0x0000, 0x0000, 0x0000, 0x0000, 0x0000, 0x0000, 0x0000, 0x0000,
  0x0000, 0x0000, 0x0000, 0x0000, 0x0000, 0x0000, 0x0000, 0x0000,
  0x0000, 0x0000, 0x0000, 0x0000, 0x0000, 0x0000, 0x0000, 0x0000,
  0x0000, 0x0000, 0x0000, 0x0000, 0x0000, 0x0000, 0x0000, 0x0000,
  0x0000, 0x0000, 0x0000, 0x0000, 0x0000, 0x0555, 0x0000, 0x4543,
  0xF544, 0xF544, 0xF544, 0xF433, 0xFA97, 0xFEDA, 0xFDB9, 0xFCA7,
  0xFC97, 0xFC86, 0xFC86, 0xFC97, 0xFC97, 0xFC97, 0xFC97, 0xFC97,
  0xFC97, 0xFC97, 0xFC97, 0xFC97, 0xFC97, 0xFC97, 0xF754, 0xF543,
  0xF544, 0xF544, 0xC543, 0x0000, 0x6543, 0xF544, 0xF544, 0xF544,
  0xF544, 0xFDC9, 0xFEEB, 0xFEDA, 0xFEDA, 0xFEDA, 0xFEDA, 0xFEDA,
  0xFEDA, 0xFEDA, 0xFEDA, 0xFEDB, 0xFFFF, 0xFFFF, 0xFFFF, 0xFFFF,
  0xFFFF, 0xFDDC, 0xF544, 0xF544, 0xF544, 0xF543, 0xFA86, 0xFDA8,
  0xFDA8, 0xFDB9, 0xFECA, 0xFEDA, 0xFEDB, 0xFEDB, 0xFEDA, 0xFEDA,
  0xFEDA, 0xFEDA, 0xFEDA, 0xF765, 0xF543, 0xF544, 0xF433, 0xF988,
  0xFFFF, 0xFFFF, 0xFFFF, 0xFFFF, 0xFAAA, 0xF533, 0xF544, 0xF544,
  0xF544, 0xFDC9, 0xFFEB, 0xFEDA, 0xFEDA, 0xFEDA, 0xFEDA, 0xFEDA,
  0xFEDA, 0xFEDA, 0xFEDB, 0xFEDB, 0xFEEB, 0xFEDB, 0xFEEB, 0xFEDA,
  0xF765, 0xF543, 0xF544, 0xF433, 0xF888, 0xFFFF, 0xFFFF, 0xFFFF,
  0xFFFF, 0xFFFF, 0xFFFE, 0xFEDA, 0xFEDA, 0xFEDA, 0xFEDA, 0xFEDA,
  0xFEDA, 0xFEDA, 0xFEDA, 0xFEDA, 0xFEDA, 0xFEDB, 0xFEDA, 0xF765,
  0xF543, 0xF544, 0xF544, 0xB543, 0x0000, 0x0000, 0x0000, 0x0000,
  0x0000, 0x0000, 0x0000, 0x0000, 0x0000, 0x0000, 0x0000, 0x0000,
  0x0000, 0x0000, 0x0000, 0x0000, 0x0000, 0x0000, 0x0000, 0x0000,
  0x0000, 0x0000, 0x0000, 0x0000, 0x0000, 0x0000, 0x0000, 0x0000,
  0x0000, 0x0000, 0x0000, 0x0000, 0x0000, 0x0000, 0x0000, 0x0000,
  0x0000, 0x0000, 0x0000, 0x0000, 0x0000, 0x0000, 0x0000, 0x0000,
  0x0000, 0x0000, 0x0000, 0x0000, 0x0000, 0x0000, 0x0000, 0x0000,
  0x0000, 0x0000, 0x0000, 0x0000, 0x0000, 0x0000, 0x0000, 0x0000,
  0x0000, 0x0000, 0x0000, 0x0000, 0x0000, 0x0000, 0x0000, 0x0000,
  0x0000, 0x0000, 0x0000, 0x0000, 0x0000, 0x0000, 0x0000, 0x0000,
  0x0000, 0x0000, 0x0000, 0x0000, 0x0000, 0x0000, 0x0000, 0x0000,
  0x0000, 0x0000, 0x0000, 0x0000, 0x0000, 0x0000, 0x0000, 0x0000,
  0x0000, 0x0000, 0x0000, 0x0000, 0x0000, 0x0000, 0x0000, 0x0000,
  0x0000, 0x0000, 0x0000, 0x0000, 0x0000, 0x0000, 0x0000, 0x0000,
  0x0000, 0x0000, 0x0000, 0x0000, 0x0000, 0x0000, 0x0000, 0x0000,
  0x0000, 0x0000, 0x0000, 0x0000, 0x0000, 0x0000, 0x0000, 0x0000,
  0x0000, 0x0000, 0x0000, 0x0000, 0x0000, 0x0555, 0x0000, 0xB543,
  0xF544, 0xF544, 0xF544, 0xF544, 0xFDC9, 0xFFEB, 0xFEDB, 0xFEDA,
  0xFECA, 0xFDB9, 0xFDA8, 0xFC97, 0xFC97, 0xFC86, 0xFC86, 0xFC97,
  0xFC97, 0xFC97, 0xFC97, 0xFC97, 0xFC97, 0xFC86, 0xF654, 0xF544,
  0xF544, 0xF544, 0x9543, 0x0000, 0x7544, 0xF544, 0xF544, 0xF543,
  0xF654, 0xFEDA, 0xFEDB, 0xFEDA, 0xFEDA, 0xFEDA, 0xFEDA, 0xFEDA,
  0xFEDA, 0xFEDA, 0xFEDA, 0xFEDA, 0xFFFE, 0xFFFF, 0xFFFF, 0xFFFF,
  0xFFFF, 0xFDDD, 0xF654, 0xF543, 0xF544, 0xF543, 0xFA97, 0xFFEB,
  0xFEDB, 0xFEEB, 0xFEDB, 0xFEDA, 0xFEDA, 0xFEDA, 0xFEDA, 0xFEDA,
  0xFEDA, 0xFEDA, 0xFEEB, 0xF765, 0xF543, 0xF544, 0xF433, 0xF887,
  0xFFFF, 0xFFFF, 0xFFFF, 0xFFFF, 0xF988, 0xF433, 0xF544, 0xF543,
  0xF654, 0xFDCA, 0xFEDB, 0xFEDA, 0xFEDA, 0xFEDA, 0xFEDA, 0xFEDA,
  0xFEDA, 0xFEDA, 0xFEDA, 0xFEDA, 0xFEDA, 0xFEDA, 0xFEDB, 0xFEDA,
  0xF655, 0xF543, 0xF544, 0xF433, 0xF988, 0xFFFF, 0xFFFF, 0xFFFF,
  0xFFFF, 0xFFFF, 0xFFFE, 0xFEDA, 0xFEDA, 0xFEDA, 0xFEDA, 0xFEDA,
  0xFEDA, 0xFEDA, 0xFEDA, 0xFEDA, 0xFEDA, 0xFEDB, 0xFEDA, 0xF765,
  0xF543, 0xF544, 0xF544, 0xA543, 0x0000, 0x0000, 0x0000, 0x0000,
  0x0000, 0x0000, 0x0000, 0x0000, 0x0000, 0x0000, 0x0000, 0x0000,
  0x0000, 0x0000, 0x0000, 0x0000, 0x0000, 0x0000, 0x0000, 0x0000,
  0x0000, 0x0000, 0x0000, 0x0000, 0x0000, 0x0000, 0x0000, 0x0000,
  0x0000, 0x0000, 0x0000, 0x0000, 0x0000, 0x0000, 0x0000, 0x0000,
  0x0000, 0x0000, 0x0000, 0x0000, 0x0000, 0x0000, 0x0000, 0x0000,
  0x0000, 0x0000, 0x0000, 0x0000, 0x0000, 0x0000, 0x0000, 0x0000,
  0x0000, 0x0000, 0x0000, 0x0000, 0x0000, 0x0000, 0x0000, 0x0000,
  0x0000, 0x0000, 0x0000, 0x0000, 0x0000, 0x0000, 0x0000, 0x0000,
  0x0000, 0x0000, 0x0000, 0x0000, 0x0000, 0x0000, 0x0000, 0x0000,
  0x0000, 0x0000, 0x0000, 0x0000, 0x0000, 0x0000, 0x0000, 0x0000,
  0x0000, 0x0000, 0x0000, 0x0000, 0x0000, 0x0000, 0x0000, 0x0000,
  0x0000, 0x0000, 0x0000, 0x0000, 0x0000, 0x0000, 0x0000, 0x0000,
  0x0000, 0x0000, 0x0000, 0x0000, 0x0000, 0x0000, 0x0000, 0x0000,
  0x0000, 0x0000, 0x0000, 0x0000, 0x0000, 0x0000, 0x0000, 0x0000,
  0x0000, 0x0000, 0x0000, 0x0000, 0x0000, 0x0000, 0x0000, 0x0000,
  0x0000, 0x0000, 0x0000, 0x0000, 0x0555, 0x0000, 0x5543, 0xF544,
  0xF544, 0xF544, 0xF543, 0xF876, 0xFEDB, 0xFEDA, 0xFEDA, 0xFEDA,
  0xFEDB, 0xFEEB, 0xFEDB, 0xFEDA, 0xFEC9, 0xFDB9, 0xFCA7, 0xFC97,
  0xFC86, 0xFC86, 0xFC97, 0xFC97, 0xFC97, 0xFA76, 0xF544, 0xF544,
  0xF544, 0xF544, 0x6543, 0x0000, 0x7543, 0xF544, 0xF544, 0xF543,
  0xF654, 0xFEDA, 0xFEDB, 0xFEDA, 0xFEDA, 0xFEDA, 0xFEDA, 0xFEDA,
  0xFEDA, 0xFEDA, 0xFEDB, 0xFEDA, 0xFFED, 0xFFFF, 0xFFFF, 0xFFFF,
  0xFFFF, 0xFEEE, 0xF655, 0xF543, 0xF544, 0xF433, 0xF987, 0xFFEB,
  0xFEDA, 0xFEDA, 0xFEDA, 0xFEDA, 0xFEDA, 0xFEDA, 0xFEDA, 0xFEDA,
  0xFEDA, 0xFEDA, 0xFFEB, 0xF876, 0xF543, 0xF544, 0xF533, 0xF876,
  0xFFFF, 0xFFFF, 0xFFFF, 0xFFFF, 0xF877, 0xF533, 0xF544, 0xF543,
  0xF765, 0xFEDB, 0xFEDA, 0xFEDA, 0xFEDA, 0xFEDA, 0xFEDA, 0xFEDA,
  0xFEDA, 0xFEDA, 0xFEDA, 0xFEDA, 0xFEDA, 0xFEDA, 0xFEDB, 0xFEDA,
  0xF654, 0xF543, 0xF544, 0xF433, 0xFA99, 0xFFFF, 0xFFFF, 0xFFFF,
  0xFFFF, 0xFFFF, 0xFFFE, 0xFEDA, 0xFEDA, 0xFEDA, 0xFEDA, 0xFEDA,
  0xFEDA, 0xFEDA, 0xFEDA, 0xFEDA, 0xFEDA, 0xFEDB, 0xFEDA, 0xF765,
  0xF543, 0xF544, 0xF544, 0xA543, 0x0000, 0x0000, 0x0000, 0x0000,
  0x0000, 0x0000, 0x0000, 0x0000, 0x0000, 0x0000, 0x0000, 0x0000,
  0x0000, 0x0000, 0x0000, 0x0000, 0x0000, 0x0000, 0x0000, 0x0000,
  0x0000, 0x0000, 0x0000, 0x0000, 0x0000, 0x0000, 0x0000, 0x0000,
  0x0000, 0x0000, 0x0000, 0x0000, 0x0000, 0x0000, 0x0000, 0x0000,
  0x0000, 0x0000, 0x0000, 0x0000, 0x0000, 0x0000, 0x0000, 0x0000,
  0x0000, 0x0000, 0x0000, 0x0000, 0x0000, 0x0000, 0x0000, 0x0000,
  0x0000, 0x0000, 0x0000, 0x0000, 0x0000, 0x0000, 0x0000, 0x0000,
  0x0000, 0x0000, 0x0000, 0x0000, 0x0000, 0x0000, 0x0000, 0x0000,
  0x0000, 0x0000, 0x0000, 0x0000, 0x0000, 0x0000, 0x0000, 0x0000,
  0x0000, 0x0000, 0x0000, 0x0000, 0x0000, 0x0000, 0x0000, 0x0000,
  0x0000, 0x0000, 0x0000, 0x0000, 0x0000, 0x0000, 0x0000, 0x0000,
  0x0000, 0x0000, 0x0000, 0x0000, 0x0000, 0x0000, 0x0000, 0x0000,
  0x0000, 0x0000, 0x0000, 0x0000, 0x0000, 0x0000, 0x0000, 0x0000,
  0x0000, 0x0000, 0x0000, 0x0000, 0x0000, 0x0000, 0x0000, 0x0000,
  0x0000, 0x0000, 0x0000, 0x0000, 0x0000, 0x0000, 0x0000, 0x0000,
  0x0000, 0x0000, 0x0000, 0x0555, 0x0000, 0x2543, 0xE543, 0xF544,
  0xF544, 0xF544, 0xF544, 0xFCB9, 0xFFEB, 0xFEDA, 0xFEDA, 0xFEDA,
  0xFEDA, 0xFEDA, 0xFEDA, 0xFEDB, 0xFEDB, 0xFEEB, 0xFEDA, 0xFEDA,
  0xFDB9, 0xFDA8, 0xFC97, 0xFC86, 0xFC97, 0xF865, 0xF543, 0xF544,
  0xF544, 0xF543, 0x3543, 0x0000, 0x7544, 0xF544, 0xF544, 0xF543,
  0xF654, 0xFEDA, 0xFEDB, 0xFEDA, 0xFEDA, 0xFEDA, 0xFEDA, 0xFEDA,
  0xFEDA, 0xFEDA, 0xFEDB, 0xFEDA, 0xFEEC, 0xFFFF, 0xFFFF, 0xFFFF,
  0xFFFF, 0xFFFF, 0xF766, 0xF543, 0xF544, 0xF433, 0xF986, 0xFFEB,
  0xFEDA, 0xFEDA, 0xFEDA, 0xFEDA, 0xFEDA, 0xFEDA, 0xFEDA, 0xFEDA,
  0xFEDA, 0xFEDA, 0xFFEB, 0xF876, 0xF543, 0xF544, 0xF543, 0xF765,
  0xFFEE, 0xFFFF, 0xFFFF, 0xFEEE, 0xF655, 0xF543, 0xF544, 0xF543,
  0xF876, 0xFFEB, 0xFEDA, 0xFEDA, 0xFEDA, 0xFEDA, 0xFEDA, 0xFEDA,
  0xFEDA, 0xFEDA, 0xFEDB, 0xFEDB, 0xFEDB, 0xFEDA, 0xFEDB, 0xFDCA,
  0xF654, 0xF543, 0xF544, 0xF433, 0xFAAA, 0xFFFF, 0xFFFF, 0xFFFF,
  0xFFFF, 0xFFFF, 0xFFFE, 0xFEDA, 0xFEDA, 0xFEDA, 0xFEDA, 0xFEDA,
  0xFEDA, 0xFEDA, 0xFEDA, 0xFEDA, 0xFEDA, 0xFEDB, 0xFEDA, 0xF665,
  0xF543, 0xF544, 0xF544, 0xA543, 0x0000, 0x0000, 0x0000, 0x0000,
  0x0000, 0x0000, 0x0000, 0x0000, 0x0000, 0x0000, 0x0000, 0x0000,
  0x0000, 0x0000, 0x0000, 0x0000, 0x0000, 0x0000, 0x0000, 0x0000,
  0x0000, 0x0000, 0x0000, 0x0000, 0x0000, 0x0000, 0x0000, 0x0000,
  0x0000, 0x0000, 0x0000, 0x0000, 0x0000, 0x0000, 0x0000, 0x0000,
  0x0000, 0x0000, 0x0000, 0x0000, 0x0000, 0x0000, 0x0000, 0x0000,
  0x0000, 0x0000, 0x0000, 0x0000, 0x0000, 0x0000, 0x0000, 0x0000,
  0x0000, 0x0000, 0x0000, 0x0000, 0x0000, 0x0000, 0x0000, 0x0000,
  0x0000, 0x0000, 0x0000, 0x0000, 0x0000, 0x0000, 0x0000, 0x0000,
  0x0000, 0x0000, 0x0000, 0x0000, 0x0000, 0x0000, 0x0000, 0x0000,
  0x0000, 0x0000, 0x0000, 0x0000, 0x0000, 0x0000, 0x0000, 0x0000,
  0x0000, 0x0000, 0x0000, 0x0000, 0x0000, 0x0000, 0x0000, 0x0000,
  0x0000, 0x0000, 0x0000, 0x0000, 0x0000, 0x0000, 0x0000, 0x0000,
  0x0000, 0x0000, 0x0000, 0x0000, 0x0000, 0x0000, 0x0000, 0x0000,
  0x0000, 0x0000, 0x0000, 0x0000, 0x0000, 0x0000, 0x0000, 0x0000,
  0x0000, 0x0000, 0x0000, 0x0000, 0x0000, 0x0000, 0x0000, 0x0000,
  0x0000, 0x0000, 0x0555, 0x0000, 0x1533, 0xB543, 0xF544, 0xF544,
  0xF544, 0xF433, 0xF876, 0xFEEB, 0xFEDA, 0xFEDA, 0xFEDA, 0xFEDA,
  0xFEDA, 0xFEDA, 0xFEDA, 0xFEDA, 0xFEDA, 0xFEDA, 0xFEDA, 0xFEDB,
  0xFEEB, 0xFEDB, 0xFECA, 0xFDB8, 0xFC97, 0xF654, 0xF544, 0xF544,
  0xF544, 0xC543, 0x00F0, 0x0000, 0x7544, 0xF544, 0xF544, 0xF543,
  0xF654, 0xFEDA, 0xFEDB, 0xFEDA, 0xFEDA, 0xFEDA, 0xFEDA, 0xFEDA,
  0xFEDA, 0xFEDA, 0xFEDB, 0xFEDA, 0xFEEB, 0xFFFF, 0xFFFF, 0xFFFF,
  0xFFFF, 0xFFFF, 0xF776, 0xF543, 0xF544, 0xF543, 0xF876, 0xFEDB,
  0xFEDA, 0xFEDA, 0xFEDA, 0xFEDB, 0xFEDB, 0xFEDB, 0xFEDA, 0xFEDA,
  0xFEDA, 0xFEDA, 0xFFEB, 0xF987, 0xF543, 0xF544, 0xF543, 0xF655,
  0xFEEE, 0xFFFF, 0xFFFF, 0xFDDD, 0xF544, 0xF544, 0xF544, 0xF543,
  0xFA97, 0xFFEB, 0xFEDA, 0xFEDA, 0xFEDA, 0xFEDA, 0xFEDA, 0xFEDA,
  0xFEDB, 0xFEDA, 0xFEDA, 0xFEDA, 0xFEDA, 0xFEDA, 0xFEDB, 0xFDCA,
  0xF544, 0xF544, 0xF544, 0xF433, 0xFBBB, 0xFFFF, 0xFFFF, 0xFFFF,
  0xFFFF, 0xFFFF, 0xFFED, 0xFEDA, 0xFEDB, 0xFEDA, 0xFEDA, 0xFEDA,
  0xFEDA, 0xFEDA, 0xFEDA, 0xFEDA, 0xFEDA, 0xFEDB, 0xFEDA, 0xF655,
  0xF543, 0xF544, 0xF544, 0x9544, 0x0000, 0x0000, 0x0000, 0x0000,
  0x0000, 0x0000, 0x0000, 0x0000, 0x0000, 0x0000, 0x0000, 0x0000,
  0x0000, 0x0000, 0x0000, 0x0000, 0x0000, 0x0000, 0x0000, 0x0000,
  0x0000, 0x0000, 0x0000, 0x0000, 0x0000, 0x0000, 0x0000, 0x0000,
  0x0000, 0x0000, 0x0000, 0x0000, 0x0000, 0x0000, 0x0000, 0x0000,
  0x0000, 0x0000, 0x0000, 0x0000, 0x0000, 0x0000, 0x0000, 0x0000,
  0x0000, 0x0000, 0x0000, 0x0000, 0x0000, 0x0000, 0x0000, 0x0000,
  0x0000, 0x0000, 0x0000, 0x0000, 0x0000, 0x0000, 0x0000, 0x0000,
  0x0000, 0x0000, 0x0000, 0x0000, 0x0000, 0x0000, 0x0000, 0x0000,
  0x0000, 0x0000, 0x0000, 0x0000, 0x0000, 0x0000, 0x0000, 0x0000,
  0x0000, 0x0000, 0x0000, 0x0000, 0x0000, 0x0000, 0x0700, 0x0444,
  0x0777, 0x0000, 0x0000, 0x0000, 0x0700, 0x0700, 0x0555, 0x0444,
  0x0444, 0x0555, 0x0700, 0x0000, 0x0000, 0x0000, 0x0000, 0x0000,
  0x0000, 0x0000, 0x0000, 0x0000, 0x0000, 0x0000, 0x0000, 0x0000,
  0x0000, 0x0000, 0x0000, 0x0000, 0x0000, 0x0000, 0x0000, 0x0000,
  0x0000, 0x0000, 0x0000, 0x0000, 0x0000, 0x0000, 0x0000, 0x0000,
  0x0000, 0x0444, 0x0000, 0x1533, 0xA544, 0xF544, 0xF544, 0xF544,
  0xF543, 0xF654, 0xFDCA, 0xFEDB, 0xFEDA, 0xFEDA, 0xFEDA, 0xFEDA,
  0xFEDA, 0xFEDA, 0xFEDA, 0xFEDA, 0xFEDA, 0xFEDA, 0xFEDA, 0xFEDA,
  0xFEDA, 0xFEDA, 0xFEDB, 0xFFEB, 0xFBA8, 0xF543, 0xF544, 0xF544,
  0xF544, 0x7544, 0x0000, 0x0555, 0x7543, 0xF544, 0xF544, 0xF544,
  0xF544, 0xFDCA, 0xFEDB, 0xFEDA, 0xFEDA, 0xFEDA, 0xFEDA, 0xFEDA,
  0xFEDA, 0xFEDA, 0xFEDA, 0xFEDA, 0xFEDB, 0xFFFF, 0xFFFF, 0xFFFF,
  0xFFFF, 0xFFFF, 0xF877, 0xF533, 0xF544, 0xF543, 0xF765, 0xFEDA,
  0xFEEB, 0xFEEB, 0xFEDB, 0xFEDA, 0xFEC9, 0xFECA, 0xFEDA, 0xFEDA,
  0xFEDA, 0xFEDA, 0xFFEB, 0xFA97, 0xF543, 0xF544, 0xF544, 0xF544,
  0xFEDD, 0xFFFF, 0xFFFF, 0xFBBB, 0xF543, 0xF544, 0xF544, 0xF543,
  0xFCB9, 0xFFEB, 0xFEDA, 0xFEDA, 0xFEDA, 0xFEDA, 0xFEDA, 0xFEDB,
  0xFEDA, 0xFDA8, 0xFC97, 0xFC97, 0xFC97, 0xFC97, 0xFDA8, 0xFB97,
  0xF544, 0xF544, 0xF544, 0xF543, 0xFCCB, 0xFFFF, 0xFFFF, 0xFFFF,
  0xFFFF, 0xFFFF, 0xFFEC, 0xFEDA, 0xFEDB, 0xFEDA, 0xFEDA, 0xFEDA,
  0xFEDA, 0xFEDA, 0xFEDA, 0xFEDA, 0xFEDA, 0xFEDB, 0xFEDA, 0xF654,
  0xF543, 0xF544, 0xF544, 0x8543, 0x0000, 0x0000, 0x0000, 0x0000,
  0x0000, 0x0000, 0x0000, 0x0000, 0x0000, 0x0000, 0x0000, 0x0000,
  0x0000, 0x0000, 0x0000, 0x0000, 0x0000, 0x0000, 0x0000, 0x0000,
  0x0000, 0x0000, 0x0000, 0x0000, 0x0000, 0x0000, 0x0000, 0x0000,
  0x0000, 0x0000, 0x0000, 0x0000, 0x0000, 0x0000, 0x0000, 0x0000,
  0x0000, 0x0000, 0x0000, 0x0000, 0x0000, 0x0000, 0x0000, 0x0000,
  0x0000, 0x0000, 0x0000, 0x0000, 0x0000, 0x0000, 0x0000, 0x0000,
  0x0000, 0x0000, 0x0000, 0x0000, 0x0000, 0x0000, 0x0000, 0x0000,
  0x0000, 0x0000, 0x0000, 0x0000, 0x0000, 0x0000, 0x0000, 0x0000,
  0x0000, 0x0000, 0x0000, 0x0000, 0x0000, 0x0000, 0x0000, 0x0000,
  0x0000, 0x0000, 0x0000, 0x0000, 0x0555, 0x0000, 0x0000, 0x0000,
  0x0000, 0x0000, 0x0770, 0x0000, 0x0000, 0x0000, 0x0000, 0x0000,
  0x0000, 0x0000, 0x0000, 0x0000, 0x0000, 0x0000, 0x0444, 0x0444,
  0x0777, 0x0000, 0x0000, 0x0000, 0x0000, 0x0000, 0x0000, 0x0000,
  0x0000, 0x0000, 0x0000, 0x0000, 0x0000, 0x0000, 0x0000, 0x0000,
  0x0000, 0x0000, 0x0000, 0x0000, 0x0000, 0x0000, 0x0770, 0x0444,
  0x0000, 0x0000, 0x2544, 0xC543, 0xF544, 0xF544, 0xF544, 0xF544,
  0xF544, 0xFBA8, 0xFFEB, 0xFEDA, 0xFEDA, 0xFEDA, 0xFEDA, 0xFEDA,
  0xFEDA, 0xFEDA, 0xFEDA, 0xFEDA, 0xFEDA, 0xFEDA, 0xFEDA, 0xFEDA,
  0xFEDA, 0xFEDA, 0xFEDA, 0xFEDB, 0xF765, 0xF543, 0xF544, 0xF544,
  0xE544, 0x2544, 0x0000, 0x0777, 0x5543, 0xF544, 0xF544, 0xF544,
  0xF543, 0xFCB8, 0xFFEB, 0xFEDA, 0xFEDA, 0xFEDA, 0xFEDA, 0xFEDA,
  0xFEDA, 0xFEDA, 0xFEDA, 0xFEDA, 0xFEDA, 0xFFFE, 0xFFFF, 0xFFFF,
  0xFFFF, 0xFFFF, 0xF998, 0xF433, 0xF544, 0xF544, 0xF654, 0xFCA8,
  0xFDB8, 0xFDB8, 0xFDA8, 0xFC97, 0xFC97, 0xFC97, 0xFDB9, 0xFEDA,
  0xFEDA, 0xFEDA, 0xFFEB, 0xFBA8, 0xF543, 0xF544, 0xF544, 0xF544,
  0xFDDD, 0xFFFF, 0xFFFF, 0xF988, 0xF433, 0xF544, 0xF543, 0xF654,
  0xFDCA, 0xFEDB, 0xFEDA, 0xFEDA, 0xFEDA, 0xFEDA, 0xFEDA, 0xFEDB,
  0xFDB9, 0xFC86, 0xFC97, 0xFC97, 0xFC96, 0xFC86, 0xFC97, 0xFA76,
  0xF544, 0xF544, 0xF544, 0xF543, 0xFCCC, 0xFFFF, 0xFFFF, 0xFFFF,
  0xFFFF, 0xFFFF, 0xFEEB, 0xFEDA, 0xFEDB, 0xFEDA, 0xFEDA, 0xFEDA,
  0xFEDA, 0xFEDA, 0xFEDA, 0xFEDA, 0xFEDA, 0xFEDB, 0xFDCA, 0xF544,
  0xF544, 0xF544, 0xF544, 0x7543, 0x0000, 0x0000, 0x0000, 0x0000,
  0x0000, 0x0000, 0x0000, 0x0000, 0x0000, 0x0000, 0x0000, 0x0000,
  0x0000, 0x0000, 0x0000, 0x0000, 0x0000, 0x0000, 0x0000, 0x0000,
  0x0000, 0x0000, 0x0000, 0x0000, 0x0000, 0x0000, 0x0000, 0x0000,
  0x0000, 0x0000, 0x0000, 0x0000, 0x0000, 0x0000, 0x0000, 0x0000,
  0x0000, 0x0000, 0x0000, 0x0000, 0x0000, 0x0000, 0x0000, 0x0000,
  0x0000, 0x0000, 0x0000, 0x0000, 0x0000, 0x0000, 0x0000, 0x0000,
  0x0000, 0x0000, 0x0000, 0x0000, 0x0000, 0x0000, 0x0000, 0x0000,
  0x0000, 0x0000, 0x0000, 0x0000, 0x0000, 0x0000, 0x0000, 0x0000,
  0x0000, 0x0000, 0x0000, 0x0000, 0x0000, 0x0000, 0x0000, 0x0000,
  0x0000, 0x0000, 0x0000, 0x0000, 0x0000, 0x0000, 0x2543, 0x6543,
  0x9544, 0xB543, 0xC544, 0xB543, 0xA543, 0xA544, 0x8543, 0x6544,
  0x5543, 0x4543, 0x3543, 0x1443, 0x0444, 0x0000, 0x0000, 0x0000,
  0x0000, 0x0000, 0x0000, 0x0555, 0x0444, 0x0770, 0x0000, 0x0000,
  0x0000, 0x0000, 0x0000, 0x0000, 0x0000, 0x0000, 0x0000, 0x0000,
  0x0000, 0x0700, 0x0555, 0x0444, 0x0000, 0x0000, 0x0000, 0x0000,
  0x0644, 0x7544, 0xE544, 0xF544, 0xF544, 0xF544, 0xF544, 0xF533,
  0xF987, 0xFFEB, 0xFEDA, 0xFEDA, 0xFEDA, 0xFEDA, 0xFEDA, 0xFEDA,
  0xFEDA, 0xFEDA, 0xFEDA, 0xFEDA, 0xFEDA, 0xFEDA, 0xFEDA, 0xFEDA,
  0xFEDA, 0xFEDA, 0xFFEB, 0xFCB9, 0xF543, 0xF544, 0xF544, 0xF544,
  0xA543, 0x0000, 0x0777, 0x0000, 0x3544, 0xE544, 0xF544, 0xF544,
  0xF433, 0xFA97, 0xFFEB, 0xFEDA, 0xFEDA, 0xFEDA, 0xFEDA, 0xFEDA,
  0xFEDA, 0xFEDA, 0xFEDA, 0xFEDB, 0xFEDA, 0xFFED, 0xFFFF, 0xFFFF,
  0xFFFF, 0xFFFF, 0xFBAA, 0xF433, 0xF544, 0xF544, 0xF544, 0xFB86,
  0xFC86, 0xFC86, 0xFC86, 0xFC97, 0xFC97, 0xFC96, 0xFC97, 0xFEDA,
  0xFEDB, 0xFEDA, 0xFFEB, 0xFCB9, 0xF543, 0xF544, 0xF544, 0xF543,
  0xFDCC, 0xFFFF, 0xFFFF, 0xF776, 0xF533, 0xF544, 0xF543, 0xF765,
  0xFEDB, 0xFEDA, 0xFEDA, 0xFEDA, 0xFEDA, 0xFEDA, 0xFEDA, 0xFEDB,
  0xFDB9, 0xFC86, 0xFC97, 0xFC97, 0xFC97, 0xFC97, 0xFC97, 0xFA76,
  0xF544, 0xF544, 0xF544, 0xF544, 0xFDCC, 0xFFFF, 0xFFFF, 0xFFFF,
  0xFFFF, 0xFFFE, 0xFEDB, 0xFEDA, 0xFEDA, 0xFEDA, 0xFEDA, 0xFEDA,
  0xFEDA, 0xFEDA, 0xFEDA, 0xFEDA, 0xFEDA, 0xFFEB, 0xFBB8, 0xF543,
  0xF544, 0xF544, 0xF544, 0x5544, 0x0000, 0x0000, 0x0000, 0x0000,
  0x0000, 0x0000, 0x0000, 0x0000, 0x0000, 0x0000, 0x0000, 0x0000,
  0x0000, 0x0000, 0x0000, 0x0000, 0x0000, 0x0000, 0x0000, 0x0000,
  0x0000, 0x0000, 0x0000, 0x0000, 0x0000, 0x0000, 0x0000, 0x0000,
  0x0000, 0x0000, 0x0000, 0x0000, 0x0000, 0x0000, 0x0000, 0x0000,
  0x0000, 0x0000, 0x0000, 0x0000, 0x0000, 0x0000, 0x0000, 0x0000,
  0x0000, 0x0000, 0x0000, 0x0000, 0x0000, 0x0000, 0x0000, 0x0000,
  0x0000, 0x0000, 0x0000, 0x0000, 0x0000, 0x0000, 0x0000, 0x0000,
  0x0000, 0x0000, 0x0000, 0x0000, 0x0000, 0x0000, 0x0000, 0x0000,
  0x0000, 0x0000, 0x0000, 0x0000, 0x0000, 0x0000, 0x0000, 0x0000,
  0x0000, 0x0000, 0x0000, 0x0000, 0x5543, 0xB543, 0xE544, 0xF544,
  0xF544, 0xF544, 0xF544, 0xF544, 0xF544, 0xF544, 0xF544, 0xF544,
  0xF544, 0xF544, 0xE544, 0xD544, 0xC544, 0xA543, 0x7543, 0x5543,
  0x3543, 0x1543, 0x0000, 0x0000, 0x0000, 0x0000, 0x0000, 0x0000,
  0x0555, 0x0444, 0x0444, 0x0444, 0x0444, 0x0444, 0x0700, 0x0000,
  0x0000, 0x0000, 0x0000, 0x0000, 0x0000, 0x0444, 0x3543, 0x7543,
  0xC543, 0xF544, 0xF544, 0xF544, 0xF544, 0xF544, 0xF543, 0xF865,
  0xFDA7, 0xFEDA, 0xFEDB, 0xFEDA, 0xFEDA, 0xFEDA, 0xFEDA, 0xFEDA,
  0xFEDA, 0xFEDA, 0xFEDA, 0xFEDA, 0xFEDA, 0xFEDA, 0xFEDA, 0xFEDA,
  0xFEDA, 0xFEDA, 0xFEDB, 0xF876, 0xF543, 0xF544, 0xF544, 0xF544,
  0x4543, 0x0000, 0x0555, 0x0000, 0x0422, 0xD544, 0xF544, 0xF544,
  0xF543, 0xF765, 0xFEDB, 0xFEDA, 0xFEDA, 0xFEDA, 0xFEDA, 0xFEDA,
  0xFEDA, 0xFEDA, 0xFEDA, 0xFEDB, 0xFEDA, 0xFFED, 0xFFFF, 0xFFFF,
  0xFFFF, 0xFFFF, 0xFCCC, 0xF543, 0xF544, 0xF544, 0xF544, 0xFA76,
  0xFC97, 0xFC97, 0xFC97, 0xFC97, 0xFC97, 0xFC86, 0xFCA7, 0xFEDA,
  0xFEDA, 0xFEDA, 0xFFEB, 0xFCB9, 0xF544, 0xF544, 0xF544, 0xF543,
  0xFCBB, 0xFFFF, 0xFEEE, 0xF655, 0xF543, 0xF544, 0xF543, 0xF986,
  0xFFEB, 0xFEDA, 0xFEDA, 0xFEDA, 0xFEDA, 0xFEDA, 0xFEDA, 0xFEDB,
  0xFEDA, 0xFDB8, 0xFC97, 0xFC86, 0xFC86, 0xFC86, 0xFC97, 0xF975,
  0xF543, 0xF544, 0xF543, 0xF544, 0xFDDD, 0xFFFF, 0xFFFF, 0xFFFF,
  0xFFFF, 0xFFED, 0xFEDA, 0xFEDB, 0xFEDA, 0xFEDA, 0xFEDA, 0xFEDA,
  0xFEDA, 0xFEDA, 0xFEDA, 0xFEDA, 0xFEDA, 0xFFEB, 0xFA97, 0xF433,
  0xF544, 0xF544, 0xE544, 0x3543, 0x0000, 0x0000, 0x0000, 0x0000,
  0x0000, 0x0000, 0x0000, 0x0000, 0x0000, 0x0000, 0x0000, 0x0000,
  0x0000, 0x0000, 0x0000, 0x0000, 0x0000, 0x0000, 0x0000, 0x0000,
  0x0000, 0x0000, 0x0000, 0x0000, 0x0000, 0x0000, 0x0000, 0x0000,
  0x0000, 0x0000, 0x0000, 0x0000, 0x0000, 0x0000, 0x0000, 0x0000,
  0x0000, 0x0000, 0x0000, 0x0000, 0x0000, 0x0000, 0x0000, 0x0000,
  0x0000, 0x0000, 0x0000, 0x0000, 0x0000, 0x0000, 0x0000, 0x0000,
  0x0000, 0x0000, 0x0000, 0x0000, 0x0000, 0x0000, 0x0000, 0x0000,
  0x0000, 0x0000, 0x0000, 0x0000, 0x0000, 0x0000, 0x0000, 0x0000,
  0x0000, 0x0000, 0x0000, 0x0000, 0x0000, 0x0000, 0x0000, 0x0000,
  0x0FF0, 0x0000, 0x1543, 0xA544, 0xF544, 0xF544, 0xF544, 0xF544,
  0xF544, 0xF544, 0xF544, 0xF544, 0xF544, 0xF544, 0xF544, 0xF544,
  0xF544, 0xF544, 0xF544, 0xF544, 0xF544, 0xF544, 0xF544, 0xF544,
  0xF544, 0xD544, 0xC543, 0x9543, 0x6544, 0x3543, 0x0444, 0x0000,
  0x0000, 0x0000, 0x0000, 0x0000, 0x0000, 0x0000, 0x0000, 0x0000,
  0x0444, 0x2543, 0x5543, 0x7544, 0xB543, 0xD543, 0xF544, 0xF544,
  0xF544, 0xF544, 0xF544, 0xF544, 0xF543, 0xF544, 0xF965, 0xFC97,
  0xFC86, 0xFDB8, 0xFEDB, 0xFEDA, 0xFEDA, 0xFEDA, 0xFEDA, 0xFEDA,
  0xFEDA, 0xFEDA, 0xFEDA, 0xFEDA, 0xFEDA, 0xFEDA, 0xFEDA, 0xFEDA,
  0xFEDA, 0xFFEB, 0xFCB9, 0xF543, 0xF544, 0xF544, 0xF544, 0xB543,
  0x0000, 0x0F00, 0x0000, 0x0000, 0x0000, 0x9543, 0xF544, 0xF544,
  0xF544, 0xF544, 0xFCB9, 0xFFEB, 0xFEDA, 0xFEDA, 0xFEDA, 0xFEDA,
  0xFEDA, 0xFEDA, 0xFEDA, 0xFEDB, 0xFEDA, 0xFEEC, 0xFFFF, 0xFFFF,
  0xFFFF, 0xFFFF, 0xFDCC, 0xF544, 0xF544, 0xF544, 0xF543, 0xF975,
  0xFC97, 0xFC86, 0xFC86, 0xFC86, 0xFC86, 0xFC97, 0xFEC9, 0xFEDB,
  0xFEDA, 0xFEDA, 0xFFEB, 0xFDC9, 0xF544, 0xF544, 0xF544, 0xF543,
  0xFBAA, 0xFFFF, 0xFDDD, 0xF544, 0xF544, 0xF544, 0xF543, 0xFA98,
  0xFFEB, 0xFEDA, 0xFEDA, 0xFEDA, 0xFEDA, 0xFEDA, 0xFEDA, 0xFEDA,
  0xFEDB, 0xFEDB, 0xFECA, 0xFDB9, 0xFDB8, 0xFDA8, 0xFDA8, 0xF976,
  0xF543, 0xF544, 0xF543, 0xF655, 0xFEEE, 0xFFFF, 0xFFFF, 0xFFFF,
  0xFFFF, 0xFFEC, 0xFEDA, 0xFEDB, 0xFEDA, 0xFEDA, 0xFEDA, 0xFEDA,
  0xFEDA, 0xFEDA, 0xFEDA, 0xFEDA, 0xFEDA, 0xFEDB, 0xF876, 0xF543,
  0xF544, 0xF544, 0xD544, 0x1433, 0x0000, 0x0000, 0x0000, 0x0000,
  0x0000, 0x0000, 0x0000, 0x0000, 0x0000, 0x0000, 0x0000, 0x0000,
  0x0000, 0x0000, 0x0000, 0x0000, 0x0000, 0x0000, 0x0000, 0x0000,
  0x0000, 0x0000, 0x0000, 0x0000, 0x0000, 0x0000, 0x0000, 0x0000,
  0x0000, 0x0000, 0x0000, 0x0000, 0x0000, 0x0000, 0x0000, 0x0000,
  0x0000, 0x0000, 0x0000, 0x0000, 0x0000, 0x0000, 0x0000, 0x0000,
  0x0000, 0x0000, 0x0000, 0x0000, 0x0000, 0x0000, 0x0000, 0x0000,
  0x0000, 0x0000, 0x0000, 0x0000, 0x0000, 0x0000, 0x0000, 0x0000,
  0x0000, 0x0000, 0x0000, 0x0000, 0x0000, 0x0000, 0x0000, 0x0000,
  0x0000, 0x0000, 0x0000, 0x0000, 0x0000, 0x0000, 0x0000, 0x0000,
  0x0777, 0x0444, 0xB543, 0xF544, 0xF544, 0xF544, 0xF544, 0xF544,
  0xF543, 0xF543, 0xF543, 0xF543, 0xF543, 0xF543, 0xF543, 0xF544,
  0xF544, 0xF544, 0xF544, 0xF544, 0xF544, 0xF544, 0xF544, 0xF544,
  0xF544, 0xF544, 0xF544, 0xF544, 0xF544, 0xE544, 0xD543, 0xB544,
  0x8543, 0x7543, 0x6543, 0x6543, 0x7543, 0x8543, 0x9543, 0xB543,
  0xD544, 0xE544, 0xF544, 0xF544, 0xF544, 0xF544, 0xF544, 0xF544,
  0xF544, 0xF544, 0xF544, 0xF543, 0xF654, 0xFA76, 0xFC97, 0xFC97,
  0xFC97, 0xFC97, 0xFECA, 0xFEDB, 0xFEDA, 0xFEDA, 0xFEDA, 0xFEDA,
  0xFEDA, 0xFEDA, 0xFEDA, 0xFEDA, 0xFEDA, 0xFEDA, 0xFEDA, 0xFEDA,
  0xFEDB, 0xFEDA, 0xF765, 0xF543, 0xF544, 0xF544, 0xF544, 0x4543,
  0x0000, 0x0550, 0x0000, 0x0000, 0x0000, 0x4544, 0xF544, 0xF544,
  0xF544, 0xF543, 0xF876, 0xFEEB, 0xFEDA, 0xFEDA, 0xFEDA, 0xFEDA,
  0xFEDA, 0xFEDA, 0xFEDA, 0xFEDB, 0xFEDA, 0xFEEB, 0xFFFF, 0xFFFF,
  0xFFFF, 0xFFFF, 0xFEEE, 0xF654, 0xF543, 0xF544, 0xF543, 0xF975,
  0xFDA7, 0xFC97, 0xFC97, 0xFDA8, 0xFDB9, 0xFEDA, 0xFEDB, 0xFEDA,
  0xFEDA, 0xFEDA, 0xFEEB, 0xFDCA, 0xF654, 0xF543, 0xF544, 0xF433,
  0xFA99, 0xFFFF, 0xFCCC, 0xF543, 0xF544, 0xF544, 0xF543, 0xFCB9,
  0xFFEB, 0xFEDA, 0xFEDA, 0xFEDA, 0xFEDA, 0xFEDA, 0xFEDB, 0xFEDB,
  0xFEDA, 0xFEDA, 0xFEDB, 0xFEEB, 0xFEDB, 0xFEDA, 0xFFEB, 0xF987,
  0xF433, 0xF544, 0xF543, 0xF665, 0xFFFF, 0xFFFF, 0xFFFF, 0xFFFF,
  0xFFFF, 0xFEDB, 0xFEDA, 0xFEDA, 0xFEDA, 0xFEDA, 0xFEDA, 0xFEDA,
  0xFEDA, 0xFEDA, 0xFEDA, 0xFEDA, 0xFFEB, 0xFDC9, 0xF544, 0xF544,
  0xF544, 0xF544, 0xA543, 0x0000, 0x0000, 0x0000, 0x0000, 0x0000,
  0x0000, 0x0000, 0x0000, 0x0000, 0x0000, 0x0000, 0x0000, 0x0000,
  0x0000, 0x0000, 0x0000, 0x0000, 0x0000, 0x0000, 0x0000, 0x0000,
  0x0000, 0x0000, 0x0000, 0x0000, 0x0000, 0x0000, 0x0000, 0x0000,
  0x0000, 0x0000, 0x0000, 0x0000, 0x0000, 0x0000, 0x0000, 0x0000,
  0x0000, 0x0000, 0x0000, 0x0000, 0x0000, 0x0000, 0x0000, 0x0000,
  0x0000, 0x0000, 0x0000, 0x0000, 0x0000, 0x0000, 0x0000, 0x0000,
  0x0000, 0x0000, 0x0000, 0x0000, 0x0000, 0x0000, 0x0000, 0x0000,
  0x0000, 0x0000, 0x0000, 0x0000, 0x0000, 0x0000, 0x0000, 0x0000,
  0x0000, 0x0000, 0x0000, 0x0000, 0x0000, 0x0000, 0x0000, 0x0000,
  0x0000, 0x6543, 0xF544, 0xF544, 0xF544, 0xF544, 0xF543, 0xF543,
  0xF654, 0xF765, 0xF876, 0xF876, 0xF655, 0xF654, 0xF654, 0xF544,
  0xF544, 0xF544, 0xF543, 0xF543, 0xF543, 0xF543, 0xF544, 0xF544,
  0xF544, 0xF544, 0xF544, 0xF544, 0xF544, 0xF544, 0xF544, 0xF544,
  0xF544, 0xF544, 0xF544, 0xF544, 0xF544, 0xF544, 0xF544, 0xF544,
  0xF544, 0xF544, 0xF544, 0xF544, 0xF544, 0xF544, 0xF544, 0xF544,
  0xF544, 0xF543, 0xF544, 0xF865, 0xFB86, 0xFC97, 0xFC97, 0xFC97,
  0xFC97, 0xFC86, 0xFDA8, 0xFEDB, 0xFEDA, 0xFEDA, 0xFEDA, 0xFEDA,
  0xFEDA, 0xFEDA, 0xFEDA, 0xFEDA, 0xFEDA, 0xFEDA, 0xFEDA, 0xFEDA,
  0xFFEB, 0xF987, 0xF543, 0xF544, 0xF544, 0xF544, 0xB544, 0x0000,
  0x0FFF, 0x0000, 0x0000, 0x0000, 0x0000, 0x0633, 0xC543, 0xF544,
  0xF544, 0xF544, 0xF543, 0xFBA8, 0xFFEB, 0xFEDA, 0xFEDA, 0xFEDA,
  0xFEDA, 0xFEDA, 0xFEDA, 0xFEDA, 0xFEDA, 0xFEDB, 0xFFFE, 0xFFFF,
  0xFFFF, 0xFFFF, 0xFFFF, 0xF765, 0xF543, 0xF544, 0xF433, 0xF986,
  0xFFEB, 0xFEDA, 0xFEDA, 0xFEDB, 0xFEDB, 0xFEDB, 0xFEDA, 0xFEDA,
  0xFEDA, 0xFEDA, 0xFEDB, 0xFDCA, 0xF654, 0xF543, 0xF544, 0xF433,
  0xF998, 0xFFFF, 0xFBAA, 0xF543, 0xF544, 0xF544, 0xF544, 0xFCC9,
  0xFFEB, 0xFEDA, 0xFEDA, 0xFEDA, 0xFEDB, 0xFEDA, 0xFEDA, 0xFEDA,
  0xFEDA, 0xFEDA, 0xFEDA, 0xFEDA, 0xFEDA, 0xFEDA, 0xFFEB, 0xF986,
  0xF433, 0xF544, 0xF543, 0xF766, 0xFFFF, 0xFFFF, 0xFFFF, 0xFFFF,
  0xFFEE, 0xFEDA, 0xFEDB, 0xFEDA, 0xFEDA, 0xFEDA, 0xFEDA, 0xFEDA,
  0xFEDA, 0xFEDA, 0xFEDA, 0xFEDA, 0xFEEB, 0xF876, 0xF543, 0xF544,
  0xF544, 0xF544, 0x5544, 0x0000, 0x0000, 0x0000, 0x0000, 0x0000,
  0x0000, 0x0000, 0x0000, 0x0000, 0x0000, 0x0000, 0x0000, 0x0000,
  0x0000, 0x0000, 0x0000, 0x0000, 0x0000, 0x0000, 0x0000, 0x0000,
  0x0000, 0x0000, 0x0000, 0x0000, 0x0000, 0x0000, 0x0000, 0x0000,
  0x0000, 0x0000, 0x0000, 0x0000, 0x0000, 0x0000, 0x0000, 0x0000,
  0x0000, 0x0000, 0x0000, 0x0000, 0x0000, 0x0000, 0x0000, 0x0000,
  0x0000, 0x0000, 0x0000, 0x0000, 0x0000, 0x0000, 0x0000, 0x0000,
  0x0000, 0x0000, 0x0000, 0x0000, 0x0000, 0x0000, 0x0000, 0x0000,
  0x0000, 0x0000, 0x0000, 0x0000, 0x0000, 0x0000, 0x0000, 0x0000,
  0x0000, 0x0000, 0x0000, 0x0000, 0x0000, 0x0000, 0x0000, 0x0000,
  0x0633, 0xC544, 0xF544, 0xF544, 0xF544, 0xF543, 0xF765, 0xFBA8,
  0xFDCA, 0xFEDB, 0xFEDB, 0xFEDB, 0xFEDA, 0xFEDA, 0xFECA, 0xFB86,
  0xFA76, 0xFA76, 0xF975, 0xF865, 0xF754, 0xF654, 0xF644, 0xF544,
  0xF543, 0xF443, 0xF543, 0xF543, 0xF544, 0xF544, 0xF544, 0xF544,
  0xF544, 0xF544, 0xF544, 0xF544, 0xF544, 0xF544, 0xF544, 0xF544,
  0xF544, 0xF544, 0xF544, 0xF543, 0xF543, 0xF433, 0xF433, 0xF544,
  0xF654, 0xF865, 0xFB86, 0xFC97, 0xFC97, 0xFC97, 0xFC97, 0xFC97,
  0xFC97, 0xFC97, 0xFC97, 0xFEC9, 0xFEDB, 0xFEDA, 0xFEDA, 0xFEDA,
  0xFEDA, 0xFEDA, 0xFEDA, 0xFEDA, 0xFEDA, 0xFEDA, 0xFEDA, 0xFFEB,
  0xFA98, 0xF543, 0xF544, 0xF544, 0xF544, 0xE544, 0x3544, 0x0000,
  0x0777, 0x0000, 0x0000, 0x0000, 0x0555, 0x0000, 0x5543, 0xF544,
  0xF544, 0xF544, 0xF543, 0xF655, 0xFEDA, 0xFEDB, 0xFEDA, 0xFEDA,
  0xFEDA, 0xFEDA, 0xFEDA, 0xFEDA, 0xFEDB, 0xFEDA, 0xFFED, 0xFFFF,
  0xFFFF, 0xFFFF, 0xFFFF, 0xF766, 0xF543, 0xF544, 0xF543, 0xF876,
  0xFEDB, 0xFEDA, 0xFEDA, 0xFEDB, 0xFEDA, 0xFEDA, 0xFEDB, 0xFEDB,
  0xFEDA, 0xFEDA, 0xFEDA, 0xFEDA, 0xF765, 0xF543, 0xF544, 0xF433,
  0xF988, 0xFFFF, 0xFAAA, 0xF533, 0xF544, 0xF544, 0xF544, 0xFDC9,
  0xFFEB, 0xFEDA, 0xFEDB, 0xFEDA, 0xFEDA, 0xFEDB, 0xFEDB, 0xFEDB,
  0xFEDA, 0xFEDA, 0xFEDB, 0xFEDA, 0xFEDA, 0xFEDA, 0xFFEB, 0xF876,
  0xF433, 0xF544, 0xF543, 0xF776, 0xFFFF, 0xFFFF, 0xFFFF, 0xFFFF,
  0xFEEC, 0xFEDA, 0xFEDB, 0xFEDA, 0xFEDA, 0xFEDA, 0xFEDA, 0xFEDA,
  0xFEDA, 0xFEDA, 0xFEDA, 0xFFEB, 0xFA98, 0xF543, 0xF544, 0xF544,
  0xF544, 0xD543, 0x1533, 0x0000, 0x0000, 0x0000, 0x0000, 0x0000,
  0x0000, 0x0000, 0x0000, 0x0000, 0x0000, 0x0000, 0x0000, 0x0000,
  0x0000, 0x0000, 0x0000, 0x0000, 0x0000, 0x0000, 0x0000, 0x0000,
  0x0000, 0x0000, 0x0000, 0x0000, 0x0000, 0x0000, 0x0000, 0x0000,
  0x0000, 0x0000, 0x0000, 0x0000, 0x0000, 0x0000, 0x0000, 0x0000,
  0x0000, 0x0000, 0x0000, 0x0000, 0x0000, 0x0000, 0x0000, 0x0000,
  0x0000, 0x0000, 0x0000, 0x0000, 0x0000, 0x0000, 0x0000, 0x0000,
  0x0000, 0x0000, 0x0000, 0x0000, 0x0000, 0x0000, 0x0000, 0x0000,
  0x0000, 0x0000, 0x0000, 0x0000, 0x0000, 0x0000, 0x0000, 0x0000,
  0x0000, 0x0000, 0x0000, 0x0000, 0x0000, 0x0000, 0x0000, 0x0000,
  0x4543, 0xF544, 0xF544, 0xF544, 0xF543, 0xF876, 0xFFEB, 0xFFEB,
  0xFEDB, 0xFEDA, 0xFEDA, 0xFEDA, 0xFEDA, 0xFEEB, 0xFECA, 0xFC97,
  0xFC97, 0xFC97, 0xFC97, 0xFC97, 0xFC97, 0xFC97, 0xFB86, 0xFA76,
  0xF975, 0xF976, 0xF765, 0xF654, 0xF544, 0xF433, 0xF433, 0xF543,
  0xF543, 0xF544, 0xF544, 0xF544, 0xF544, 0xF544, 0xF543, 0xF543,
  0xF543, 0xF433, 0xF543, 0xF654, 0xF765, 0xF876, 0xFA97, 0xFCB9,
  0xFCA7, 0xFC97, 0xFC97, 0xFC97, 0xFC97, 0xFC97, 0xFC97, 0xFC97,
  0xFC97, 0xFC97, 0xFC86, 0xFDA8, 0xFEDB, 0xFEDA, 0xFEDA, 0xFEDA,
  0xFEDA, 0xFEDA, 0xFEDA, 0xFEDA, 0xFEDA, 0xFEDA, 0xFFEB, 0xFBA8,
  0xF544, 0xF544, 0xF544, 0xF544, 0xF544, 0x7543, 0x0000, 0x0777,
  0x0000, 0x0000, 0x0000, 0x0000, 0x0000, 0x0000, 0x0000, 0xB543,
  0xF544, 0xF544, 0xF544, 0xF543, 0xF886, 0xFFEB, 0xFEDB, 0xFEDA,
  0xFEDA, 0xFEDA, 0xFEDA, 0xFEDA, 0xFEDB, 0xFEDA, 0xFEEC, 0xFFFF,
  0xFFFF, 0xFFFF, 0xFFFF, 0xF877, 0xF533, 0xF544, 0xF543, 0xF765,
  0xFEDA, 0xFEDB, 0xFEDA, 0xFEDA, 0xFEDA, 0xFEDA, 0xFEDA, 0xFEDA,
  0xFEDA, 0xFEDB, 0xFEDA, 0xFEDA, 0xF765, 0xF543, 0xF544, 0xF433,
  0xF877, 0xFFFF, 0xFAA9, 0xF433, 0xF544, 0xF543, 0xF654, 0xFDC9,
  0xFEDA, 0xFEDA, 0xFEDA, 0xFEDB, 0xFFEC, 0xFFFE, 0xFFFF, 0xFFFF,
  0xFFED, 0xFEDB, 0xFEDA, 0xFEDA, 0xFEDA, 0xFEDA, 0xFEDA, 0xF765,
  0xF543, 0xF544, 0xF543, 0xF877, 0xFFFF, 0xFFFF, 0xFFFF, 0xFFFE,
  0xFEDA, 0xFEDA, 0xFEDA, 0xFEDA, 0xFEDA, 0xFEDA, 0xFEDA, 0xFEDA,
  0xFEDA, 0xFEDA, 0xFFEB, 0xFCB9, 0xF544, 0xF544, 0xF544, 0xF544,
  0xF544, 0x6544, 0x0000, 0x0555, 0x0000, 0x0000, 0x0000, 0x0000,
  0x0000, 0x0000, 0x0000, 0x0000, 0x0000, 0x0000, 0x0000, 0x0000,
  0x0000, 0x0000, 0x0000, 0x0000, 0x0000, 0x0000, 0x0000, 0x0000,
  0x0000, 0x0000, 0x0000, 0x0000, 0x0000, 0x0000, 0x0000, 0x0000,
  0x0000, 0x0000, 0x0000, 0x0000, 0x0000, 0x0000, 0x0000, 0x0000,
  0x0000, 0x0000, 0x0000, 0x0000, 0x0000, 0x0000, 0x0000, 0x0000,
  0x0000, 0x0000, 0x0000, 0x0000, 0x0000, 0x0000, 0x0000, 0x0000,
  0x0000, 0x0000, 0x0000, 0x0000, 0x0000, 0x0000, 0x0000, 0x0000,
  0x0000, 0x0000, 0x0000, 0x0000, 0x0000, 0x0000, 0x0000, 0x0000,
  0x0000, 0x0000, 0x0000, 0x0000, 0x0000, 0x0000, 0x0000, 0x0000,
  0x7543, 0xF544, 0xF544, 0xF544, 0xF544, 0xFCB9, 0xFFEB, 0xFEDA,
  0xFEDA, 0xFEDA, 0xFEDA, 0xFEDA, 0xFEDA, 0xFEDB, 0xFDC9, 0xFC86,
  0xFC97, 0xFC97, 0xFC97, 0xFC97, 0xFC97, 0xFC97, 0xFC97, 0xFC97,
  0xFC97, 0xFEC9, 0xFEEB, 0xFDDA, 0xFCB9, 0xFA97, 0xF876, 0xF765,
  0xF654, 0xF644, 0xF644, 0xF644, 0xF644, 0xF654, 0xF654, 0xF754,
  0xF976, 0xFA98, 0xFBA8, 0xFDCA, 0xFEDA, 0xFEEB, 0xFFEB, 0xFFEB,
  0xFECA, 0xFC97, 0xFC97, 0xFC97, 0xFC97, 0xFC97, 0xFC97, 0xFC97,
  0xFC97, 0xFC97, 0xFC97, 0xFC97, 0xFEC9, 0xFEDB, 0xFEDA, 0xFEDA,
  0xFEDA, 0xFEDA, 0xFEDA, 0xFEDA, 0xFEDA, 0xFFEB, 0xFBA8, 0xF544,
  0xF544, 0xF544, 0xF544, 0xF544, 0xB544, 0x0744, 0x0777, 0x0000,
  0x0000, 0x0000, 0x0000, 0x0000, 0x0000, 0x0000, 0x0000, 0x3543,
  0xE544, 0xF544, 0xF544, 0xF544, 0xF543, 0xF986, 0xFEDB, 0xFFEB,
  0xFEDB, 0xFEDB, 0xFEDA, 0xFEDA, 0xFEDA, 0xFEDA, 0xFEDB, 0xFFFE,
  0xFFFF, 0xFFFF, 0xFFFF, 0xF998, 0xF433, 0xF544, 0xF543, 0xF654,
  0xFDCA, 0xFEDB, 0xFEDA, 0xFEEC, 0xFFEE, 0xFFEE, 0xFEEC, 0xFEEC,
  0xFFED, 0xFFFE, 0xFFFE, 0xFFED, 0xF876, 0xF533, 0xF544, 0xF543,
  0xF766, 0xFFFF, 0xFA99, 0xF433, 0xF544, 0xF543, 0xF654, 0xFDDB,
  0xFFED, 0xFEDB, 0xFEEB, 0xFFFE, 0xFFFF, 0xFFFF, 0xFFFF, 0xFFFF,
  0xFFFF, 0xFFED, 0xFEDA, 0xFEDA, 0xFEDA, 0xFEDB, 0xFEDA, 0xF765,
  0xF543, 0xF544, 0xF433, 0xF988, 0xFFFF, 0xFFFF, 0xFFFF, 0xFFEC,
  0xFEDA, 0xFEDB, 0xFEDA, 0xFEDA, 0xFEDA, 0xFEDA, 0xFEDA, 0xFEDA,
  0xFEDA, 0xFFEB, 0xFCB9, 0xF544, 0xF543, 0xF544, 0xF544, 0xF544,
  0xA543, 0x0700, 0x0770, 0x0000, 0x0000, 0x0000, 0x0000, 0x0000,
  0x0000, 0x0000, 0x0000, 0x0000, 0x0000, 0x0000, 0x0000, 0x0000,
  0x0000, 0x0000, 0x0000, 0x0000, 0x0000, 0x0000, 0x0000, 0x0000,
  0x0000, 0x0000, 0x0000, 0x0000, 0x0000, 0x0000, 0x0000, 0x0000,
  0x0000, 0x0000, 0x0000, 0x0000, 0x0000, 0x0000, 0x0000, 0x0000,
  0x0000, 0x0000, 0x0000, 0x0000, 0x0000, 0x0000, 0x0000, 0x0000,
  0x0000, 0x0000, 0x0000, 0x0000, 0x0000, 0x0000, 0x0000, 0x0000,
  0x0000, 0x0000, 0x0000, 0x0000, 0x0000, 0x0000, 0x0000, 0x0000,
  0x0000, 0x0000, 0x0000, 0x0000, 0x0000, 0x0000, 0x0000, 0x0000,
  0x0000, 0x0000, 0x0000, 0x0000, 0x0000, 0x0000, 0x0000, 0x0000,
  0x9543, 0xF544, 0xF544, 0xF543, 0xF654, 0xFEDA, 0xFEDA, 0xFEDA,
  0xFEDA, 0xFEDA, 0xFEDA, 0xFEDA, 0xFEDA, 0xFEEB, 0xFDB9, 0xFC86,
  0xFC97, 0xFC97, 0xFC97, 0xFC97, 0xFC97, 0xFC97, 0xFC97, 0xFC97,
  0xFC96, 0xFDC9, 0xFEDB, 0xFEDB, 0xFFEB, 0xFFEB, 0xFEDB, 0xFEDB,
  0xFDB9, 0xFB86, 0xFB86, 0xFB86, 0xFB86, 0xFC96, 0xFC97, 0xFC86,
  0xFEC9, 0xFFEB, 0xFFEB, 0xFEDB, 0xFEDB, 0xFEDA, 0xFEDA, 0xFEDA,
  0xFEDB, 0xFDA8, 0xFC86, 0xFC97, 0xFC97, 0xFC97, 0xFC97, 0xFC97,
  0xFC97, 0xFC97, 0xFC97, 0xFC86, 0xFDA8, 0xFEDB, 0xFEDA, 0xFEDA,
  0xFEDA, 0xFEDA, 0xFEDA, 0xFEDB, 0xFFEB, 0xFA98, 0xF544, 0xF543,
  0xF544, 0xF544, 0xF544, 0xC543, 0x1544, 0x0000, 0x0FFF, 0x0000,
  0x0000, 0x0000, 0x0000, 0x0000, 0x0000, 0x0000, 0x0555, 0x0000,
  0x7543, 0xF544, 0xF544, 0xF544, 0xF544, 0xF543, 0xF765, 0xFBA8,
  0xFDDA, 0xFEDA, 0xFFEB, 0xFFEB, 0xFFEB, 0xFEDB, 0xFEDA, 0xFEEC,
  0xFFFF, 0xFFFF, 0xFFFF, 0xFBAA, 0xF433, 0xF544, 0xF544, 0xF544,
  0xFDC9, 0xFEEB, 0xFFED, 0xFFFF, 0xFFFF, 0xFFFF, 0xFFFF, 0xFFFF,
  0xFFFF, 0xFFFF, 0xFFFF, 0xFFFF, 0xF998, 0xF433, 0xF544, 0xF543,
  0xF655, 0xFFFF, 0xFA99, 0xF433, 0xF544, 0xF543, 0xF655, 0xFEEE,
  0xFFFF, 0xFFFE, 0xFFFF, 0xFFFF, 0xFFFF, 0xFFFF, 0xFFFF, 0xFFFF,
  0xFFFF, 0xFFFF, 0xFFFE, 0xFFED, 0xFEDB, 0xFEDA, 0xFDCA, 0xF654,
  0xF543, 0xF544, 0xF433, 0xFA99, 0xFFFF, 0xFFFF, 0xFFFF, 0xFEDB,
  0xFEDA, 0xFEDA, 0xFEDA, 0xFEDA, 0xFEDA, 0xFEDA, 0xFEDA, 0xFEDA,
  0xFFEB, 0xFCB9, 0xF544, 0xF543, 0xF544, 0xF544, 0xF544, 0xD544,
  0x2543, 0x0000, 0x0770, 0x0000, 0x0000, 0x0000, 0x0000, 0x0000,
  0x0000, 0x0000, 0x0000, 0x0000, 0x0000, 0x0000, 0x0000, 0x0000,
  0x0000, 0x0000, 0x0000, 0x0000, 0x0000, 0x0000, 0x0000, 0x0000,
  0x0000, 0x0000, 0x0000, 0x0000, 0x0000, 0x0000, 0x0000, 0x0000,
  0x0000, 0x0000, 0x0000, 0x0000, 0x0000, 0x0000, 0x0000, 0x0000,
  0x0000, 0x0000, 0x0000, 0x0000, 0x0000, 0x0000, 0x0000, 0x0000,
  0x0000, 0x0000, 0x0000, 0x0000, 0x0000, 0x0000, 0x0000, 0x0000,
  0x0000, 0x0000, 0x0000, 0x0000, 0x0000, 0x0000, 0x0000, 0x0000,
  0x0000, 0x0000, 0x0000, 0x0000, 0x0000, 0x0000, 0x0000, 0x0000,
  0x0000, 0x0000, 0x0000, 0x0000, 0x0000, 0x0000, 0x0000, 0x0000,
  0xA544, 0xF544, 0xF544, 0xF543, 0xF765, 0xFEDB, 0xFEDB, 0xFEDA,
  0xFEDA, 0xFEDA, 0xFEDA, 0xFEDA, 0xFEDA, 0xFEEB, 0xFDB9, 0xFC86,
  0xFC97, 0xFC97, 0xFC97, 0xFC97, 0xFC97, 0xFC97, 0xFC97, 0xFC97,
  0xFC97, 0xFEDA, 0xFEDB, 0xFEDA, 0xFEDA, 0xFEDA, 0xFEDA, 0xFEEB,
  0xFDB9, 0xFC86, 0xFC97, 0xFC97, 0xFC97, 0xFC97, 0xFC97, 0xFC86,
  0xFDB9, 0xFEDB, 0xFEDA, 0xFEDA, 0xFEDA, 0xFEDA, 0xFEDA, 0xFEDA,
  0xFEDB, 0xFEDA, 0xFC97, 0xFC97, 0xFC97, 0xFC97, 0xFC97, 0xFC97,
  0xFC97, 0xFC97, 0xFC97, 0xFC97, 0xFC97, 0xFECA, 0xFEDB, 0xFEDA,
  0xFEDA, 0xFEDA, 0xFFEB, 0xFDDA, 0xF986, 0xF543, 0xF544, 0xF544,
  0xF544, 0xF544, 0xD544, 0x2543, 0x0000, 0x0777, 0x0000, 0x0000,
  0x0000, 0x0000, 0x0000, 0x0000, 0x0000, 0x0000, 0x0000, 0x0700,
  0x0633, 0xA544, 0xF544, 0xF544, 0xF544, 0xF544, 0xF543, 0xF543,
  0xF654, 0xF765, 0xF986, 0xFA98, 0xFCB9, 0xFEDA, 0xFFEB, 0xFFEB,
  0xFFFE, 0xFFFF, 0xFFFF, 0xFCCC, 0xF543, 0xF544, 0xF543, 0xF765,
  0xFDCA, 0xFFED, 0xFFFF, 0xFFFF, 0xFFFF, 0xFFFF, 0xFFFF, 0xFFFF,
  0xFFFF, 0xFFFF, 0xFFFF, 0xFFFF, 0xFAAA, 0xF433, 0xF544, 0xF543,
  0xF544, 0xFEEE, 0xF988, 0xF433, 0xF544, 0xF543, 0xF766, 0xFFFF,
  0xFFFF, 0xFFFF, 0xFFFF, 0xFFFF, 0xFFFF, 0xFFFF, 0xFFFF, 0xFFFF,
  0xFFFF, 0xFFFF, 0xFFFF, 0xFFFF, 0xFFFE, 0xFFFD, 0xFEDC, 0xF654,
  0xF544, 0xF544, 0xF433, 0xFBAA, 0xFFFF, 0xFFFF, 0xFFED, 0xFEDA,
  0xFEDB, 0xFEDA, 0xFEDA, 0xFEDA, 0xFEDA, 0xFEDA, 0xFEDA, 0xFFEB,
  0xFCB9, 0xF544, 0xF543, 0xF544, 0xF544, 0xF544, 0xE544, 0x3543,
  0x0000, 0x0770, 0x0000, 0x0000, 0x0000, 0x0000, 0x0000, 0x0000,
  0x0000, 0x0000, 0x0000, 0x0000, 0x0000, 0x0000, 0x0000, 0x0000,
  0x0000, 0x0000, 0x0000, 0x0000, 0x0000, 0x0000, 0x0000, 0x0000,
  0x0000, 0x0000, 0x0000, 0x0000, 0x0000, 0x0000, 0x0000, 0x0000,
  0x0000, 0x0000, 0x0000, 0x0000, 0x0000, 0x0000, 0x0000, 0x0000,
  0x0000, 0x0000, 0x0000, 0x0000, 0x0000, 0x0000, 0x0000, 0x0000,
  0x0000, 0x0000, 0x0000, 0x0000, 0x0000, 0x0000, 0x0000, 0x0000,
  0x0000, 0x0000, 0x0000, 0x0000, 0x0000, 0x0000, 0x0000, 0x0000,
  0x0000, 0x0000, 0x0000, 0x0000, 0x0000, 0x0000, 0x0000, 0x0000,
  0x0000, 0x0000, 0x0000, 0x0000, 0x0000, 0x0000, 0x0000, 0x0000,
  0xB543, 0xF544, 0xF544, 0xF543, 0xF655, 0xFCB9, 0xFEDA, 0xFFEB,
  0xFEDB, 0xFEDA, 0xFEDA, 0xFEDA, 0xFEDA, 0xFEDB, 0xFDB8, 0xFC86,
  0xFC97, 0xFC97, 0xFC97, 0xFC97, 0xFC97, 0xFC97, 0xFC97, 0xFC96,
  0xFC97, 0xFEDA, 0xFEDA, 0xFEDA, 0xFEDA, 0xFEDA, 0xFEDA, 0xFEDB,
  0xFDB8, 0xFC86, 0xFC97, 0xFC97, 0xFC97, 0xFC97, 0xFC97, 0xFC86,
  0xFDB8, 0xFEDB, 0xFEDA, 0xFEDA, 0xFEDA, 0xFEDA, 0xFEDA, 0xFEDA,
  0xFEDA, 0xFEEB, 0xFDB9, 0xFC86, 0xFC97, 0xFC97, 0xFC97, 0xFC97,
  0xFC97, 0xFC97, 0xFC97, 0xFC97, 0xFC86, 0xFDA8, 0xFEDA, 0xFEDA,
  0xFEDB, 0xFEEB, 0xFBA8, 0xF654, 0xF433, 0xF544, 0xF544, 0xF544,
  0xF544, 0xD543, 0x2543, 0x0000, 0x0555, 0x0000, 0x0000, 0x0000,
  0x0000, 0x0000, 0x0000, 0x0000, 0x0000, 0x0000, 0x0000, 0x0F00,
  0x0000, 0x1543, 0xB543, 0xF544, 0xF544, 0xF544, 0xF544, 0xF544,
  0xF543, 0xF543, 0xF433, 0xF543, 0xF544, 0xF765, 0xF987, 0xFCB9,
  0xFEEC, 0xFFFF, 0xFFFF, 0xFDCC, 0xF544, 0xF544, 0xF544, 0xFCB8,
  0xFFEC, 0xFFFF, 0xFFFF, 0xFFFF, 0xFFFF, 0xFFFF, 0xFFFF, 0xFFFF,
  0xFFFF, 0xFFFF, 0xFFFF, 0xFFFF, 0xFCCC, 0xF543, 0xF544, 0xF544,
  0xF544, 0xFEEE, 0xF988, 0xF433, 0xF544, 0xF533, 0xF776, 0xFFFF,
  0xFFFF, 0xFFFF, 0xFFFF, 0xFFFF, 0xFFFF, 0xFFFF, 0xFFFF, 0xFFFF,
  0xFFFF, 0xFFFF, 0xFFFF, 0xFFFF, 0xFFFF, 0xFFFF, 0xFDDD, 0xF544,
  0xF544, 0xF544, 0xF533, 0xFCBB, 0xFFFF, 0xFFFE, 0xFEDB, 0xFEDA,
  0xFEDA, 0xFEDA, 0xFEDA, 0xFEDA, 0xFEDA, 0xFEDB, 0xFFEB, 0xFCB8,
  0xF544, 0xF543, 0xF544, 0xF544, 0xF544, 0xE544, 0x4543, 0x0000,
  0x0555, 0x0000, 0x0000, 0x0000, 0x0000, 0x0000, 0x0000, 0x0000,
  0x0000, 0x0000, 0x0000, 0x0000, 0x0000, 0x0000, 0x0000, 0x0000,
  0x0000, 0x0000, 0x0000, 0x0000, 0x0000, 0x0000, 0x0000, 0x0000,
  0x0000, 0x0000, 0x0000, 0x0000, 0x0000, 0x0000, 0x0000, 0x0000,
  0x0000, 0x0000, 0x0000, 0x0000, 0x0000, 0x0000, 0x0000, 0x0000,
  0x0000, 0x0000, 0x0000, 0x0000, 0x0000, 0x0000, 0x0000, 0x0000,
  0x0000, 0x0000, 0x0000, 0x0000, 0x0000, 0x0000, 0x0000, 0x0000,
  0x0000, 0x0000, 0x0000, 0x0000, 0x0000, 0x0000, 0x0000, 0x0000,
  0x0000, 0x0000, 0x0000, 0x0000, 0x0000, 0x0000, 0x0000, 0x0000,
  0x0000, 0x0000, 0x0000, 0x0000, 0x0000, 0x0000, 0x0000, 0x0000,
  0x9543, 0xF544, 0xF544, 0xF544, 0xF544, 0xF544, 0xF655, 0xFA97,
  0xFEDA, 0xFFEB, 0xFEDA, 0xFEDA, 0xFEDA, 0xFEDB, 0xFDB8, 0xFC86,
  0xFC97, 0xFC97, 0xFC97, 0xFC97, 0xFC97, 0xFC97, 0xFC97, 0xFC86,
  0xFDA8, 0xFEDA, 0xFEDA, 0xFEDA, 0xFEDA, 0xFEDA, 0xFEDA, 0xFEDB,
  0xFDA8, 0xFC86, 0xFC97, 0xFC97, 0xFC97, 0xFC97, 0xFC97, 0xFC86,
  0xFDA8, 0xFEDB, 0xFEDA, 0xFEDA, 0xFEDA, 0xFEDA, 0xFEDA, 0xFEDA,
  0xFEDA, 0xFEDA, 0xFEDA, 0xFC97, 0xFC86, 0xFC97, 0xFC97, 0xFC97,
  0xFC97, 0xFC97, 0xFC97, 0xFC97, 0xFC97, 0xFC86, 0xFC97, 0xFEDA,
  0xFDCA, 0xF876, 0xF543, 0xF543, 0xF544, 0xF544, 0xF544, 0xF544,
  0xC544, 0x2543, 0x0000, 0x0555, 0x0000, 0x0000, 0x0000, 0x0000,
  0x0000, 0x0000, 0x0000, 0x0000, 0x0000, 0x0000, 0x0000, 0x0000,
  0x0700, 0x0000, 0x1544, 0x9543, 0xF544, 0xF544, 0xF544, 0xF544,
  0xF544, 0xF544, 0xF544, 0xF544, 0xF544, 0xF543, 0xF433, 0xF544,
  0xF755, 0xF998, 0xFCCC, 0xFDDD, 0xF655, 0xF543, 0xF654, 0xFDCA,
  0xFFFE, 0xFFFF, 0xFFFF, 0xFFFF, 0xFFFF, 0xFFFF, 0xFFFF, 0xFFFF,
  0xFFFF, 0xFFFF, 0xFFFF, 0xFFFF, 0xFEEE, 0xF655, 0xF543, 0xF544,
  0xF543, 0xFDDD, 0xF988, 0xF433, 0xF544, 0xF533, 0xF776, 0xFFFF,
  0xFFFF, 0xFFFF, 0xFFFF, 0xFFFF, 0xFFFF, 0xFFFF, 0xFFFF, 0xFFFF,
  0xFFFF, 0xFFFF, 0xFFFF, 0xFFFF, 0xFFFF, 0xFFFF, 0xFDDD, 0xF544,
  0xF544, 0xF544, 0xF543, 0xFCCC, 0xFFFF, 0xFFEC, 0xFEDA, 0xFEDB,
  0xFFEB, 0xFFEB, 0xFFEB, 0xFFEB, 0xFFEB, 0xFEDA, 0xF987, 0xF544,
  0xF543, 0xF544, 0xF544, 0xF544, 0xE544, 0x4543, 0x0000, 0x0555,
  0x0000, 0x0000, 0x0000, 0x0000, 0x0000, 0x0000, 0x0000, 0x0000,
  0x0000, 0x0000, 0x0000, 0x0000, 0x0000, 0x0000, 0x0000, 0x0000,
  0x0000, 0x0000, 0x0000, 0x0000, 0x0000, 0x0000, 0x0000, 0x0000,
  0x0000, 0x0000, 0x0000, 0x0000, 0x0000, 0x0000, 0x0000, 0x0000,
  0x0000, 0x0000, 0x0000, 0x0000, 0x0000, 0x0000, 0x0000, 0x0000,
  0x0000, 0x0000, 0x0000, 0x0000, 0x0000, 0x0000, 0x0000, 0x0000,
  0x0000, 0x0000, 0x0000, 0x0000, 0x0000, 0x0000, 0x0000, 0x0000,
  0x0000, 0x0000, 0x0000, 0x0000, 0x0000, 0x0000, 0x0000, 0x0000,
  0x0000, 0x0000, 0x0000, 0x0000, 0x0000, 0x0000, 0x0000, 0x0000,
  0x0000, 0x0000, 0x0000, 0x0000, 0x0000, 0x0000, 0x0000, 0x0000,
  0x7543, 0xF544, 0xF544, 0xF544, 0xF544, 0xF544, 0xF543, 0xF543,
  0xF765, 0xFCB9, 0xFFEB, 0xFEDB, 0xFEDA, 0xFEDB, 0xFDB8, 0xFC86,
  0xFC97, 0xFC97, 0xFC97, 0xFC97, 0xFC97, 0xFC97, 0xFC97, 0xFC86,
  0xFDB8, 0xFEDB, 0xFEDA, 0xFEDA, 0xFEDA, 0xFEDA, 0xFEDA, 0xFEDB,
  0xFDA8, 0xFC86, 0xFC97, 0xFC97, 0xFC97, 0xFC97, 0xFC97, 0xFC86,
  0xFCA7, 0xFEDA, 0xFEDA, 0xFEDA, 0xFEDA, 0xFEDA, 0xFEDA, 0xFEDA,
  0xFEDA, 0xFEDA, 0xFEDB, 0xFEC9, 0xFC97, 0xFC97, 0xFC97, 0xFC97,
  0xFC97, 0xFC97, 0xFC97, 0xFC97, 0xFC97, 0xFC97, 0xFC96, 0xFA86,
  0xF654, 0xF433, 0xF544, 0xF544, 0xF544, 0xF544, 0xF544, 0xA544,
  0x2533, 0x0000, 0x0555, 0x0000, 0x0000, 0x0000, 0x0000, 0x0000,
  0x0000, 0x0000, 0x0000, 0x0000, 0x0000, 0x0000, 0x0000, 0x0000,
  0x0000, 0x0000, 0x0000, 0x0000, 0x4543, 0xB543, 0xE544, 0xF544,
  0xF544, 0xF544, 0xF544, 0xF544, 0xF544, 0xF544, 0xF544, 0xF544,
  0xF543, 0xF433, 0xF543, 0xF655, 0xF544, 0xF544, 0xF543, 0xFDCB,
  0xFFFF, 0xFFFF, 0xFFFF, 0xFFFF, 0xFFFF, 0xFFFF, 0xFFFF, 0xFFFF,
  0xFFFF, 0xFFFF, 0xFFFF, 0xFFFF, 0xFFFF, 0xF765, 0xF543, 0xF543,
  0xF655, 0xFFFF, 0xF988, 0xF433, 0xF544, 0xF433, 0xF877, 0xFFFF,
  0xFFFF, 0xFFFF, 0xFFFF, 0xFBAA, 0xF988, 0xFDCC, 0xFFFF, 0xFFFF,
  0xFFFF, 0xFFFF, 0xFEEE, 0xFAAA, 0xFEEE, 0xFFFF, 0xFFFF, 0xF766,
  0xF543, 0xF544, 0xF544, 0xFDCC, 0xFEEC, 0xFEDA, 0xFEDA, 0xFDCA,
  0xFCB9, 0xFCB9, 0xFBA8, 0xFBA8, 0xF987, 0xF654, 0xF533, 0xF544,
  0xF544, 0xF544, 0xF544, 0xE544, 0x4543, 0x0000, 0x0555, 0x0000,
  0x0000, 0x0000, 0x0000, 0x0000, 0x0000, 0x0000, 0x0000, 0x0000,
  0x0000, 0x0000, 0x0000, 0x0000, 0x0000, 0x0000, 0x0000, 0x0000,
  0x0000, 0x0000, 0x0000, 0x0000, 0x0000, 0x0000, 0x0000, 0x0000,
  0x0000, 0x0000, 0x0000, 0x0000, 0x0000, 0x0000, 0x0000, 0x0000,
  0x0000, 0x0000, 0x0000, 0x0000, 0x0000, 0x0000, 0x0000, 0x0000,
  0x0000, 0x0000, 0x0000, 0x0000, 0x0000, 0x0000, 0x0000, 0x0000,
  0x0000, 0x0000, 0x0000, 0x0000, 0x0000, 0x0000, 0x0000, 0x0000,
  0x0000, 0x0000, 0x0000, 0x0000, 0x0000, 0x0000, 0x0000, 0x0000,
  0x0000, 0x0000, 0x0000, 0x0000, 0x0000, 0x0000, 0x0000, 0x0000,
  0x0000, 0x0000, 0x0000, 0x0000, 0x0000, 0x0000, 0x0000, 0x0000,
  0x4543, 0xF544, 0xF544, 0xF544, 0xF544, 0xF544, 0xF544, 0xF544,
  0xF543, 0xF544, 0xF987, 0xFDDA, 0xFFEB, 0xFEEB, 0xFDB8, 0xFC86,
  0xFC97, 0xFC97, 0xFC97, 0xFC97, 0xFC97, 0xFC97, 0xFC97, 0xFC86,
  0xFDB9, 0xFEEB, 0xFEDA, 0xFEDA, 0xFEDA, 0xFEDA, 0xFEDA, 0xFEDB,
  0xFDA8, 0xFC86, 0xFC97, 0xFC97, 0xFC97, 0xFC97, 0xFC97, 0xFC96,
  0xFC97, 0xFEDA, 0xFEDB, 0xFEDA, 0xFEDA, 0xFEDA, 0xFEDA, 0xFEDA,
  0xFEDA, 0xFEDA, 0xFEDA, 0xFEDB, 0xFDB8, 0xFC86, 0xFC97, 0xFC97,
  0xFC97, 0xFC97, 0xFC97, 0xFC97, 0xFC97, 0xFB86, 0xF754, 0xF543,
  0xF543, 0xF544, 0xF544, 0xF544, 0xF544, 0xE544, 0x6544, 0x0000,
  0x0000, 0x0555, 0x0000, 0x0000, 0x0000, 0x0000, 0x0000, 0x0000,
  0x0000, 0x0000, 0x0000, 0x0000, 0x0000, 0x0000, 0x0000, 0x0000,
  0x0000, 0x0000, 0x0000, 0x0000, 0x0000, 0x0000, 0x3543, 0x6543,
  0x8543, 0xB544, 0xD544, 0xF544, 0xF544, 0xF544, 0xF544, 0xF544,
  0xF544, 0xF544, 0xF544, 0xF543, 0xF544, 0xF544, 0xF433, 0xFBAA,
  0xFFFF, 0xFFFF, 0xFFFF, 0xFFFF, 0xFAAA, 0xFCBB, 0xFFFF, 0xFFFF,
  0xFFFF, 0xFFFF, 0xFFFF, 0xFFFF, 0xFCBB, 0xF544, 0xF544, 0xF543,
  0xF655, 0xFAAA, 0xF766, 0xF543, 0xF544, 0xF533, 0xF877, 0xFFFF,
  0xFFFF, 0xFFFF, 0xFFFF, 0xF877, 0xF432, 0xF544, 0xFDDD, 0xFFFF,
  0xFFFF, 0xFFFF, 0xFCCC, 0xF433, 0xFCCB, 0xFFFF, 0xFEEE, 0xF655,
  0xF543, 0xF544, 0xF544, 0xF654, 0xF654, 0xF654, 0xF654, 0xF654,
  0xF544, 0xF544, 0xF543, 0xF543, 0xF433, 0xF543, 0xF544, 0xF544,
  0xF544, 0xF544, 0xE544, 0x4543, 0x0000, 0x0444, 0x0000, 0x0000,
  0x0000, 0x0000, 0x0000, 0x0000, 0x0000, 0x0000, 0x0000, 0x0000,
  0x0000, 0x0000, 0x0000, 0x0000, 0x0000, 0x0000, 0x0000, 0x0000,
  0x0000, 0x0000, 0x0000, 0x0000, 0x0000, 0x0000, 0x0000, 0x0000,
  0x0000, 0x0000, 0x0000, 0x0000, 0x0000, 0x0000, 0x0000, 0x0000,
  0x0000, 0x0000, 0x0000, 0x0000, 0x0000, 0x0000, 0x0000, 0x0000,
  0x0000, 0x0000, 0x0000, 0x0000, 0x0000, 0x0000, 0x0000, 0x0000,
  0x0000, 0x0000, 0x0000, 0x0000, 0x0000, 0x0000, 0x0000, 0x0000,
  0x0000, 0x0000, 0x0000, 0x0000, 0x0000, 0x0000, 0x0000, 0x0000,
  0x0000, 0x0000, 0x0000, 0x0000, 0x0000, 0x0000, 0x0000, 0x0000,
  0x0000, 0x0000, 0x0000, 0x0000, 0x0000, 0x0000, 0x0000, 0x0000,
  0x0F00, 0xB543, 0xF544, 0xF544, 0xF544, 0xF544, 0xF544, 0xF544,
  0xF544, 0xF544, 0xF533, 0xF654, 0xFA97, 0xFEDA, 0xFEB9, 0xFC96,
  0xFC97, 0xFC97, 0xFC97, 0xFC97, 0xFC97, 0xFC97, 0xFC97, 0xFC86,
  0xFDB9, 0xFEEB, 0xFEDA, 0xFEDA, 0xFEDA, 0xFEDA, 0xFEDA, 0xFEDA,
  0xFCA7, 0xFC86, 0xFC97, 0xFC97, 0xFC97, 0xFC97, 0xFC97, 0xFC97,
  0xFC97, 0xFECA, 0xFEDB, 0xFEDA, 0xFEDA, 0xFEDA, 0xFEDA, 0xFEDA,
  0xFEDA, 0xFEDA, 0xFEDA, 0xFEDB, 0xFEDA, 0xFC97, 0xFC86, 0xFC97,
  0xFC97, 0xFC97, 0xFC97, 0xFB86, 0xF865, 0xF544, 0xF543, 0xF544,
  0xF544, 0xF544, 0xF544, 0xF544, 0xA544, 0x2544, 0x0000, 0x0777,
  0x0700, 0x0000, 0x0000, 0x0000, 0x0000, 0x0000, 0x0000, 0x0000,
  0x0000, 0x0000, 0x0000, 0x0000, 0x0000, 0x0000, 0x0000, 0x0000,
  0x0000, 0x0000, 0x0000, 0x0000, 0x0555, 0x0000, 0x0000, 0x0000,
  0x0000, 0x0000, 0x1542, 0x4543, 0x8543, 0xC543, 0xF544, 0xF544,
  0xF544, 0xF544, 0xF544, 0xF544, 0xF544, 0xF544, 0xF433, 0xF877,
  0xFFFF, 0xFFFF, 0xFFFF, 0xFFFF, 0xFA99, 0xF765, 0xFFFF, 0xFFFF,
  0xFFFF, 0xFFEF, 0xFCCC, 0xFAAA, 0xF544, 0xF543, 0xF544, 0xF544,
  0xF543, 0xF433, 0xF543, 0xF544, 0xF544, 0xF543, 0xF766, 0xFEEE,
  0xFFFF, 0xFFFF, 0xFFFF, 0xF877, 0xF543, 0xF433, 0xF999, 0xFFFF,
  0xFFFF, 0xFFFF, 0xFA99, 0xF433, 0xF766, 0xFBAA, 0xF877, 0xF543,
  0xF544, 0xF544, 0xF544, 0xF543, 0xF543, 0xF543, 0xF543, 0xF543,
  0xF544, 0xF544, 0xF544, 0xF544, 0xF544, 0xF544, 0xF544, 0xF544,
  0xF544, 0xC544, 0x3443, 0x0000, 0x0555, 0x0000, 0x0000, 0x0000,
  0x0000, 0x0000, 0x0000, 0x0000, 0x0000, 0x0000, 0x0000, 0x0000,
  0x0000, 0x0000, 0x0000, 0x0000, 0x0000, 0x0000, 0x0000, 0x0000,
  0x0000, 0x0000, 0x0000, 0x0000, 0x0000, 0x0000, 0x0000, 0x0000,
  0x0000, 0x0000, 0x0000, 0x0000, 0x0000, 0x0000, 0x0000, 0x0000,
  0x0000, 0x0000, 0x0000, 0x0000, 0x0000, 0x0000, 0x0000, 0x0000,
  0x0000, 0x0000, 0x0000, 0x0000, 0x0000, 0x0000, 0x0000, 0x0000,
  0x0000, 0x0000, 0x0000, 0x0000, 0x0000, 0x0000, 0x0000, 0x0000,
  0x0000, 0x0000, 0x0000, 0x0000, 0x0000, 0x0000, 0x0000, 0x0000,
  0x0000, 0x0000, 0x0000, 0x0000, 0x0000, 0x0000, 0x0000, 0x0000,
  0x0000, 0x0000, 0x0000, 0x0000, 0x0000, 0x0000, 0x0000, 0x0000,
  0x0000, 0x3543, 0xF544, 0xF544, 0xF544, 0xF544, 0xF544, 0xF544,
  0xF544, 0xF544, 0xF544, 0xF543, 0xF543, 0xF654, 0xF976, 0xFA76,
  0xFC86, 0xFC97, 0xFC97, 0xFC97, 0xFC97, 0xFC97, 0xFC97, 0xFC86,
  0xFDB8, 0xFEDB, 0xFEDA, 0xFEDA, 0xFEDA, 0xFEDA, 0xFEDA, 0xFEDA,
  0xFC97, 0xFC86, 0xFC97, 0xFC97, 0xFC97, 0xFC97, 0xFC97, 0xFC97,
  0xFC86, 0xFDC9, 0xFEEB, 0xFEDA, 0xFEDA, 0xFEDA, 0xFEDA, 0xFEDA,
  0xFEDA, 0xFEDA, 0xFEDA, 0xFEDA, 0xFEDB, 0xFECA, 0xFC97, 0xFC97,
  0xFC97, 0xFC97, 0xF975, 0xF654, 0xF543, 0xF544, 0xF544, 0xF544,
  0xF544, 0xF544, 0xD544, 0x5544, 0x0000, 0x0000, 0x0555, 0x0000,
  0x0000, 0x0000, 0x0000, 0x0000, 0x0000, 0x0000, 0x0000, 0x0000,
  0x0000, 0x0000, 0x0000, 0x0000, 0x0000, 0x0000, 0x0000, 0x0000,
  0x0000, 0x0000, 0x0000, 0x0000, 0x0000, 0x0000, 0x0770, 0x0444,
  0x0555, 0x0000, 0x0000, 0x0000, 0x0000, 0x0444, 0x4544, 0x8543,
  0xC543, 0xE544, 0xF544, 0xF544, 0xF544, 0xF544, 0xF543, 0xF655,
  0xFEEE, 0xFFFF, 0xFFFF, 0xFFFF, 0xF999, 0xF432, 0xF988, 0xFEEE,
  0xFEEE, 0xF998, 0xF543, 0xF543, 0xF543, 0xF544, 0xF544, 0xF544,
  0xF544, 0xF544, 0xF544, 0xF544, 0xF544, 0xF544, 0xF544, 0xFAA9,
  0xFEEE, 0xFEEE, 0xFBAA, 0xF544, 0xF544, 0xF544, 0xF654, 0xFBAA,
  0xFDDD, 0xFAAA, 0xF554, 0xF543, 0xF543, 0xF543, 0xF543, 0xF544,
  0xF544, 0xF544, 0xF544, 0xF544, 0xF544, 0xF544, 0xF544, 0xF544,
  0xF544, 0xF544, 0xF544, 0xF544, 0xF544, 0xF544, 0xF544, 0xE544,
  0x8543, 0x1533, 0x0000, 0x0500, 0x0000, 0x0000, 0x0000, 0x0000,
  0x0000, 0x0000, 0x0000, 0x0000, 0x0000, 0x0000, 0x0000, 0x0000,
  0x0000, 0x0000, 0x0000, 0x0000, 0x0000, 0x0000, 0x0000, 0x0000,
  0x0000, 0x0000, 0x0000, 0x0000, 0x0000, 0x0000, 0x0000, 0x0000,
  0x0000, 0x0000, 0x0000, 0x0000, 0x0000, 0x0000, 0x0000, 0x0000,
  0x0000, 0x0000, 0x0000, 0x0000, 0x0000, 0x0000, 0x0000, 0x0000,
  0x0000, 0x0000, 0x0000, 0x0000, 0x0000, 0x0000, 0x0000, 0x0000,
  0x0000, 0x0000, 0x0000, 0x0000, 0x0000, 0x0000, 0x0000, 0x0000,
  0x0000, 0x0000, 0x0000, 0x0000, 0x0000, 0x0000, 0x0000, 0x0000,
  0x0000, 0x0000, 0x0000, 0x0000, 0x0000, 0x0000, 0x0000, 0x0000,
  0x0000, 0x0000, 0x0000, 0x0000, 0x0000, 0x0000, 0x0000, 0x0000,
  0x0770, 0x0000, 0x6543, 0xF544, 0xF544, 0xF544, 0xF544, 0xF544,
  0xF544, 0xF544, 0xF544, 0xF544, 0xF544, 0xF543, 0xF543, 0xF544,
  0xF654, 0xF765, 0xF975, 0xFB86, 0xFC97, 0xFC97, 0xFC97, 0xFC97,
  0xFC97, 0xFECA, 0xFEDB, 0xFEDA, 0xFEDA, 0xFEDA, 0xFEDB, 0xFEDA,
  0xFC97, 0xFC96, 0xFC97, 0xFC97, 0xFC97, 0xFC97, 0xFC97, 0xFC97,
  0xFC86, 0xFDB9, 0xFEEB, 0xFEDA, 0xFEDA, 0xFEDA, 0xFEDA, 0xFEDA,
  0xFEDA, 0xFEDA, 0xFEDA, 0xFEDA, 0xFEDA, 0xFFEB, 0xFECA, 0xFC97,
  0xF975, 0xF654, 0xF543, 0xF544, 0xF544, 0xF544, 0xF544, 0xF544,
  0xF544, 0x9544, 0x2543, 0x0000, 0x0777, 0x0700, 0x0000, 0x0000,
  0x0000, 0x0000, 0x0000, 0x0000, 0x0000, 0x0000, 0x0000, 0x0000,
  0x0000, 0x0000, 0x0000, 0x0000, 0x0000, 0x0000, 0x0000, 0x0000,
  0x0000, 0x0000, 0x0000, 0x0000, 0x0000, 0x0000, 0x0000, 0x0000,
  0x0000, 0x0000, 0x0000, 0x0555, 0x0555, 0x0000, 0x0000, 0x0000,
  0x0000, 0x3543, 0x6543, 0xA543, 0xF544, 0xF544, 0xF544, 0xF543,
  0xFA99, 0xFFFF, 0xFFFF, 0xFDDD, 0xF655, 0xF543, 0xF543, 0xF655,
  0xF655, 0xF543, 0xF544, 0xF544, 0xF544, 0xF544, 0xF544, 0xF544,
  0xF544, 0xF544, 0xF544, 0xF544, 0xF544, 0xF544, 0xF543, 0xF544,
  0xF766, 0xF766, 0xF544, 0xF543, 0xF544, 0xF544, 0xF543, 0xF543,
  0xF554, 0xF543, 0xF543, 0xF544, 0xF544, 0xF544, 0xF544, 0xF544,
  0xF544, 0xF544, 0xF544, 0xF544, 0xF544, 0xF544, 0xF544, 0xF544,
  0xF544, 0xF544, 0xF544, 0xF544, 0xE544, 0xD543, 0x8543, 0x2543,
  0x0000, 0x0000, 0x0777, 0x0000, 0x0000, 0x0000, 0x0000, 0x0000,
  0x0000, 0x0000, 0x0000, 0x0000, 0x0000, 0x0000, 0x0000, 0x0000,
  0x0000, 0x0000, 0x0000, 0x0000, 0x0000, 0x0000, 0x0000, 0x0000,
  0x0000, 0x0000, 0x0000, 0x0000, 0x0000, 0x0000, 0x0000, 0x0000,
  0x0000, 0x0000, 0x0000, 0x0000, 0x0000, 0x0000, 0x0000, 0x0000,
  0x0000, 0x0000, 0x0000, 0x0000, 0x0000, 0x0000, 0x0000, 0x0000,
  0x0000, 0x0000, 0x0000, 0x0000, 0x0000, 0x0000, 0x0000, 0x0000,
  0x0000, 0x0000, 0x0000, 0x0000, 0x0000, 0x0000, 0x0000, 0x0000,
  0x0000, 0x0000, 0x0000, 0x0000, 0x0000, 0x0000, 0x0000, 0x0000,
  0x0000, 0x0000, 0x0000, 0x0000, 0x0000, 0x0000, 0x0000, 0x0000,
  0x0000, 0x0000, 0x0000, 0x0000, 0x0000, 0x0000, 0x0000, 0x0000,
  0x0000, 0x0777, 0x0000, 0x7543, 0xF544, 0xF544, 0xF544, 0xF544,
  0xF544, 0xF544, 0xF544, 0xF544, 0xF544, 0xF544, 0xF544, 0xF544,
  0xF544, 0xF543, 0xF543, 0xF544, 0xF754, 0xF965, 0xFA86, 0xFC86,
  0xFDA8, 0xFFEB, 0xFFEB, 0xFEDB, 0xFEDA, 0xFEDA, 0xFEDA, 0xFEDA,
  0xFC97, 0xFC96, 0xFC97, 0xFC97, 0xFC97, 0xFC97, 0xFC97, 0xFC97,
  0xFC86, 0xFDA8, 0xFEDB, 0xFEDA, 0xFEDA, 0xFEDA, 0xFEDA, 0xFEDA,
  0xFEDA, 0xFEDB, 0xFFEB, 0xFFEB, 0xFEDB, 0xFDCA, 0xFA97, 0xF654,
  0xF543, 0xF544, 0xF544, 0xF544, 0xF544, 0xF544, 0xF544, 0xC544,
  0x5543, 0x0000, 0x0000, 0x0555, 0x0000, 0x0000, 0x0000, 0x0000,
  0x0000, 0x0000, 0x0000, 0x0000, 0x0000, 0x0000, 0x0000, 0x0000,
  0x0000, 0x0000, 0x0000, 0x0000, 0x0000, 0x0000, 0x0000, 0x0000,
  0x0000, 0x0000, 0x0000, 0x0000, 0x0000, 0x0000, 0x0000, 0x0000,
  0x0000, 0x0000, 0x0000, 0x0000, 0x0000, 0x0000, 0x0555, 0x0555,
  0x0000, 0x0000, 0x0000, 0x0000, 0xC543, 0xF544, 0xF544, 0xF544,
  0xF544, 0xF876, 0xF988, 0xF655, 0xF543, 0xF544, 0xF544, 0xF543,
  0xF543, 0xF544, 0xF544, 0xF544, 0xF544, 0xF544, 0xF544, 0xF544,
  0xE544, 0xD544, 0xE544, 0xF544, 0xF544, 0xF544, 0xF544, 0xF544,
  0xF543, 0xF543, 0xF544, 0xF544, 0xF544, 0xF544, 0xF544, 0xF544,
  0xF543, 0xF544, 0xF544, 0xF544, 0xF544, 0xF544, 0xF544, 0xF544,
  0xC544, 0x6544, 0x6544, 0x6543, 0x7543, 0x7543, 0x7544, 0x6543,
  0x6543, 0x5543, 0x4544, 0x4543, 0x3543, 0x1433, 0x0000, 0x0000,
  0x0777, 0x0000, 0x0000, 0x0000, 0x0000, 0x0000, 0x0000, 0x0000,
  0x0000, 0x0000, 0x0000, 0x0000, 0x0000, 0x0000, 0x0000, 0x0000,
  0x0000, 0x0000, 0x0000, 0x0000, 0x0000, 0x0000, 0x0000, 0x0000,
  0x0000, 0x0000, 0x0000, 0x0000, 0x0000, 0x0000, 0x0000, 0x0000,
  0x0000, 0x0000, 0x0000, 0x0000, 0x0000, 0x0000, 0x0000, 0x0000,
  0x0000, 0x0000, 0x0000, 0x0000, 0x0000, 0x0000, 0x0000, 0x0000,
  0x0000, 0x0000, 0x0000, 0x0000, 0x0000, 0x0000, 0x0000, 0x0000,
  0x0000, 0x0000, 0x0000, 0x0000, 0x0000, 0x0000, 0x0000, 0x0000,
  0x0000, 0x0000, 0x0000, 0x0000, 0x0000, 0x0000, 0x0000, 0x0000,
  0x0000, 0x0000, 0x0000, 0x0000, 0x0000, 0x0000, 0x0000, 0x0000,
  0x0000, 0x0000, 0x0000, 0x0000, 0x0000, 0x0000, 0x0000, 0x0000,
  0x0000, 0x0000, 0x0770, 0x0000, 0x4544, 0xD544, 0xF544, 0xF544,
  0xF544, 0xF544, 0xF544, 0xF544, 0xF544, 0xF544, 0xF544, 0xF544,
  0xF544, 0xF544, 0xF544, 0xF544, 0xF543, 0xF543, 0xF544, 0xF654,
  0xF876, 0xFBA8, 0xFCB9, 0xFEDA, 0xFEDA, 0xFFEB, 0xFFEB, 0xFFEB,
  0xFC97, 0xFC97, 0xFC97, 0xFC97, 0xFC97, 0xFC97, 0xFC97, 0xFC97,
  0xFC86, 0xFC97, 0xFEDA, 0xFEDA, 0xFEDA, 0xFEDA, 0xFEDB, 0xFFEB,
  0xFFEB, 0xFEDA, 0xFCB9, 0xFA97, 0xF876, 0xF654, 0xF433, 0xF543,
  0xF544, 0xF544, 0xF544, 0xF544, 0xF544, 0xE544, 0x7543, 0x1533,
  0x0000, 0x0000, 0x0000, 0x0000, 0x0000, 0x0000, 0x0000, 0x0000,
  0x0000, 0x0000, 0x0000, 0x0000, 0x0000, 0x0000, 0x0000, 0x0000,
  0x0000, 0x0000, 0x0000, 0x0000, 0x0000, 0x0000, 0x0000, 0x0000,
  0x0000, 0x0000, 0x0000, 0x0000, 0x0000, 0x0000, 0x0000, 0x0000,
  0x0000, 0x0000, 0x0000, 0x0000, 0x0000, 0x0000, 0x0000, 0x0000,
  0x0000, 0x0770, 0x0444, 0x0000, 0x7543, 0xF544, 0xF544, 0xF544,
  0xF544, 0xF543, 0xF533, 0xF543, 0xF544, 0xF544, 0xF544, 0xF544,
  0xF544, 0xF544, 0xF544, 0xF544, 0xF544, 0xB543, 0x8543, 0x6543,
  0x1543, 0x1543, 0x1533, 0x7543, 0xF544, 0xF544, 0xF544, 0xF544,
  0xF544, 0xF544, 0xB544, 0x6544, 0x9544, 0xF544, 0xF544, 0xF544,
  0xF544, 0xF544, 0x9543, 0x4544, 0xB543, 0xE544, 0xD544, 0x9544,
  0x2543, 0x0000, 0x0000, 0x0000, 0x0000, 0x0000, 0x0000, 0x0000,
  0x0000, 0x0000, 0x0000, 0x0000, 0x0000, 0x0000, 0x0555, 0x0700,
  0x0000, 0x0000, 0x0000, 0x0000, 0x0000, 0x0000, 0x0000, 0x0000,
  0x0000, 0x0000, 0x0000, 0x0000, 0x0000, 0x0000, 0x0000, 0x0000,
  0x0000, 0x0000, 0x0000, 0x0000, 0x0000, 0x0000, 0x0000, 0x0000,
  0x0000, 0x0000, 0x0000, 0x0000, 0x0000, 0x0000, 0x0000, 0x0000,
  0x0000, 0x0000, 0x0000, 0x0000, 0x0000, 0x0000, 0x0000, 0x0000,
  0x0000, 0x0000, 0x0000, 0x0000, 0x0000, 0x0000, 0x0000, 0x0000,
  0x0000, 0x0000, 0x0000, 0x0000, 0x0000, 0x0000, 0x0000, 0x0000,
  0x0000, 0x0000, 0x0000, 0x0000, 0x0000, 0x0000, 0x0000, 0x0000,
  0x0000, 0x0000, 0x0000, 0x0000, 0x0000, 0x0000, 0x0000, 0x0000,
  0x0000, 0x0000, 0x0000, 0x0000, 0x0000, 0x0000, 0x0000, 0x0000,
  0x0000, 0x0000, 0x0000, 0x0000, 0x0000, 0x0000, 0x0000, 0x0000,
  0x0000, 0x0000, 0x0000, 0x0500, 0x0000, 0x1533, 0x8543, 0xE544,
  0xF544, 0xF544, 0xF544, 0xF544, 0xF544, 0xF544, 0xF544, 0xF544,
  0xF544, 0xF544, 0xF544, 0xF544, 0xF544, 0xF544, 0xF544, 0xF544,
  0xF543, 0xF543, 0xF544, 0xF654, 0xF765, 0xF986, 0xFA97, 0xFBA8,
  0xFB86, 0xFB86, 0xFC97, 0xFC97, 0xFC97, 0xFC97, 0xFC97, 0xFC97,
  0xFC97, 0xFC97, 0xFECA, 0xFFEB, 0xFFEB, 0xFEDA, 0xFDC9, 0xFBA8,
  0xF876, 0xF655, 0xF544, 0xF433, 0xF543, 0xF544, 0xF544, 0xF544,
  0xF544, 0xF544, 0xF544, 0xE544, 0x9543, 0x2544, 0x0000, 0x0000,
  0x0555, 0x0000, 0x0000, 0x0000, 0x0000, 0x0000, 0x0000, 0x0000,
  0x0000, 0x0000, 0x0000, 0x0000, 0x0000, 0x0000, 0x0000, 0x0000,
  0x0000, 0x0000, 0x0000, 0x0000, 0x0000, 0x0000, 0x0000, 0x0000,
  0x0000, 0x0000, 0x0000, 0x0000, 0x0000, 0x0000, 0x0000, 0x0000,
  0x0000, 0x0000, 0x0000, 0x0000, 0x0000, 0x0000, 0x0000, 0x0000,
  0x0000, 0x0000, 0x0777, 0x0000, 0x1533, 0xD543, 0xF544, 0xF544,
  0xF544, 0xF544, 0xF544, 0xF544, 0xF544, 0xA544, 0xC544, 0xF544,
  0xF544, 0xF544, 0xF544, 0xF544, 0x9544, 0x0644, 0x0000, 0x0000,
  0x0000, 0x0000, 0x0000, 0x0000, 0x5543, 0xB543, 0xC543, 0xB544,
  0x7544, 0x3544, 0x0000, 0x0000, 0x0000, 0x4543, 0x8543, 0x9543,
  0x7543, 0x3544, 0x0000, 0x0000, 0x0000, 0x2543, 0x1443, 0x0000,
  0x0000, 0x0444, 0x0444, 0x0444, 0x0444, 0x0555, 0x0444, 0x0444,
  0x0444, 0x0555, 0x0555, 0x0555, 0x0770, 0x0000, 0x0000, 0x0000,
  0x0000, 0x0000, 0x0000, 0x0000, 0x0000, 0x0000, 0x0000, 0x0000,
  0x0000, 0x0000, 0x0000, 0x0000, 0x0000, 0x0000, 0x0000, 0x0000,
  0x0000, 0x0000, 0x0000, 0x0000, 0x0000, 0x0000, 0x0000, 0x0000,
  0x0000, 0x0000, 0x0000, 0x0000, 0x0000, 0x0000, 0x0000, 0x0000,
  0x0000, 0x0000, 0x0000, 0x0000, 0x0000, 0x0000, 0x0000, 0x0000,
  0x0000, 0x0000, 0x0000, 0x0000, 0x0000, 0x0000, 0x0000, 0x0000,
  0x0000, 0x0000, 0x0000, 0x0000, 0x0000, 0x0000, 0x0000, 0x0000,
  0x0000, 0x0000, 0x0000, 0x0000, 0x0000, 0x0000, 0x0000, 0x0000,
  0x0000, 0x0000, 0x0000, 0x0000, 0x0000, 0x0000, 0x0000, 0x0000,
  0x0000, 0x0000, 0x0000, 0x0000, 0x0000, 0x0000, 0x0000, 0x0000,
  0x0000, 0x0000, 0x0000, 0x0000, 0x0000, 0x0000, 0x0000, 0x0000,
  0x0000, 0x0000, 0x0000, 0x0000, 0x0555, 0x0000, 0x0000, 0x2543,
  0x7543, 0xC543, 0xE544, 0xF544, 0xF544, 0xF543, 0xA544, 0x7543,
  0xB543, 0xE544, 0xF544, 0xF544, 0xF544, 0xF544, 0xF544, 0xF544,
  0xF544, 0xF544, 0xF544, 0xF543, 0xF543, 0xF433, 0xF433, 0xF543,
  0xF544, 0xF644, 0xF654, 0xF765, 0xF965, 0xF975, 0xFA76, 0xFB86,
  0xFB86, 0xFB86, 0xFCA8, 0xFBA8, 0xF987, 0xF765, 0xF544, 0xF543,
  0xF433, 0xF543, 0xF544, 0xF544, 0xF544, 0xF544, 0xF544, 0xF544,
  0xF544, 0xE544, 0xA543, 0x3543, 0x0000, 0x0000, 0x0555, 0x0000,
  0x0000, 0x0000, 0x0000, 0x0000, 0x0000, 0x0000, 0x0000, 0x0000,
  0x0000, 0x0000, 0x0000, 0x0000, 0x0000, 0x0000, 0x0000, 0x0000,
  0x0000, 0x0000, 0x0000, 0x0000, 0x0000, 0x0000, 0x0000, 0x0000,
  0x0000, 0x0000, 0x0000, 0x0000, 0x0000, 0x0000, 0x0000, 0x0000,
  0x0000, 0x0000, 0x0000, 0x0000, 0x0000, 0x0000, 0x0000, 0x0000,
  0x0000, 0x0000, 0x0000, 0x0000, 0x0000, 0x4543, 0xD544, 0xF544,
  0xF544, 0xF544, 0xF544, 0xD544, 0x5543, 0x0000, 0x1433, 0x6544,
  0xA543, 0xB543, 0x8544, 0x4543, 0x0000, 0x0000, 0x0555, 0x0555,
  0x0000, 0x0000, 0x0000, 0x0000, 0x0000, 0x0000, 0x0555, 0x0000,
  0x0000, 0x0000, 0x0000, 0x0444, 0x0F00, 0x0000, 0x0000, 0x0000,
  0x0000, 0x0000, 0x0000, 0x0555, 0x0000, 0x0000, 0x0000, 0x0000,
  0x0000, 0x0000, 0x0000, 0x0000, 0x0000, 0x0000, 0x0000, 0x0000,
  0x0000, 0x0000, 0x0000, 0x0000, 0x0000, 0x0000, 0x0000, 0x0000,
  0x0000, 0x0000, 0x0000, 0x0000, 0x0000, 0x0000, 0x0000, 0x0000,
  0x0000, 0x0000, 0x0000, 0x0000, 0x0000, 0x0000, 0x0000, 0x0000,
  0x0000, 0x0000, 0x0000, 0x0000, 0x0000, 0x0000, 0x0000, 0x0000,
  0x0000, 0x0000, 0x0000, 0x0000, 0x0000, 0x0000, 0x0000, 0x0000,
  0x0000, 0x0000, 0x0000, 0x0000, 0x0000, 0x0000, 0x0000, 0x0000,
  0x0000, 0x0000, 0x0000, 0x0000, 0x0000, 0x0000, 0x0000, 0x0000,
  0x0000, 0x0000, 0x0000, 0x0000, 0x0000, 0x0000, 0x0000, 0x0000,
  0x0000, 0x0000, 0x0000, 0x0000, 0x0000, 0x0000, 0x0000, 0x0000,
  0x0000, 0x0000, 0x0000, 0x0000, 0x0000, 0x0000, 0x0000, 0x0000,
  0x0000, 0x0000, 0x0000, 0x0000, 0x0000, 0x0000, 0x0000, 0x0000,
  0x0000, 0x0000, 0x0000, 0x0000, 0x0000, 0x0000, 0x0000, 0x0000,
  0x0000, 0x0000, 0x0000, 0x0000, 0x0000, 0x0000, 0x0777, 0x0000,
  0x0000, 0x0555, 0x2543, 0x4544, 0x5543, 0x3543, 0x0000, 0x0000,
  0x0000, 0x1533, 0x5543, 0x9544, 0xD544, 0xF544, 0xF544, 0xF544,
  0xF544, 0xF544, 0xF544, 0xF544, 0xF544, 0xF544, 0xF544, 0xF544,
  0xF544, 0xF544, 0xF543, 0xF543, 0xF543, 0xF543, 0xF544, 0xF544,
  0xF644, 0xF644, 0xF544, 0xF543, 0xF433, 0xF543, 0xF544, 0xF544,
  0xF544, 0xF544, 0xF544, 0xF544, 0xF544, 0xF544, 0xF544, 0xD544,
  0x8543, 0x3543, 0x0000, 0x0000, 0x0770, 0x0000, 0x0000, 0x0000,
  0x0000, 0x0000, 0x0000, 0x0000, 0x0000, 0x0000, 0x0000, 0x0000,
  0x0000, 0x0000, 0x0000, 0x0000, 0x0000, 0x0000, 0x0000, 0x0000,
  0x0000, 0x0000, 0x0000, 0x0000, 0x0000, 0x0000, 0x0000, 0x0000,
  0x0000, 0x0000, 0x0000, 0x0000, 0x0000, 0x0000, 0x0000, 0x0000,
  0x0000, 0x0000, 0x0000, 0x0000, 0x0000, 0x0000, 0x0000, 0x0000,
  0x0000, 0x0000, 0x0000, 0x0000, 0x0700, 0x0000, 0x2544, 0x8543,
  0xA544, 0x9543, 0x6543, 0x1543, 0x0000, 0x0770, 0x0000, 0x0000,
  0x0000, 0x0000, 0x0000, 0x0000, 0x0000, 0x0000, 0x0000, 0x0000,
  0x0000, 0x0000, 0x0000, 0x0000, 0x0555, 0x0000, 0x0000, 0x0000,
  0x0444, 0x0777, 0x0000, 0x0000, 0x0000, 0x0555, 0x0555, 0x0777,
  0x0444, 0x0777, 0x0000, 0x0000, 0x0000, 0x0000, 0x0000, 0x0000,
  0x0000, 0x0000, 0x0000, 0x0000, 0x0000, 0x0000, 0x0000, 0x0000,
  0x0000, 0x0000, 0x0000, 0x0000, 0x0000, 0x0000, 0x0000, 0x0000,
  0x0000, 0x0000, 0x0000, 0x0000, 0x0000, 0x0000, 0x0000, 0x0000,
  0x0000, 0x0000, 0x0000, 0x0000, 0x0000, 0x0000, 0x0000, 0x0000,
  0x0000, 0x0000, 0x0000, 0x0000, 0x0000, 0x0000, 0x0000, 0x0000,
  0x0000, 0x0000, 0x0000, 0x0000, 0x0000, 0x0000, 0x0000, 0x0000,
  0x0000, 0x0000, 0x0000, 0x0000, 0x0000, 0x0000, 0x0000, 0x0000,
  0x0000, 0x0000, 0x0000, 0x0000, 0x0000, 0x0000, 0x0000, 0x0000,
  0x0000, 0x0000, 0x0000, 0x0000, 0x0000, 0x0000, 0x0000, 0x0000,
  0x0000, 0x0000, 0x0000, 0x0000, 0x0000, 0x0000, 0x0000, 0x0000,
  0x0000, 0x0000, 0x0000, 0x0000, 0x0000, 0x0000, 0x0000, 0x0000,
  0x0000, 0x0000, 0x0000, 0x0000, 0x0000, 0x0000, 0x0000, 0x0000,
  0x0000, 0x0000, 0x0000, 0x0000, 0x0000, 0x0000, 0x0000, 0x0000,
  0x0000, 0x0000, 0x0000, 0x0000, 0x0000, 0x0000, 0x0000, 0x0700,
  0x0555, 0x0000, 0x0000, 0x0000, 0x0000, 0x0000, 0x0000, 0x0444,
  0x0000, 0x0000, 0x0000, 0x0000, 0x0644, 0x4543, 0x7543, 0xB543,
  0xE544, 0xF544, 0xF544, 0xF544, 0xF544, 0xF544, 0xF544, 0xF544,
  0xF544, 0xF544, 0xF544, 0xF544, 0xF544, 0xF544, 0xF544, 0xF544,
  0xF544, 0xF544, 0xF544, 0xF544, 0xF544, 0xF544, 0xF544, 0xF544,
  0xF544, 0xF544, 0xF544, 0xF544, 0xD544, 0x9543, 0x5543, 0x1533,
  0x0000, 0x0000, 0x0770, 0x0700, 0x0000, 0x0000, 0x0000, 0x0000,
  0x0000, 0x0000, 0x0000, 0x0000, 0x0000, 0x0000, 0x0000, 0x0000,
  0x0000, 0x0000, 0x0000, 0x0000, 0x0000, 0x0000, 0x0000, 0x0000,
  0x0000, 0x0000, 0x0000, 0x0000, 0x0000, 0x0000, 0x0000, 0x0000,
  0x0000, 0x0000, 0x0000, 0x0000, 0x0000, 0x0000, 0x0000, 0x0000,
  0x0000, 0x0000, 0x0000, 0x0000, 0x0000, 0x0000, 0x0000, 0x0000,
  0x0000, 0x0000, 0x0000, 0x0000, 0x0000, 0x0000, 0x0000, 0x0000,
  0x0000, 0x0000, 0x0000, 0x0000, 0x0000, 0x0000, 0x0000, 0x0000,
  0x0000, 0x0000, 0x0000, 0x0000, 0x0000, 0x0000, 0x0000, 0x0000,
  0x0000, 0x0000, 0x0000, 0x0000, 0x0000, 0x0000, 0x0000, 0x0000,
  0x0000, 0x0000, 0x0000, 0x0000, 0x0000, 0x0000, 0x0000, 0x0000,
  0x0000, 0x0000, 0x0000, 0x0000, 0x0000, 0x0000, 0x0000, 0x0000,
  0x0000, 0x0000, 0x0000, 0x0000, 0x0000, 0x0000, 0x0000, 0x0000,
  0x0000, 0x0000, 0x0000, 0x0000, 0x0000, 0x0000, 0x0000, 0x0000,
  0x0000, 0x0000, 0x0000, 0x0000, 0x0000, 0x0000, 0x0000, 0x0000,
  0x0000, 0x0000, 0x0000, 0x0000, 0x0000, 0x0000, 0x0000, 0x0000,
  0x0000, 0x0000, 0x0000, 0x0000, 0x0000, 0x0000, 0x0000, 0x0000,
  0x0000, 0x0000, 0x0000, 0x0000, 0x0000, 0x0000, 0x0000, 0x0000,
  0x0000, 0x0000, 0x0000, 0x0000, 0x0000, 0x0000, 0x0000, 0x0000,
  0x0000, 0x0000, 0x0000, 0x0000, 0x0000, 0x0000, 0x0000, 0x0000,
  0x0000, 0x0000, 0x0000, 0x0000, 0x0000, 0x0000, 0x0000, 0x0000,
  0x0000, 0x0000, 0x0000, 0x0000, 0x0000, 0x0000, 0x0000, 0x0000,
  0x0000, 0x0000, 0x0000, 0x0000, 0x0000, 0x0000, 0x0000, 0x0000,
  0x0000, 0x0000, 0x0000, 0x0000, 0x0000, 0x0000, 0x0000, 0x0000,
  0x0000, 0x0000, 0x0000, 0x0000, 0x0000, 0x0000, 0x0000, 0x0000,
  0x0000, 0x0000, 0x0000, 0x0000, 0x0000, 0x0000, 0x0000, 0x0000,
  0x0000, 0x0000, 0x0700, 0x0555, 0x0555, 0x0777, 0x0000, 0x0000,
  0x0000, 0x0000, 0x0555, 0x0777, 0x0000, 0x0000, 0x0000, 0x0000,
  0x1444, 0x4543, 0x6544, 0x9543, 0xB544, 0xD544, 0xE544, 0xF544,
  0xF544, 0xF544, 0xF544, 0xF544, 0xF544, 0xF544, 0xF544, 0xF544,
  0xF544, 0xF544, 0xF544, 0xF544, 0xF544, 0xF544, 0xF544, 0xF544,
  0xE544, 0xB544, 0x7543, 0x4544, 0x1533, 0x0000, 0x0000, 0x0000,
  0x0555, 0x0770, 0x0000, 0x0000, 0x0000, 0x0000, 0x0000, 0x0000,
  0x0000, 0x0000, 0x0000, 0x0000, 0x0000, 0x0000, 0x0000, 0x0000,
  0x0000, 0x0000, 0x0000, 0x0000, 0x0000, 0x0000, 0x0000, 0x0000,
  0x0000, 0x0000, 0x0000, 0x0000, 0x0000, 0x0000, 0x0000, 0x0000,
  0x0000, 0x0000, 0x0000, 0x0000, 0x0000, 0x0000, 0x0000, 0x0000,
  0x0000, 0x0000, 0x0000, 0x0000, 0x0000, 0x0000, 0x0000, 0x0000,
  0x0000, 0x0000, 0x0000, 0x0000, 0x0000, 0x0000, 0x0000, 0x0000,
  0x0000, 0x0000, 0x0000, 0x0000, 0x0000, 0x0000, 0x0000, 0x0000,
  0x0000, 0x0000, 0x0000, 0x0000, 0x0000, 0x0000, 0x0000, 0x0000,
  0x0000, 0x0000, 0x0000, 0x0000, 0x0000, 0x0000, 0x0000, 0x0000,
  0x0000, 0x0000, 0x0000, 0x0000, 0x0000, 0x0000, 0x0000, 0x0000,
  0x0000, 0x0000, 0x0000, 0x0000, 0x0000, 0x0000, 0x0000, 0x0000,
  0x0000, 0x0000, 0x0000, 0x0000, 0x0000, 0x0000, 0x0000, 0x0000,
  0x0000, 0x0000, 0x0000, 0x0000, 0x0000, 0x0000, 0x0000, 0x0000,
  0x0000, 0x0000, 0x0000, 0x0000, 0x0000, 0x0000, 0x0000, 0x0000,
  0x0000, 0x0000, 0x0000, 0x0000, 0x0000, 0x0000, 0x0000, 0x0000,
  0x0000, 0x0000, 0x0000, 0x0000, 0x0000, 0x0000, 0x0000, 0x0000,
  0x0000, 0x0000, 0x0000, 0x0000, 0x0000, 0x0000, 0x0000, 0x0000,
  0x0000, 0x0000, 0x0000, 0x0000, 0x0000, 0x0000, 0x0000, 0x0000,
  0x0000, 0x0000, 0x0000, 0x0000, 0x0000, 0x0000, 0x0000, 0x0000,
  0x0000, 0x0000, 0x0000, 0x0000, 0x0000, 0x0000, 0x0000, 0x0000,
  0x0000, 0x0000, 0x0000, 0x0000, 0x0000, 0x0000, 0x0000, 0x0000,
  0x0000, 0x0000, 0x0000, 0x0000, 0x0000, 0x0000, 0x0000, 0x0000,
  0x0000, 0x0000, 0x0000, 0x0000, 0x0000, 0x0000, 0x0000, 0x0000,
  0x0000, 0x0000, 0x0000, 0x0000, 0x0000, 0x0000, 0x0000, 0x0000,
  0x0000, 0x0000, 0x0000, 0x0000, 0x0000, 0x0000, 0x0000, 0x0000,
  0x0000, 0x0000, 0x0000, 0x0000, 0x0000, 0x0000, 0x0000, 0x0000,
  0x0000, 0x0000, 0x0000, 0x0000, 0x0000, 0x0555, 0x0444, 0x0000,
  0x0000, 0x0000, 0x0000, 0x0000, 0x0000, 0x0444, 0x2443, 0x4543,
  0x6543, 0x8543, 0xA544, 0xC544, 0xE543, 0xF543, 0xF544, 0xF544,
  0xF544, 0xF544, 0xF544, 0xF544, 0xE544, 0xC543, 0x8543, 0x5543,
  0x1543, 0x0000, 0x0000, 0x0000, 0x0000, 0x0700, 0x0555, 0x0000,
  0x0000, 0x0000, 0x0000, 0x0000, 0x0000, 0x0000, 0x0000, 0x0000,
  0x0000, 0x0000, 0x0000, 0x0000, 0x0000, 0x0000, 0x0000, 0x0000,
  0x0000, 0x0000, 0x0000, 0x0000, 0x0000, 0x0000, 0x0000, 0x0000,
  0x0000, 0x0000, 0x0000, 0x0000, 0x0000, 0x0000, 0x0000, 0x0000,
  0x0000, 0x0000, 0x0000, 0x0000, 0x0000, 0x0000, 0x0000, 0x0000,
  0x0000, 0x0000, 0x0000, 0x0000, 0x0000, 0x0000, 0x0000, 0x0000,
  0x0000, 0x0000, 0x0000, 0x0000, 0x0000, 0x0000, 0x0000, 0x0000,
  0x0000, 0x0000, 0x0000, 0x0000, 0x0000, 0x0000, 0x0000, 0x0000,
  0x0000, 0x0000, 0x0000, 0x0000, 0x0000, 0x0000, 0x0000, 0x0000,
  0x0000, 0x0000, 0x0000, 0x0000, 0x0000, 0x0000, 0x0000, 0x0000,
  0x0000, 0x0000, 0x0000, 0x0000, 0x0000, 0x0000, 0x0000, 0x0000,
  0x0000, 0x0000, 0x0000, 0x0000, 0x0000, 0x0000, 0x0000, 0x0000,
  0x0000, 0x0000, 0x0000, 0x0000, 0x0000, 0x0000, 0x0000, 0x0000,
  0x0000, 0x0000, 0x0000, 0x0000, 0x0000, 0x0000, 0x0000, 0x0000,
  0x0000, 0x0000, 0x0000, 0x0000, 0x0000, 0x0000, 0x0000, 0x0000,
  0x0000, 0x0000, 0x0000, 0x0000, 0x0000, 0x0000, 0x0000, 0x0000,
  0x0000, 0x0000, 0x0000, 0x0000, 0x0000, 0x0000, 0x0000, 0x0000,
  0x0000, 0x0000, 0x0000, 0x0000, 0x0000, 0x0000, 0x0000, 0x0000,
  0x0000, 0x0000, 0x0000, 0x0000, 0x0000, 0x0000, 0x0000, 0x0000,
  0x0000, 0x0000, 0x0000, 0x0000, 0x0000, 0x0000, 0x0000, 0x0000,
  0x0000, 0x0000, 0x0000, 0x0000, 0x0000, 0x0000, 0x0000, 0x0000,
  0x0000, 0x0000, 0x0000, 0x0000, 0x0000, 0x0000, 0x0000, 0x0000,
  0x0000, 0x0000, 0x0000, 0x0000, 0x0000, 0x0000, 0x0000, 0x0000,
  0x0000, 0x0000, 0x0000, 0x0000, 0x0000, 0x0000, 0x0000, 0x0000,
  0x0000, 0x0000, 0x0000, 0x0000, 0x0000, 0x0000, 0x0000, 0x0000,
  0x0000, 0x0000, 0x0000, 0x0000, 0x0000, 0x0000, 0x0000, 0x0000,
  0x0000, 0x0000, 0x0000, 0x0000, 0x0000, 0x0000, 0x0000, 0x0000,
  0x0000, 0x0000, 0x0000, 0x0000, 0x0000, 0x0000, 0x0000, 0x0000,
  0x0000, 0x0555, 0x0444, 0x0555, 0x0000, 0x0000, 0x0000, 0x0000,
  0x0000, 0x0000, 0x0000, 0x0333, 0x1443, 0x4543, 0x5543, 0x6543,
  0x7543, 0x7543, 0x6544, 0x5543, 0x2544, 0x0555, 0x0000, 0x0000,
  0x0000, 0x0000, 0x0444, 0x0555, 0x0000, 0x0000, 0x0000, 0x0000,
  0x0000, 0x0000, 0x0000, 0x0000, 0x0000, 0x0000, 0x0000, 0x0000,
  0x0000, 0x0000, 0x0000, 0x0000, 0x0000, 0x0000, 0x0000, 0x0000,
  0x0000, 0x0000, 0x0000, 0x0000, 0x0000, 0x0000, 0x0000, 0x0000,
  0x0000, 0x0000, 0x0000, 0x0000, 0x0000, 0x0000, 0x0000, 0x0000,
  0x0000, 0x0000, 0x0000, 0x0000, 0x0000, 0x0000, 0x0000, 0x0000,
  0x0000, 0x0000, 0x0000, 0x0000, 0x0000, 0x0000, 0x0000, 0x0000,
  0x0000, 0x0000, 0x0000, 0x0000, 0x0000, 0x0000, 0x0000, 0x0000,
  0x0000, 0x0000, 0x0000, 0x0000, 0x0000, 0x0000, 0x0000, 0x0000,
  0x0000, 0x0000, 0x0000, 0x0000, 0x0000, 0x0000, 0x0000, 0x0000,
  0x0000, 0x0000, 0x0000, 0x0000, 0x0000, 0x0000, 0x0000, 0x0000,
  0x0000, 0x0000, 0x0000, 0x0000, 0x0000, 0x0000, 0x0000, 0x0000,
  0x0000, 0x0000, 0x0000, 0x0000, 0x0000, 0x0000, 0x0000, 0x0000,
  0x0000, 0x0000, 0x0000, 0x0000, 0x0000, 0x0000, 0x0000, 0x0000,
  0x0000, 0x0000, 0x0000, 0x0000, 0x0000, 0x0000, 0x0000, 0x0000,
  0x0000, 0x0000, 0x0000, 0x0000, 0x0000, 0x0000, 0x0000, 0x0000,
  0x0000, 0x0000, 0x0000, 0x0000, 0x0000, 0x0000, 0x0000, 0x0000,
  0x0000, 0x0000, 0x0000, 0x0000, 0x0000, 0x0000, 0x0000, 0x0000,
  0x0000, 0x0000, 0x0000, 0x0000, 0x0000, 0x0000, 0x0000, 0x0000,
  0x0000, 0x0000, 0x0000, 0x0000, 0x0000, 0x0000, 0x0000, 0x0000,
  0x0000, 0x0000, 0x0000, 0x0000, 0x0000, 0x0000, 0x0000, 0x0000,
  0x0000, 0x0000, 0x0000, 0x0000, 0x0000, 0x0000, 0x0000, 0x0000,
  0x0000, 0x0000, 0x0000, 0x0000, 0x0000, 0x0000, 0x0000, 0x0000,
  0x0000, 0x0000, 0x0000, 0x0000, 0x0000, 0x0000, 0x0000, 0x0000,
  0x0000, 0x0000, 0x0000, 0x0000, 0x0000, 0x0000, 0x0000, 0x0000,
  0x0000, 0x0000, 0x0000, 0x0000, 0x0000, 0x0000, 0x0000, 0x0000,
  0x0000, 0x0000, 0x0000, 0x0000, 0x0000, 0x0000, 0x0000, 0x0000,
  0x0000, 0x0000, 0x0000, 0x0000, 0x0000, 0x0000, 0x0000, 0x0000,
  0x0000, 0x0000, 0x0000, 0x0000, 0x0000, 0x0000, 0x0000, 0x0000,
  0x0000, 0x0000, 0x0000, 0x0000, 0x0000, 0x0000, 0x0000, 0x0000,
  0x0000, 0x0000, 0x0000, 0x0000, 0x0000, 0x0000, 0x0000, 0x0000,
  0x0000, 0x0000, 0x0000, 0x0000, 0x0000, 0x0000, 0x0000, 0x0000,
  0x0000, 0x0000, 0x0000, 0x0000, 0x0000, 0x0000, 0x0000, 0x0000,
  0x0000, 0x0000, 0x0000, 0x0000, 0x0000, 0x0000, 0x0000, 0x0000,
  0x0000, 0x0000, 0x0000, 0x0000, 0x0000, 0x0000, 0x0000, 0x0000,
  0x0000, 0x0000, 0x0000, 0x0000, 0x0000, 0x0000, 0x0000, 0x0000,
  0x0000, 0x0000, 0x0000, 0x0000, 0x0000, 0x0000, 0x0000, 0x0000,
  0x0000, 0x0000, 0x1533, 0x0442, 0x0000, 0x0000, 0x0000, 0x0000,
  0x1544, 0x8543, 0xD543, 0xD544, 0xB544, 0x8543, 0x7543, 0x6543,
  0x6543, 0x6543, 0x6543, 0x6544, 0x6543, 0x6543, 0x5543, 0x4543,
  0x2543, 0x0442, 0x0000, 0x0000, 0x0000, 0x0000, 0x0000, 0x0555,
  0x0444, 0x0700, 0x0000, 0x0000, 0x0000, 0x0000, 0x0000, 0x0000,
  0x0000, 0x0000, 0x0000, 0x0000, 0x0000, 0x0000, 0x0000, 0x0000,
  0x0000, 0x0000, 0x0000, 0x0000, 0x0000, 0x0000, 0x0000, 0x0000,
  0x0000, 0x0000, 0x0000, 0x0000, 0x0000, 0x0000, 0x0000, 0x0000,
  0x0000, 0x0000, 0x0000, 0x0000, 0x0000, 0x0000, 0x0000, 0x0000,
  0x0000, 0x0000, 0x0000, 0x0000, 0x0000, 0x0000, 0x0000, 0x0000,
  0x0000, 0x0000, 0x0000, 0x0000, 0x0000, 0x0000, 0x0000, 0x0000,
  0x0000, 0x0000, 0x0000, 0x0000, 0x0000, 0x0000, 0x0000, 0x0000,
  0x0000, 0x0000, 0x0000, 0x0000, 0x0000, 0x0000, 0x0000, 0x0000,
  0x0000, 0x0000, 0x0000, 0x0000, 0x0000, 0x0000, 0x0000, 0x0000,
  0x0000, 0x0000, 0x0700, 0x0555, 0x0444, 0x0444, 0x0000, 0x0000,
  0x0000, 0x0000, 0x0000, 0x0000, 0x0000, 0x0000, 0x0000, 0x0444,
  0x3543, 0x5543, 0x6543, 0x5543, 0x6543, 0x7544, 0x7543, 0x7543,
  0x7544, 0x6544, 0x2543, 0x0000, 0x0000, 0x0000, 0x0000, 0x0000,
  0x0000, 0x0000, 0x0000, 0x0000, 0x0000, 0x0000, 0x0000, 0x0000,
  0x0000, 0x0000, 0x0000, 0x0000, 0x0000, 0x0000, 0x0000, 0x0000,
  0x0000, 0x0000, 0x0000, 0x0000, 0x0000, 0x0000, 0x0000, 0x0000,
  0x0000, 0x0000, 0x0000, 0x0000, 0x0000, 0x0000, 0x0000, 0x0000,
  0x0000, 0x0000, 0x0000, 0x0000, 0x0000, 0x0000, 0x0000, 0x0000,
  0x0000, 0x0000, 0x0000, 0x0000, 0x0000, 0x0000, 0x0000, 0x0000,
  0x0000, 0x0000, 0x0000, 0x0000, 0x0000, 0x0000, 0x0000, 0x0000,
  0x0000, 0x0000, 0x0000, 0x0000, 0x0000, 0x0000, 0x0000, 0x0000,
  0x0000, 0x0000, 0x0000, 0x0000, 0x0000, 0x0000, 0x0000, 0x0000,
  0x0000, 0x0000, 0x0000, 0x0000, 0x0000, 0x0000, 0x0000, 0x0000,
  0x0000, 0x0000, 0x0000, 0x0000, 0x0000, 0x0000, 0x0000, 0x0000,
  0x0000, 0x0000, 0x0000, 0x0000, 0x0000, 0x0000, 0x0000, 0x0000,
  0x0000, 0x0000, 0x0000, 0x0000, 0x0000, 0x0000, 0x0000, 0x0000,
  0x0000, 0x0000, 0x0000, 0x0000, 0x0000, 0x0000, 0x0000, 0x0000,
  0x0000, 0x0000, 0x0522, 0x0770, 0x0000, 0x0000, 0x0000, 0x0000,
  0x6543, 0xF544, 0xF544, 0xF544, 0xF544, 0xF544, 0xF544, 0xF544,
  0xF544, 0xF544, 0xF544, 0xF544, 0xF544, 0xF544, 0xF544, 0xF544,
  0xE543, 0xD544, 0xB543, 0x7543, 0x5543, 0x2443, 0x0444, 0x0000,
  0x0000, 0x0000, 0x0000, 0x0555, 0x0777, 0x0000, 0x0000, 0x0000,
  0x0000, 0x0000, 0x0000, 0x0000, 0x0000, 0x0000, 0x0000, 0x0000,
  0x0000, 0x0000, 0x0000, 0x0000, 0x0000, 0x0000, 0x0000, 0x0000,
  0x0000, 0x0000, 0x0000, 0x0000, 0x0000, 0x0000, 0x0000, 0x0000,
  0x0000, 0x0000, 0x0000, 0x0000, 0x0000, 0x0000, 0x0000, 0x0000,
  0x0000, 0x0000, 0x0000, 0x0000, 0x0000, 0x0000, 0x0000, 0x0000,
  0x0000, 0x0000, 0x0000, 0x0000, 0x0000, 0x0000, 0x0000, 0x0000,
  0x0000, 0x0000, 0x0000, 0x0000, 0x0000, 0x0000, 0x0000, 0x0000,
  0x0000, 0x0000, 0x0000, 0x0000, 0x0000, 0x0000, 0x0000, 0x0000,
  0x0000, 0x0000, 0x0000, 0x0000, 0x0000, 0x0555, 0x0444, 0x0777,
  0x0000, 0x0000, 0x0000, 0x0000, 0x0000, 0x0000, 0x0000, 0x0444,
  0x1533, 0x4543, 0x6543, 0x7544, 0x9544, 0xA544, 0xB543, 0xD544,
  0xE544, 0xF544, 0xF544, 0xF544, 0xF544, 0xF544, 0xF544, 0xF544,
  0xF544, 0xF544, 0xC543, 0x3543, 0x0000, 0x0000, 0x0000, 0x0000,
  0x0000, 0x0000, 0x0000, 0x0000, 0x0000, 0x0000, 0x0000, 0x0000,
  0x0000, 0x0000, 0x0000, 0x0000, 0x0000, 0x0000, 0x0000, 0x0000,
  0x0000, 0x0000, 0x0000, 0x0000, 0x0000, 0x0000, 0x0000, 0x0000,
  0x0000, 0x0000, 0x0000, 0x0000, 0x0000, 0x0770, 0x0555, 0x0555,
  0x0555, 0x0700, 0x0000, 0x0000, 0x0000, 0x0000, 0x0000, 0x0000,
  0x0000, 0x0000, 0x0000, 0x0000, 0x0000, 0x0000, 0x0000, 0x0000,
  0x0000, 0x0000, 0x0000, 0x0000, 0x0000, 0x0000, 0x0000, 0x0000,
  0x0000, 0x0000, 0x0000, 0x0000, 0x0000, 0x0000, 0x0000, 0x0000,
  0x0000, 0x0000, 0x0000, 0x0000, 0x0000, 0x0000, 0x0000, 0x0000,
  0x0000, 0x0000, 0x0000, 0x0000, 0x0000, 0x0000, 0x0000, 0x0000,
  0x0000, 0x0000, 0x0000, 0x0000, 0x0000, 0x0000, 0x0000, 0x0000,
  0x0000, 0x0000, 0x0000, 0x0000, 0x0000, 0x0000, 0x0000, 0x0000,
  0x0000, 0x0000, 0x0000, 0x0000, 0x0000, 0x0000, 0x0000, 0x0000,
  0x0000, 0x0000, 0x0000, 0x0000, 0x0000, 0x0000, 0x0000, 0x0000,
  0x0000, 0x0000, 0x0000, 0x0000, 0x0000, 0x0000, 0x0000, 0x0000,
  0x8543, 0xF544, 0xF544, 0xF544, 0xF544, 0xF544, 0xF544, 0xF544,
  0xF544, 0xF544, 0xF544, 0xF544, 0xF544, 0xF544, 0xF544, 0xF544,
  0xF544, 0xF544, 0xF544, 0xF544, 0xF544, 0xE544, 0xC544, 0x9543,
  0x5543, 0x2543, 0x0000, 0x0000, 0x0000, 0x0000, 0x0555, 0x0777,
  0x0000, 0x0000, 0x0000, 0x0000, 0x0000, 0x0000, 0x0000, 0x0000,
  0x0000, 0x0000, 0x0000, 0x0000, 0x0000, 0x0000, 0x0000, 0x0000,
  0x0000, 0x0000, 0x0000, 0x0000, 0x0000, 0x0000, 0x0000, 0x0000,
  0x0000, 0x0000, 0x0000, 0x0000, 0x0000, 0x0000, 0x0000, 0x0000,
  0x0000, 0x0000, 0x0000, 0x0000, 0x0000, 0x0000, 0x0000, 0x0000,
  0x0000, 0x0000, 0x0000, 0x0000, 0x0000, 0x0000, 0x0000, 0x0000,
  0x0000, 0x0000, 0x0000, 0x0000, 0x0000, 0x0000, 0x0000, 0x0000,
  0x0000, 0x0000, 0x0000, 0x0000, 0x0000, 0x0000, 0x0000, 0x0000,
  0x0000, 0x0700, 0x0444, 0x0000, 0x0000, 0x0000, 0x0000, 0x0000,
  0x0000, 0x0444, 0x2443, 0x4543, 0x6544, 0x7543, 0xA544, 0xC543,
  0xE543, 0xF544, 0xF544, 0xF544, 0xF544, 0xF544, 0xF544, 0xF544,
  0xF544, 0xF544, 0xF544, 0xF544, 0xF544, 0xF544, 0xF544, 0xF544,
  0xF544, 0xF544, 0xF544, 0x8543, 0x0000, 0x0000, 0x0000, 0x0000,
  0x0000, 0x0000, 0x0000, 0x0000, 0x0000, 0x0000, 0x0000, 0x0000,
  0x0000, 0x0000, 0x0000, 0x0000, 0x0000, 0x0000, 0x0000, 0x0000,
  0x0000, 0x0000, 0x0000, 0x0000, 0x0000, 0x0000, 0x0000, 0x0000,
  0x0000, 0x0000, 0x0000, 0x0555, 0x0000, 0x0000, 0x0000, 0x0000,
  0x0000, 0x0000, 0x0000, 0x0700, 0x0444, 0x0000, 0x0000, 0x0000,
  0x0000, 0x0000, 0x0000, 0x0000, 0x0000, 0x0000, 0x0000, 0x0000,
  0x0000, 0x0000, 0x0000, 0x0000, 0x0000, 0x0000, 0x0000, 0x0000,
  0x0000, 0x0000, 0x0000, 0x0000, 0x0000, 0x0000, 0x0000, 0x0000,
  0x0000, 0x0000, 0x0000, 0x0000, 0x0000, 0x0000, 0x0000, 0x0000,
  0x0000, 0x0000, 0x0000, 0x0000, 0x0000, 0x0000, 0x0000, 0x0000,
  0x0000, 0x0000, 0x0000, 0x0000, 0x0000, 0x0000, 0x0000, 0x0000,
  0x0000, 0x0000, 0x0000, 0x0000, 0x0000, 0x0000, 0x0000, 0x0000,
  0x0000, 0x0000, 0x0000, 0x0000, 0x0000, 0x0000, 0x0000, 0x0000,
  0x0700, 0x0555, 0x0444, 0x0444, 0x0444, 0x0555, 0x0000, 0x0000,
  0x0000, 0x0000, 0x0700, 0x0700, 0x0000, 0x0000, 0x0000, 0x0000,
  0x2543, 0xB543, 0xF544, 0xF544, 0xF544, 0xF544, 0xF544, 0xF544,
  0xF544, 0xF544, 0xF544, 0xF544, 0xF544, 0xF544, 0xF544, 0xF544,
  0xF544, 0xF544, 0xF544, 0xF544, 0xF544, 0xF544, 0xF544, 0xF544,
  0xF544, 0xE544, 0xB543, 0x7543, 0x3543, 0x0555, 0x0000, 0x0000,
  0x0000, 0x0000, 0x0000, 0x0000, 0x0000, 0x0000, 0x0000, 0x0000,
  0x0000, 0x0000, 0x0000, 0x0000, 0x0000, 0x0000, 0x0000, 0x0000,
  0x0000, 0x0000, 0x0000, 0x0000, 0x0000, 0x0000, 0x0000, 0x0000,
  0x0000, 0x0000, 0x0000, 0x0000, 0x0000, 0x0000, 0x0000, 0x0000,
  0x0000, 0x0000, 0x0000, 0x0000, 0x0000, 0x0000, 0x0000, 0x0000,
  0x0000, 0x0000, 0x0000, 0x0000, 0x0000, 0x0000, 0x0000, 0x0000,
  0x0000, 0x0000, 0x0000, 0x0000, 0x0000, 0x0000, 0x0000, 0x0000,
  0x0000, 0x0000, 0x0000, 0x0000, 0x0000, 0x0000, 0x0000, 0x0000,
  0x0000, 0x0000, 0x0000, 0x0000, 0x1544, 0x4543, 0x6543, 0x9543,
  0xB544, 0xD544, 0xE544, 0xF544, 0xF544, 0xF544, 0xF544, 0xF544,
  0xF544, 0xF544, 0xF544, 0xF544, 0xF544, 0xF544, 0xF544, 0xF544,
  0xF544, 0xF544, 0xF544, 0xF544, 0xF544, 0xF544, 0xF544, 0xF544,
  0xF544, 0xF544, 0xF544, 0x7543, 0x0000, 0x0000, 0x0000, 0x0000,
  0x0000, 0x0000, 0x0000, 0x0000, 0x0000, 0x0000, 0x0000, 0x0000,
  0x0000, 0x0000, 0x0000, 0x0000, 0x0000, 0x0000, 0x0000, 0x0000,
  0x0000, 0x0000, 0x0000, 0x0000, 0x0000, 0x0000, 0x0000, 0x0000,
  0x0000, 0x0000, 0x0000, 0x0000, 0x0700, 0x3543, 0x4543, 0x4544,
  0x4543, 0x2543, 0x0522, 0x0000, 0x0000, 0x0000, 0x0000, 0x0555,
  0x0000, 0x0000, 0x0000, 0x0000, 0x0000, 0x0000, 0x0000, 0x0000,
  0x0000, 0x0000, 0x0000, 0x0000, 0x0000, 0x0000, 0x0000, 0x0000,
  0x0000, 0x0000, 0x0000, 0x0000, 0x0000, 0x0000, 0x0000, 0x0000,
  0x0000, 0x0000, 0x0000, 0x0000, 0x0000, 0x0000, 0x0000, 0x0000,
  0x0000, 0x0000, 0x0000, 0x0000, 0x0000, 0x0000, 0x0000, 0x0000,
  0x0000, 0x0000, 0x0000, 0x0000, 0x0000, 0x0000, 0x0000, 0x0000,
  0x0000, 0x0000, 0x0000, 0x0000, 0x0000, 0x0000, 0x0000, 0x0000,
  0x0000, 0x0000, 0x0000, 0x0000, 0x0000, 0x0700, 0x0444, 0x0000,
  0x0000, 0x0000, 0x0000, 0x0000, 0x0000, 0x0000, 0x0000, 0x0000,
  0x0000, 0x0000, 0x0000, 0x0000, 0x0000, 0x0777, 0x0000, 0x0000,
  0x0000, 0x1433, 0x5544, 0x8543, 0xB544, 0xD544, 0xE544, 0xE544,
  0xF544, 0xF544, 0xF543, 0xE544, 0xE544, 0xF543, 0xF544, 0xF544,
  0xF544, 0xF544, 0xF544, 0xF544, 0xF544, 0xF544, 0xF544, 0xF544,
  0xF544, 0xF544, 0xF544, 0xF544, 0xF543, 0xC543, 0x8543, 0x3543,
  0x0000, 0x0000, 0x0000, 0x0000, 0x0000, 0x0000, 0x0000, 0x0000,
  0x0000, 0x0000, 0x0000, 0x0000, 0x0000, 0x0000, 0x0000, 0x0000,
  0x0000, 0x0000, 0x0000, 0x0000, 0x0000, 0x0000, 0x0000, 0x0000,
  0x0000, 0x0000, 0x0000, 0x0000, 0x0000, 0x0000, 0x0000, 0x0000,
  0x0000, 0x0000, 0x0000, 0x0000, 0x0000, 0x0000, 0x0000, 0x0000,
  0x0000, 0x0000, 0x0000, 0x0000, 0x0000, 0x0000, 0x0000, 0x0000,
  0x0000, 0x0000, 0x0000, 0x0000, 0x0000, 0x0000, 0x0000, 0x0000,
  0x0000, 0x0000, 0x0000, 0x0000, 0x0000, 0x0000, 0x0000, 0x0000,
  0x0000, 0x2543, 0x7543, 0xB543, 0xE544, 0xF544, 0xF544, 0xF544,
  0xF544, 0xF544, 0xF544, 0xF544, 0xF544, 0xF544, 0xF544, 0xF544,
  0xF544, 0xF544, 0xF544, 0xF544, 0xF544, 0xF544, 0xF544, 0xF544,
  0xF544, 0xF544, 0xF544, 0xE543, 0xD544, 0xD544, 0xD543, 0xD544,
  0xD544, 0xD544, 0x8543, 0x1544, 0x0000, 0x0000, 0x0000, 0x0000,
  0x0000, 0x0000, 0x0000, 0x0000, 0x0000, 0x0000, 0x0000, 0x0000,
  0x0000, 0x0000, 0x0000, 0x0000, 0x0000, 0x0000, 0x0000, 0x0000,
  0x0000, 0x0000, 0x0000, 0x0000, 0x0000, 0x0000, 0x0000, 0x0000,
  0x0000, 0x0000, 0x1543, 0x5543, 0xB543, 0xE544, 0xF544, 0xF544,
  0xF544, 0xE544, 0xD544, 0xA543, 0x6543, 0x2543, 0x0000, 0x0000,
  0x0000, 0x0555, 0x0000, 0x0000, 0x0000, 0x0000, 0x0000, 0x0000,
  0x0000, 0x0000, 0x0000, 0x0000, 0x0000, 0x0000, 0x0000, 0x0000,
  0x0000, 0x0000, 0x0000, 0x0000, 0x0000, 0x0000, 0x0000, 0x0000,
  0x0000, 0x0000, 0x0000, 0x0000, 0x0000, 0x0000, 0x0000, 0x0000,
  0x0000, 0x0000, 0x0000, 0x0000, 0x0000, 0x0000, 0x0000, 0x0000,
  0x0000, 0x0000, 0x0000, 0x0000, 0x0000, 0x0000, 0x0000, 0x0000,
  0x0000, 0x0000, 0x0000, 0x0000, 0x0000, 0x0000, 0x0000, 0x0000,
  0x0000, 0x0000, 0x0000, 0x0555, 0x0770, 0x0000, 0x0000, 0x0000,
  0x2543, 0x5544, 0x6543, 0x6543, 0x6543, 0x4543, 0x1543, 0x1443,
  0x1433, 0x1433, 0x2543, 0x2433, 0x0000, 0x0000, 0x0000, 0x0000,
  0x0000, 0x0000, 0x0000, 0x0000, 0x0000, 0x0444, 0x1543, 0x2543,
  0x3543, 0x3543, 0x3543, 0x2543, 0x2543, 0x3543, 0x4543, 0x5543,
  0x6544, 0x9543, 0xC543, 0xE544, 0xF544, 0xF544, 0xF544, 0xF544,
  0xF544, 0xF544, 0xF544, 0xF544, 0xF544, 0xF544, 0xF544, 0xF544,
  0xB543, 0x2543, 0x0000, 0x0000, 0x0000, 0x0000, 0x0000, 0x0000,
  0x0000, 0x0000, 0x0000, 0x0000, 0x0000, 0x0000, 0x0000, 0x0000,
  0x0000, 0x0000, 0x0000, 0x0000, 0x0000, 0x0000, 0x0000, 0x0000,
  0x0000, 0x0000, 0x0000, 0x0000, 0x0000, 0x0000, 0x0000, 0x0000,
  0x0000, 0x0000, 0x0000, 0x0000, 0x0000, 0x0000, 0x0000, 0x0000,
  0x0000, 0x0000, 0x0000, 0x0000, 0x0000, 0x0000, 0x0000, 0x0000,
  0x0000, 0x0000, 0x0000, 0x0000, 0x0000, 0x0000, 0x0000, 0x0000,
  0x0000, 0x0000, 0x0000, 0x0000, 0x0000, 0x0F00, 0x0000, 0x1444,
  0x9544, 0xE544, 0xF544, 0xF544, 0xF544, 0xF544, 0xF544, 0xF544,
  0xF544, 0xF544, 0xF544, 0xF544, 0xF544, 0xF544, 0xF544, 0xF544,
  0xF544, 0xF544, 0xF544, 0xD544, 0xC544, 0xB543, 0xA544, 0x9543,
  0x7544, 0x7543, 0x5543, 0x2533, 0x1532, 0x0444, 0x0522, 0x0444,
  0x1533, 0x1533, 0x0000, 0x0000, 0x0000, 0x0000, 0x0000, 0x0000,
  0x0000, 0x0000, 0x0000, 0x0000, 0x0000, 0x0000, 0x0000, 0x0000,
  0x0000, 0x0000, 0x0000, 0x0000, 0x0000, 0x0000, 0x0000, 0x0000,
  0x0000, 0x0000, 0x0000, 0x0000, 0x0000, 0x0000, 0x0000, 0x0000,
  0x0000, 0x1543, 0xB544, 0xF544, 0xF544, 0xF544, 0xF544, 0xF544,
  0xF544, 0xF544, 0xF544, 0xF544, 0xF544, 0xE544, 0xA543, 0x5543,
  0x0222, 0x0000, 0x0000, 0x0777, 0x0777, 0x0000, 0x0000, 0x0000,
  0x0000, 0x0000, 0x0000, 0x0000, 0x0000, 0x0000, 0x0000, 0x0000,
  0x0000, 0x0000, 0x0000, 0x0000, 0x0000, 0x0000, 0x0000, 0x0000,
  0x0000, 0x0000, 0x0000, 0x0000, 0x0000, 0x0000, 0x0000, 0x0000,
  0x0000, 0x0000, 0x0000, 0x0000, 0x0000, 0x0000, 0x0000, 0x0000,
  0x0000, 0x0000, 0x0000, 0x0000, 0x0000, 0x0000, 0x0000, 0x0000,
  0x0000, 0x0000, 0x0000, 0x0000, 0x0000, 0x0000, 0x0000, 0x0000,
  0x0000, 0x0555, 0x0000, 0x0000, 0x0000, 0x2543, 0x7544, 0xC544,
  0xE543, 0xF544, 0xF544, 0xF544, 0xF544, 0xF544, 0xE544, 0xD544,
  0xD544, 0xD544, 0xE544, 0xD544, 0xA543, 0x4543, 0x0000, 0x0000,
  0x0000, 0x0000, 0x0555, 0x0555, 0x0000, 0x0000, 0x0000, 0x0000,
  0x0000, 0x0000, 0x0000, 0x0000, 0x0000, 0x0000, 0x0000, 0x0000,
  0x0000, 0x0000, 0x0555, 0x1543, 0x5543, 0x7543, 0xB544, 0xE544,
  0xF544, 0xF544, 0xF544, 0xF544, 0xF544, 0xF544, 0xF544, 0xF544,
  0xF544, 0xB544, 0x0633, 0x0000, 0x0000, 0x0000, 0x0000, 0x0000,
  0x0000, 0x0000, 0x0000, 0x0000, 0x0000, 0x0000, 0x0000, 0x0000,
  0x0000, 0x0000, 0x0000, 0x0000, 0x0000, 0x0000, 0x0000, 0x0000,
  0x0000, 0x0000, 0x0000, 0x0000, 0x0000, 0x0000, 0x0000, 0x0000,
  0x0000, 0x0000, 0x0000, 0x0000, 0x0000, 0x0000, 0x0000, 0x0000,
  0x0000, 0x0000, 0x0000, 0x0000, 0x0000, 0x0000, 0x0000, 0x0000,
  0x0000, 0x0000, 0x0000, 0x0000, 0x0000, 0x0000, 0x0000, 0x0000,
  0x0000, 0x0000, 0x0000, 0x0000, 0x0000, 0x0700, 0x0000, 0x7543,
  0xF544, 0xF544, 0xF544, 0xF544, 0xF544, 0xF544, 0xF544, 0xF544,
  0xF544, 0xF544, 0xF544, 0xF544, 0xF543, 0xD544, 0xC544, 0xA543,
  0x7543, 0x5543, 0x3543, 0x1433, 0x0333, 0x0000, 0x0000, 0x0000,
  0x0000, 0x0000, 0x0000, 0x0000, 0x0000, 0x0000, 0x0000, 0x0000,
  0x0000, 0x0000, 0x0000, 0x0000, 0x0000, 0x0000, 0x0000, 0x0000,
  0x0000, 0x0000, 0x0000, 0x0000, 0x0000, 0x0000, 0x0000, 0x0000,
  0x0000, 0x0000, 0x0000, 0x0000, 0x0000, 0x0000, 0x0000, 0x0000,
  0x0000, 0x0000, 0x0000, 0x0000, 0x0000, 0x0000, 0x0000, 0x0000,
  0x0000, 0x5544, 0xF544, 0xF544, 0xF544, 0xF544, 0xF543, 0xF433,
  0xF543, 0xF543, 0xF544, 0xF544, 0xF544, 0xF544, 0xF544, 0xF544,
  0xC544, 0x7543, 0x2543, 0x0000, 0x0000, 0x0000, 0x0555, 0x0000,
  0x0000, 0x0000, 0x0000, 0x0000, 0x0000, 0x0000, 0x0000, 0x0000,
  0x0000, 0x0000, 0x0000, 0x0000, 0x0000, 0x0000, 0x0000, 0x0000,
  0x0000, 0x0000, 0x0000, 0x0000, 0x0000, 0x0000, 0x0000, 0x0000,
  0x0000, 0x0000, 0x0000, 0x0000, 0x0000, 0x0000, 0x0000, 0x0000,
  0x0000, 0x0000, 0x0000, 0x0000, 0x0000, 0x0000, 0x0000, 0x0000,
  0x0000, 0x0000, 0x0000, 0x0000, 0x0000, 0x0000, 0x0000, 0x0777,
  0x0000, 0x0000, 0x0000, 0x4543, 0xA543, 0xE544, 0xF544, 0xF544,
  0xF544, 0xF544, 0xF544, 0xF544, 0xF544, 0xF544, 0xF544, 0xF544,
  0xF544, 0xF544, 0xF544, 0xF544, 0xF544, 0xC543, 0x0000, 0x0000,
  0x0000, 0x0000, 0x0000, 0x0000, 0x0000, 0x0000, 0x0000, 0x0700,
  0x0777, 0x0777, 0x0770, 0x0700, 0x0700, 0x0770, 0x0555, 0x0555,
  0x0444, 0x0777, 0x0000, 0x0000, 0x0000, 0x0000, 0x0000, 0x1444,
  0x5544, 0x8543, 0xC544, 0xF544, 0xF544, 0xF544, 0xF544, 0xF544,
  0xF544, 0xD544, 0x1543, 0x0000, 0x0000, 0x0000, 0x0000, 0x0000,
  0x0000, 0x0000, 0x0000, 0x0000, 0x0000, 0x0000, 0x0000, 0x0000,
  0x0000, 0x0000, 0x0000, 0x0000, 0x0000, 0x0000, 0x0000, 0x0000,
  0x0000, 0x0000, 0x0000, 0x0000, 0x0000, 0x0000, 0x0000, 0x0000,
  0x0000, 0x0000, 0x0000, 0x0000, 0x0000, 0x0000, 0x0000, 0x0000,
  0x0000, 0x0000, 0x0000, 0x0000, 0x0000, 0x0000, 0x0000, 0x0000,
  0x0000, 0x0000, 0x0000, 0x0000, 0x0000, 0x0000, 0x0000, 0x0000,
  0x0000, 0x0000, 0x0000, 0x0000, 0x0000, 0x0000, 0x0000, 0xA543,
  0xF544, 0xF544, 0xF544, 0xF544, 0xF544, 0xF544, 0xE543, 0xD544,
  0xB543, 0x8543, 0x6544, 0x5543, 0x3543, 0x1433, 0x0555, 0x0000,
  0x0000, 0x0000, 0x0000, 0x0000, 0x0000, 0x0000, 0x0000, 0x0777,
  0x0444, 0x0444, 0x0555, 0x0000, 0x0000, 0x0000, 0x0000, 0x0000,
  0x0000, 0x0000, 0x0000, 0x0000, 0x0000, 0x0000, 0x0000, 0x0000,
  0x0000, 0x0000, 0x0000, 0x0000, 0x0000, 0x0000, 0x0000, 0x0000,
  0x0000, 0x0000, 0x0000, 0x0000, 0x0000, 0x0000, 0x0000, 0x0000,
  0x0000, 0x0000, 0x0000, 0x0000, 0x0000, 0x0000, 0x0000, 0x0000,
  0x0000, 0x8543, 0xF544, 0xF544, 0xF543, 0xF654, 0xFA98, 0xF987,
  0xF765, 0xF654, 0xF543, 0xF433, 0xF543, 0xF544, 0xF544, 0xF544,
  0xF544, 0xF544, 0xE544, 0x9543, 0x3543, 0x0000, 0x0000, 0x0000,
  0x0777, 0x0000, 0x0000, 0x0000, 0x0000, 0x0000, 0x0000, 0x0000,
  0x0000, 0x0000, 0x0000, 0x0000, 0x0000, 0x0000, 0x0000, 0x0000,
  0x0000, 0x0000, 0x0000, 0x0000, 0x0000, 0x0000, 0x0000, 0x0000,
  0x0000, 0x0000, 0x0000, 0x0000, 0x0000, 0x0000, 0x0000, 0x0000,
  0x0000, 0x0000, 0x0000, 0x0000, 0x0000, 0x0000, 0x0000, 0x0000,
  0x0000, 0x0000, 0x0000, 0x0000, 0x0000, 0x0000, 0x0777, 0x0000,
  0x0000, 0x4543, 0xB544, 0xF544, 0xF544, 0xF544, 0xF544, 0xF544,
  0xF544, 0xF544, 0xF543, 0xF543, 0xF543, 0xF544, 0xF544, 0xF544,
  0xF544, 0xF544, 0xF544, 0xF544, 0xF544, 0xE543, 0x2543, 0x0000,
  0x0000, 0x0000, 0x0000, 0x0000, 0x0000, 0x0000, 0x0000, 0x0000,
  0x0000, 0x0000, 0x0000, 0x0000, 0x0000, 0x0000, 0x0000, 0x0000,
  0x0000, 0x0000, 0x0000, 0x0000, 0x0555, 0x0444, 0x0000, 0x0000,
  0x0000, 0x0000, 0x0522, 0x3544, 0x8544, 0xD544, 0xF544, 0xF544,
  0xF544, 0x9543, 0x0444, 0x0F00, 0x0000, 0x0000, 0x0000, 0x0000,
  0x0000, 0x0000, 0x0000, 0x0000, 0x0000, 0x0000, 0x0000, 0x0000,
  0x0000, 0x0000, 0x0000, 0x0000, 0x0000, 0x0000, 0x0000, 0x0000,
  0x0000, 0x0000, 0x0000, 0x0000, 0x0000, 0x0000, 0x0000, 0x0000,
  0x0000, 0x0000, 0x0000, 0x0000, 0x0000, 0x0000, 0x0000, 0x0000,
  0x0000, 0x0000, 0x0000, 0x0000, 0x0000, 0x0000, 0x0000, 0x0000,
  0x0000, 0x0000, 0x0000, 0x0000, 0x0000, 0x0000, 0x0000, 0x0000,
  0x0000, 0x0000, 0x0000, 0x0000, 0x0000, 0x0000, 0x0000, 0x6543,
  0xF544, 0xF544, 0xF544, 0xD543, 0x9543, 0x5543, 0x2543, 0x0444,
  0x0000, 0x0000, 0x0000, 0x0000, 0x0000, 0x0000, 0x0000, 0x0000,
  0x0444, 0x0444, 0x0777, 0x0000, 0x0000, 0x0000, 0x0000, 0x0000,
  0x0000, 0x0000, 0x0000, 0x0000, 0x0000, 0x0000, 0x0000, 0x0000,
  0x0000, 0x0000, 0x0000, 0x0000, 0x0000, 0x0000, 0x0000, 0x0000,
  0x0000, 0x0000, 0x0000, 0x0000, 0x0000, 0x0000, 0x0000, 0x0000,
  0x0000, 0x0000, 0x0000, 0x0000, 0x0000, 0x0000, 0x0000, 0x0000,
  0x0000, 0x0000, 0x0000, 0x0000, 0x0000, 0x0000, 0x0000, 0x0000,
  0x0000, 0xA543, 0xF544, 0xF544, 0xF433, 0xF876, 0xFFEB, 0xFFEB,
  0xFEDB, 0xFEDA, 0xFBA8, 0xF987, 0xF654, 0xF543, 0xF543, 0xF544,
  0xF544, 0xF544, 0xF544, 0xF544, 0xF544, 0xA544, 0x4543, 0x0000,
  0x0000, 0x0555, 0x0000, 0x0000, 0x0000, 0x0000, 0x0000, 0x0000,
  0x0000, 0x0000, 0x0000, 0x0000, 0x0000, 0x0000, 0x0000, 0x0000,
  0x0000, 0x0000, 0x0000, 0x0000, 0x0000, 0x0000, 0x0000, 0x0000,
  0x0000, 0x0000, 0x0000, 0x0000, 0x0000, 0x0000, 0x0000, 0x0000,
  0x0000, 0x0000, 0x0000, 0x0000, 0x0000, 0x0000, 0x0000, 0x0000,
  0x0000, 0x0000, 0x0000, 0x0000, 0x0777, 0x0000, 0x0000, 0x4543,
  0xB544, 0xF544, 0xF544, 0xF544, 0xF544, 0xF544, 0xF544, 0xF543,
  0xF543, 0xF544, 0xF655, 0xF655, 0xF654, 0xF544, 0xF543, 0xF543,
  0xF543, 0xF543, 0xF544, 0xF544, 0xF544, 0xF544, 0x6544, 0x0000,
  0x0000, 0x0000, 0x0000, 0x0000, 0x0000, 0x0000, 0x0000, 0x0000,
  0x0000, 0x0000, 0x0000, 0x0000, 0x0000, 0x0000, 0x0000, 0x0000,
  0x0000, 0x0000, 0x0000, 0x0000, 0x0000, 0x0000, 0x0000, 0x0000,
  0x0555, 0x0555, 0x0000, 0x0000, 0x0000, 0x1543, 0x6544, 0xA543,
  0x7543, 0x1544, 0x0000, 0x0F00, 0x0000, 0x0000, 0x0000, 0x0000,
  0x0000, 0x0000, 0x0000, 0x0000, 0x0000, 0x0000, 0x0000, 0x0000,
  0x0000, 0x0000, 0x0000, 0x0000, 0x0000, 0x0000, 0x0000, 0x0000,
  0x0000, 0x0000, 0x0000, 0x0000, 0x0000, 0x0000, 0x0000, 0x0000,
  0x0000, 0x0000, 0x0000, 0x0000, 0x0000, 0x0000, 0x0000, 0x0000,
  0x0000, 0x0000, 0x0000, 0x0000, 0x0000, 0x0000, 0x0000, 0x0000,
  0x0000, 0x0000, 0x0000, 0x0000, 0x0000, 0x0000, 0x0000, 0x0000,
  0x0000, 0x0000, 0x0000, 0x0000, 0x0000, 0x0000, 0x0000, 0x0700,
  0x5543, 0x8543, 0x5544, 0x1533, 0x0000, 0x0000, 0x0000, 0x0000,
  0x0000, 0x0555, 0x0444, 0x0555, 0x0770, 0x0000, 0x0000, 0x0000,
  0x0000, 0x0000, 0x0000, 0x0000, 0x0000, 0x0000, 0x0000, 0x0000,
  0x0000, 0x0000, 0x0000, 0x0000, 0x0000, 0x0000, 0x0000, 0x0000,
  0x0000, 0x0000, 0x0000, 0x0000, 0x0000, 0x0000, 0x0000, 0x0000,
  0x0000, 0x0000, 0x0000, 0x0000, 0x0000, 0x0000, 0x0000, 0x0000,
  0x0000, 0x0000, 0x0000, 0x0000, 0x0000, 0x0000, 0x0000, 0x0000,
  0x0000, 0x0000, 0x0000, 0x0000, 0x0000, 0x0000, 0x0000, 0x0000,
  0x0707, 0xC543, 0xF544, 0xF544, 0xF433, 0xFA97, 0xFFEB, 0xFEDA,
  0xFEDA, 0xFEDB, 0xFFEB, 0xFFEB, 0xFEDA, 0xFBA8, 0xF765, 0xF544,
  0xF543, 0xF544, 0xF544, 0xF544, 0xF544, 0xF544, 0xF544, 0xA544,
  0x3543, 0x0000, 0x0000, 0x0F00, 0x0000, 0x0000, 0x0000, 0x0000,
  0x0000, 0x0000, 0x0000, 0x0000, 0x0000, 0x0000, 0x0000, 0x0000,
  0x0000, 0x0000, 0x0000, 0x0000, 0x0000, 0x0000, 0x0000, 0x0000,
  0x0000, 0x0000, 0x0000, 0x0000, 0x0000, 0x0000, 0x0000, 0x0000,
  0x0000, 0x0000, 0x0000, 0x0000, 0x0000, 0x0000, 0x0000, 0x0000,
  0x0000, 0x0000, 0x0000, 0x0555, 0x0000, 0x1332, 0x8544, 0xF544,
  0xF544, 0xF544, 0xF544, 0xF544, 0xF544, 0xF433, 0xF544, 0xF765,
  0xFA98, 0xFDC9, 0xFEDA, 0xFEDA, 0xFDDA, 0xFCB9, 0xFBA8, 0xFBA8,
  0xFBA8, 0xFBA8, 0xF654, 0xF543, 0xF544, 0xF544, 0xA543, 0x0000,
  0x0000, 0x0000, 0x0000, 0x0000, 0x0000, 0x0000, 0x0000, 0x0000,
  0x0000, 0x0000, 0x0000, 0x0000, 0x0000, 0x0000, 0x0000, 0x0000,
  0x0000, 0x0000, 0x0000, 0x0000, 0x0000, 0x0000, 0x0000, 0x0000,
  0x0000, 0x0000, 0x0000, 0x0777, 0x0444, 0x0000, 0x0000, 0x0000,
  0x0000, 0x0000, 0x0000, 0x0000, 0x0000, 0x0000, 0x0000, 0x0000,
  0x0000, 0x0000, 0x0000, 0x0000, 0x0000, 0x0000, 0x0000, 0x0000,
  0x0000, 0x0000, 0x0000, 0x0000, 0x0000, 0x0000, 0x0000, 0x0000,
  0x0000, 0x0000, 0x0000, 0x0000, 0x0000, 0x0000, 0x0000, 0x0000,
  0x0000, 0x0000, 0x0000, 0x0000, 0x0000, 0x0000, 0x0000, 0x0000,
  0x0000, 0x0000, 0x0000, 0x0000, 0x0000, 0x0000, 0x0000, 0x0000,
  0x0000, 0x0000, 0x0000, 0x0000, 0x0000, 0x0000, 0x0000, 0x0000,
  0x0000, 0x0000, 0x0000, 0x0000, 0x0000, 0x0000, 0x0000, 0x0000,
  0x0000, 0x0000, 0x0000, 0x0000, 0x0777, 0x0444, 0x0700, 0x0000,
  0x0000, 0x0000, 0x0000, 0x0000, 0x0000, 0x0000, 0x0000, 0x0000,
  0x0000, 0x0000, 0x0000, 0x0000, 0x0000, 0x0000, 0x0000, 0x0000,
  0x0000, 0x0000, 0x0000, 0x0000, 0x0000, 0x0000, 0x0000, 0x0000,
  0x0000, 0x0000, 0x0000, 0x0000, 0x0000, 0x0000, 0x0000, 0x0000,
  0x0000, 0x0000, 0x0000, 0x0000, 0x0000, 0x0000, 0x0000, 0x0000,
  0x0000, 0x0000, 0x0000, 0x0000, 0x0000, 0x0000, 0x0000, 0x0000,
  0x0000, 0x0000, 0x0000, 0x0000, 0x0000, 0x0000, 0x0000, 0x0000,
  0x1542, 0xD544, 0xF544, 0xF544, 0xF543, 0xFBA8, 0xFFEB, 0xFEDA,
  0xFEDA, 0xFEDA, 0xFEDA, 0xFEDA, 0xFEDB, 0xFFEB, 0xFEDB, 0xFCB9,
  0xF876, 0xF544, 0xF433, 0xF543, 0xF544, 0xF544, 0xF544, 0xF544,
  0xE544, 0x7544, 0x0000, 0x0000, 0x0700, 0x0000, 0x0000, 0x0000,
  0x0000, 0x0000, 0x0000, 0x0000, 0x0000, 0x0000, 0x0000, 0x0000,
  0x0000, 0x0000, 0x0000, 0x0000, 0x0000, 0x0000, 0x0000, 0x0000,
  0x0000, 0x0000, 0x0000, 0x0000, 0x0000, 0x0000, 0x0000, 0x0000,
  0x0000, 0x0000, 0x0000, 0x0000, 0x0000, 0x0000, 0x0000, 0x0000,
  0x0000, 0x0555, 0x0000, 0x0000, 0x3543, 0xC544, 0xF544, 0xF544,
  0xF544, 0xF544, 0xF544, 0xF433, 0xF544, 0xF876, 0xFCB9, 0xFEDA,
  0xFFEB, 0xFEEB, 0xFEDB, 0xFEDB, 0xFEDB, 0xFFEB, 0xFFEB, 0xFFEB,
  0xFFEB, 0xFFEB, 0xF765, 0xF543, 0xF544, 0xF544, 0xC544, 0x0444,
  0x0000, 0x0000, 0x0000, 0x0000, 0x0000, 0x0000, 0x0000, 0x0000,
  0x0000, 0x0000, 0x0000, 0x0000, 0x0000, 0x0000, 0x0000, 0x0000,
  0x0000, 0x0000, 0x0000, 0x0000, 0x0000, 0x0000, 0x0000, 0x0000,
  0x0000, 0x0000, 0x0000, 0x0000, 0x0000, 0x0000, 0x0444, 0x0700,
  0x0777, 0x0000, 0x0000, 0x0000, 0x0000, 0x0000, 0x0000, 0x0000,
  0x0000, 0x0000, 0x0000, 0x0000, 0x0000, 0x0000, 0x0000, 0x0000,
  0x0000, 0x0000, 0x0000, 0x0000, 0x0000, 0x0000, 0x0000, 0x0000,
  0x0000, 0x0000, 0x0000, 0x0000, 0x0000, 0x0000, 0x0000, 0x0000,
  0x0000, 0x0000, 0x0000, 0x0000, 0x0000, 0x0000, 0x0000, 0x0000,
  0x0000, 0x0000, 0x0000, 0x0000, 0x0000, 0x0000, 0x0000, 0x0000,
  0x0000, 0x0000, 0x0000, 0x0000, 0x0000, 0x0000, 0x0000, 0x0000,
  0x0000, 0x0000, 0x0000, 0x0000, 0x0000, 0x0000, 0x0000, 0x0000,
  0x0777, 0x0555, 0x0633, 0x0633, 0x0444, 0x0444, 0x0777, 0x0000,
  0x0000, 0x0000, 0x0000, 0x0000, 0x0000, 0x0000, 0x0000, 0x0000,
  0x0000, 0x0000, 0x0000, 0x0000, 0x0000, 0x0000, 0x0000, 0x0000,
  0x0000, 0x0000, 0x0000, 0x0000, 0x0000, 0x0000, 0x0000, 0x0000,
  0x0000, 0x0000, 0x0000, 0x0000, 0x0000, 0x0000, 0x0000, 0x0000,
  0x0000, 0x0000, 0x0000, 0x0000, 0x0000, 0x0000, 0x0000, 0x0000,
  0x0000, 0x0000, 0x0000, 0x0000, 0x0000, 0x0000, 0x0000, 0x0000,
  0x0000, 0x0000, 0x0000, 0x0000, 0x0000, 0x0000, 0x0000, 0x0000,
  0x3543, 0xE544, 0xF544, 0xF544, 0xF544, 0xFCB9, 0xFFEB, 0xFEDA,
  0xFEDA, 0xFEDA, 0xFEDA, 0xFEDA, 0xFEDA, 0xFEDA, 0xFEDA, 0xFFEB,
  0xFFEB, 0xFDC9, 0xF987, 0xF654, 0xF433, 0xF543, 0xF544, 0xF544,
  0xF544, 0xF544, 0xA544, 0x1543, 0x0000, 0x0550, 0x0000, 0x0000,
  0x0000, 0x0000, 0x0000, 0x0000, 0x0000, 0x0000, 0x0000, 0x0000,
  0x0000, 0x0000, 0x0000, 0x0000, 0x0000, 0x0000, 0x0000, 0x0000,
  0x0000, 0x0000, 0x0000, 0x0000, 0x0000, 0x0000, 0x0000, 0x0000,
  0x0000, 0x0000, 0x0000, 0x0000, 0x0000, 0x0000, 0x0000, 0x0000,
  0x0700, 0x0000, 0x0444, 0x6543, 0xE544, 0xF544, 0xF544, 0xF544,
  0xF544, 0xF543, 0xF544, 0xF986, 0xFDC9, 0xFFEB, 0xFFEB, 0xFEDA,
  0xFEDA, 0xFEDA, 0xFEDA, 0xFEDA, 0xFEDA, 0xFEDA, 0xFEDA, 0xFEDA,
  0xFEDA, 0xFEDB, 0xF876, 0xF433, 0xF544, 0xF544, 0xE544, 0x1433,
  0x0000, 0x0000, 0x0000, 0x0000, 0x0000, 0x0000, 0x0000, 0x0000,
  0x0000, 0x0000, 0x0000, 0x0000, 0x0000, 0x0000, 0x0555, 0x0444,
  0x0444, 0x0777, 0x0000, 0x0000, 0x0000, 0x0000, 0x0555, 0x0444,
  0x0444, 0x0555, 0x0770, 0x0000, 0x0000, 0x0000, 0x0000, 0x0000,
  0x0000, 0x0000, 0x0000, 0x0000, 0x0000, 0x0000, 0x0000, 0x0000,
  0x0000, 0x0000, 0x0000, 0x0000, 0x0000, 0x0000, 0x0000, 0x0000,
  0x0000, 0x0000, 0x0000, 0x0000, 0x0000, 0x0000, 0x0000, 0x0000,
  0x0000, 0x0000, 0x0000, 0x0000, 0x0000, 0x0000, 0x0000, 0x0000,
  0x0000, 0x0000, 0x0000, 0x0000, 0x0000, 0x0000, 0x0000, 0x0000,
  0x0000, 0x0000, 0x0000, 0x0000, 0x0000, 0x0000, 0x0000, 0x0000,
  0x0000, 0x0000, 0x0000, 0x0000, 0x0000, 0x0000, 0x0000, 0x0000,
  0x0000, 0x0000, 0x0000, 0x0000, 0x0000, 0x0000, 0x0000, 0x0000,
  0x0000, 0x0000, 0x0000, 0x0000, 0x0000, 0x0000, 0x0000, 0x0000,
  0x0000, 0x0000, 0x0000, 0x0000, 0x0000, 0x0000, 0x0000, 0x0000,
  0x0000, 0x0000, 0x0000, 0x0000, 0x0000, 0x0777, 0x0444, 0x0555,
  0x0700, 0x0000, 0x0000, 0x0000, 0x0000, 0x0000, 0x0000, 0x0000,
  0x0000, 0x0000, 0x0000, 0x0000, 0x0000, 0x0000, 0x0000, 0x0000,
  0x0000, 0x0000, 0x0000, 0x0000, 0x0000, 0x0000, 0x0000, 0x0000,
  0x0000, 0x0000, 0x0000, 0x0000, 0x0000, 0x0000, 0x0000, 0x0000,
  0x0000, 0x0000, 0x0000, 0x0000, 0x0000, 0x0000, 0x0000, 0x0000,
  0x5543, 0xF544, 0xF544, 0xF543, 0xF654, 0xFDCA, 0xFEDB, 0xFEDA,
  0xFEDA, 0xFEDA, 0xFEDA, 0xFEDA, 0xFEDA, 0xFEDA, 0xFEDA, 0xFEDA,
  0xFEDA, 0xFFEB, 0xFFEB, 0xFDCA, 0xF987, 0xF654, 0xF543, 0xF544,
  0xF544, 0xF544, 0xF544, 0xC544, 0x1544, 0x0000, 0x0777, 0x0000,
  0x0000, 0x0000, 0x0000, 0x0000, 0x0000, 0x0000, 0x0000, 0x0000,
  0x0000, 0x0000, 0x0700, 0x0555, 0x0444, 0x0444, 0x0444, 0x0444,
  0x0444, 0x0555, 0x0555, 0x0777, 0x0700, 0x0000, 0x0000, 0x0000,
  0x0000, 0x0000, 0x0000, 0x0000, 0x0000, 0x0000, 0x0000, 0x0550,
  0x0000, 0x6543, 0xC544, 0xF544, 0xF544, 0xF544, 0xF544, 0xF543,
  0xF543, 0xF876, 0xFCC9, 0xFFEB, 0xFEEB, 0xFEDA, 0xFEDA, 0xFEDA,
  0xFEDA, 0xFEEB, 0xFFEB, 0xFEDB, 0xFEDA, 0xFEDA, 0xFEDB, 0xFFEB,
  0xFEDA, 0xFFEB, 0xFBA8, 0xF543, 0xF544, 0xF544, 0xF544, 0x4543,
  0x0000, 0x0000, 0x0000, 0x0000, 0x0000, 0x0000, 0x0000, 0x0000,
  0x0000, 0x0777, 0x0444, 0x0555, 0x0000, 0x0000, 0x0000, 0x0000,
  0x0000, 0x0000, 0x0000, 0x0000, 0x0000, 0x0000, 0x0000, 0x0000,
  0x0000, 0x0000, 0x0000, 0x0000, 0x0000, 0x0000, 0x0000, 0x0000,
  0x0000, 0x0000, 0x0700, 0x0000, 0x0000, 0x0000, 0x0000, 0x0000,
  0x0000, 0x0000, 0x0000, 0x0000, 0x0000, 0x0000, 0x0000, 0x0000,
  0x0000, 0x0000, 0x0000, 0x0000, 0x0000, 0x0000, 0x0000, 0x0000,
  0x0000, 0x0000, 0x0000, 0x0000, 0x0000, 0x0000, 0x0000, 0x0000,
  0x0000, 0x0000, 0x0000, 0x0000, 0x0000, 0x0000, 0x0000, 0x0000,
  0x0000, 0x0000, 0x0000, 0x0000, 0x0000, 0x0000, 0x0000, 0x0000,
  0x0000, 0x0000, 0x0000, 0x0000, 0x0000, 0x0000, 0x0000, 0x0000,
  0x0000, 0x0000, 0x0000, 0x0000, 0x0000, 0x0000, 0x0000, 0x0000,
  0x0000, 0x0000, 0x3443, 0x6544, 0x6544, 0x5543, 0x3543, 0x1443,
  0x0444, 0x0444, 0x0770, 0x0770, 0x0444, 0x0522, 0x0444, 0x0644,
  0x0644, 0x0444, 0x0522, 0x0770, 0x0000, 0x0000, 0x0000, 0x0000,
  0x0000, 0x0000, 0x0777, 0x0444, 0x0700, 0x0000, 0x0000, 0x0000,
  0x0000, 0x0000, 0x0000, 0x0000, 0x0000, 0x0000, 0x0000, 0x0000,
  0x0000, 0x0000, 0x0000, 0x0000, 0x0000, 0x0000, 0x0000, 0x0000,
  0x0000, 0x0000, 0x0000, 0x0000, 0x0000, 0x0000, 0x0000, 0x0000,
  0x0000, 0x0000, 0x0000, 0x0000, 0x0000, 0x0000, 0x0000, 0x0000,
  0x6544, 0xF544, 0xF544, 0xF543, 0xF655, 0xFEDA, 0xFEDB, 0xFEDA,
  0xFEDA, 0xFEDA, 0xFEDA, 0xFEDA, 0xFEDA, 0xFEDA, 0xFEDA, 0xFEDA,
  0xFEDA, 0xFEDA, 0xFEDA, 0xFEDB, 0xFFEB, 0xFDCA, 0xF876, 0xF543,
  0xF544, 0xF544, 0xF544, 0xF544, 0xC544, 0x1544, 0x0000, 0x0555,
  0x0000, 0x0000, 0x0000, 0x0000, 0x0000, 0x0777, 0x0444, 0x0555,
  0x0000, 0x0000, 0x0000, 0x0000, 0x0000, 0x0000, 0x0000, 0x0000,
  0x0000, 0x0000, 0x0000, 0x0000, 0x0000, 0x0000, 0x0000, 0x0000,
  0x0000, 0x0700, 0x0444, 0x0555, 0x0000, 0x0000, 0x0444, 0x0000,
  0x7543, 0xF544, 0xF544, 0xF544, 0xF544, 0xF544, 0xF543, 0xF654,
  0xFBA8, 0xFEDB, 0xFFEB, 0xFEDA, 0xFEDA, 0xFEDA, 0xFEDA, 0xFFEB,
  0xFEEB, 0xFDC9, 0xFA98, 0xF876, 0xF765, 0xF765, 0xF765, 0xFBA8,
  0xFEDB, 0xFEDB, 0xFEDA, 0xF654, 0xF543, 0xF544, 0xF544, 0x5543,
  0x0000, 0x0000, 0x0770, 0x0444, 0x0555, 0x0770, 0x0000, 0x0000,
  0x0000, 0x0000, 0x0000, 0x0000, 0x0000, 0x1543, 0x4543, 0x6544,
  0x7543, 0x9543, 0xA543, 0xB543, 0xA544, 0xA543, 0x9544, 0x7543,
  0x6543, 0x4543, 0x3543, 0x1533, 0x1533, 0x0444, 0x0522, 0x0444,
  0x1533, 0x1543, 0x0000, 0x0000, 0x0000, 0x0000, 0x0000, 0x0000,
  0x0000, 0x0000, 0x0000, 0x0000, 0x0000, 0x0000, 0x0000, 0x0000,
  0x0000, 0x0000, 0x0000, 0x0000, 0x0000, 0x0000, 0x0000, 0x0000,
  0x0000, 0x0000, 0x0000, 0x0000, 0x0000, 0x0000, 0x0000, 0x0000,
  0x0000, 0x0000, 0x0000, 0x0000, 0x0000, 0x0000, 0x0000, 0x0000,
  0x0000, 0x0000, 0x0000, 0x0000, 0x0000, 0x0000, 0x0000, 0x0000,
  0x0000, 0x0000, 0x0000, 0x0000, 0x0000, 0x0000, 0x0000, 0x0000,
  0x0000, 0x0000, 0x0000, 0x0000, 0x0000, 0x0000, 0x0000, 0x0700,
  0x0000, 0x4543, 0xE544, 0xF544, 0xF544, 0xF544, 0xF544, 0xE544,
  0xD544, 0xC543, 0xC543, 0xC544, 0xC543, 0xD544, 0xD544, 0xD544,
  0xD544, 0xD544, 0xD544, 0xC544, 0xB543, 0x9543, 0x7543, 0x5543,
  0x2544, 0x0333, 0x0000, 0x0000, 0x0000, 0x0000, 0x0555, 0x0777,
  0x0000, 0x0000, 0x0000, 0x0000, 0x0000, 0x0000, 0x0000, 0x0000,
  0x0000, 0x0000, 0x0000, 0x0000, 0x0000, 0x0000, 0x0000, 0x0000,
  0x0000, 0x0000, 0x0000, 0x0000, 0x0000, 0x0000, 0x0000, 0x0000,
  0x0000, 0x0000, 0x0000, 0x0000, 0x0000, 0x0000, 0x0000, 0x0000,
  0x7543, 0xF544, 0xF544, 0xF543, 0xF765, 0xFEDA, 0xFEDA, 0xFEDA,
  0xFEDA, 0xFEDA, 0xFFEB, 0xFFEB, 0xFFEB, 0xFFEB, 0xFEDB, 0xFEDA,
  0xFEDA, 0xFEDA, 0xFEDA, 0xFEDA, 0xFEDA, 0xFEEB, 0xFFEB, 0xFA98,
  0xF544, 0xF543, 0xF544, 0xF544, 0xF544, 0xC543, 0x1543, 0x0000,
  0x0444, 0x0770, 0x0444, 0x0000, 0x0000, 0x0000, 0x0000, 0x0000,
  0x0000, 0x1533, 0x2543, 0x4543, 0x5543, 0x6544, 0x6543, 0x6543,
  0x6544, 0x5543, 0x4543, 0x3543, 0x2543, 0x1543, 0x1533, 0x0442,
  0x0770, 0x0000, 0x0000, 0x0000, 0x0000, 0x0000, 0x0000, 0x7543,
  0xF544, 0xF544, 0xF544, 0xF544, 0xF544, 0xF543, 0xF876, 0xFDCA,
  0xFFEB, 0xFEDA, 0xFEDA, 0xFEDA, 0xFEDA, 0xFFEB, 0xFEDB, 0xFCB9,
  0xF876, 0xF544, 0xF433, 0xF543, 0xF543, 0xF543, 0xF543, 0xF543,
  0xF987, 0xFEEB, 0xFEDB, 0xF876, 0xF543, 0xF544, 0xF544, 0x6543,
  0x0000, 0x0000, 0x0000, 0x0000, 0x0000, 0x0000, 0x0000, 0x0333,
  0x1433, 0x3543, 0x6543, 0x8543, 0xC543, 0xE544, 0xF544, 0xF544,
  0xF544, 0xF544, 0xF544, 0xF544, 0xF544, 0xF544, 0xF544, 0xF544,
  0xF544, 0xF544, 0xE544, 0xE543, 0xD544, 0xD544, 0xD544, 0xD544,
  0xE544, 0xD544, 0x6543, 0x0000, 0x0000, 0x0000, 0x0000, 0x0000,
  0x0000, 0x0000, 0x0000, 0x0000, 0x0000, 0x0000, 0x0000, 0x0000,
  0x0000, 0x0000, 0x0000, 0x0000, 0x0000, 0x0000, 0x0000, 0x0000,
  0x0000, 0x0000, 0x0000, 0x0000, 0x0000, 0x0000, 0x0000, 0x0000,
  0x0000, 0x0000, 0x0000, 0x0000, 0x0000, 0x0000, 0x0000, 0x0000,
  0x0000, 0x0000, 0x0000, 0x0000, 0x0000, 0x0000, 0x0000, 0x0000,
  0x0000, 0x0000, 0x0000, 0x0000, 0x0000, 0x0000, 0x0000, 0x0000,
  0x0000, 0x0000, 0x0000, 0x0000, 0x0000, 0x0000, 0x0000, 0x0555,
  0x0000, 0x8543, 0xF544, 0xE544, 0xF544, 0xF544, 0xF544, 0xF544,
  0xF544, 0xF544, 0xF544, 0xF544, 0xF544, 0xF544, 0xF544, 0xF544,
  0xF544, 0xF544, 0xF544, 0xF544, 0xF544, 0xF544, 0xF544, 0xF544,
  0xE544, 0xC543, 0x9543, 0x6544, 0x2544, 0x0000, 0x0000, 0x0000,
  0x0000, 0x0777, 0x0000, 0x0000, 0x0000, 0x0000, 0x0000, 0x0000,
  0x0000, 0x0000, 0x0000, 0x0000, 0x0000, 0x0000, 0x0000, 0x0000,
  0x0000, 0x0000, 0x0000, 0x0000, 0x0000, 0x0000, 0x0000, 0x0000,
  0x0000, 0x0000, 0x0000, 0x0000, 0x0000, 0x0000, 0x0000, 0x0000,
  0x7543, 0xF544, 0xF544, 0xF543, 0xF765, 0xFEDA, 0xFEDA, 0xFEDA,
  0xFEDB, 0xFEDA, 0xFBA8, 0xFA97, 0xFA97, 0xFBA8, 0xFDCA, 0xFFEB,
  0xFEEB, 0xFEDA, 0xFEDA, 0xFEDA, 0xFEDA, 0xFEDA, 0xFEDA, 0xFFEB,
  0xFCB9, 0xF544, 0xF543, 0xF544, 0xF544, 0xF544, 0xC543, 0x2544,
  0x0000, 0x0000, 0x0000, 0x0000, 0x1533, 0x3543, 0x6544, 0x9544,
  0xC544, 0xD544, 0xE544, 0xF544, 0xF544, 0xF544, 0xF544, 0xF544,
  0xF544, 0xF544, 0xF544, 0xF544, 0xE544, 0xE544, 0xD544, 0xD543,
  0xC543, 0xA543, 0x7543, 0x5543, 0x2543, 0x0644, 0x7543, 0xF544,
  0xF544, 0xF544, 0xF544, 0xF543, 0xF544, 0xFA98, 0xFEDB, 0xFEEB,
  0xFEDA, 0xFEDA, 0xFEDA, 0xFFEB, 0xFEEB, 0xFCB9, 0xF765, 0xF543,
  0xF543, 0xF544, 0xF544, 0xF544, 0xF544, 0xF544, 0xF544, 0xF544,
  0xF544, 0xFCB9, 0xFFEB, 0xF876, 0xF433, 0xF544, 0xF544, 0x7544,
  0x0000, 0x0000, 0x3543, 0x6544, 0x8543, 0x9543, 0xB543, 0xC544,
  0xD544, 0xF544, 0xF544, 0xF544, 0xF544, 0xF544, 0xF544, 0xF544,
  0xF544, 0xF544, 0xF544, 0xF544, 0xF544, 0xF544, 0xF544, 0xF544,
  0xF544, 0xF544, 0xF544, 0xF544, 0xF544, 0xF544, 0xF544, 0xF544,
  0xF544, 0xF544, 0xE543, 0x3543, 0x0000, 0x0777, 0x0000, 0x0000,
  0x0000, 0x0000, 0x0000, 0x0000, 0x0000, 0x0000, 0x0000, 0x0000,
  0x0000, 0x0000, 0x0000, 0x0000, 0x0000, 0x0000, 0x0000, 0x0000,
  0x0000, 0x0000, 0x0000, 0x0000, 0x0000, 0x0000, 0x0000, 0x0000,
  0x0000, 0x0000, 0x0000, 0x0000, 0x0000, 0x0000, 0x0000, 0x0000,
  0x0000, 0x0000, 0x0000, 0x0000, 0x0000, 0x0000, 0x0000, 0x0000,
  0x0000, 0x0000, 0x0000, 0x0000, 0x0000, 0x0000, 0x0000, 0x0000,
  0x0000, 0x0000, 0x0000, 0x0000, 0x0000, 0x0000, 0x0000, 0x0700,
  0x0000, 0x4543, 0xE543, 0xF544, 0xF544, 0xF544, 0xF544, 0xF544,
  0xF544, 0xF544, 0xF544, 0xF544, 0xF544, 0xF544, 0xF544, 0xF544,
  0xF544, 0xF544, 0xF544, 0xF544, 0xF544, 0xF544, 0xF544, 0xF544,
  0xF544, 0xF544, 0xF544, 0xF544, 0xE544, 0xC544, 0x7543, 0x3543,
  0x0000, 0x0000, 0x0000, 0x0000, 0x0000, 0x0000, 0x0000, 0x0000,
  0x0000, 0x0000, 0x0000, 0x0000, 0x0000, 0x0000, 0x0000, 0x0000,
  0x0000, 0x0000, 0x0000, 0x0000, 0x0000, 0x0000, 0x0000, 0x0000,
  0x0000, 0x0000, 0x0000, 0x0000, 0x0000, 0x0000, 0x0000, 0x0000,
  0x7543, 0xF544, 0xF544, 0xF543, 0xF765, 0xFEDA, 0xFEDA, 0xFEDB,
  0xFDCA, 0xF775, 0xF543, 0xF543, 0xF433, 0xF543, 0xF654, 0xF987,
  0xFDCA, 0xFFEB, 0xFEDB, 0xFEDA, 0xFEDA, 0xFEDA, 0xFEDA, 0xFEDA,
  0xFFEB, 0xFCB9, 0xF544, 0xF543, 0xF544, 0xF544, 0xF544, 0xD544,
  0x5543, 0x3543, 0x7543, 0xA544, 0xD544, 0xF543, 0xF544, 0xF544,
  0xF544, 0xF544, 0xF544, 0xF544, 0xF544, 0xF544, 0xF544, 0xF544,
  0xF544, 0xF544, 0xF544, 0xF544, 0xF544, 0xF544, 0xF544, 0xF544,
  0xF544, 0xF544, 0xF544, 0xF544, 0xE544, 0xD544, 0xF544, 0xF544,
  0xF544, 0xF544, 0xF433, 0xF765, 0xFDC9, 0xFFEB, 0xFEDA, 0xFEDA,
  0xFEDA, 0xFEDB, 0xFFEB, 0xFCC9, 0xF876, 0xF543, 0xF543, 0xF544,
  0xF544, 0xF544, 0xF544, 0xF543, 0xF443, 0xF543, 0xF544, 0xF544,
  0xF433, 0xF876, 0xFFEB, 0xF986, 0xF433, 0xF544, 0xF544, 0x8543,
  0x0000, 0x5543, 0xE544, 0xF544, 0xF544, 0xF544, 0xF544, 0xF544,
  0xF544, 0xF544, 0xF544, 0xF544, 0xF544, 0xF544, 0xF544, 0xF544,
  0xF544, 0xF544, 0xF544, 0xF544, 0xF544, 0xF544, 0xF544, 0xF544,
  0xF544, 0xF544, 0xF544, 0xF544, 0xF544, 0xF544, 0xF544, 0xF544,
  0xF544, 0xF544, 0xF544, 0x4543, 0x0000, 0x0777, 0x0000, 0x0000,
  0x0000, 0x0000, 0x0000, 0x0000, 0x0000, 0x0000, 0x0000, 0x0000,
  0x0000, 0x0000, 0x0000, 0x0000, 0x0000, 0x0000, 0x0000, 0x0000,
  0x0000, 0x0000, 0x0000, 0x0000, 0x0000, 0x0000, 0x0000, 0x0000,
  0x0000, 0x0000, 0x0000, 0x0000, 0x0000, 0x0000, 0x0000, 0x0000,
  0x0000, 0x0000, 0x0000, 0x0000, 0x0000, 0x0000, 0x0000, 0x0000,
  0x0000, 0x0000, 0x0000, 0x0000, 0x0000, 0x0000, 0x0000, 0x0000,
  0x0000, 0x0000, 0x0000, 0x0000, 0x0000, 0x0000, 0x0000, 0x0000,
  0x0000, 0x0000, 0x3543, 0x8543, 0xC544, 0xE544, 0xF544, 0xF544,
  0xF544, 0xF544, 0xF544, 0xF544, 0xF544, 0xF544, 0xF544, 0xF544,
  0xF544, 0xF544, 0xF544, 0xF544, 0xF544, 0xF544, 0xF544, 0xF544,
  0xF544, 0xF544, 0xF544, 0xF544, 0xF544, 0xF544, 0xF544, 0xF544,
  0xB543, 0x4543, 0x0000, 0x0000, 0x0000, 0x0000, 0x0000, 0x0000,
  0x0000, 0x0000, 0x0000, 0x0000, 0x0000, 0x0000, 0x0000, 0x0000,
  0x0000, 0x0000, 0x0000, 0x0000, 0x0000, 0x0000, 0x0000, 0x0000,
  0x0000, 0x0000, 0x0000, 0x0000, 0x0000, 0x0000, 0x0000, 0x0000,
  0x7544, 0xF544, 0xF544, 0xF543, 0xF765, 0xFEDA, 0xFEDA, 0xFEDB,
  0xF876, 0xF433, 0xF544, 0xF544, 0xF544, 0xF544, 0xF543, 0xF433,
  0xF654, 0xFA97, 0xFEDA, 0xFFEB, 0xFEDA, 0xFEDA, 0xFEDA, 0xFEDA,
  0xFEDA, 0xFFEB, 0xFBA8, 0xF544, 0xF543, 0xF544, 0xF544, 0xF544,
  0xF544, 0xF543, 0xF544, 0xF544, 0xF544, 0xF544, 0xF544, 0xF544,
  0xF544, 0xF544, 0xF544, 0xF544, 0xF544, 0xF544, 0xF544, 0xF544,
  0xF544, 0xF544, 0xF544, 0xF544, 0xF544, 0xF544, 0xF544, 0xF544,
  0xF544, 0xF544, 0xF544, 0xF544, 0xF544, 0xF544, 0xF544, 0xF544,
  0xF544, 0xF543, 0xF987, 0xFEDA, 0xFFEB, 0xFEDA, 0xFEDA, 0xFEDA,
  0xFFEB, 0xFEDA, 0xFA97, 0xF544, 0xF543, 0xF544, 0xF544, 0xF544,
  0xF544, 0xF543, 0xF544, 0xF655, 0xF967, 0xF755, 0xF543, 0xF544,
  0xF543, 0xF654, 0xFEDB, 0xF987, 0xF433, 0xF544, 0xF544, 0x8544,
  0x0440, 0xB543, 0xF544, 0xF544, 0xF544, 0xF544, 0xF544, 0xF544,
  0xF544, 0xF544, 0xF544, 0xF544, 0xF544, 0xF544, 0xF544, 0xF544,
  0xD544, 0xD544, 0xC543, 0xB543, 0xB543, 0xC543, 0xD544, 0xE543,
  0xF543, 0xF544, 0xF544, 0xF544, 0xF544, 0xF544, 0xF544, 0xF544,
  0xF544, 0xF544, 0xB543, 0x1444, 0x0000, 0x0000, 0x0000, 0x0000,
  0x0000, 0x0000, 0x0000, 0x0000, 0x0000, 0x0000, 0x0000, 0x0000,
  0x0000, 0x0000, 0x0000, 0x0000, 0x0000, 0x0000, 0x0000, 0x0000,
  0x0000, 0x0000, 0x0000, 0x0000, 0x0000, 0x0000, 0x0000, 0x0000,
  0x0000, 0x0000, 0x0000, 0x0000, 0x0000, 0x0000, 0x0000, 0x0000,
  0x0000, 0x0000, 0x0000, 0x0000, 0x0000, 0x0000, 0x0000, 0x0000,
  0x0000, 0x0000, 0x0000, 0x0000, 0x0000, 0x0000, 0x0000, 0x0000,
  0x0000, 0x0000, 0x0000, 0x0000, 0x0000, 0x0000, 0x0000, 0x0000,
  0x0000, 0x0000, 0x0000, 0x0000, 0x0555, 0x2543, 0x5544, 0x7543,
  0x8543, 0x9544, 0xA544, 0xA543, 0x9543, 0x8543, 0x8543, 0x7543,
  0x7543, 0x7543, 0x8543, 0xA543, 0xB543, 0xD543, 0xE544, 0xF544,
  0xF544, 0xF544, 0xF544, 0xF544, 0xF544, 0xF544, 0xF544, 0xF544,
  0xF544, 0xE544, 0x2544, 0x0000, 0x0000, 0x0000, 0x0000, 0x0000,
  0x0000, 0x0000, 0x0000, 0x0000, 0x0000, 0x0000, 0x0000, 0x0000,
  0x0000, 0x0000, 0x0000, 0x0000, 0x0000, 0x0000, 0x0000, 0x0000,
  0x0000, 0x0000, 0x0000, 0x0000, 0x0000, 0x0000, 0x0000, 0x0000,
  0x7544, 0xF544, 0xF544, 0xF543, 0xF765, 0xFEDA, 0xFFEB, 0xFCB9,
  0xF544, 0xF544, 0xF544, 0xF544, 0xF543, 0xF544, 0xF544, 0xF544,
  0xF543, 0xF543, 0xF765, 0xFDC9, 0xFFEB, 0xFEDA, 0xFEDA, 0xFEDA,
  0xFEDA, 0xFEDA, 0xFFEB, 0xFBA8, 0xF544, 0xF543, 0xF544, 0xF544,
  0xF544, 0xF544, 0xF544, 0xF544, 0xF544, 0xF544, 0xF544, 0xF544,
  0xF543, 0xF433, 0xF543, 0xF544, 0xF544, 0xF544, 0xF644, 0xF544,
  0xF544, 0xF544, 0xF544, 0xF543, 0xF543, 0xF443, 0xF543, 0xF543,
  0xF543, 0xF543, 0xF544, 0xF544, 0xF544, 0xF544, 0xF544, 0xF544,
  0xF543, 0xFA98, 0xFFEB, 0xFEDA, 0xFEDA, 0xFEDA, 0xFEDB, 0xFFEB,
  0xFCB9, 0xF765, 0xF543, 0xF544, 0xF544, 0xF544, 0xF544, 0xF543,
  0xF544, 0xF866, 0xFB89, 0xFD9A, 0xFFAB, 0xFB88, 0xF543, 0xF544,
  0xF544, 0xF544, 0xFDCA, 0xF987, 0xF433, 0xF544, 0xF544, 0x9544,
  0x0000, 0x8543, 0xF544, 0xF544, 0xF544, 0xF544, 0xF544, 0xF544,
  0xF544, 0xF544, 0xF544, 0xE544, 0xC544, 0x8543, 0x6543, 0x3543,
  0x1533, 0x0633, 0x0000, 0x0000, 0x0000, 0x0700, 0x0522, 0x1543,
  0x3543, 0x5543, 0x6544, 0x6544, 0x7543, 0x8543, 0x9543, 0xC544,
  0xC544, 0x8544, 0x1543, 0x0000, 0x0000, 0x0000, 0x0000, 0x0000,
  0x0000, 0x0000, 0x0000, 0x0000, 0x0000, 0x0000, 0x0000, 0x0000,
  0x0000, 0x0000, 0x0000, 0x0000, 0x0000, 0x0000, 0x0000, 0x0000,
  0x0000, 0x0000, 0x0000, 0x0000, 0x0000, 0x0000, 0x0000, 0x0000,
  0x0000, 0x0000, 0x0000, 0x0000, 0x0000, 0x0000, 0x0000, 0x0000,
  0x0000, 0x0000, 0x0000, 0x0000, 0x0000, 0x0000, 0x0000, 0x0000,
  0x0000, 0x0000, 0x0000, 0x0000, 0x0000, 0x0000, 0x0000, 0x0000,
  0x0000, 0x0000, 0x0000, 0x0000, 0x0000, 0x0000, 0x0000, 0x0000,
  0x0000, 0x0000, 0x0777, 0x0555, 0x0000, 0x0000, 0x0000, 0x0000,
  0x0000, 0x0000, 0x0000, 0x0000, 0x0000, 0x0000, 0x0000, 0x0000,
  0x0000, 0x0000, 0x0000, 0x0000, 0x0000, 0x0552, 0x2543, 0x5543,
  0x7544, 0xB543, 0xD544, 0xF544, 0xF544, 0xF544, 0xF544, 0xF544,
  0xF544, 0xF544, 0x6543, 0x0000, 0x0000, 0x0000, 0x0000, 0x0000,
  0x0000, 0x0000, 0x0000, 0x0000, 0x0000, 0x0000, 0x0000, 0x0000,
  0x0000, 0x0000, 0x0000, 0x0000, 0x0000, 0x0000, 0x0000, 0x0000,
  0x0000, 0x0000, 0x0000, 0x0000, 0x0000, 0x0000, 0x0000, 0x0000,
  0x6543, 0xF544, 0xF544, 0xF543, 0xF655, 0xFEDA, 0xFFEB, 0xFBA8,
  0xF543, 0xF544, 0xF544, 0xF544, 0xF644, 0xF543, 0xF543, 0xF544,
  0xF544, 0xF544, 0xF543, 0xF654, 0xFBA8, 0xFFEB, 0xFEDA, 0xFEDA,
  0xFEDA, 0xFEDA, 0xFEDA, 0xFFEB, 0xFCB9, 0xF654, 0xF543, 0xF544,
  0xF544, 0xF544, 0xF544, 0xF543, 0xF543, 0xF543, 0xF544, 0xF654,
  0xF865, 0xF987, 0xFBA8, 0xFBA8, 0xFB86, 0xFB86, 0xFB86, 0xFB86,
  0xFB86, 0xFA76, 0xFB97, 0xFBA8, 0xFBA8, 0xFA97, 0xF975, 0xF865,
  0xF755, 0xF654, 0xF544, 0xF544, 0xF543, 0xF543, 0xF543, 0xF433,
  0xF876, 0xFFEB, 0xFEDA, 0xFEDA, 0xFEDA, 0xFEDB, 0xFEDA, 0xF986,
  0xF543, 0xF543, 0xF544, 0xF544, 0xF544, 0xF543, 0xF544, 0xF866,
  0xFC99, 0xFEAB, 0xFEAB, 0xFEAB, 0xFEAB, 0xFB89, 0xF544, 0xF544,
  0xF544, 0xF544, 0xFDC9, 0xF986, 0xF433, 0xF544, 0xF544, 0x9544,
  0x0000, 0x1533, 0x7543, 0xB544, 0xB543, 0xB543, 0xB543, 0x9543,
  0x7543, 0x6544, 0x4543, 0x1543, 0x0000, 0x0000, 0x0000, 0x0000,
  0x0000, 0x0000, 0x0000, 0x0000, 0x0000, 0x0000, 0x0000, 0x0000,
  0x0000, 0x0000, 0x0000, 0x0000, 0x0000, 0x0000, 0x0000, 0x0555,
  0x0700, 0x0000, 0x0000, 0x0700, 0x0000, 0x0000, 0x0000, 0x0000,
  0x0000, 0x0000, 0x0000, 0x0000, 0x0000, 0x0000, 0x0000, 0x0000,
  0x0000, 0x0000, 0x0000, 0x0000, 0x0000, 0x0000, 0x0000, 0x0000,
  0x0000, 0x0000, 0x0000, 0x0000, 0x0000, 0x0000, 0x0000, 0x0000,
  0x0000, 0x0000, 0x0000, 0x0000, 0x0000, 0x0000, 0x0000, 0x0000,
  0x0000, 0x0000, 0x0000, 0x0000, 0x0000, 0x0000, 0x0000, 0x0000,
  0x0000, 0x0000, 0x0000, 0x0000, 0x0000, 0x0000, 0x0000, 0x0000,
  0x0000, 0x0000, 0x0000, 0x0000, 0x0000, 0x0000, 0x0000, 0x0000,
  0x0000, 0x0000, 0x0000, 0x0000, 0x0000, 0x0700, 0x0555, 0x0444,
  0x0555, 0x0770, 0x0700, 0x0700, 0x0777, 0x0555, 0x0555, 0x0444,
  0x0444, 0x0444, 0x0555, 0x0700, 0x0000, 0x0000, 0x0000, 0x0000,
  0x0000, 0x0000, 0x1543, 0x4544, 0x8543, 0xD544, 0xF544, 0xF544,
  0xF544, 0xF543, 0x3543, 0x0000, 0x0000, 0x0000, 0x0000, 0x0000,
  0x0000, 0x0000, 0x0000, 0x0000, 0x0000, 0x0000, 0x0000, 0x0000,
  0x0000, 0x0000, 0x0000, 0x0000, 0x0000, 0x0000, 0x0000, 0x0000,
  0x0000, 0x0000, 0x0000, 0x0000, 0x0000, 0x0000, 0x0000, 0x0000,
  0x5543, 0xF544, 0xF544, 0xF543, 0xF654, 0xFEDA, 0xFFEB, 0xFBA8,
  0xF543, 0xF544, 0xF543, 0xF644, 0xFC99, 0xFB88, 0xF655, 0xF543,
  0xF544, 0xF544, 0xF544, 0xF543, 0xF543, 0xF987, 0xFEDB, 0xFEEB,
  0xFEDA, 0xFEDA, 0xFEDA, 0xFEDA, 0xFFEB, 0xFCB9, 0xF544, 0xF543,
  0xF544, 0xF544, 0xF544, 0xF754, 0xF965, 0xFA76, 0xFB86, 0xFC86,
  0xFECA, 0xFFEB, 0xFFEB, 0xFECA, 0xFC97, 0xFC97, 0xFC97, 0xFC97,
  0xFC97, 0xFC96, 0xFDB8, 0xFFEB, 0xFFEB, 0xFEDA, 0xFD97, 0xFC97,
  0xFC97, 0xFC97, 0xFB86, 0xFA76, 0xF975, 0xF976, 0xF876, 0xFA97,
  0xFEDA, 0xFEDB, 0xFEDA, 0xFEDA, 0xFEDA, 0xFEDB, 0xF986, 0xF433,
  0xF544, 0xF544, 0xF544, 0xF543, 0xF543, 0xF765, 0xFC89, 0xFEAB,
  0xFEAB, 0xFEAB, 0xFEAB, 0xFEAA, 0xFEAB, 0xFB88, 0xF543, 0xF544,
  0xF544, 0xF544, 0xFDC9, 0xF876, 0xF433, 0xF544, 0xF544, 0x8544,
  0x0000, 0x0000, 0x0000, 0x0000, 0x0000, 0x0000, 0x0000, 0x0000,
  0x0000, 0x0000, 0x0000, 0x0000, 0x0000, 0x0555, 0x0444, 0x0777,
  0x0000, 0x0000, 0x0000, 0x0000, 0x0000, 0x0000, 0x0000, 0x0000,
  0x0770, 0x0555, 0x0444, 0x0444, 0x0444, 0x0444, 0x0555, 0x0000,
  0x0777, 0x0552, 0x0000, 0x0000, 0x0000, 0x0700, 0x0000, 0x0000,
  0x0000, 0x0000, 0x0000, 0x0000, 0x0000, 0x0000, 0x0000, 0x0000,
  0x0000, 0x0000, 0x0000, 0x0000, 0x0000, 0x0000, 0x0000, 0x0000,
  0x0000, 0x0000, 0x0000, 0x0000, 0x0000, 0x0000, 0x0000, 0x0000,
  0x0000, 0x0000, 0x0000, 0x0000, 0x0000, 0x0000, 0x0000, 0x0000,
  0x0000, 0x0000, 0x0000, 0x0000, 0x0000, 0x0000, 0x0000, 0x0000,
  0x0000, 0x0000, 0x0000, 0x0000, 0x0000, 0x0000, 0x0000, 0x0000,
  0x0000, 0x0000, 0x0000, 0x0000, 0x0000, 0x0000, 0x0000, 0x0000,
  0x0000, 0x0000, 0x0000, 0x0000, 0x0000, 0x0444, 0x0555, 0x0000,
  0x0000, 0x0000, 0x0000, 0x0000, 0x0000, 0x0000, 0x0000, 0x0000,
  0x0000, 0x0000, 0x0000, 0x0000, 0x0000, 0x0000, 0x0000, 0x0555,
  0x0444, 0x0000, 0x0000, 0x0000, 0x0000, 0x2544, 0x9543, 0xD544,
  0xC544, 0x6543, 0x0000, 0x0000, 0x0000, 0x0000, 0x0000, 0x0000,
  0x0000, 0x0000, 0x0000, 0x0000, 0x0000, 0x0000, 0x0000, 0x0000,
  0x0000, 0x0000, 0x0000, 0x0000, 0x0000, 0x0000, 0x0000, 0x0000,
  0x0000, 0x0000, 0x0000, 0x0000, 0x0000, 0x0000, 0x0000, 0x0000,
  0x4543, 0xF544, 0xF544, 0xF543, 0xF654, 0xFDCA, 0xFFEB, 0xFBA8,
  0xF543, 0xF544, 0xF543, 0xF544, 0xFC9A, 0xFFAB, 0xFD9A, 0xF977,
  0xF544, 0xF543, 0xF544, 0xF544, 0xF544, 0xF543, 0xF765, 0xFDCA,
  0xFFEB, 0xFEDA, 0xFEDA, 0xFEDA, 0xFEDA, 0xFEDB, 0xFBA8, 0xF654,
  0xF543, 0xF543, 0xF654, 0xFB86, 0xFC97, 0xFC97, 0xFC97, 0xFC96,
  0xFDC9, 0xFEDB, 0xFEDB, 0xFDC9, 0xFC86, 0xFC97, 0xFC97, 0xFC97,
  0xFC97, 0xFC86, 0xFCA8, 0xFEDA, 0xFEDA, 0xFECA, 0xFC97, 0xFC96,
  0xFC97, 0xFC97, 0xFC97, 0xFC97, 0xFC97, 0xFEB9, 0xFFEB, 0xFFEB,
  0xFEDB, 0xFEDA, 0xFEDA, 0xFEDA, 0xFEDB, 0xFEDA, 0xF765, 0xF543,
  0xF544, 0xF543, 0xF543, 0xF655, 0xFB88, 0xFEAB, 0xFEAB, 0xFEAB,
  0xFEAB, 0xFEAB, 0xFEAB, 0xFEAA, 0xFEAB, 0xFA78, 0xF443, 0xF544,
  0xF543, 0xF654, 0xFDCA, 0xF765, 0xF543, 0xF544, 0xF544, 0x7544,
  0x0000, 0x0000, 0x0777, 0x0000, 0x0000, 0x0000, 0x0000, 0x0770,
  0x0444, 0x0444, 0x0555, 0x0000, 0x0000, 0x0000, 0x0000, 0x0000,
  0x0000, 0x0000, 0x0000, 0x0000, 0x0000, 0x0000, 0x0000, 0x0000,
  0x0000, 0x0000, 0x0000, 0x0000, 0x0777, 0x0444, 0x0000, 0x0000,
  0x0000, 0x0000, 0x0000, 0x1543, 0x1533, 0x0000, 0x0000, 0x0000,
  0x0000, 0x0000, 0x0000, 0x0000, 0x0000, 0x0000, 0x0000, 0x0000,
  0x0000, 0x0000, 0x0000, 0x0000, 0x0000, 0x0000, 0x0000, 0x0000,
  0x0000, 0x0000, 0x0000, 0x0000, 0x0000, 0x0000, 0x0000, 0x0000,
  0x0000, 0x0000, 0x0000, 0x0000, 0x0000, 0x0000, 0x0000, 0x0000,
  0x0000, 0x0000, 0x0000, 0x0000, 0x0000, 0x0000, 0x0000, 0x0000,
  0x0000, 0x0000, 0x0000, 0x0000, 0x0000, 0x0000, 0x0000, 0x0000,
  0x0000, 0x0000, 0x0000, 0x0000, 0x0000, 0x0000, 0x0000, 0x0000,
  0x0000, 0x0000, 0x0440, 0x0442, 0x0000, 0x0000, 0x0000, 0x0000,
  0x0770, 0x0555, 0x0000, 0x0000, 0x0000, 0x0000, 0x0000, 0x0000,
  0x0000, 0x0000, 0x0000, 0x0000, 0x0000, 0x0000, 0x0000, 0x0000,
  0x0000, 0x0000, 0x0000, 0x0555, 0x0555, 0x0000, 0x0000, 0x1533,
  0x0442, 0x0000, 0x0000, 0x0000, 0x0000, 0x0000, 0x0000, 0x0000,
  0x0000, 0x0000, 0x0000, 0x0000, 0x0000, 0x0000, 0x0000, 0x0000,
  0x0000, 0x0000, 0x0000, 0x0000, 0x0000, 0x0000, 0x0000, 0x0000,
  0x0000, 0x0000, 0x0000, 0x0000, 0x0000, 0x0000, 0x0000, 0x0000,
  0x3543, 0xE544, 0xF544, 0xF544, 0xF544, 0xFCB9, 0xFFEB, 0xFCB9,
  0xF544, 0xF544, 0xF544, 0xF543, 0xFB89, 0xFEAB, 0xFEAB, 0xFEAB,
  0xFB89, 0xF654, 0xF543, 0xF544, 0xF544, 0xF544, 0xF543, 0xF654,
  0xFBA8, 0xFEDB, 0xFEDB, 0xFEDA, 0xFEDA, 0xFEDA, 0xFFEB, 0xFDCA,
  0xF986, 0xF865, 0xFB86, 0xFC97, 0xFC97, 0xFC97, 0xFC97, 0xFC86,
  0xFDB8, 0xFEDB, 0xFEDB, 0xFEC9, 0xFC96, 0xFC97, 0xFC97, 0xFC97,
  0xFC97, 0xFC86, 0xFC97, 0xFEDA, 0xFEDB, 0xFEDA, 0xFC97, 0xFC97,
  0xFC97, 0xFC97, 0xFC97, 0xFC97, 0xFC86, 0xFDB8, 0xFEDB, 0xFEDA,
  0xFEDA, 0xFEDA, 0xFEDA, 0xFEDA, 0xFEDA, 0xFEDB, 0xFA97, 0xF544,
  0xF544, 0xF655, 0xFA77, 0xFD9A, 0xFEAB, 0xFEAB, 0xFEAB, 0xFEAB,
  0xFEAB, 0xFEAB, 0xFEAB, 0xFEAB, 0xFEAB, 0xF866, 0xF543, 0xF544,
  0xF543, 0xF765, 0xFDCA, 0xF654, 0xF543, 0xF544, 0xF544, 0x6543,
  0x0000, 0x0000, 0x0000, 0x0000, 0x0000, 0x0000, 0x0000, 0x0000,
  0x0000, 0x0000, 0x0000, 0x0000, 0x0000, 0x0000, 0x0000, 0x0000,
  0x0000, 0x0000, 0x0000, 0x0000, 0x0000, 0x0000, 0x0000, 0x0000,
  0x0000, 0x0555, 0x0555, 0x0000, 0x0000, 0x0000, 0x0000, 0x2443,
  0x5543, 0x7543, 0xC543, 0xE544, 0xC544, 0x5543, 0x0000, 0x0000,
  0x0000, 0x0000, 0x0000, 0x0000, 0x0000, 0x0000, 0x0000, 0x0000,
  0x0000, 0x0000, 0x0000, 0x0000, 0x0000, 0x0000, 0x0000, 0x0000,
  0x0000, 0x0000, 0x0000, 0x0000, 0x0000, 0x0000, 0x0000, 0x0000,
  0x0000, 0x0000, 0x0000, 0x0000, 0x0000, 0x0000, 0x0000, 0x0000,
  0x0000, 0x0000, 0x0000, 0x0000, 0x0000, 0x0000, 0x0000, 0x0000,
  0x0000, 0x0000, 0x0000, 0x0000, 0x0000, 0x0000, 0x0000, 0x0000,
  0x0000, 0x0000, 0x0000, 0x0000, 0x0000, 0x0000, 0x0000, 0x0000,
  0x0000, 0x3543, 0xB543, 0xC544, 0xA543, 0x7543, 0x4543, 0x1442,
  0x0000, 0x0000, 0x0000, 0x0777, 0x0555, 0x0000, 0x0000, 0x0000,
  0x0000, 0x0000, 0x0000, 0x0000, 0x0000, 0x0000, 0x0000, 0x0000,
  0x0000, 0x0000, 0x0000, 0x0000, 0x0000, 0x0000, 0x0000, 0x0000,
  0x0000, 0x0700, 0x0000, 0x0000, 0x0000, 0x0000, 0x0000, 0x0000,
  0x0000, 0x0000, 0x0000, 0x0000, 0x0000, 0x0000, 0x0000, 0x0000,
  0x0000, 0x0000, 0x0000, 0x0000, 0x0000, 0x0000, 0x0000, 0x0000,
  0x0000, 0x0000, 0x0000, 0x0000, 0x0000, 0x0000, 0x0000, 0x0000,
  0x1443, 0xE544, 0xF544, 0xF544, 0xF543, 0xFBA8, 0xFFEB, 0xFDCA,
  0xF654, 0xF543, 0xF544, 0xF443, 0xFA78, 0xFEAB, 0xFE9A, 0xFEAA,
  0xFEAB, 0xFD9A, 0xF765, 0xF543, 0xF544, 0xF544, 0xF544, 0xF543,
  0xF543, 0xF986, 0xFEDA, 0xFEDB, 0xFEDA, 0xFEDA, 0xFEDA, 0xFEEB,
  0xFECA, 0xFC97, 0xFC97, 0xFC97, 0xFC97, 0xFC97, 0xFC97, 0xFC86,
  0xFDA8, 0xFEDB, 0xFEDB, 0xFECA, 0xFC97, 0xFC97, 0xFC97, 0xFC97,
  0xFC97, 0xFC96, 0xFC97, 0xFEDA, 0xFEDB, 0xFEDA, 0xFC97, 0xFC97,
  0xFC97, 0xFC97, 0xFC97, 0xFC97, 0xFC86, 0xFDB8, 0xFEEB, 0xFEDA,
  0xFEDA, 0xFEDA, 0xFEDA, 0xFEDA, 0xFEDA, 0xFEDB, 0xFEDA, 0xFCB9,
  0xFCB9, 0xFDAA, 0xFEAB, 0xFEAB, 0xFE9A, 0xFEAB, 0xFEAB, 0xFEAB,
  0xFEAB, 0xFEAB, 0xFEAB, 0xFEAB, 0xFEAB, 0xF755, 0xF543, 0xF544,
  0xF433, 0xF986, 0xFDCA, 0xF544, 0xF544, 0xF544, 0xF544, 0x5544,
  0x0000, 0x0000, 0x0000, 0x0000, 0x0000, 0x0000, 0x0000, 0x0000,
  0x0000, 0x0000, 0x0000, 0x0000, 0x0000, 0x0000, 0x0000, 0x0000,
  0x0000, 0x0000, 0x0000, 0x0000, 0x0000, 0x0000, 0x0444, 0x0700,
  0x0000, 0x0000, 0x0000, 0x0444, 0x3543, 0x7543, 0xB544, 0xE544,
  0xF544, 0xF544, 0xF544, 0xF544, 0xF544, 0xD543, 0x1443, 0x0000,
  0x0000, 0x0000, 0x0000, 0x0000, 0x0000, 0x0000, 0x0000, 0x0000,
  0x0000, 0x0000, 0x0000, 0x0000, 0x0000, 0x0000, 0x0000, 0x0000,
  0x0000, 0x0000, 0x0000, 0x0000, 0x0000, 0x0000, 0x0000, 0x0000,
  0x0000, 0x0000, 0x0000, 0x0000, 0x0000, 0x0000, 0x0000, 0x0000,
  0x0000, 0x0000, 0x0000, 0x0000, 0x0000, 0x0000, 0x0000, 0x0000,
  0x0000, 0x0000, 0x0000, 0x0000, 0x0000, 0x0000, 0x0000, 0x0000,
  0x0000, 0x0000, 0x0000, 0x0000, 0x0000, 0x0000, 0x0000, 0x0777,
  0x0000, 0x8543, 0xF544, 0xF544, 0xF544, 0xF544, 0xF544, 0xD544,
  0x9543, 0x5543, 0x1444, 0x0000, 0x0000, 0x0000, 0x0555, 0x0000,
  0x0000, 0x0000, 0x0000, 0x0000, 0x0000, 0x0000, 0x0000, 0x0000,
  0x0000, 0x0000, 0x0000, 0x0000, 0x0000, 0x0000, 0x0000, 0x0000,
  0x0000, 0x0000, 0x0000, 0x0000, 0x0000, 0x0000, 0x0000, 0x0000,
  0x0000, 0x0000, 0x0000, 0x0000, 0x0000, 0x0000, 0x0000, 0x0000,
  0x0000, 0x0000, 0x0000, 0x0000, 0x0000, 0x0000, 0x0000, 0x0000,
  0x0000, 0x0000, 0x0000, 0x0000, 0x0000, 0x0000, 0x0000, 0x0000,
  0x0444, 0xD544, 0xF544, 0xF544, 0xF543, 0xFBA8, 0xFFEB, 0xFEDA,
  0xF765, 0xF543, 0xF544, 0xF543, 0xF866, 0xFEAB, 0xFEAB, 0xFEAB,
  0xFEAA, 0xFEAB, 0xFEAB, 0xF977, 0xF543, 0xF543, 0xF544, 0xF544,
  0xF544, 0xF543, 0xFA98, 0xFFEB, 0xFEDA, 0xFEDA, 0xFEDA, 0xFEDB,
  0xFECA, 0xFC97, 0xFC97, 0xFC97, 0xFC97, 0xFC97, 0xFC97, 0xFC86,
  0xFDA8, 0xFEDB, 0xFEDB, 0xFECA, 0xFC97, 0xFC97, 0xFC97, 0xFC97,
  0xFC97, 0xFC97, 0xFC97, 0xFEDA, 0xFEDB, 0xFEDA, 0xFCA7, 0xFC86,
  0xFC97, 0xFC97, 0xFC97, 0xFC97, 0xFC86, 0xFDB8, 0xFEEB, 0xFEDA,
  0xFEDA, 0xFEDA, 0xFEDA, 0xFEDA, 0xFEDA, 0xFEDA, 0xFEDA, 0xFFEB,
  0xFFEB, 0xFEDB, 0xFEAA, 0xFE9B, 0xFEAB, 0xFEAB, 0xFEAB, 0xFEAB,
  0xFEAB, 0xFEAB, 0xFEAB, 0xFEAB, 0xFC99, 0xF544, 0xF544, 0xF544,
  0xF433, 0xFBA8, 0xFCB9, 0xF543, 0xF544, 0xF544, 0xE543, 0x2443,
  0x0000, 0x0000, 0x0000, 0x0000, 0x0000, 0x0000, 0x0000, 0x0000,
  0x0000, 0x0000, 0x0000, 0x0000, 0x0000, 0x0000, 0x0000, 0x0000,
  0x0000, 0x0000, 0x0000, 0x0444, 0x0000, 0x0000, 0x0000, 0x0000,
  0x1433, 0x4543, 0x8543, 0xC543, 0xF543, 0xF544, 0xF544, 0xF544,
  0xF544, 0xF544, 0xF544, 0xF544, 0xF544, 0xE543, 0x2543, 0x0000,
  0x0000, 0x0000, 0x0000, 0x0000, 0x0000, 0x0000, 0x0000, 0x0000,
  0x0000, 0x0000, 0x0000, 0x0000, 0x0000, 0x0000, 0x0000, 0x0000,
  0x0000, 0x0000, 0x0000, 0x0000, 0x0000, 0x0000, 0x0000, 0x0000,
  0x0000, 0x0000, 0x0000, 0x0000, 0x0000, 0x0000, 0x0000, 0x0000,
  0x0000, 0x0000, 0x0000, 0x0000, 0x0000, 0x0000, 0x0000, 0x0000,
  0x0000, 0x0000, 0x0000, 0x0000, 0x0000, 0x0000, 0x0000, 0x0000,
  0x0000, 0x0000, 0x0000, 0x0000, 0x0000, 0x0000, 0x0000, 0x0000,
  0x0000, 0x3544, 0xD544, 0xF544, 0xF544, 0xF544, 0xF544, 0xF544,
  0xF544, 0xF544, 0xD543, 0x9543, 0x4543, 0x0000, 0x0000, 0x0000,
  0x0555, 0x0000, 0x0000, 0x0000, 0x0000, 0x0000, 0x0000, 0x0000,
  0x0000, 0x0000, 0x0000, 0x0000, 0x0000, 0x0000, 0x0000, 0x0000,
  0x0000, 0x0000, 0x0000, 0x0000, 0x0000, 0x0000, 0x0000, 0x0000,
  0x0000, 0x0000, 0x0000, 0x0000, 0x0000, 0x0000, 0x0000, 0x0000,
  0x0000, 0x0000, 0x0000, 0x0000, 0x0000, 0x0000, 0x0000, 0x0000,
  0x0000, 0x0000, 0x0000, 0x0000, 0x0000, 0x0000, 0x0000, 0x0000,
  0x0777, 0xB544, 0xF544, 0xF544, 0xF433, 0xFA97, 0xFFEB, 0xFFEB,
  0xF987, 0xF433, 0xF544, 0xF543, 0xF654, 0xFD9A, 0xFEAB, 0xFEAB,
  0xFEAB, 0xFEAB, 0xFEAB, 0xFEAB, 0xFB88, 0xF654, 0xF543, 0xF544,
  0xF544, 0xF543, 0xF876, 0xFEDB, 0xFEDA, 0xFEDA, 0xFEDA, 0xFEDB,
  0xFEDA, 0xFC97, 0xFC97, 0xFC97, 0xFC97, 0xFC97, 0xFC97, 0xFC86,
  0xFDA8, 0xFEDB, 0xFEDB, 0xFECA, 0xFC97, 0xFC97, 0xFC97, 0xFC97,
  0xFC97, 0xFC97, 0xFC97, 0xFEDA, 0xFEDB, 0xFEDB, 0xFDA8, 0xFC86,
  0xFC97, 0xFC97, 0xFC97, 0xFC97, 0xFC86, 0xFDB9, 0xFEEB, 0xFEDA,
  0xFEDA, 0xFEDA, 0xFEDA, 0xFEDA, 0xFEDA, 0xFEDA, 0xFEDA, 0xFEDA,
  0xFEDA, 0xFEDA, 0xFEDA, 0xFEAB, 0xFEAB, 0xFEAB, 0xFEAB, 0xFEAB,
  0xFEAB, 0xFEAB, 0xFEAA, 0xFEAB, 0xFA78, 0xF543, 0xF544, 0xF544,
  0xF544, 0xFDCA, 0xFA97, 0xF433, 0xF544, 0xF544, 0xD544, 0x0442,
  0x0000, 0x0000, 0x0000, 0x0000, 0x0000, 0x0000, 0x0000, 0x0000,
  0x0000, 0x0000, 0x0000, 0x0000, 0x0000, 0x0000, 0x0000, 0x0000,
  0x0700, 0x0555, 0x0000, 0x0000, 0x0000, 0x2543, 0x6543, 0x9543,
  0xD544, 0xF544, 0xF544, 0xF544, 0xF544, 0xF544, 0xF544, 0xF544,
  0xF544, 0xF544, 0xF544, 0xF544, 0xF544, 0x8543, 0x0700, 0x0000,
  0x0000, 0x0000, 0x0000, 0x0000, 0x0000, 0x0000, 0x0000, 0x0000,
  0x0000, 0x0000, 0x0000, 0x0000, 0x0000, 0x0000, 0x0000, 0x0000,
  0x0000, 0x0000, 0x0000, 0x0000, 0x0000, 0x0000, 0x0000, 0x0000,
  0x0000, 0x0000, 0x0000, 0x0000, 0x0000, 0x0000, 0x0000, 0x0000,
  0x0000, 0x0000, 0x0000, 0x0000, 0x0000, 0x0000, 0x0000, 0x0000,
  0x0000, 0x0000, 0x0000, 0x0000, 0x0000, 0x0000, 0x0000, 0x0000,
  0x0000, 0x0000, 0x0000, 0x0000, 0x0000, 0x0000, 0x0000, 0x0000,
  0x0000, 0x0000, 0x2543, 0xA544, 0xF544, 0xF544, 0xF544, 0xF544,
  0xF544, 0xF544, 0xF544, 0xF544, 0xF544, 0xC544, 0x6543, 0x1444,
  0x0000, 0x0000, 0x0555, 0x0000, 0x0000, 0x0000, 0x0000, 0x0000,
  0x0000, 0x0000, 0x0000, 0x0000, 0x0000, 0x0000, 0x0000, 0x0000,
  0x0000, 0x0000, 0x0000, 0x0000, 0x0000, 0x0000, 0x0000, 0x0000,
  0x0000, 0x0000, 0x0000, 0x0000, 0x0000, 0x0000, 0x0000, 0x0000,
  0x0000, 0x0000, 0x0000, 0x0000, 0x0000, 0x0000, 0x0000, 0x0000,
  0x0000, 0x0000, 0x0000, 0x0000, 0x0000, 0x0000, 0x0000, 0x0000,
  0x0000, 0x9544, 0xF544, 0xF544, 0xF543, 0xF876, 0xFEDB, 0xFFEB,
  0xFBA8, 0xF543, 0xF544, 0xF544, 0xF543, 0xFB89, 0xFEAB, 0xFEAA,
  0xFEAB, 0xFEAB, 0xFEAB, 0xFEAB, 0xFEAB, 0xFD9A, 0xF866, 0xF543,
  0xF543, 0xF543, 0xFA97, 0xFEDB, 0xFEDA, 0xFEDA, 0xFEDA, 0xFEDB,
  0xFEDA, 0xFC97, 0xFC97, 0xFC97, 0xFC97, 0xFC97, 0xFC97, 0xFC86,
  0xFDA8, 0xFEDB, 0xFEDB, 0xFEDA, 0xFC97, 0xFC97, 0xFC97, 0xFC97,
  0xFC97, 0xFC97, 0xFC97, 0xFEDA, 0xFEDB, 0xFEDB, 0xFDA8, 0xFC86,
  0xFC97, 0xFC97, 0xFC97, 0xFC97, 0xFC86, 0xFDC9, 0xFEDB, 0xFEDA,
  0xFEDA, 0xFEDA, 0xFEDA, 0xFEDA, 0xFEDA, 0xFEDA, 0xFEDA, 0xFEDA,
  0xFEDA, 0xFEDA, 0xFEDA, 0xFECB, 0xFE9B, 0xFEAB, 0xFEAB, 0xFEAB,
  0xFEAB, 0xFEAB, 0xFEAB, 0xFEAB, 0xF766, 0xF543, 0xF544, 0xF543,
  0xF655, 0xFEDA, 0xF876, 0xF433, 0xF544, 0xF544, 0xB544, 0x0F00,
  0x0000, 0x0000, 0x0000, 0x0000, 0x0000, 0x0000, 0x0000, 0x0000,
  0x0000, 0x0000, 0x0000, 0x0000, 0x0000, 0x0000, 0x0700, 0x0770,
  0x0000, 0x0000, 0x1543, 0x6544, 0xB544, 0xE543, 0xF544, 0xF544,
  0xF544, 0xF544, 0xF544, 0xF544, 0xF544, 0xF544, 0xF544, 0xF544,
  0xF544, 0xE544, 0xC544, 0x9543, 0x5543, 0x0700, 0x0000, 0x0000,
  0x0000, 0x0000, 0x0000, 0x0000, 0x0000, 0x0000, 0x0000, 0x0000,
  0x0000, 0x0000, 0x0000, 0x0000, 0x0000, 0x0000, 0x0000, 0x0000,
  0x0000, 0x0000, 0x0000, 0x0000, 0x0000, 0x0000, 0x0000, 0x0000,
  0x0000, 0x0000, 0x0000, 0x0000, 0x0000, 0x0000, 0x0000, 0x0000,
  0x0000, 0x0000, 0x0000, 0x0000, 0x0000, 0x0000, 0x0000, 0x0000,
  0x0000, 0x0000, 0x0000, 0x0000, 0x0000, 0x0000, 0x0000, 0x0000,
  0x0000, 0x0000, 0x0000, 0x0000, 0x0000, 0x0000, 0x0000, 0x0000,
  0x0000, 0x0700, 0x0000, 0x0000, 0x4543, 0xB543, 0xF544, 0xF544,
  0xF544, 0xF544, 0xF544, 0xF544, 0xF544, 0xF544, 0xF544, 0xD544,
  0x7544, 0x2433, 0x0000, 0x0000, 0x0555, 0x0000, 0x0000, 0x0000,
  0x0000, 0x0000, 0x0000, 0x0000, 0x0000, 0x0000, 0x0000, 0x0000,
  0x0000, 0x0000, 0x0000, 0x0000, 0x0000, 0x0000, 0x0000, 0x0000,
  0x0000, 0x0000, 0x0000, 0x0000, 0x0000, 0x0000, 0x0000, 0x0000,
  0x0000, 0x0000, 0x0000, 0x0000, 0x0000, 0x0000, 0x0000, 0x0000,
  0x0000, 0x0000, 0x0000, 0x0000, 0x0000, 0x0000, 0x0000, 0x0000,
  0x0000, 0x6544, 0xF544, 0xF544, 0xF543, 0xF655, 0xFEDA, 0xFEDB,
  0xFEDA, 0xF654, 0xF543, 0xF544, 0xF543, 0xF967, 0xFEAB, 0xFEAA,
  0xFEAB, 0xFEAB, 0xFEAB, 0xFEAB, 0xFEAA, 0xFEAB, 0xFEAB, 0xFA78,
  0xF866, 0xFA97, 0xFDCA, 0xFEDB, 0xFEDA, 0xFEDA, 0xFEDA, 0xFEDA,
  0xFEDA, 0xFCA7, 0xFC86, 0xFC97, 0xFC97, 0xFC97, 0xFC97, 0xFC86,
  0xFDA8, 0xFEDB, 0xFEDA, 0xFEDA, 0xFC97, 0xFC96, 0xFC97, 0xFC97,
  0xFC97, 0xFC97, 0xFC97, 0xFEDA, 0xFEDB, 0xFEDB, 0xFDB8, 0xFC86,
  0xFC97, 0xFC97, 0xFC97, 0xFC97, 0xFC97, 0xFECA, 0xFEDB, 0xFEDA,
  0xFEDA, 0xFEDA, 0xFEDA, 0xFEDA, 0xFEDA, 0xFEDA, 0xFEDA, 0xFEDA,
  0xFEDA, 0xFEDA, 0xFEDA, 0xFEDA, 0xFEBB, 0xFE9B, 0xFEAB, 0xFEAB,
  0xFEAB, 0xFEAB, 0xFEAB, 0xFD9A, 0xF644, 0xF543, 0xF544, 0xF433,
  0xF987, 0xFEDA, 0xF654, 0xF543, 0xF544, 0xF544, 0x8543, 0x0000,
  0x0000, 0x0000, 0x0000, 0x0000, 0x0000, 0x0000, 0x0000, 0x0000,
  0x0000, 0x0000, 0x0000, 0x0000, 0x0000, 0x0555, 0x0000, 0x0000,
  0x3543, 0x8543, 0xD544, 0xF544, 0xF544, 0xF544, 0xF544, 0xF544,
  0xF544, 0xF544, 0xF544, 0xF544, 0xF544, 0xF544, 0xD544, 0x8543,
  0x5544, 0x2544, 0x0444, 0x0000, 0x0000, 0x0000, 0x0000, 0x0000,
  0x0000, 0x0000, 0x0000, 0x0000, 0x0000, 0x0000, 0x0000, 0x0000,
  0x0000, 0x0000, 0x0000, 0x0000, 0x0000, 0x0000, 0x0000, 0x0000,
  0x0000, 0x0000, 0x0000, 0x0000, 0x0000, 0x0000, 0x0000, 0x0000,
  0x0000, 0x0000, 0x0000, 0x0000, 0x0000, 0x0000, 0x0000, 0x0000,
  0x0000, 0x0000, 0x0000, 0x0000, 0x0000, 0x0000, 0x0000, 0x0000,
  0x0000, 0x0000, 0x0000, 0x0000, 0x0000, 0x0000, 0x0000, 0x0000,
  0x0000, 0x0000, 0x0000, 0x0000, 0x0000, 0x0000, 0x0000, 0x0000,
  0x0000, 0x0000, 0x0700, 0x0000, 0x0000, 0x0000, 0x4543, 0x9544,
  0xE543, 0xF544, 0xF544, 0xF544, 0xF544, 0xF544, 0xF544, 0xF544,
  0xF544, 0xE544, 0x8544, 0x2544, 0x0000, 0x0000, 0x0555, 0x0000,
  0x0000, 0x0000, 0x0000, 0x0000, 0x0000, 0x0000, 0x0000, 0x0000,
  0x0000, 0x0000, 0x0000, 0x0000, 0x0000, 0x0000, 0x0000, 0x0000,
  0x0000, 0x0000, 0x0000, 0x0000, 0x0000, 0x0000, 0x0000, 0x0000,
  0x0000, 0x0000, 0x0000, 0x0000, 0x0000, 0x0000, 0x0000, 0x0000,
  0x0000, 0x0000, 0x0000, 0x0000, 0x0000, 0x0000, 0x0000, 0x0000,
  0x0000, 0x4543, 0xF544, 0xF544, 0xF543, 0xF544, 0xFDC9, 0xFEDB,
  0xFFEB, 0xF986, 0xF433, 0xF544, 0xF543, 0xF655, 0xFD9A, 0xFEAB,
  0xFEAB, 0xFEAB, 0xFEAB, 0xFEAB, 0xFEAB, 0xFEAB, 0xFEAB, 0xFEAB,
  0xFEAB, 0xFEEB, 0xFEDB, 0xFEDA, 0xFEDA, 0xFEDA, 0xFEDA, 0xFEDA,
  0xFEDB, 0xFDA8, 0xFC86, 0xFC97, 0xFC97, 0xFC97, 0xFC97, 0xFC86,
  0xFDA8, 0xFEDB, 0xFEDA, 0xFEDB, 0xFDA8, 0xFC86, 0xFC97, 0xFC97,
  0xFC97, 0xFC97, 0xFC97, 0xFEDA, 0xFEDB, 0xFEDB, 0xFDB9, 0xFC86,
  0xFC97, 0xFC97, 0xFC97, 0xFC97, 0xFC97, 0xFEDA, 0xFEDB, 0xFEDA,
  0xFEDA, 0xFEDA, 0xFEDA, 0xFEDA, 0xFEDA, 0xFEDA, 0xFEDA, 0xFEDA,
  0xFEDA, 0xFEDA, 0xFEDA, 0xFEDA, 0xFEDA, 0xFEAB, 0xFE9B, 0xFEAB,
  0xFEAB, 0xFEAA, 0xFEAB, 0xFA78, 0xF543, 0xF544, 0xF544, 0xF543,
  0xFCB9, 0xFDCA, 0xF544, 0xF544, 0xF544, 0xF544, 0x6543, 0x0000,
  0x0000, 0x0000, 0x0000, 0x0000, 0x0000, 0x0000, 0x0000, 0x0000,
  0x0000, 0x0000, 0x0000, 0x0555, 0x0000, 0x0000, 0x2543, 0x9544,
  0xE543, 0xF544, 0xF544, 0xF544, 0xF544, 0xF544, 0xF544, 0xF544,
  0xF544, 0xF544, 0xF544, 0xC543, 0x8543, 0x4543, 0x0522, 0x0000,
  0x0000, 0x0000, 0x0000, 0x0555, 0x0555, 0x0000, 0x0000, 0x0000,
  0x0000, 0x0000, 0x0000, 0x0000, 0x0000, 0x0000, 0x0000, 0x0000,
  0x0000, 0x0000, 0x0000, 0x0000, 0x0000, 0x0000, 0x0000, 0x0000,
  0x0000, 0x0000, 0x0000, 0x0000, 0x0000, 0x0000, 0x0000, 0x0000,
  0x0000, 0x0000, 0x0000, 0x0000, 0x0000, 0x0000, 0x0000, 0x0000,
  0x0000, 0x0000, 0x0000, 0x0000, 0x0000, 0x0000, 0x0000, 0x0000,
  0x0000, 0x0000, 0x0000, 0x0000, 0x0000, 0x0000, 0x0000, 0x0000,
  0x0000, 0x0000, 0x0000, 0x0000, 0x0000, 0x0000, 0x0000, 0x0000,
  0x0000, 0x0000, 0x0000, 0x0000, 0x0555, 0x0000, 0x0000, 0x0000,
  0x2443, 0x6543, 0xC543, 0xF544, 0xF544, 0xF544, 0xF544, 0xF544,
  0xF544, 0xF544, 0xF544, 0xD544, 0x7543, 0x1433, 0x0000, 0x0000,
  0x0700, 0x0000, 0x0000, 0x0000, 0x0000, 0x0000, 0x0000, 0x0000,
  0x0000, 0x0000, 0x0000, 0x0000, 0x0000, 0x0000, 0x0000, 0x0000,
  0x0000, 0x0000, 0x0000, 0x0000, 0x0000, 0x0000, 0x0000, 0x0000,
  0x0000, 0x0000, 0x0000, 0x0000, 0x0000, 0x0000, 0x0000, 0x0000,
  0x0000, 0x0000, 0x0000, 0x0000, 0x0000, 0x0000, 0x0000, 0x0000,
  0x0000, 0x1443, 0xE543, 0xF544, 0xF544, 0xF543, 0xFBA8, 0xFFEB,
  0xFEEB, 0xFCB9, 0xF544, 0xF544, 0xF544, 0xF544, 0xFB89, 0xFEAB,
  0xFEAB, 0xFEAB, 0xFEAB, 0xFEAB, 0xFEAB, 0xFEAB, 0xFEAB, 0xFE9B,
  0xFEBB, 0xFEDA, 0xFEDA, 0xFEDA, 0xFEDA, 0xFEDA, 0xFEDA, 0xFEDA,
  0xFEEB, 0xFDB8, 0xFC86, 0xFC97, 0xFC97, 0xFC97, 0xFC97, 0xFC86,
  0xFDB9, 0xFEDB, 0xFEDA, 0xFEEB, 0xFDB8, 0xFC86, 0xFC97, 0xFC97,
  0xFC97, 0xFC97, 0xFC97, 0xFEDA, 0xFEDB, 0xFEDB, 0xFECA, 0xFC97,
  0xFC97, 0xFC97, 0xFC97, 0xFC86, 0xFDA8, 0xFEDB, 0xFEDA, 0xFEDA,
  0xFEDA, 0xFEDA, 0xFEDA, 0xFEDA, 0xFEDA, 0xFEDA, 0xFEDA, 0xFEDA,
  0xFEDA, 0xFEDA, 0xFEDA, 0xFEDA, 0xFEDA, 0xFEDA, 0xFEAB, 0xFEAB,
  0xFEAB, 0xFEAB, 0xFEAB, 0xF755, 0xF543, 0xF544, 0xF543, 0xF654,
  0xFEDA, 0xFBA8, 0xF543, 0xF544, 0xF544, 0xF544, 0x4543, 0x0000,
  0x0000, 0x0000, 0x0000, 0x0000, 0x0000, 0x0000, 0x0000, 0x0000,
  0x0000, 0x0444, 0x0000, 0x0000, 0x2543, 0x8543, 0xE544, 0xF544,
  0xF544, 0xF544, 0xF544, 0xF544, 0xF544, 0xF544, 0xF544, 0xE543,
  0xB544, 0x7543, 0x3544, 0x0333, 0x0000, 0x0000, 0x0000, 0x0555,
  0x0555, 0x0000, 0x0000, 0x0000, 0x0000, 0x0000, 0x0000, 0x0000,
  0x0000, 0x0000, 0x0000, 0x0000, 0x0000, 0x0000, 0x0000, 0x0000,
  0x0000, 0x0000, 0x0000, 0x0000, 0x0000, 0x0000, 0x0000, 0x0000,
  0x0000, 0x0000, 0x0000, 0x0000, 0x0000, 0x0000, 0x0000, 0x0000,
  0x0000, 0x0000, 0x0000, 0x0000, 0x0000, 0x0000, 0x0000, 0x0000,
  0x0000, 0x0000, 0x0000, 0x0000, 0x0000, 0x0000, 0x0000, 0x0000,
  0x0000, 0x0000, 0x0000, 0x0000, 0x0000, 0x0000, 0x0000, 0x0000,
  0x0000, 0x0000, 0x0000, 0x0000, 0x0000, 0x0000, 0x0000, 0x0000,
  0x0000, 0x0000, 0x0000, 0x0000, 0x0000, 0x0000, 0x0777, 0x0770,
  0x0000, 0x0000, 0x0000, 0x4543, 0x9543, 0xE544, 0xF544, 0xF544,
  0xF544, 0xF544, 0xF544, 0xF544, 0xF544, 0xC544, 0x4543, 0x0000,
  0x0000, 0x0555, 0x0000, 0x0000, 0x0000, 0x0000, 0x0000, 0x0000,
  0x0000, 0x0000, 0x0000, 0x0000, 0x0000, 0x0000, 0x0000, 0x0000,
  0x0000, 0x0000, 0x0000, 0x0000, 0x0000, 0x0000, 0x0000, 0x0000,
  0x0000, 0x0000, 0x0000, 0x0000, 0x0000, 0x0000, 0x0000, 0x0000,
  0x0000, 0x0000, 0x0000, 0x0000, 0x0000, 0x0000, 0x0000, 0x0000,
  0x0000, 0x0000, 0xB543, 0xF544, 0xF544, 0xF543, 0xF986, 0xFEEB,
  0xFEDA, 0xFEDB, 0xF765, 0xF543, 0xF544, 0xF543, 0xF967, 0xFEAB,
  0xFEAB, 0xFEAB, 0xFEAB, 0xFEAB, 0xFEAB, 0xFEAB, 0xFE9B, 0xFEAB,
  0xFEDA, 0xFEDA, 0xFEDA, 0xFEDA, 0xFEDA, 0xFEDA, 0xFEDA, 0xFEDA,
  0xFEDB, 0xFDC9, 0xFC97, 0xFC97, 0xFC97, 0xFC97, 0xFC97, 0xFC86,
  0xFDC9, 0xFEDB, 0xFEDA, 0xFEDB, 0xFDC9, 0xFC96, 0xFC97, 0xFC97,
  0xFC97, 0xFC97, 0xFC97, 0xFEDA, 0xFEDB, 0xFEDA, 0xFEDB, 0xFDA8,
  0xFC86, 0xFC97, 0xFC86, 0xFC97, 0xFECA, 0xFEDB, 0xFEDA, 0xFEDA,
  0xFEDA, 0xFEDA, 0xFEDA, 0xFEDA, 0xFEDA, 0xFEDA, 0xFEDA, 0xFEDA,
  0xFEDA, 0xFEDA, 0xFEDA, 0xFEDA, 0xFEDA, 0xFEDA, 0xFECB, 0xFE9B,
  0xFEAA, 0xFEAB, 0xFC89, 0xF544, 0xF544, 0xF544, 0xF433, 0xF986,
  0xFFEB, 0xF876, 0xF433, 0xF544, 0xF544, 0xE544, 0x1443, 0x0000,
  0x0000, 0x0000, 0x0000, 0x0000, 0x0000, 0x0000, 0x0777, 0x0555,
  0x0000, 0x0000, 0x1433, 0x7543, 0xD544, 0xF544, 0xF544, 0xF544,
  0xF544, 0xF544, 0xF544, 0xF544, 0xE544, 0xA543, 0x5543, 0x1543,
  0x0000, 0x0000, 0x0000, 0x0000, 0x0555, 0x0555, 0x0000, 0x0000,
  0x0000, 0x0000, 0x0000, 0x0000, 0x0000, 0x0000, 0x0000, 0x0000,
  0x0000, 0x0000, 0x0000, 0x0000, 0x0000, 0x0000, 0x0000, 0x0000,
  0x0000, 0x0000, 0x0000, 0x0000, 0x0000, 0x0000, 0x0000, 0x0000,
  0x0000, 0x0000, 0x0000, 0x0000, 0x0000, 0x0000, 0x0000, 0x0000,
  0x0000, 0x0000, 0x0000, 0x0000, 0x0000, 0x0000, 0x0000, 0x0000,
  0x0000, 0x0000, 0x0000, 0x0000, 0x0000, 0x0000, 0x0000, 0x0000,
  0x0000, 0x0000, 0x0000, 0x0000, 0x0000, 0x0000, 0x0000, 0x0000,
  0x0000, 0x0000, 0x0000, 0x0000, 0x0000, 0x0000, 0x0000, 0x0000,
  0x0000, 0x0000, 0x0000, 0x0000, 0x0000, 0x0000, 0x0000, 0x0000,
  0x0000, 0x0444, 0x0000, 0x0000, 0x0000, 0x2543, 0x8543, 0xD543,
  0xF544, 0xF544, 0xF544, 0xF544, 0xF544, 0xF544, 0xF544, 0xA543,
  0x2543, 0x0000, 0x0000, 0x0444, 0x0000, 0x0000, 0x0000, 0x0000,
  0x0000, 0x0000, 0x0000, 0x0000, 0x0000, 0x0000, 0x0000, 0x0000,
  0x0000, 0x0000, 0x0000, 0x0000, 0x0000, 0x0000, 0x0000, 0x0000,
  0x0000, 0x0000, 0x0000, 0x0000, 0x0000, 0x0000, 0x0000, 0x0000,
  0x0000, 0x0000, 0x0000, 0x0000, 0x0000, 0x0000, 0x0000, 0x0000,
  0x0444, 0x0000, 0x7544, 0xF544, 0xF544, 0xF543, 0xF655, 0xFEDA,
  0xFEDA, 0xFFEB, 0xFBA8, 0xF543, 0xF544, 0xF543, 0xF655, 0xFD9A,
  0xFEAB, 0xFEAB, 0xFEAB, 0xFE9B, 0xFE9B, 0xFEAB, 0xFEBB, 0xFEDA,
  0xFEDA, 0xFEDA, 0xFEDA, 0xFEDA, 0xFEDA, 0xFEDA, 0xFEDA, 0xFEDA,
  0xFEDB, 0xFEDA, 0xFC97, 0xFC97, 0xFC97, 0xFC97, 0xFC97, 0xFC97,
  0xFECA, 0xFEDB, 0xFEDA, 0xFEDB, 0xFEDA, 0xFC97, 0xFC97, 0xFC97,
  0xFC97, 0xFC96, 0xFC97, 0xFEDA, 0xFEDB, 0xFEDA, 0xFEDB, 0xFEDA,
  0xFDA8, 0xFC97, 0xFCA7, 0xFDC9, 0xFEDB, 0xFEDA, 0xFEDA, 0xFEDA,
  0xFEDA, 0xFEDA, 0xFEDA, 0xFEDA, 0xFEDA, 0xFEDA, 0xFEDA, 0xFEDA,
  0xFEDA, 0xFEDA, 0xFEDA, 0xFEDA, 0xFEDA, 0xFEDA, 0xFEDA, 0xFEBA,
  0xFE9B, 0xFEAB, 0xF766, 0xF543, 0xF544, 0xF544, 0xF544, 0xFCB9,
  0xFEDA, 0xF654, 0xF543, 0xF544, 0xF544, 0xC544, 0x0770, 0x0000,
  0x0000, 0x0000, 0x0000, 0x0000, 0x0000, 0x0000, 0x0000, 0x0000,
  0x1433, 0x6543, 0xD543, 0xF544, 0xF544, 0xF544, 0xF544, 0xF544,
  0xF544, 0xF544, 0xD544, 0x7543, 0x2543, 0x0000, 0x0000, 0x0000,
  0x0000, 0x0444, 0x0777, 0x0000, 0x0000, 0x0000, 0x0000, 0x0000,
  0x0000, 0x0000, 0x0000, 0x0000, 0x0000, 0x0000, 0x0000, 0x0000,
  0x0000, 0x0000, 0x0000, 0x0000, 0x0000, 0x0000, 0x0000, 0x0000,
  0x0000, 0x0000, 0x0000, 0x0000, 0x0000, 0x0000, 0x0000, 0x0000,
  0x0000, 0x0000, 0x0000, 0x0000, 0x0000, 0x0000, 0x0000, 0x0000,
  0x0000, 0x0000, 0x0000, 0x0000, 0x0000, 0x0000, 0x0000, 0x0000,
  0x0000, 0x0000, 0x0000, 0x0000, 0x0000, 0x0000, 0x0000, 0x0000,
  0x0000, 0x0000, 0x0000, 0x0000, 0x0000, 0x0000, 0x0000, 0x0000,
  0x0000, 0x0000, 0x0000, 0x0000, 0x0000, 0x0000, 0x0000, 0x0000,
  0x0000, 0x0000, 0x0000, 0x0000, 0x0000, 0x0000, 0x0000, 0x0000,
  0x0000, 0x0000, 0x0000, 0x0555, 0x0770, 0x0000, 0x0000, 0x1543,
  0x7543, 0xD544, 0xF544, 0xF544, 0xF544, 0xF544, 0xF544, 0xF544,
  0xD544, 0x6543, 0x0000, 0x0000, 0x0000, 0x0000, 0x0000, 0x0000,
  0x0000, 0x0000, 0x0000, 0x0000, 0x0000, 0x0000, 0x0000, 0x0000,
  0x0000, 0x0000, 0x0000, 0x0000, 0x0000, 0x0000, 0x0000, 0x0000,
  0x0000, 0x0000, 0x0000, 0x0000, 0x0000, 0x0000, 0x0000, 0x0000,
  0x0000, 0x0000, 0x0000, 0x0000, 0x0000, 0x0000, 0x0000, 0x0000,
  0x0555, 0x0000, 0x4543, 0xF544, 0xF544, 0xF544, 0xF544, 0xFCB9,
  0xFFEB, 0xFEDA, 0xFEDB, 0xF875, 0xF543, 0xF544, 0xF544, 0xFB89,
  0xFEAB, 0xFE9B, 0xFEAB, 0xFEAB, 0xFECB, 0xFEDA, 0xFEDA, 0xFEDA,
  0xFEDA, 0xFEDA, 0xFEDA, 0xFEDA, 0xFEDA, 0xFEDA, 0xFEDA, 0xFEDA,
  0xFEDB, 0xFEDA, 0xFC97, 0xFC96, 0xFC97, 0xFC97, 0xFC97, 0xFC97,
  0xFEDA, 0xFEDB, 0xFEDA, 0xFEDA, 0xFEDB, 0xFDB9, 0xFC86, 0xFC97,
  0xFC97, 0xFC86, 0xFDA8, 0xFEDB, 0xFEDA, 0xFEDA, 0xFEDA, 0xFEDB,
  0xFEDB, 0xFEDA, 0xFEDA, 0xFEDB, 0xFEDA, 0xFEDA, 0xFEDA, 0xFEDA,
  0xFEDA, 0xFEDA, 0xFEDA, 0xFEDA, 0xFEDA, 0xFEDA, 0xFEDA, 0xFEDA,
  0xFEDA, 0xFEDA, 0xFEDA, 0xFEDA, 0xFEDA, 0xFEDA, 0xFEDA, 0xFEDA,
  0xFEBB, 0xFA77, 0xF443, 0xF544, 0xF544, 0xF543, 0xF765, 0xFFEB,
  0xFBA8, 0xF543, 0xF544, 0xF544, 0xF544, 0x9543, 0x0000, 0x0555,
  0x0000, 0x0000, 0x0000, 0x0000, 0x0000, 0x0000, 0x3544, 0x8543,
  0xD544, 0xF544, 0xF544, 0xF544, 0xF544, 0xF544, 0xF544, 0xF544,
  0xD544, 0x6543, 0x1533, 0x0000, 0x0000, 0x0000, 0x0555, 0x0000,
  0x0000, 0x0000, 0x0000, 0x0000, 0x0000, 0x0000, 0x0000, 0x0000,
  0x0000, 0x0000, 0x0000, 0x0000, 0x0000, 0x0000, 0x0000, 0x0000,
  0x0000, 0x0000, 0x0000, 0x0000, 0x0000, 0x0000, 0x0000, 0x0000,
  0x0000, 0x0000, 0x0000, 0x0000, 0x0000, 0x0000, 0x0000, 0x0000,
  0x0000, 0x0000, 0x0000, 0x0000, 0x0000, 0x0000, 0x0000, 0x0000,
  0x0000, 0x0000, 0x0000, 0x0000, 0x0000, 0x0000, 0x0000, 0x0000,
  0x0000, 0x0000, 0x0000, 0x0000, 0x0000, 0x0000, 0x0000, 0x0000,
  0x0000, 0x0000, 0x0000, 0x0000, 0x0000, 0x0000, 0x0000, 0x0000,
  0x0000, 0x0000, 0x0000, 0x0000, 0x0000, 0x0000, 0x0000, 0x0000,
  0x0000, 0x0000, 0x0000, 0x0000, 0x0000, 0x0000, 0x0000, 0x0000,
  0x0000, 0x0000, 0x0000, 0x0000, 0x0000, 0x0000, 0x0555, 0x0000,
  0x0000, 0x2543, 0x8543, 0xE544, 0xF544, 0xF544, 0xF544, 0xF544,
  0xF544, 0xF544, 0xC544, 0x6544, 0x2543, 0x0000, 0x0000, 0x0000,
  0x0000, 0x0000, 0x0000, 0x0000, 0x0000, 0x0000, 0x0000, 0x0000,
  0x0000, 0x0000, 0x0000, 0x0000, 0x0000, 0x0000, 0x0000, 0x0000,
  0x0000, 0x0000, 0x0000, 0x0000, 0x0000, 0x0000, 0x0000, 0x0000,
  0x0000, 0x0000, 0x0000, 0x0000, 0x0000, 0x0000, 0x0000, 0x0000,
  0x0000, 0x0000, 0x1433, 0xD544, 0xF544, 0xF544, 0xF433, 0xFA97,
  0xFFEB, 0xFEDA, 0xFEEB, 0xFDC9, 0xF654, 0xF433, 0xF543, 0xFC99,
  0xFECB, 0xFECA, 0xFECB, 0xFEDA, 0xFEDA, 0xFEDA, 0xFEDA, 0xFEDA,
  0xFEDA, 0xFEDA, 0xFEDA, 0xFEDA, 0xFEDA, 0xFEDA, 0xFEDA, 0xFEDA,
  0xFEDA, 0xFEEB, 0xFDB9, 0xFC86, 0xFC97, 0xFC97, 0xFC86, 0xFDB8,
  0xFEDB, 0xFEDA, 0xFEDA, 0xFEDA, 0xFEDB, 0xFEDA, 0xFDA8, 0xFC97,
  0xFC96, 0xFC97, 0xFECA, 0xFEDB, 0xFEDA, 0xFEDA, 0xFEDA, 0xFEDA,
  0xFEDA, 0xFEDB, 0xFEDB, 0xFEDA, 0xFEDA, 0xFEDA, 0xFEDA, 0xFEDA,
  0xFEDA, 0xFEDA, 0xFEDA, 0xFEDA, 0xFEDA, 0xFEDA, 0xFEDA, 0xFEDA,
  0xFEDA, 0xFEDA, 0xFEDA, 0xFEDA, 0xFEDA, 0xFEDA, 0xFEDA, 0xFEDA,
  0xFEDB, 0xF765, 0xF543, 0xF544, 0xF544, 0xF543, 0xFBA8, 0xFFEB,
  0xF876, 0xF433, 0xF544, 0xF544, 0xF544, 0x5544, 0x0000, 0x0444,
  0x0000, 0x0000, 0x0000, 0x0000, 0x1533, 0x9543, 0xF544, 0xF544,
  0xF544, 0xF544, 0xF544, 0xF544, 0xF544, 0xF544, 0xE544, 0x7543,
  0x1443, 0x0000, 0x0000, 0x0555, 0x0700, 0x0000, 0x0000, 0x0000,
  0x0000, 0x0000, 0x0000, 0x0000, 0x0000, 0x0000, 0x0000, 0x0000,
  0x0000, 0x0000, 0x0000, 0x0000, 0x0000, 0x0000, 0x0000, 0x0000,
  0x0000, 0x0000, 0x0000, 0x0000, 0x0000, 0x0000, 0x0000, 0x0000,
  0x0000, 0x0000, 0x0000, 0x0000, 0x0000, 0x0000, 0x0000, 0x0000,
  0x0000, 0x0000, 0x0000, 0x0000, 0x0000, 0x0000, 0x0000, 0x0000,
  0x0000, 0x0000, 0x0000, 0x0000, 0x0000, 0x0000, 0x0000, 0x0000,
  0x0000, 0x0000, 0x0000, 0x0000, 0x0000, 0x0000, 0x0000, 0x0000,
  0x0000, 0x0000, 0x0000, 0x0000, 0x0000, 0x0000, 0x0000, 0x0000,
  0x0000, 0x0000, 0x0000, 0x0000, 0x0000, 0x0000, 0x0000, 0x0000,
  0x0000, 0x0000, 0x0000, 0x0000, 0x0000, 0x0000, 0x0000, 0x0000,
  0x0000, 0x0000, 0x0000, 0x0000, 0x0000, 0x0000, 0x0000, 0x0000,
  0x0555, 0x0000, 0x0000, 0x3543, 0xB544, 0xF544, 0xF544, 0xF544,
  0xF544, 0xF544, 0xF544, 0xF544, 0xC543, 0x2543, 0x0000, 0x0000,
  0x0000, 0x0000, 0x0000, 0x0000, 0x0000, 0x0000, 0x0000, 0x0000,
  0x0000, 0x0000, 0x0000, 0x0000, 0x0000, 0x0000, 0x0000, 0x0000,
  0x0000, 0x0000, 0x0000, 0x0000, 0x0000, 0x0000, 0x0000, 0x0000,
  0x0000, 0x0000, 0x0000, 0x0000, 0x0000, 0x0000, 0x0000, 0x0000,
  0x0000, 0x0777, 0x0000, 0x9543, 0xF544, 0xF544, 0xF543, 0xF765,
  0xFEDB, 0xFEDA, 0xFEDA, 0xFFEB, 0xFCB9, 0xF876, 0xFA97, 0xFEDA,
  0xFEEB, 0xFEDA, 0xFEDA, 0xFEDA, 0xFEDA, 0xFEDA, 0xFEDA, 0xFEDA,
  0xFEDA, 0xFEDA, 0xFEDA, 0xFEDA, 0xFEDA, 0xFEDA, 0xFEDA, 0xFEDA,
  0xFEDA, 0xFEDB, 0xFEDA, 0xFDA8, 0xFC86, 0xFC96, 0xFCA7, 0xFEDA,
  0xFEDB, 0xFEDA, 0xFEDA, 0xFEDA, 0xFEDA, 0xFEDB, 0xFEDA, 0xFEC9,
  0xFDC9, 0xFEDA, 0xFEDB, 0xFEDA, 0xFEDA, 0xFEDA, 0xFEDA, 0xFEDA,
  0xFEDA, 0xFEDA, 0xFEDA, 0xFEDA, 0xFEDA, 0xFEDA, 0xFEDA, 0xFEDA,
  0xFEDA, 0xFEDA, 0xFEDA, 0xFEDA, 0xFEDA, 0xFEDA, 0xFEDA, 0xFEDA,
  0xFEDA, 0xFEDA, 0xFEDA, 0xFEDA, 0xFEDA, 0xFEDA, 0xFEDA, 0xFEDA,
  0xFEDB, 0xF775, 0xF433, 0xF544, 0xF433, 0xF765, 0xFEDB, 0xFDC9,
  0xF544, 0xF544, 0xF544, 0xF544, 0xE543, 0x1543, 0x0000, 0x0000,
  0x0000, 0x0000, 0x0770, 0x0000, 0x6543, 0xF544, 0xF544, 0xF544,
  0xF544, 0xF544, 0xF544, 0xF544, 0xE544, 0x9543, 0x2543, 0x0000,
  0x0000, 0x0555, 0x0000, 0x0000, 0x0000, 0x0000, 0x0000, 0x0000,
  0x0000, 0x0000, 0x0000, 0x0000, 0x0000, 0x0000, 0x0000, 0x0000,
  0x0000, 0x0000, 0x0000, 0x0000, 0x0000, 0x0000, 0x0000, 0x0000,
  0x0000, 0x0000, 0x0000, 0x0000, 0x0000, 0x0000, 0x0000, 0x0000,
  0x0000, 0x0000, 0x0000, 0x0000, 0x0000, 0x0000, 0x0000, 0x0000,
  0x0000, 0x0000, 0x0000, 0x0000, 0x0000, 0x0000, 0x0000, 0x0000,
  0x0000, 0x0000, 0x0000, 0x0000, 0x0000, 0x0000, 0x0000, 0x0000,
  0x0000, 0x0000, 0x0000, 0x0000, 0x0000, 0x0000, 0x0000, 0x0000,
  0x0000, 0x0000, 0x0000, 0x0000, 0x0000, 0x0000, 0x0000, 0x0000,
  0x0000, 0x0000, 0x0000, 0x0000, 0x0000, 0x0000, 0x0000, 0x0000,
  0x0000, 0x0000, 0x0000, 0x0000, 0x0000, 0x0000, 0x0000, 0x0000,
  0x0000, 0x0000, 0x0000, 0x0000, 0x0000, 0x0000, 0x0000, 0x0000,
  0x0000, 0x0000, 0x0555, 0x0000, 0x0000, 0x6543, 0xD544, 0xF544,
  0xF544, 0xF544, 0xF544, 0xF544, 0xF544, 0x7543, 0x0000, 0x0777,
  0x0000, 0x0000, 0x0000, 0x0000, 0x0000, 0x0000, 0x0000, 0x0000,
  0x0000, 0x0000, 0x0000, 0x0000, 0x0000, 0x0000, 0x0000, 0x0000,
  0x0000, 0x0000, 0x0000, 0x0000, 0x0000, 0x0000, 0x0000, 0x0000,
  0x0000, 0x0000, 0x0000, 0x0000, 0x0000, 0x0000, 0x0000, 0x0000,
  0x0000, 0x0444, 0x0000, 0x5543, 0xF544, 0xF544, 0xF544, 0xF544,
  0xFCC9, 0xFEEB, 0xFEDA, 0xFEDA, 0xFEEB, 0xFEEB, 0xFEEB, 0xFEDB,
  0xFEDA, 0xFEDA, 0xFEDA, 0xFEDA, 0xFEDA, 0xFEDA, 0xFEDA, 0xFEDA,
  0xFEDA, 0xFEDA, 0xFEDA, 0xFEDA, 0xFEDA, 0xFEDA, 0xFEDA, 0xFEDA,
  0xFEDA, 0xFEDA, 0xFEDB, 0xFEDA, 0xFDC9, 0xFDC9, 0xFEDA, 0xFEDB,
  0xFEDA, 0xFEDA, 0xFEDA, 0xFEDA, 0xFEDA, 0xFEDA, 0xFEDA, 0xFEDB,
  0xFEDB, 0xFEDB, 0xFEDA, 0xFEDA, 0xFEDA, 0xFEDA, 0xFEDA, 0xFEDA,
  0xFEDA, 0xFEDA, 0xFEDA, 0xFEDA, 0xFEDA, 0xFEDA, 0xFEDA, 0xFEDA,
  0xFEDA, 0xFEDA, 0xFEDA, 0xFEDA, 0xFEDA, 0xFEDA, 0xFEDA, 0xFEDA,
  0xFEDA, 0xFEDA, 0xFEDA, 0xFEDA, 0xFEDA, 0xFEDA, 0xFEDA, 0xFEDA,
  0xFEEB, 0xFCB9, 0xF654, 0xF544, 0xF765, 0xFCB9, 0xFFEB, 0xF987,
  0xF433, 0xF544, 0xF544, 0xF544, 0x9544, 0x0000, 0x0777, 0x0000,
  0x0000, 0x0000, 0x0770, 0x0000, 0x7543, 0xF544, 0xF544, 0xF544,
  0xF544, 0xF544, 0xE544, 0x9544, 0x3543, 0x0000, 0x0000, 0x0555,
  0x0000, 0x0000, 0x0000, 0x0000, 0x0000, 0x0000, 0x0000, 0x0000,
  0x0000, 0x0000, 0x0000, 0x0000, 0x0000, 0x0000, 0x0000, 0x0000,
  0x0000, 0x0000, 0x0000, 0x0000, 0x0000, 0x0000, 0x0000, 0x0000,
  0x0000, 0x0000, 0x0000, 0x0000, 0x0000, 0x0000, 0x0000, 0x0000,
  0x0000, 0x0000, 0x0000, 0x0000, 0x0000, 0x0000, 0x0000, 0x0000,
  0x0000, 0x0000, 0x0000, 0x0000, 0x0000, 0x0000, 0x0000, 0x0000,
  0x0000, 0x0000, 0x0000, 0x0000, 0x0000, 0x0000, 0x0000, 0x0000,
  0x0000, 0x0000, 0x0000, 0x0000, 0x0000, 0x0000, 0x0000, 0x0000,
  0x0000, 0x0000, 0x0000, 0x0000, 0x0000, 0x0000, 0x0000, 0x0000,
  0x0000, 0x0000, 0x0000, 0x0000, 0x0000, 0x0000, 0x0000, 0x0000,
  0x0000, 0x0000, 0x0000, 0x0000, 0x0000, 0x0000, 0x0000, 0x0000,
  0x0000, 0x0000, 0x0000, 0x0000, 0x0000, 0x0000, 0x0000, 0x0000,
  0x0000, 0x0000, 0x0000, 0x0777, 0x0FFF, 0x0000, 0x2543, 0x9543,
  0xF544, 0xF544, 0xF544, 0xF544, 0xF544, 0x5543, 0x0000, 0x0777,
  0x0000, 0x0000, 0x0000, 0x0000, 0x0000, 0x0000, 0x0000, 0x0000,
  0x0000, 0x0000, 0x0000, 0x0000, 0x0000, 0x0000, 0x0000, 0x0000,
  0x0000, 0x0000, 0x0000, 0x0000, 0x0000, 0x0000, 0x0000, 0x0000,
  0x0000, 0x0000, 0x0000, 0x0000, 0x0000, 0x0000, 0x0000, 0x0000,
  0x0000, 0x0000, 0x0000, 0x1444, 0xD544, 0xF544, 0xF544, 0xF543,
  0xF876, 0xFEDA, 0xFEDB, 0xFEDA, 0xFEDA, 0xFEDA, 0xFEDA, 0xFEDA,
  0xFEDA, 0xFEDA, 0xFEDA, 0xFEDA, 0xFEDA, 0xFEDA, 0xFEDA, 0xFEDA,
  0xFEDA, 0xFEDA, 0xFEDA, 0xFEDA, 0xFEDA, 0xFEDA, 0xFEDA, 0xFEDA,
  0xFEDA, 0xFEDA, 0xFEDA, 0xFEDB, 0xFEDB, 0xFEDB, 0xFEDB, 0xFEDA,
  0xFEDA, 0xFEDA, 0xFEDA, 0xFEDA, 0xFEDA, 0xFEDA, 0xFEDA, 0xFEDA,
  0xFEDA, 0xFEDA, 0xFEDA, 0xFEDA, 0xFEDA, 0xFEDA, 0xFEDA, 0xFEDA,
  0xFEDA, 0xFEDA, 0xFEDA, 0xFEDA, 0xFEDA, 0xFEDA, 0xFEDA, 0xFEDA,
  0xFEDA, 0xFEDA, 0xFEDA, 0xFEDA, 0xFEDA, 0xFEDA, 0xFEDA, 0xFEDA,
  0xFEDA, 0xFEDA, 0xFEDA, 0xFEDA, 0xFEDA, 0xFEDA, 0xFEDA, 0xFEDA,
  0xFEDA, 0xFEDB, 0xFDCA, 0xFCB9, 0xFDCA, 0xFFEB, 0xFDCA, 0xF654,
  0xF543, 0xF544, 0xF544, 0xF544, 0x4543, 0x0000, 0x0555, 0x0000,
  0x0000, 0x0000, 0x00F0, 0x0000, 0x3543, 0xC544, 0xF544, 0xF544,
  0xD543, 0x8543, 0x2543, 0x0000, 0x0000, 0x0777, 0x0000, 0x0000,
  0x0000, 0x0000, 0x0000, 0x0000, 0x0000, 0x0000, 0x0000, 0x0000,
  0x0000, 0x0000, 0x0000, 0x0000, 0x0000, 0x0000, 0x0000, 0x0000,
  0x0000, 0x0000, 0x0000, 0x0000, 0x0000, 0x0000, 0x0000, 0x0000,
  0x0000, 0x0000, 0x0000, 0x0000, 0x0000, 0x0000, 0x0000, 0x0000,
  0x0000, 0x0000, 0x0000, 0x0000, 0x0000, 0x0000, 0x0000, 0x0000,
  0x0000, 0x0000, 0x0000, 0x0000, 0x0000, 0x0000, 0x0000, 0x0000,
  0x0000, 0x0000, 0x0000, 0x0000, 0x0000, 0x0000, 0x0000, 0x0000,
  0x0000, 0x0000, 0x0000, 0x0000, 0x0000, 0x0000, 0x0000, 0x0000,
  0x0000, 0x0000, 0x0000, 0x0000, 0x0000, 0x0000, 0x0000, 0x0000,
  0x0000, 0x0000, 0x0000, 0x0000, 0x0000, 0x0000, 0x0000, 0x0000,
  0x0000, 0x0000, 0x0000, 0x0000, 0x0000, 0x0000, 0x0000, 0x0000,
  0x0000, 0x0000, 0x0000, 0x0000, 0x0000, 0x0000, 0x0000, 0x0000,
  0x0000, 0x0000, 0x0000, 0x0000, 0x0000, 0x0555, 0x0000, 0x0000,
  0x4543, 0xA543, 0xD544, 0xD544, 0x8544, 0x1443, 0x0000, 0x0000,
  0x0000, 0x0000, 0x0000, 0x0000, 0x0000, 0x0000, 0x0000, 0x0000,
  0x0000, 0x0000, 0x0000, 0x0000, 0x0000, 0x0000, 0x0000, 0x0000,
  0x0000, 0x0000, 0x0000, 0x0000, 0x0000, 0x0000, 0x0000, 0x0000,
  0x0000, 0x0000, 0x0000, 0x0000, 0x0000, 0x0000, 0x0000, 0x0000,
  0x0000, 0x0000, 0x0777, 0x0000, 0x9544, 0xF544, 0xF544, 0xF544,
  0xF543, 0xFBA8, 0xFFEB, 0xFEDA, 0xFEDA, 0xFEDA, 0xFEDA, 0xFEDA,
  0xFEDA, 0xFEDA, 0xFEDA, 0xFEDA, 0xFEDA, 0xFEDA, 0xFEDA, 0xFEDA,
  0xFEDA, 0xFEDA, 0xFEDA, 0xFEDA, 0xFEDA, 0xFEDA, 0xFEDA, 0xFEDA,
  0xFEDA, 0xFEDA, 0xFEDA, 0xFEDA, 0xFEDA, 0xFEDA, 0xFEDA, 0xFEDA,
  0xFEDA, 0xFEDA, 0xFEDA, 0xFEDA, 0xFEDA, 0xFEDA, 0xFEDA, 0xFEDA,
  0xFEDA, 0xFEDA, 0xFEDA, 0xFEDA, 0xFEDA, 0xFEDA, 0xFEDA, 0xFEDA,
  0xFEDA, 0xFEDA, 0xFEDA, 0xFEDA, 0xFEDA, 0xFEDA, 0xFEDA, 0xFEDA,
  0xFEDA, 0xFEDA, 0xFEDA, 0xFEDA, 0xFEDA, 0xFEDA, 0xFEDA, 0xFEDA,
  0xFEDA, 0xFEDA, 0xFEDA, 0xFEDA, 0xFEDA, 0xFEDA, 0xFEDA, 0xFEDA,
  0xFEDA, 0xFEDA, 0xFEDB, 0xFFEB, 0xFEDA, 0xFFEB, 0xF987, 0xF433,
  0xF544, 0xF544, 0xF544, 0xD543, 0x0422, 0x0000, 0x0000, 0x0000,
  0x0000, 0x0000, 0x0000, 0x0000, 0x0000, 0x2544, 0x5543, 0x4543,
  0x1433, 0x0000, 0x0000, 0x0770, 0x0700, 0x0000, 0x0000, 0x0000,
  0x0000, 0x0000, 0x0000, 0x0000, 0x0000, 0x0000, 0x0000, 0x0000,
  0x0000, 0x0000, 0x0000, 0x0000, 0x0000, 0x0000, 0x0000, 0x0000,
  0x0000, 0x0000, 0x0000, 0x0000, 0x0000, 0x0000, 0x0000, 0x0000,
  0x0000, 0x0000, 0x0000, 0x0000, 0x0000, 0x0000, 0x0000, 0x0000,
  0x0000, 0x0000, 0x0000, 0x0000, 0x0000, 0x0000, 0x0000, 0x0000,
  0x0000, 0x0000, 0x0000, 0x0000, 0x0000, 0x0000, 0x0000, 0x0000,
  0x0000, 0x0000, 0x0000, 0x0000, 0x0000, 0x0000, 0x0000, 0x0000,
  0x0000, 0x0000, 0x0000, 0x0000, 0x0000, 0x0000, 0x0000, 0x0000,
  0x0000, 0x0000, 0x0000, 0x0000, 0x0000, 0x0000, 0x0000, 0x0000,
  0x0000, 0x0000, 0x0000, 0x0000, 0x0000, 0x0000, 0x0000, 0x0000,
  0x0000, 0x0000, 0x0000, 0x0000, 0x0000, 0x0000, 0x0000, 0x0000,
  0x0000, 0x0000, 0x0000, 0x0000, 0x0000, 0x0000, 0x0000, 0x0000,
  0x0000, 0x0000, 0x0000, 0x0000, 0x0000, 0x0000, 0x0700, 0x0700,
  0x0000, 0x0000, 0x1444, 0x1543, 0x0000, 0x0000, 0x0000, 0x0000,
  0x0000, 0x0000, 0x0000, 0x0000, 0x0000, 0x0000, 0x0000, 0x0000,
  0x0000, 0x0000, 0x0000, 0x0000, 0x0000, 0x0000, 0x0000, 0x0000,
  0x0000, 0x0000, 0x0000, 0x0000, 0x0000, 0x0000, 0x0000, 0x0000,
  0x0000, 0x0000, 0x0000, 0x0000, 0x0000, 0x0000, 0x0000, 0x0000,
  0x0000, 0x0000, 0x0444, 0x0000, 0x5543, 0xF544, 0xF544, 0xF544,
  0xF543, 0xF765, 0xFEDB, 0xFEDA, 0xFEDA, 0xFEDA, 0xFEDA, 0xFEDA,
  0xFEDA, 0xFEDA, 0xFEDA, 0xFEDA, 0xFEDA, 0xFEDA, 0xFEDA, 0xFEDA,
  0xFEDA, 0xFEDA, 0xFEDA, 0xFEDA, 0xFEDA, 0xFEDA, 0xFEDA, 0xFEDA,
  0xFEDA, 0xFEDA, 0xFEDA, 0xFEDA, 0xFEDA, 0xFEDA, 0xFEDA, 0xFEDA,
  0xFEDA, 0xFEDA, 0xFEDA, 0xFEDA, 0xFEDA, 0xFEDA, 0xFEDA, 0xFEDA,
  0xFEDA, 0xFEDA, 0xFEDA, 0xFEDA, 0xFEDA, 0xFEDA, 0xFEDA, 0xFEDA,
  0xFEDA, 0xFEDA, 0xFEDA, 0xFEDA, 0xFEDA, 0xFEDA, 0xFEDA, 0xFEDA,
  0xFEDA, 0xFEDA, 0xFEDA, 0xFEDA, 0xFEDA, 0xFEDA, 0xFEDA, 0xFEDA,
  0xFEDA, 0xFEDA, 0xFEDA, 0xFEDA, 0xFEDA, 0xFEDA, 0xFEDA, 0xFEDA,
  0xFEDA, 0xFEDA, 0xFEDA, 0xFEDA, 0xFEDB, 0xFDCA, 0xF654, 0xF543,
  0xF544, 0xF544, 0xF544, 0x8544, 0x0000, 0x0555, 0x0000, 0x0000,
  0x0000, 0x0000, 0x0000, 0x0000, 0x0000, 0x0000, 0x0000, 0x0000,
  0x0000, 0x0000, 0x0000, 0x0000, 0x0000, 0x0000, 0x0000, 0x0000,
  0x0000, 0x0000, 0x0000, 0x0000, 0x0000, 0x0000, 0x0000, 0x0000,
  0x0000, 0x0000, 0x0000, 0x0000, 0x0000, 0x0000, 0x0000, 0x0000,
  0x0000, 0x0000, 0x0000, 0x0000, 0x0000, 0x0000, 0x0000, 0x0000,
  0x0000, 0x0000, 0x0000, 0x0000, 0x0000, 0x0000, 0x0000, 0x0000,
  0x0000, 0x0000, 0x0000, 0x0000, 0x0000, 0x0000, 0x0000, 0x0000,
  0x0000, 0x0000, 0x0000, 0x0000, 0x0000, 0x0000, 0x0000, 0x0000,
  0x0000, 0x0000, 0x0000, 0x0000, 0x0000, 0x0000, 0x0000, 0x0000,
  0x0000, 0x0000, 0x0000, 0x0000, 0x0000, 0x0000, 0x0000, 0x0000,
  0x0000, 0x0000, 0x0000, 0x0000, 0x0000, 0x0000, 0x0000, 0x0000,
  0x0000, 0x0000, 0x0000, 0x0000, 0x0000, 0x0000, 0x0000, 0x0000,
  0x0000, 0x0000, 0x0000, 0x0000, 0x0000, 0x0000, 0x0000, 0x0000,
  0x0000, 0x0000, 0x0000, 0x0000, 0x0000, 0x0000, 0x0000, 0x0000,
  0x0000, 0x0000, 0x0000, 0x0000, 0x0000, 0x0000, 0x0000, 0x0000,
  0x0000, 0x0000, 0x0000, 0x0000, 0x0000, 0x0000, 0x0000, 0x0000,
  0x0000, 0x0000, 0x0000, 0x0000, 0x0000, 0x0000, 0x0000, 0x0000,
  0x0000, 0x0000, 0x0000, 0x0000, 0x0000, 0x0000, 0x0000, 0x0000,
  0x0000, 0x0000, 0x0000, 0x0000, 0x0000, 0x0000, 0x0000, 0x0000,
  0x0000, 0x0000, 0x0000, 0x0000, 0x0000, 0x0000, 0x0000, 0x0000,
  0x0000, 0x0000, 0x0000, 0x0000, 0x1433, 0xD543, 0xF544, 0xF544,
  0xF544, 0xF543, 0xFCB9, 0xFFEB, 0xFEDA, 0xFEDA, 0xFEDA, 0xFEDA,
  0xFEDA, 0xFEDA, 0xFEDA, 0xFEDA, 0xFEDA, 0xFEDA, 0xFEDA, 0xFEDA,
  0xFEDA, 0xFEDA, 0xFEDA, 0xFEDA, 0xFEDA, 0xFEDA, 0xFEDA, 0xFEDA,
  0xFEDA, 0xFEDA, 0xFEDA, 0xFEDA, 0xFEDA, 0xFEDA, 0xFEDA, 0xFEDA,
  0xFEDA, 0xFEDA, 0xFEDA, 0xFEDA, 0xFEDA, 0xFEDA, 0xFEDA, 0xFEDA,
  0xFEDA, 0xFEDA, 0xFEDA, 0xFEDA, 0xFEDA, 0xFEDA, 0xFEDA, 0xFEDA,
  0xFEDA, 0xFEDA, 0xFEDA, 0xFEDA, 0xFEDA, 0xFEDA, 0xFEDA, 0xFEDA,
  0xFEDA, 0xFEDA, 0xFEDA, 0xFEDA, 0xFEDA, 0xFEDA, 0xFEDA, 0xFEDA,
  0xFEDA, 0xFEDA, 0xFEDA, 0xFEDA, 0xFEDA, 0xFEDA, 0xFEDA, 0xFEDA,
  0xFEDA, 0xFEDA, 0xFEDA, 0xFEDA, 0xFFEB, 0xFA97, 0xF433, 0xF544,
  0xF544, 0xF544, 0xE544, 0x2543, 0x0000, 0x0777, 0x0000, 0x0000,
  0x0000, 0x0000, 0x0000, 0x0000, 0x0000, 0x0000, 0x0000, 0x0000,
  0x0000, 0x0000, 0x0000, 0x0000, 0x0000, 0x0000, 0x0000, 0x0000,
  0x0000, 0x0000, 0x0000, 0x0000, 0x0000, 0x0000, 0x0000, 0x0000,
  0x0000, 0x0000, 0x0000, 0x0000, 0x0000, 0x0000, 0x0000, 0x0000,
  0x0000, 0x0000, 0x0000, 0x0000, 0x0000, 0x0000, 0x0000, 0x0000,
  0x0000, 0x0000, 0x0000, 0x0000, 0x0000, 0x0000, 0x0000, 0x0000,
  0x0000, 0x0000, 0x0000, 0x0000, 0x0000, 0x0000, 0x0000, 0x0000,
  0x0000, 0x0000, 0x0000, 0x0000, 0x0000, 0x0000, 0x0000, 0x0000,
  0x0000, 0x0000, 0x0000, 0x0000, 0x0000, 0x0000, 0x0000, 0x0000,
  0x0000, 0x0000, 0x0000, 0x0000, 0x0000, 0x0000, 0x0000, 0x0000,
  0x0000, 0x0000, 0x0000, 0x0000, 0x0000, 0x0000, 0x0000, 0x0000,
  0x0000, 0x0000, 0x0000, 0x0000, 0x0000, 0x0000, 0x0000, 0x0000,
  0x0000, 0x0000, 0x0000, 0x0000, 0x0000, 0x0000, 0x0000, 0x0000,
  0x0000, 0x0000, 0x0000, 0x0000, 0x0000, 0x0000, 0x0000, 0x0000,
  0x0000, 0x0000, 0x0000, 0x0000, 0x0000, 0x0000, 0x0000, 0x0000,
  0x0000, 0x0000, 0x0000, 0x0000, 0x0000, 0x0000, 0x0000, 0x0000,
  0x0000, 0x0000, 0x0000, 0x0000, 0x0000, 0x0000, 0x0000, 0x0000,
  0x0000, 0x0000, 0x0000, 0x0000, 0x0000, 0x0000, 0x0000, 0x0000,
  0x0000, 0x0000, 0x0000, 0x0000, 0x0000, 0x0000, 0x0000, 0x0000,
  0x0000, 0x0000, 0x0000, 0x0000, 0x0000, 0x0000, 0x0000, 0x0000,
  0x0000, 0x0000, 0x0000, 0x0555, 0x0000, 0x8543, 0xF544, 0xF544,
  0xF544, 0xF433, 0xF876, 0xFFEB, 0xFEDA, 0xFEDA, 0xFEDA, 0xFEDA,
  0xFEDA, 0xFEDA, 0xFEDA, 0xFEDA, 0xFEDA, 0xFEDA, 0xFEDA, 0xFEDA,
  0xFEDA, 0xFEDA, 0xFEDA, 0xFEDA, 0xFEDA, 0xFEDA, 0xFEDA, 0xFEDA,
  0xFEDA, 0xFEDA, 0xFEDA, 0xFEDA, 0xFEDA, 0xFEDA, 0xFEDA, 0xFEDA,
  0xFEDA, 0xFEDA, 0xFEDA, 0xFEDA, 0xFEDA, 0xFEDA, 0xFEDA, 0xFEDA,
  0xFEDA, 0xFEDA, 0xFEDA, 0xFEDA, 0xFEDA, 0xFEDA, 0xFEDA, 0xFEDA,
  0xFEDA, 0xFEDA, 0xFEDA, 0xFEDA, 0xFEDA, 0xFEDA, 0xFEDA, 0xFEDA,
  0xFEDA, 0xFEDA, 0xFEDB, 0xFEDB, 0xFEEB, 0xFEDB, 0xFEDA, 0xFEDA,
  0xFEDA, 0xFEDA, 0xFEDA, 0xFEDA, 0xFEDA, 0xFEDA, 0xFEDA, 0xFEDA,
  0xFEDA, 0xFEDA, 0xFEDA, 0xFEDB, 0xFEDA, 0xF655, 0xF543, 0xF544,
  0xF544, 0xF544, 0x8543, 0x0000, 0x0700, 0x0000, 0x0000, 0x0000,
  0x0000, 0x0000, 0x0000, 0x0000, 0x0000, 0x0000, 0x0000, 0x0000,
  0x0000, 0x0000, 0x0000, 0x0000, 0x0000, 0x0000, 0x0000, 0x0000,
  0x0000, 0x0000, 0x0000, 0x0000, 0x0000, 0x0000, 0x0000, 0x0000,
  0x0000, 0x0000, 0x0000, 0x0000, 0x0000, 0x0000, 0x0000, 0x0000,
  0x0000, 0x0000, 0x0000, 0x0000, 0x0000, 0x0000, 0x0000, 0x0000,
  0x0000, 0x0000, 0x0000, 0x0000, 0x0000, 0x0000, 0x0000, 0x0000,
  0x0000, 0x0000, 0x0000, 0x0000, 0x0000, 0x0000, 0x0000, 0x0000,
  0x0000, 0x0000, 0x0000, 0x0000, 0x0000, 0x0000, 0x0000, 0x0000,
  0x0000, 0x0000, 0x0000, 0x0000, 0x0000, 0x0000, 0x0000, 0x0000,
  0x0000, 0x0000, 0x0000, 0x0000, 0x0000, 0x0000, 0x0000, 0x0000,
  0x0000, 0x0000, 0x0000, 0x0000, 0x0000, 0x0000, 0x0000, 0x0000,
  0x0000, 0x0000, 0x0000, 0x0000, 0x0000, 0x0000, 0x0000, 0x0000,
  0x0000, 0x0000, 0x0000, 0x0000, 0x0000, 0x0000, 0x0000, 0x0000,
  0x0000, 0x0000, 0x0000, 0x0000, 0x0000, 0x0000, 0x0000, 0x0000,
  0x0000, 0x0000, 0x0000, 0x0000, 0x0000, 0x0000, 0x0000, 0x0000,
  0x0000, 0x0000, 0x0000, 0x0000, 0x0000, 0x0000, 0x0000, 0x0000,
  0x0000, 0x0000, 0x0000, 0x0000, 0x0000, 0x0000, 0x0000, 0x0000,
  0x0000, 0x0000, 0x0000, 0x0000, 0x0000, 0x0000, 0x0000, 0x0000,
  0x0000, 0x0000, 0x0000, 0x0000, 0x0000, 0x0000, 0x0000, 0x0000,
  0x0000, 0x0000, 0x0000, 0x0000, 0x0000, 0x0000, 0x0000, 0x0000,
  0x0000, 0x0000, 0x0000, 0x0777, 0x0000, 0x3543, 0xF544, 0xF544,
  0xF544, 0xF544, 0xF544, 0xFCB9, 0xFFEB, 0xFEDA, 0xFEDA, 0xFEDA,
  0xFEDA, 0xFEDA, 0xFEDA, 0xFEDA, 0xFEDA, 0xFEDA, 0xFEDA, 0xFEDA,
  0xFEDA, 0xFEDA, 0xFEDA, 0xFEDA, 0xFEDB, 0xFFEB, 0xFFEB, 0xFEDB,
  0xFEDA, 0xFEDA, 0xFEDA, 0xFEDA, 0xFEDA, 0xFEDA, 0xFEDA, 0xFEDA,
  0xFEDA, 0xFEDA, 0xFEDA, 0xFEDA, 0xFEDA, 0xFEDA, 0xFEDA, 0xFEDA,
  0xFEDA, 0xFEDA, 0xFEDA, 0xFEDA, 0xFEDA, 0xFEDA, 0xFEDA, 0xFEDA,
  0xFEDA, 0xFEDA, 0xFEDA, 0xFEDA, 0xFEDA, 0xFEDA, 0xFEDA, 0xFEDA,
  0xFEDB, 0xFEDB, 0xFDCA, 0xFDCA, 0xFDC9, 0xFDCA, 0xFEEB, 0xFEDA,
  0xFEDA, 0xFEDA, 0xFEDA, 0xFEDA, 0xFEDA, 0xFEDA, 0xFEDA, 0xFEDA,
  0xFEDA, 0xFEDA, 0xFEDA, 0xFEDB, 0xFDCA, 0xF654, 0xF543, 0xF544,
  0xF544, 0xC544, 0x1533, 0x0000, 0x0F00, 0x0000, 0x0000, 0x0000,
  0x0000, 0x0000, 0x0000, 0x0000, 0x0000, 0x0000, 0x0000, 0x0000,
  0x0000, 0x0000, 0x0000, 0x0000, 0x0000, 0x0000, 0x0000, 0x0000,
  0x0000, 0x0000, 0x0000, 0x0000, 0x0000, 0x0000, 0x0000, 0x0000,
  0x0000, 0x0000, 0x0000, 0x0000, 0x0000, 0x0000, 0x0000, 0x0000,
  0x0000, 0x0000, 0x0000, 0x0000, 0x0000, 0x0000, 0x0000, 0x0000,
  0x0000, 0x0000, 0x0000, 0x0000, 0x0000, 0x0000, 0x0000, 0x0000,
  0x0000, 0x0000, 0x0000, 0x0000, 0x0000, 0x0000, 0x0000, 0x0000,
  0x0000, 0x0000, 0x0000, 0x0000, 0x0000, 0x0000, 0x0000, 0x0000,
  0x0000, 0x0000, 0x0000, 0x0000, 0x0000, 0x0000, 0x0000, 0x0000,
  0x0000, 0x0000, 0x0000, 0x0000, 0x0000, 0x0000, 0x0000, 0x0000,
  0x0000, 0x0000, 0x0000, 0x0000, 0x0000, 0x0000, 0x0000, 0x0000,
  0x0000, 0x0000, 0x0000, 0x0000, 0x0000, 0x0000, 0x0000, 0x0000,
  0x0000, 0x0000, 0x0000, 0x0000, 0x0000, 0x0000, 0x0000, 0x0000,
  0x0000, 0x0000, 0x0000, 0x0000, 0x0000, 0x0000, 0x0000, 0x0000,
  0x0000, 0x0000, 0x0000, 0x0000, 0x0000, 0x0000, 0x0000, 0x0000,
  0x0000, 0x0000, 0x0000, 0x0000, 0x0000, 0x0000, 0x0000, 0x0000,
  0x0000, 0x0000, 0x0000, 0x0000, 0x0000, 0x0000, 0x0000, 0x0000,
  0x0000, 0x0000, 0x0000, 0x0000, 0x0000, 0x0000, 0x0000, 0x0000,
  0x0000, 0x0000, 0x0000, 0x0000, 0x0000, 0x0000, 0x0000, 0x0000,
  0x0000, 0x0000, 0x0000, 0x0000, 0x0000, 0x0000, 0x0000, 0x0000,
  0x0000, 0x0000, 0x0000, 0x0000, 0x0FFF, 0x0000, 0xB543, 0xF544,
  0xF544, 0xF544, 0xF433, 0xF876, 0xFEEB, 0xFEDA, 0xFEDA, 0xFEDA,
  0xFEDA, 0xFEDA, 0xFEDA, 0xFEDA, 0xFEDA, 0xFEDA, 0xFEDA, 0xFEDA,
  0xFEDA, 0xFEDA, 0xFEDB, 0xFFEB, 0xFDCA, 0xFCB8, 0xFCB8, 0xFDCA,
  0xFFEB, 0xFEDB, 0xFEDA, 0xFEDA, 0xFEDA, 0xFEDA, 0xFEDA, 0xFEDA,
  0xFEDA, 0xFEDA, 0xFEDA, 0xFEDA, 0xFEDA, 0xFEDA, 0xFEDA, 0xFEDA,
  0xFEDA, 0xFEDA, 0xFEDA, 0xFEDA, 0xFEDA, 0xFEDA, 0xFEDA, 0xFEDA,
  0xFEDA, 0xFEDA, 0xFEDA, 0xFEDA, 0xFEDA, 0xFEDA, 0xFEDA, 0xFEDB,
  0xFEDA, 0xF986, 0xF654, 0xF544, 0xF544, 0xF654, 0xFBA8, 0xFEDB,
  0xFEDA, 0xFEDA, 0xFEDA, 0xFEDA, 0xFEDA, 0xFEDA, 0xFEDA, 0xFEDA,
  0xFEDA, 0xFEDA, 0xFEDA, 0xFEDA, 0xFEDB, 0xF765, 0xF543, 0xF544,
  0xF544, 0xC543, 0x0500, 0x0000, 0x0000, 0x0000, 0x0000, 0x0000,
  0x0000, 0x0000, 0x0000, 0x0000, 0x0000, 0x0000, 0x0000, 0x0000,
  0x0000, 0x0000, 0x0000, 0x0000, 0x0000, 0x0000, 0x0000, 0x0000,
  0x0000, 0x0000, 0x0000, 0x0000, 0x0000, 0x0000, 0x0000, 0x0000,
  0x0000, 0x0000, 0x0000, 0x0000, 0x0000, 0x0000, 0x0000, 0x0000,
  0x0000, 0x0000, 0x0000, 0x0000, 0x0000, 0x0000, 0x0000, 0x0000,
  0x0000, 0x0000, 0x0000, 0x0000, 0x0000, 0x0000, 0x0000, 0x0000,
  0x0000, 0x0000, 0x0000, 0x0000, 0x0000, 0x0000, 0x0000, 0x0000,
  0x0000, 0x0000, 0x0000, 0x0000, 0x0000, 0x0000, 0x0000, 0x0000,
  0x0000, 0x0000, 0x0000, 0x0000, 0x0000, 0x0000, 0x0000, 0x0000,
  0x0000, 0x0000, 0x0000, 0x0000, 0x0000, 0x0000, 0x0000, 0x0000,
  0x0000, 0x0000, 0x0000, 0x0000, 0x0000, 0x0000, 0x0000, 0x0000,
  0x0000, 0x0000, 0x0000, 0x0000, 0x0000, 0x0000, 0x0000, 0x0000,
  0x0000, 0x0000, 0x0000, 0x0000, 0x0000, 0x0000, 0x0000, 0x0000,
  0x0000, 0x0000, 0x0000, 0x0000, 0x0000, 0x0000, 0x0000, 0x0000,
  0x0000, 0x0000, 0x0000, 0x0000, 0x0000, 0x0000, 0x0000, 0x0000,
  0x0000, 0x0000, 0x0000, 0x0000, 0x0000, 0x0000, 0x0000, 0x0000,
  0x0000, 0x0000, 0x0000, 0x0000, 0x0000, 0x0000, 0x0000, 0x0000,
  0x0000, 0x0000, 0x0000, 0x0000, 0x0000, 0x0000, 0x0000, 0x0000,
  0x0000, 0x0000, 0x0000, 0x0000, 0x0000, 0x0000, 0x0000, 0x0000,
  0x0000, 0x0000, 0x0000, 0x0000, 0x0000, 0x0000, 0x0000, 0x0000,
  0x0000, 0x0000, 0x0000, 0x0000, 0x0555, 0x0000, 0x4543, 0xF544,
  0xF544, 0xF544, 0xF543, 0xF876, 0xFEDB, 0xFEDA, 0xFEDA, 0xFEDA,
  0xFEDA, 0xFEDA, 0xFEDA, 0xFEDA, 0xFEDA, 0xFEDA, 0xFEDA, 0xFEDA,
  0xFEDA, 0xFEDB, 0xFEDA, 0xF987, 0xF654, 0xF544, 0xF544, 0xF654,
  0xF987, 0xFEDA, 0xFEDB, 0xFEDA, 0xFEDA, 0xFEDA, 0xFEDA, 0xFEDA,
  0xFEDA, 0xFEDA, 0xFEDA, 0xFEDA, 0xFEDA, 0xFEDA, 0xFEDA, 0xFEDA,
  0xFEDA, 0xFEDA, 0xFEDA, 0xFEDA, 0xFEDA, 0xFEDA, 0xFEDA, 0xFEDA,
  0xFEDA, 0xFEDA, 0xFEDA, 0xFEDA, 0xFEDA, 0xFEDA, 0xFEDA, 0xFFEB,
  0xFA97, 0xF433, 0xF543, 0xF544, 0xF544, 0xF543, 0xF654, 0xFDC9,
  0xFEDB, 0xFEDA, 0xFEDA, 0xFEDA, 0xFEDA, 0xFEDA, 0xFEDA, 0xFEDA,
  0xFEDA, 0xFEDA, 0xFEDA, 0xFEDA, 0xFFEB, 0xFA97, 0xF433, 0xF544,
  0xF544, 0xF544, 0x3544, 0x0000, 0x0555, 0x0000, 0x0000, 0x0000,
  0x0000, 0x0000, 0x0000, 0x0000, 0x0000, 0x0000, 0x0000, 0x0000,
  0x0000, 0x0000, 0x0000, 0x0000, 0x0000, 0x0000, 0x0000, 0x0000,
  0x0000, 0x0000, 0x0000, 0x0000, 0x0000, 0x0000, 0x0000, 0x0000,
  0x0000, 0x0000, 0x0000, 0x0000, 0x0000, 0x0000, 0x0000, 0x0000,
  0x0000, 0x0000, 0x0000, 0x0000, 0x0000, 0x0000, 0x0000, 0x0000,
  0x0000, 0x0000, 0x0000, 0x0000, 0x0000, 0x0000, 0x0000, 0x0000,
  0x0000, 0x0000, 0x0000, 0x0000, 0x0000, 0x0000, 0x0000, 0x0000,
  0x0000, 0x0000, 0x0000, 0x0000, 0x0000, 0x0000, 0x0000, 0x0000,
  0x0000, 0x0000, 0x0000, 0x0000, 0x0000, 0x0000, 0x0000, 0x0000,
  0x0000, 0x0000, 0x0000, 0x0000, 0x0000, 0x0000, 0x0000, 0x0000,
  0x0000, 0x0000, 0x0000, 0x0000, 0x0000, 0x0000, 0x0000, 0x0000,
  0x0000, 0x0000, 0x0000, 0x0000, 0x0000, 0x0000, 0x0000, 0x0000,
  0x0000, 0x0000, 0x0000, 0x0000, 0x0000, 0x0000, 0x0000, 0x0000,
  0x0000, 0x0000, 0x0000, 0x0000, 0x0000, 0x0000, 0x0000, 0x0000,
  0x0000, 0x0000, 0x0000, 0x0000, 0x0000, 0x0000, 0x0000, 0x0000,
  0x0000, 0x0000, 0x0000, 0x0000, 0x0000, 0x0000, 0x0000, 0x0000,
  0x0000, 0x0000, 0x0000, 0x0000, 0x0000, 0x0000, 0x0000, 0x0000,
  0x0000, 0x0000, 0x0000, 0x0000, 0x0000, 0x0000, 0x0000, 0x0000,
  0x0000, 0x0000, 0x0000, 0x0000, 0x0000, 0x0000, 0x0000, 0x0000,
  0x0000, 0x0000, 0x0000, 0x0000, 0x0000, 0x0000, 0x0000, 0x0000,
  0x0000, 0x0000, 0x0000, 0x0000, 0x0000, 0x0000, 0x1543, 0xE543,
  0xF544, 0xF544, 0xF433, 0xFA97, 0xFFEB, 0xFEDA, 0xFEDA, 0xFEDA,
  0xFEDA, 0xFEDA, 0xFEDA, 0xFEDA, 0xFEDA, 0xFEDA, 0xFEDA, 0xFEDA,
  0xFEDA, 0xFFEB, 0xFA97, 0xF433, 0xF543, 0xF544, 0xF544, 0xF543,
  0xF433, 0xFA97, 0xFFEB, 0xFEDA, 0xFEDA, 0xFEDA, 0xFEDA, 0xFEDA,
  0xFEDA, 0xFEDA, 0xFEDA, 0xFEDA, 0xFEDA, 0xFEDA, 0xFEDA, 0xFEDA,
  0xFEDA, 0xFEDA, 0xFEDA, 0xFEDA, 0xFEDA, 0xFEDA, 0xFEDA, 0xFEDA,
  0xFEDA, 0xFEDA, 0xFEDA, 0xFEDA, 0xFEDA, 0xFEDA, 0xFEEB, 0xFDC9,
  0xF654, 0xF543, 0xF544, 0xF544, 0xF544, 0xF544, 0xF543, 0xFBA8,
  0xFFEB, 0xFEDA, 0xFEDA, 0xFEDA, 0xFEDA, 0xFEDA, 0xFEDA, 0xFEDA,
  0xFEDA, 0xFEDA, 0xFEDA, 0xFEDA, 0xFFEB, 0xFCB9, 0xF544, 0xF544,
  0xF544, 0xF544, 0x8544, 0x0000, 0x0555, 0x0000, 0x0000, 0x0000,
  0x0000, 0x0000, 0x0000, 0x0000, 0x0000, 0x0000, 0x0000, 0x0000,
  0x0000, 0x0000, 0x0000, 0x0000, 0x0000, 0x0000, 0x0000, 0x0000,
  0x0000, 0x0000, 0x0000, 0x0000, 0x0000, 0x0000, 0x0000, 0x0000,
  0x0000, 0x0000, 0x0000, 0x0000, 0x0000, 0x0000, 0x0000, 0x0000,
  0x0000, 0x0000, 0x0000, 0x0000, 0x0000, 0x0000, 0x0000, 0x0000,
  0x0000, 0x0000, 0x0000, 0x0000, 0x0000, 0x0000, 0x0000, 0x0000,
  0x0000, 0x0000, 0x0000, 0x0000, 0x0000, 0x0000, 0x0000, 0x0000,
  0x0000, 0x0000, 0x0000, 0x0000, 0x0000, 0x0000, 0x0000, 0x0000,
  0x0000, 0x0000, 0x0000, 0x0000, 0x0000, 0x0000, 0x0000, 0x0000,
  0x0000, 0x0000, 0x0000, 0x0000, 0x0000, 0x0000, 0x0000, 0x0000,
  0x0000, 0x0000, 0x0000, 0x0000, 0x0000, 0x0000, 0x0000, 0x0000,
  0x0000, 0x0000, 0x0000, 0x0000, 0x0000, 0x0000, 0x0000, 0x0000,
  0x0000, 0x0000, 0x0000, 0x0000, 0x0000, 0x0000, 0x0000, 0x0000,
  0x0000, 0x0000, 0x0000, 0x0000, 0x0000, 0x0000, 0x0000, 0x0000,
  0x0000, 0x0000, 0x0000, 0x0000, 0x0000, 0x0000, 0x0000, 0x0000,
  0x0000, 0x0000, 0x0000, 0x0000, 0x0000, 0x0000, 0x0000, 0x0000,
  0x0000, 0x0000, 0x0000, 0x0000, 0x0000, 0x0000, 0x0000, 0x0000,
  0x0000, 0x0000, 0x0000, 0x0000, 0x0000, 0x0000, 0x0000, 0x0000,
  0x0000, 0x0000, 0x0000, 0x0000, 0x0000, 0x0000, 0x0000, 0x0000,
  0x0000, 0x0000, 0x0000, 0x0000, 0x0000, 0x0000, 0x0000, 0x0000,
  0x0000, 0x0000, 0x0000, 0x0000, 0x0777, 0x0000, 0x4543, 0xF544,
  0xF544, 0xF544, 0xF543, 0xFBA8, 0xFFEB, 0xFEDA, 0xFEDA, 0xFEDA,
  0xFEDA, 0xFEDA, 0xFEDA, 0xFEDA, 0xFEDA, 0xFEDA, 0xFEDA, 0xFEDA,
  0xFEDB, 0xFEDA, 0xF655, 0xF543, 0xF544, 0xF544, 0xF544, 0xF544,
  0xF543, 0xF765, 0xFEDA, 0xFEDB, 0xFEDA, 0xFEDA, 0xFEDA, 0xFEDA,
  0xFEDA, 0xFEDA, 0xFEDA, 0xFEDA, 0xFEDA, 0xFEDA, 0xFEDA, 0xFEDA,
  0xFEDA, 0xFEDA, 0xFEDA, 0xFEDA, 0xFEDA, 0xFEDA, 0xFEDA, 0xFEDA,
  0xFEDA, 0xFEDA, 0xFEDA, 0xFEDA, 0xFEDA, 0xFEDA, 0xFFEB, 0xF987,
  0xF543, 0xF544, 0xF544, 0xF544, 0xF544, 0xF544, 0xF543, 0xFBA8,
  0xFFEB, 0xFEDA, 0xFEDA, 0xFEDA, 0xFEDA, 0xFEDA, 0xFEDA, 0xFEDA,
  0xFEDA, 0xFEDA, 0xFEDA, 0xFEDA, 0xFEDA, 0xFEDB, 0xF765, 0xF543,
  0xF544, 0xF544, 0xC543, 0x0444, 0x0000, 0x0000, 0x0000, 0x0000,
  0x0000, 0x0000, 0x0000, 0x0000, 0x0000, 0x0000, 0x0000, 0x0000,
  0x0000, 0x0000, 0x0000, 0x0000, 0x0000, 0x0000, 0x0000, 0x0000,
  0x0000, 0x0000, 0x0000, 0x0000, 0x0000, 0x0000, 0x0000, 0x0000,
  0x0000, 0x0000, 0x0000, 0x0000, 0x0000, 0x0000, 0x0000, 0x0000,
  0x0000, 0x0000, 0x0000, 0x0000, 0x0000, 0x0000, 0x0000, 0x0000,
  0x0000, 0x0000, 0x0000, 0x0000, 0x0000, 0x0000, 0x0000, 0x0000,
  0x0000, 0x0000, 0x0000, 0x0000, 0x0000, 0x0000, 0x0000, 0x0000,
  0x0000, 0x0000, 0x0000, 0x0000, 0x0000, 0x0000, 0x0000, 0x0000,
  0x0000, 0x0000, 0x0000, 0x0000, 0x0000, 0x0000, 0x0000, 0x0000,
  0x0000, 0x0000, 0x0000, 0x0000, 0x0000, 0x0000, 0x0000, 0x0000,
  0x0000, 0x0000, 0x0000, 0x0000, 0x0000, 0x0000, 0x0000, 0x0000,
  0x0000, 0x0000, 0x0000, 0x0000, 0x0000, 0x0000, 0x0000, 0x0000,
  0x0000, 0x0000, 0x0000, 0x0000, 0x0000, 0x0000, 0x0000, 0x0000,
  0x0000, 0x0000, 0x0000, 0x0000, 0x0000, 0x0000, 0x0000, 0x0000,
  0x0000, 0x0000, 0x0000, 0x0000, 0x0000, 0x0000, 0x0000, 0x0000,
  0x0000, 0x0000, 0x0000, 0x0000, 0x0000, 0x0000, 0x0000, 0x0000,
  0x0000, 0x0000, 0x0000, 0x0000, 0x0000, 0x0000, 0x0000, 0x0000,
  0x0000, 0x0000, 0x0000, 0x0000, 0x0000, 0x0000, 0x0000, 0x0000,
  0x0000, 0x0000, 0x0000, 0x0000, 0x0000, 0x0000, 0x0000, 0x0000,
  0x0000, 0x0000, 0x0000, 0x0000, 0x0000, 0x0000, 0x0000, 0x0000,
  0x0000, 0x0000, 0x0000, 0x0000, 0x0444, 0x0000, 0x6544, 0xF544,
  0xF544, 0xF543, 0xF544, 0xFDC9, 0xFEEB, 0xFEDA, 0xFEDA, 0xFEDA,
  0xFEDA, 0xFEDA, 0xFEDA, 0xFEDA, 0xFEDA, 0xFEDA, 0xFEDA, 0xFEDA,
  0xFEDB, 0xFDCA, 0xF654, 0xF544, 0xF544, 0xF544, 0xF544, 0xF544,
  0xF543, 0xF654, 0xFDCA, 0xFEDB, 0xFEDA, 0xFEDA, 0xFEDA, 0xFEDA,
  0xFEDA, 0xFEDA, 0xFEDA, 0xFEDA, 0xFEDA, 0xFEDA, 0xFEDA, 0xFEDA,
  0xFEDA, 0xFEDA, 0xFEDA, 0xFEDA, 0xFEDA, 0xFEDA, 0xFEDA, 0xFEDA,
  0xFEDA, 0xFEDA, 0xFEDA, 0xFEDA, 0xFEDA, 0xFEDA, 0xFFEB, 0xF876,
  0xF543, 0xF544, 0xF544, 0xF544, 0xF544, 0xF544, 0xF543, 0xFBA8,
  0xFFEB, 0xFEDA, 0xFEDA, 0xFEDA, 0xFEDA, 0xFEDA, 0xFEDA, 0xFEDA,
  0xFEDA, 0xFEDA, 0xFEDA, 0xFEDA, 0xFEDA, 0xFFEB, 0xFA97, 0xF433,
  0xF544, 0xF544, 0xF544, 0x3544, 0x0000, 0x0555, 0x0000, 0x0000,
  0x0000, 0x0000, 0x0000, 0x0000, 0x0000, 0x0000, 0x0000, 0x0000,
  0x0000, 0x0000, 0x0000, 0x0000, 0x0000, 0x0000, 0x0000, 0x0000,
  0x0000, 0x0000, 0x0000, 0x0000, 0x0000, 0x0000, 0x0000, 0x0000,
  0x0000, 0x0000, 0x0000, 0x0000, 0x0000, 0x0000, 0x0000, 0x0000,
  0x0000, 0x0000, 0x0000, 0x0000, 0x0000, 0x0000, 0x0000, 0x0000,
  0x0000, 0x0000, 0x0000, 0x0000, 0x0000, 0x0000, 0x0000, 0x0000,
  0x0000, 0x0000, 0x0000, 0x0000, 0x0000, 0x0000, 0x0000, 0x0000,
  0x0000, 0x0000, 0x0000, 0x0000, 0x0000, 0x0000, 0x0000, 0x0000,
  0x0000, 0x0000, 0x0000, 0x0000, 0x0000, 0x0000, 0x0000, 0x0000,
  0x0000, 0x0000, 0x0000, 0x0000, 0x0000, 0x0000, 0x0000, 0x0000,
  0x0000, 0x0000, 0x0000, 0x0000, 0x0000, 0x0000, 0x0000, 0x0000,
  0x0000, 0x0000, 0x0000, 0x0000, 0x0000, 0x0000, 0x0000, 0x0000,
  0x0000, 0x0000, 0x0000, 0x0000, 0x0000, 0x0000, 0x0000, 0x0000,
  0x0000, 0x0000, 0x0000, 0x0000, 0x0000, 0x0000, 0x0000, 0x0000,
  0x0000, 0x0000, 0x0000, 0x0000, 0x0000, 0x0000, 0x0000, 0x0000,
  0x0000, 0x0000, 0x0000, 0x0000, 0x0000, 0x0000, 0x0000, 0x0000,
  0x0000, 0x0000, 0x0000, 0x0000, 0x0000, 0x0000, 0x0000, 0x0000,
  0x0000, 0x0000, 0x0000, 0x0000, 0x0000, 0x0000, 0x0000, 0x0000,
  0x0000, 0x0000, 0x0000, 0x0000, 0x0000, 0x0000, 0x0000, 0x0000,
  0x0000, 0x0000, 0x0000, 0x0000, 0x0000, 0x0000, 0x0000, 0x0000,
  0x0000, 0x0000, 0x0000, 0x0000, 0x0555, 0x0000, 0x8544, 0xF544,
  0xF544, 0xF543, 0xF655, 0xFEDA, 0xFEDB, 0xFEDA, 0xFEDA, 0xFEDA,
  0xFEDA, 0xFEDA, 0xFEDA, 0xFEDA, 0xFEDA, 0xFEDA, 0xFEDA, 0xFEDA,
  0xFEDB, 0xFDCA, 0xF544, 0xF544, 0xF544, 0xF544, 0xF544, 0xF544,
  0xF543, 0xF654, 0xFDDA, 0xFEDB, 0xFEDA, 0xFEDA, 0xFEDA, 0xFEDA,
  0xFEDA, 0xFEDA, 0xFEDA, 0xFEDA, 0xFEDA, 0xFEDA, 0xFEDA, 0xFEDA,
  0xFEDA, 0xFEDA, 0xFEDA, 0xFEDA, 0xFEDA, 0xFEDA, 0xFEDA, 0xFEDA,
  0xFEDA, 0xFEDA, 0xFEDA, 0xFEDA, 0xFEDA, 0xFEDA, 0xFEDB, 0xF765,
  0xF543, 0xF544, 0xF544, 0xF544, 0xF544, 0xF544, 0xF543, 0xFBA8,
  0xFFEB, 0xFEDA, 0xFEDA, 0xFEDA, 0xFEDA, 0xFEDA, 0xFEDA, 0xFEDA,
  0xFEDA, 0xFEDA, 0xFEDA, 0xFEDA, 0xFEDA, 0xFFEB, 0xFCB9, 0xF544,
  0xF544, 0xF544, 0xF544, 0x7544, 0x0000, 0x0444, 0x0000, 0x0000,
  0x0000, 0x0000, 0x0000, 0x0000, 0x0000, 0x0000, 0x0000, 0x0000,
  0x0000, 0x0000, 0x0000, 0x0000, 0x0000, 0x0000, 0x0000, 0x0000,
  0x0000, 0x0000, 0x0000, 0x0000, 0x0000, 0x0000, 0x0000, 0x0000,
  0x0000, 0x0000, 0x0000, 0x0000, 0x0000, 0x0000, 0x0000, 0x0000,
  0x0000, 0x0000, 0x0000, 0x0000, 0x0000, 0x0000, 0x0000, 0x0000,
  0x0000, 0x0000, 0x0000, 0x0000, 0x0000, 0x0000, 0x0000, 0x0000,
  0x0000, 0x0000, 0x0000, 0x0000, 0x0000, 0x0000, 0x0000, 0x0000,
  0x0000, 0x0000, 0x0000, 0x0000, 0x0000, 0x0000, 0x0000, 0x0000,
  0x0000, 0x0000, 0x0000, 0x0000, 0x0000, 0x0000, 0x0000, 0x0000,
  0x0000, 0x0000, 0x0000, 0x0000, 0x0000, 0x0000, 0x0000, 0x0000,
  0x0000, 0x0000, 0x0000, 0x0000, 0x0000, 0x0000, 0x0000, 0x0000,
  0x0000, 0x0000, 0x0000, 0x0000, 0x0000, 0x0000, 0x0000, 0x0000,
  0x0000, 0x0000, 0x0000, 0x0000, 0x0000, 0x0000, 0x0000, 0x0000,
  0x0000, 0x0000, 0x0000, 0x0000, 0x0000, 0x0000, 0x0000, 0x0000,
  0x0000, 0x0000, 0x0000, 0x0000, 0x0000, 0x0000, 0x0000, 0x0000,
  0x0000, 0x0000, 0x0000, 0x0000, 0x0000, 0x0000, 0x0000, 0x0000,
  0x0000, 0x0000, 0x0000, 0x0000, 0x0000, 0x0000, 0x0000, 0x0000,
  0x0000, 0x0000, 0x0000, 0x0000, 0x0000, 0x0000, 0x0000, 0x0000,
  0x0000, 0x0000, 0x0000, 0x0000, 0x0000, 0x0000, 0x0000, 0x0000,
  0x0000, 0x0000, 0x0000, 0x0000, 0x0000, 0x0000, 0x0000, 0x0000,
  0x0000, 0x0000, 0x0000, 0x0000, 0x0000, 0x0770, 0xC543, 0xF544,
  0xF544, 0xF543, 0xF876, 0xFEDB, 0xFEDA, 0xFEDA, 0xFEDA, 0xFEDA,
  0xFEDA, 0xFEDA, 0xFEDA, 0xFEDA, 0xFEDA, 0xFEDA, 0xFEDA, 0xFEDA,
  0xFEDB, 0xFDCA, 0xF654, 0xF543, 0xF544, 0xF544, 0xF544, 0xF544,
  0xF543, 0xF765, 0xFEDA, 0xFEDA, 0xFEDA, 0xFEDA, 0xFEDA, 0xFEDA,
  0xFEDA, 0xFEDA, 0xFEDA, 0xFEDA, 0xFEDA, 0xFEDA, 0xFEDA, 0xFEDA,
  0xFEDA, 0xFEDA, 0xFEDA, 0xFEDA, 0xFEDA, 0xFEDA, 0xFEDA, 0xFEDA,
  0xFEDA, 0xFEDA, 0xFEDA, 0xFEDA, 0xFEDA, 0xFEDA, 0xFEDA, 0xF765,
  0xF543, 0xF544, 0xF544, 0xF544, 0xF544, 0xF544, 0xF543, 0xFBA8,
  0xFFEB, 0xFEDA, 0xFEDA, 0xFEDA, 0xFEDA, 0xFEDA, 0xFEDA, 0xFEDB,
  0xFEDB, 0xFEDB, 0xFEEB, 0xFEEB, 0xFEDB, 0xFEDA, 0xFEDA, 0xF765,
  0xF543, 0xF544, 0xF544, 0xB544, 0x0000, 0x0000, 0x0000, 0x0000,
  0x0000, 0x0000, 0x0000, 0x0000, 0x0000, 0x0000, 0x0000, 0x0000,
  0x0000, 0x0000, 0x0000, 0x0000, 0x0000, 0x0000, 0x0000, 0x0000,
  0x0000, 0x0000, 0x0000, 0x0000, 0x0000, 0x0000, 0x0000, 0x0000,
  0x0000, 0x0000, 0x0000, 0x0000, 0x0000, 0x0000, 0x0000, 0x0000,
  0x0000, 0x0000, 0x0000, 0x0000, 0x0000, 0x0000, 0x0000, 0x0000,
  0x0000, 0x0000, 0x0000, 0x0000, 0x0000, 0x0000, 0x0000, 0x0000,
  0x0000, 0x0000, 0x0000, 0x0000, 0x0000, 0x0000, 0x0000, 0x0000,
  0x0000, 0x0000, 0x0000, 0x0000, 0x0000, 0x0000, 0x0000, 0x0000,
  0x0000, 0x0000, 0x0000, 0x0000, 0x0000, 0x0000, 0x0000, 0x0000,
  0x0000, 0x0000, 0x0000, 0x0000, 0x0000, 0x0000, 0x0000, 0x0000,
  0x0000, 0x0000, 0x0000, 0x0000, 0x0000, 0x0000, 0x0000, 0x0000,
  0x0000, 0x0000, 0x0000, 0x0000, 0x0000, 0x0000, 0x0000, 0x0000,
  0x0000, 0x0000, 0x0000, 0x0000, 0x0000, 0x0000, 0x0000, 0x0000,
  0x0000, 0x0000, 0x0000, 0x0000, 0x0000, 0x0000, 0x0000, 0x0000,
  0x0000, 0x0000, 0x0000, 0x0000, 0x0000, 0x0000, 0x0000, 0x0000,
  0x0000, 0x0000, 0x0000, 0x0000, 0x0000, 0x0000, 0x0000, 0x0000,
  0x0000, 0x0000, 0x0000, 0x0000, 0x0000, 0x0000, 0x0000, 0x0000,
  0x0000, 0x0000, 0x0000, 0x0000, 0x0000, 0x0000, 0x0000, 0x0000,
  0x0000, 0x0000, 0x0000, 0x0000, 0x0000, 0x0000, 0x0000, 0x0000,
  0x0000, 0x0000, 0x0000, 0x0000, 0x0000, 0x0000, 0x0000, 0x0000,
  0x0000, 0x0000, 0x0000, 0x0000, 0x0000, 0x1433, 0xE544, 0xF544,
  0xF544, 0xF433, 0xFA97, 0xFFEB, 0xFEDA, 0xFEDA, 0xFEDA, 0xFEDA,
  0xFEDA, 0xFEDA, 0xFEDA, 0xFEDA, 0xFEDA, 0xFEDA, 0xFEDA, 0xFEDA,
  0xFEDB, 0xFDCA, 0xF654, 0xF543, 0xF544, 0xF544, 0xF544, 0xF544,
  0xF543, 0xF765, 0xFEDB, 0xFEDA, 0xFEDA, 0xFEDA, 0xFEDA, 0xFEDA,
  0xFEDA, 0xFEDA, 0xFEDA, 0xFEDA, 0xFEDA, 0xFEDA, 0xFEDA, 0xFEDA,
  0xFEDA, 0xFEDA, 0xFEDA, 0xFEDA, 0xFEDA, 0xFEDA, 0xFEDA, 0xFEDA,
  0xFEDA, 0xFEDA, 0xFEDA, 0xFEDA, 0xFEDA, 0xFEDA, 0xFEDA, 0xF765,
  0xF543, 0xF544, 0xF544, 0xF544, 0xF544, 0xF544, 0xF543, 0xFA97,
  0xFFEB, 0xFEDA, 0xFEDA, 0xFEDA, 0xFEDA, 0xFEDB, 0xFEDB, 0xFEDA,
  0xFECA, 0xFDC9, 0xFDB9, 0xFDB8, 0xFDA8, 0xFC97, 0xFC97, 0xF865,
  0xF543, 0xF544, 0xF544, 0xE544, 0x2543, 0x0000, 0x0000, 0x0000,
  0x0000, 0x0000, 0x0000, 0x0000, 0x0000, 0x0000, 0x0000, 0x0000,
  0x0000, 0x0000, 0x0000, 0x0000, 0x0000, 0x0000, 0x0000, 0x0000,
  0x0000, 0x0000, 0x0000, 0x0000, 0x0000, 0x0000, 0x0000, 0x0000,
  0x0000, 0x0000, 0x0000, 0x0000, 0x0000, 0x0000, 0x0000, 0x0000,
  0x0000, 0x0000, 0x0000, 0x0000, 0x0000, 0x0000, 0x0000, 0x0000,
  0x0000, 0x0000, 0x0000, 0x0000, 0x0000, 0x0000, 0x0000, 0x0000,
  0x0000, 0x0000, 0x0000, 0x0000, 0x0000, 0x0000, 0x0000, 0x0000,
  0x0000, 0x0000, 0x0000, 0x0000, 0x0000, 0x0000, 0x0000, 0x0000,
  0x0000, 0x0000, 0x0000, 0x0000, 0x0000, 0x0000, 0x0000, 0x0000,
  0x0000, 0x0000, 0x0000, 0x0000, 0x0000, 0x0000, 0x0000, 0x0000,
  0x0000, 0x0000, 0x0000, 0x0000, 0x0000, 0x0000, 0x0000, 0x0000,
  0x0000, 0x0000, 0x0000, 0x0000, 0x0000, 0x0000, 0x0000, 0x0000,
  0x0000, 0x0000, 0x0000, 0x0000, 0x0000, 0x0000, 0x0000, 0x0000,
  0x0000, 0x0000, 0x0000, 0x0000, 0x0000, 0x0000, 0x0000, 0x0000,
  0x0000, 0x0000, 0x0000, 0x0000, 0x0000, 0x0000, 0x0000, 0x0000,
  0x0000, 0x0000, 0x0000, 0x0000, 0x0000, 0x0000, 0x0000, 0x0000,
  0x0000, 0x0000, 0x0000, 0x0000, 0x0000, 0x0000, 0x0000, 0x0000,
  0x0000, 0x0000, 0x0000, 0x0000, 0x0000, 0x0000, 0x0000, 0x0000,
  0x0000, 0x0000, 0x0000, 0x0000, 0x0000, 0x0000, 0x0000, 0x0000,
  0x0000, 0x0000, 0x0000, 0x0000, 0x0000, 0x0000, 0x0000, 0x0000,
  0x0000, 0x0000, 0x0000, 0x0770, 0x0000, 0x3543, 0xF544, 0xF544,
  0xF544, 0xF543, 0xFBA8, 0xFFEB, 0xFEDB, 0xFEDB, 0xFEDA, 0xFEDA,
  0xFEDA, 0xFEDA, 0xFEDA, 0xFEDA, 0xFEDA, 0xFEDA, 0xFEDA, 0xFEDA,
  0xFEDB, 0xFDCA, 0xF654, 0xF543, 0xF544, 0xF544, 0xF544, 0xF544,
  0xF543, 0xF765, 0xFEEB, 0xFEDA, 0xFEDA, 0xFEDA, 0xFEDA, 0xFEDA,
  0xFEDA, 0xFEDA, 0xFEDA, 0xFEDA, 0xFEDA, 0xFEDA, 0xFEDA, 0xFEDA,
  0xFEDA, 0xFEDA, 0xFEDA, 0xFEDA, 0xFEDA, 0xFEDA, 0xFEDA, 0xFEDA,
  0xFEDA, 0xFEDA, 0xFEDA, 0xFEDA, 0xFEDA, 0xFEDA, 0xFEDB, 0xF765,
  0xF543, 0xF544, 0xF544, 0xF544, 0xF544, 0xF544, 0xF433, 0xFA97,
  0xFFEB, 0xFEDA, 0xFEDA, 0xFEDA, 0xFEDB, 0xFDC9, 0xFDA8, 0xFC97,
  0xFC97, 0xFC97, 0xFC86, 0xFC86, 0xFC86, 0xFC86, 0xFC97, 0xFA76,
  0xF544, 0xF544, 0xF544, 0xF544, 0x5543, 0x0000, 0x0444, 0x0000,
  0x0000, 0x0000, 0x0000, 0x0000, 0x0000, 0x0000, 0x0000, 0x0000,
  0x0000, 0x0000, 0x0000, 0x0000, 0x0000, 0x0000, 0x0000, 0x0000,
  0x0000, 0x0000, 0x0000, 0x0000, 0x0000, 0x0000, 0x0000, 0x0000,
  0x0000, 0x0000, 0x0000, 0x0000, 0x0000, 0x0000, 0x0000, 0x0000,
  0x0000, 0x0000, 0x0000, 0x0000, 0x0000, 0x0000, 0x0000, 0x0000,
  0x0000, 0x0000, 0x0000, 0x0000, 0x0000, 0x0000, 0x0000, 0x0000,
  0x0000, 0x0000, 0x0000, 0x0000, 0x0000, 0x0000, 0x0000, 0x0000,
  0x0000, 0x0000, 0x0000, 0x0000, 0x0000, 0x0000, 0x0000, 0x0000,
  0x0000, 0x0000, 0x0000, 0x0000, 0x0000, 0x0000, 0x0000, 0x0000,
  0x0000, 0x0000, 0x0000, 0x0000, 0x0000, 0x0000, 0x0000, 0x0000,
  0x0000, 0x0000, 0x0000, 0x0000, 0x0000, 0x0000, 0x0000, 0x0000,
  0x0000, 0x0000, 0x0000, 0x0000, 0x0000, 0x0000, 0x0000, 0x0000,
  0x0000, 0x0000, 0x0000, 0x0000, 0x0000, 0x0000, 0x0000, 0x0000,
  0x0000, 0x0000, 0x0000, 0x0000, 0x0000, 0x0000, 0x0000, 0x0000,
  0x0000, 0x0000, 0x0000, 0x0000, 0x0000, 0x0000, 0x0000, 0x0000,
  0x0000, 0x0000, 0x0000, 0x0000, 0x0000, 0x0000, 0x0000, 0x0000,
  0x0000, 0x0000, 0x0000, 0x0000, 0x0000, 0x0000, 0x0000, 0x0000,
  0x0000, 0x0000, 0x0000, 0x0000, 0x0000, 0x0000, 0x0000, 0x0000,
  0x0000, 0x0000, 0x0000, 0x0000, 0x0000, 0x0000, 0x0000, 0x0000,
  0x0000, 0x0000, 0x0000, 0x0000, 0x0000, 0x0000, 0x0000, 0x0000,
  0x0000, 0x0000, 0x0000, 0x0444, 0x0000, 0x6544, 0xF544, 0xF544,
  0xF544, 0xF544, 0xFB97, 0xFDB9, 0xFDC9, 0xFEDA, 0xFEDA, 0xFEDB,
  0xFEEB, 0xFEDB, 0xFEDB, 0xFEDA, 0xFEDA, 0xFEDA, 0xFEDA, 0xFEDA,
  0xFEDB, 0xFEDA, 0xF654, 0xF543, 0xF544, 0xF544, 0xF544, 0xF544,
  0xF543, 0xF765, 0xFEEB, 0xFEDA, 0xFEDA, 0xFEDA, 0xFEDA, 0xFEDA,
  0xFEDA, 0xFEDA, 0xFEDA, 0xFEDA, 0xFEDA, 0xFEDA, 0xFEDA, 0xFEDA,
  0xFEDA, 0xFEDA, 0xFEDA, 0xFEDA, 0xFEDA, 0xFEDA, 0xFEDA, 0xFEDA,
  0xFEDA, 0xFEDA, 0xFEDA, 0xFEDA, 0xFEDA, 0xFEDA, 0xFEDB, 0xF765,
  0xF543, 0xF544, 0xF544, 0xF544, 0xF544, 0xF544, 0xF433, 0xF987,
  0xFFEB, 0xFEDA, 0xFEDA, 0xFEDB, 0xFDB9, 0xFC86, 0xFC86, 0xFC97,
  0xFC97, 0xFC97, 0xFC97, 0xFC97, 0xFC97, 0xFC97, 0xFC97, 0xFB86,
  0xF644, 0xF544, 0xF544, 0xF544, 0x8543, 0x0000, 0x0555, 0x0000,
  0x0000, 0x0000, 0x0000, 0x0000, 0x0000, 0x0000, 0x0000, 0x0000,
  0x0000, 0x0000, 0x0000, 0x0000, 0x0000, 0x0000, 0x0000, 0x0000,
  0x0000, 0x0000, 0x0000, 0x0000, 0x0000, 0x0000, 0x0000, 0x0000,
  0x0000, 0x0000, 0x0000, 0x0000, 0x0000, 0x0000, 0x0000, 0x0000,
  0x0000, 0x0000, 0x0000, 0x0000, 0x0000, 0x0000, 0x0000, 0x0000,
  0x0000, 0x0000, 0x0000, 0x0000, 0x0000, 0x0000, 0x0000, 0x0000,
  0x0000, 0x0000, 0x0000, 0x0000, 0x0000, 0x0000, 0x0000, 0x0000,
  0x0000, 0x0000, 0x0000, 0x0000, 0x0000, 0x0000, 0x0000, 0x0000,
  0x0000, 0x0000, 0x0000, 0x0000, 0x0000, 0x0000, 0x0000, 0x0000,
  0x0000, 0x0000, 0x0000, 0x0000, 0x0000, 0x0000, 0x0000, 0x0000,
  0x0000, 0x0000, 0x0000, 0x0000, 0x0000, 0x0000, 0x0000, 0x0000,
  0x0000, 0x0000, 0x0000, 0x0000, 0x0000, 0x0000, 0x0000, 0x0000,
  0x0000, 0x0000, 0x0000, 0x0000, 0x0000, 0x0000, 0x0000, 0x0000,
  0x0000, 0x0000, 0x0000, 0x0000, 0x0000, 0x0000, 0x0000, 0x0000,
  0x0000, 0x0000, 0x0000, 0x0000, 0x0000, 0x0000, 0x0000, 0x0000,
  0x0000, 0x0000, 0x0000, 0x0000, 0x0000, 0x0000, 0x0000, 0x0000,
  0x0000, 0x0000, 0x0000, 0x0000, 0x0000, 0x0000, 0x0000, 0x0000,
  0x0000, 0x0000, 0x0000, 0x0000, 0x0000, 0x0000, 0x0000, 0x0000,
  0x0000, 0x0000, 0x0000, 0x0000, 0x0000, 0x0000, 0x0000, 0x0000,
  0x0000, 0x0000, 0x0000, 0x0000, 0x0000, 0x0000, 0x0000, 0x0000,
  0x0000, 0x0000, 0x0000, 0x0555, 0x0000, 0x8543, 0xF544, 0xF544,
  0xF543, 0xF654, 0xFC86, 0xFC86, 0xFC96, 0xFC97, 0xFC97, 0xFDA8,
  0xFDB9, 0xFDC9, 0xFEDA, 0xFEDB, 0xFEDB, 0xFEDA, 0xFEDA, 0xFEDA,
  0xFEDB, 0xFEDA, 0xF655, 0xF543, 0xF544, 0xF544, 0xF544, 0xF544,
  0xF543, 0xF765, 0xFEDB, 0xFEDA, 0xFEDA, 0xFEDA, 0xFEDA, 0xFEDA,
  0xFEDA, 0xFEDA, 0xFEDA, 0xFEDA, 0xFEDA, 0xFEDA, 0xFEDA, 0xFEDA,
  0xFEDA, 0xFEDA, 0xFEDA, 0xFEDA, 0xFEDA, 0xFEDA, 0xFEDA, 0xFEDA,
  0xFEDA, 0xFEDA, 0xFEDA, 0xFEDA, 0xFEDA, 0xFEDA, 0xFFEB, 0xF765,
  0xF543, 0xF544, 0xF544, 0xF544, 0xF544, 0xF544, 0xF433, 0xF986,
  0xFFEB, 0xFEDA, 0xFEDA, 0xFEDB, 0xFCA7, 0xFC86, 0xFC97, 0xFC97,
  0xFC97, 0xFC97, 0xFC97, 0xFC97, 0xFC97, 0xFC97, 0xFC97, 0xFC97,
  0xF754, 0xF543, 0xF544, 0xF544, 0xC544, 0x0700, 0x0000, 0x0000,
  0x0000, 0x0000, 0x0000, 0x0000, 0x0000, 0x0000, 0x0000, 0x0000,
  0x0000, 0x0000, 0x0000, 0x0000, 0x0000, 0x0000, 0x0000, 0x0000,
  0x0000, 0x0000, 0x0000, 0x0000, 0x0000, 0x0000, 0x0000, 0x0000,
  0x0000, 0x0000, 0x0000, 0x0000, 0x0000, 0x0000, 0x0000, 0x0000,
  0x0000, 0x0000, 0x0000, 0x0000, 0x0000, 0x0000, 0x0000, 0x0000,
  0x0000, 0x0000, 0x0000, 0x0000, 0x0000, 0x0000, 0x0000, 0x0000,
  0x0000, 0x0000, 0x0000, 0x0000, 0x0000, 0x0000, 0x0000, 0x0000,
  0x0000, 0x0000, 0x0000, 0x0000, 0x0000, 0x0000, 0x0000, 0x0000,
  0x0000, 0x0000, 0x0000, 0x0000, 0x0000, 0x0000, 0x0000, 0x0000,
  0x0000, 0x0000, 0x0000, 0x0000, 0x0000, 0x0000, 0x0000, 0x0000,
  0x0000, 0x0000, 0x0000, 0x0000, 0x0000, 0x0000, 0x0000, 0x0000,
  0x0000, 0x0000, 0x0000, 0x0000, 0x0000, 0x0000, 0x0000, 0x0000,
  0x0000, 0x0000, 0x0000, 0x0000, 0x0000, 0x0000, 0x0000, 0x0000,
  0x0000, 0x0000, 0x0000, 0x0000, 0x0000, 0x0000, 0x0000, 0x0000,
  0x0000, 0x0000, 0x0000, 0x0000, 0x0000, 0x0000, 0x0000, 0x0000,
  0x0000, 0x0000, 0x0000, 0x0000, 0x0000, 0x0000, 0x0000, 0x0000,
  0x0000, 0x0000, 0x0000, 0x0000, 0x0000, 0x0000, 0x0000, 0x0000,
  0x0000, 0x0000, 0x0000, 0x0000, 0x0000, 0x0000, 0x0000, 0x0000,
  0x0000, 0x0000, 0x0000, 0x0000, 0x0000, 0x0000, 0x0000, 0x0000,
  0x0000, 0x0000, 0x0000, 0x0000, 0x0000, 0x0000, 0x0000, 0x0000,
  0x0000, 0x0000, 0x0000, 0x0000, 0x0000, 0xB544, 0xF544, 0xF544,
  0xF543, 0xF754, 0xFC97, 0xFC97, 0xFC97, 0xFC97, 0xFC86, 0xFC86,
  0xFC86, 0xFC96, 0xFC97, 0xFDB8, 0xFEDA, 0xFEDA, 0xFEDA, 0xFEDA,
  0xFEDA, 0xFEDA, 0xF765, 0xF543, 0xF544, 0xF544, 0xF544, 0xF544,
  0xF543, 0xF765, 0xFEDB, 0xFEDA, 0xFEDA, 0xFEDA, 0xFEDA, 0xFEDA,
  0xFEDA, 0xFEDA, 0xFEDA, 0xFEDA, 0xFEDA, 0xFEDA, 0xFEDA, 0xFEDA,
  0xFEDA, 0xFEDA, 0xFEDA, 0xFEDA, 0xFEDA, 0xFEDA, 0xFEDA, 0xFEDA,
  0xFEDA, 0xFEDA, 0xFEDA, 0xFEDA, 0xFEDA, 0xFEDA, 0xFFEB, 0xF875,
  0xF543, 0xF544, 0xF544, 0xF544, 0xF544, 0xF544, 0xF433, 0xF876,
  0xFEDB, 0xFEDA, 0xFEDA, 0xFEDB, 0xFCA7, 0xFC86, 0xFC97, 0xFC97,
  0xFC97, 0xFC97, 0xFC97, 0xFC97, 0xFC97, 0xFC97, 0xFC97, 0xFC97,
  0xF965, 0xF543, 0xF544, 0xF544, 0xE544, 0x1433, 0x0000, 0x0000,
  0x0000, 0x0000, 0x0000, 0x0000, 0x0000, 0x0000, 0x0000, 0x0000,
  0x0000, 0x0000, 0x0000, 0x0000, 0x0000, 0x0000, 0x0000, 0x0000,
  0x0000, 0x0000, 0x0000, 0x0000, 0x0000, 0x0000, 0x0000, 0x0000,
  0x0000, 0x0000, 0x0000, 0x0000, 0x0000, 0x0000, 0x0000, 0x0000,
  0x0000, 0x0000, 0x0000, 0x0000, 0x0000, 0x0000, 0x0000, 0x0000,
  0x0000, 0x0000, 0x0000, 0x0000, 0x0000, 0x0000, 0x0000, 0x0000,
  0x0000, 0x0000, 0x0000, 0x0000, 0x0000, 0x0000, 0x0000, 0x0000,
  0x0000, 0x0000, 0x0000, 0x0000, 0x0000, 0x0000, 0x0000, 0x0000,
  0x0000, 0x0000, 0x0000, 0x0000, 0x0000, 0x0000, 0x0000, 0x0000,
  0x0000, 0x0000, 0x0000, 0x0000, 0x0000, 0x0000, 0x0000, 0x0000,
  0x0000, 0x0000, 0x0000, 0x0000, 0x0000, 0x0000, 0x0000, 0x0000,
  0x0000, 0x0000, 0x0000, 0x0000, 0x0000, 0x0000, 0x0000, 0x0000,
  0x0000, 0x0000, 0x0000, 0x0000, 0x0000, 0x0000, 0x0000, 0x0000,
  0x0000, 0x0000, 0x0000, 0x0000, 0x0000, 0x0000, 0x0000, 0x0000,
  0x0000, 0x0000, 0x0000, 0x0000, 0x0000, 0x0000, 0x0000, 0x0000,
  0x0000, 0x0000, 0x0000, 0x0000, 0x0000, 0x0000, 0x0000, 0x0000,
  0x0000, 0x0000, 0x0000, 0x0000, 0x0000, 0x0000, 0x0000, 0x0000,
  0x0000, 0x0000, 0x0000, 0x0000, 0x0000, 0x0000, 0x0000, 0x0000,
  0x0000, 0x0000, 0x0000, 0x0000, 0x0000, 0x0000, 0x0000, 0x0000,
  0x0000, 0x0000, 0x0000, 0x0000, 0x0000, 0x0000, 0x0000, 0x0000,
  0x0000, 0x0000, 0x0000, 0x0000, 0x1533, 0xD544, 0xF544, 0xF544,
  0xF543, 0xF865, 0xFC97, 0xFC97, 0xFC97, 0xFC97, 0xFC97, 0xFC97,
  0xFC97, 0xFC97, 0xFC97, 0xFC97, 0xFEC9, 0xFEDB, 0xFEDA, 0xFEDA,
  0xFEDA, 0xFEDA, 0xF765, 0xF543, 0xF544, 0xF544, 0xF544, 0xF544,
  0xF543, 0xF655, 0xFEDA, 0xFEDA, 0xFEDA, 0xFEDA, 0xFEDA, 0xFEDA,
  0xFEDA, 0xFEDA, 0xFEDA, 0xFEDA, 0xFEDA, 0xFEDA, 0xFEDA, 0xFEDA,
  0xFEDA, 0xFEDA, 0xFEDA, 0xFEDA, 0xFEDA, 0xFEDA, 0xFEDA, 0xFEDA,
  0xFEDA, 0xFEDA, 0xFEDA, 0xFEDA, 0xFEDA, 0xFEDA, 0xFFEB, 0xF876,
  0xF543, 0xF544, 0xF544, 0xF544, 0xF544, 0xF544, 0xF543, 0xF765,
  0xFEDA, 0xFEDB, 0xFEDA, 0xFEDB, 0xFDB9, 0xFC86, 0xFC97, 0xFC97,
  0xFC97, 0xFC97, 0xFC97, 0xFC97, 0xFC97, 0xFC97, 0xFC97, 0xFC97,
  0xF975, 0xF543, 0xF544, 0xF544, 0xF544, 0x4543, 0x0000, 0x0555,
  0x0000, 0x0000, 0x0000, 0x0000, 0x0000, 0x0000, 0x0000, 0x0000,
  0x0000, 0x0000, 0x0000, 0x0000, 0x0000, 0x0000, 0x0000, 0x0000,
  0x0000, 0x0000, 0x0000, 0x0000, 0x0000, 0x0000, 0x0000, 0x0000,
  0x0000, 0x0000, 0x0000, 0x0000, 0x0000, 0x0000, 0x0000, 0x0000,
  0x0000, 0x0000, 0x0000, 0x0000, 0x0000, 0x0000, 0x0000, 0x0000,
  0x0000, 0x0000, 0x0000, 0x0000, 0x0000, 0x0000, 0x0000, 0x0000,
  0x0000, 0x0000, 0x0000, 0x0000, 0x0000, 0x0000, 0x0000, 0x0000,
  0x0000, 0x0000, 0x0000, 0x0000, 0x0000, 0x0000, 0x0000, 0x0000,
  0x0000, 0x0000, 0x0000, 0x0000, 0x0000, 0x0000, 0x0000, 0x0000,
  0x0000, 0x0000, 0x0000, 0x0000, 0x0000, 0x0000, 0x0000, 0x0000,
  0x0000, 0x0000, 0x0000, 0x0000, 0x0000, 0x0000, 0x0000, 0x0000,
  0x0000, 0x0000, 0x0000, 0x0000, 0x0000, 0x0000, 0x0000, 0x0000,
  0x0000, 0x0000, 0x0000, 0x0000, 0x0000, 0x0000, 0x0000, 0x0000,
  0x0000, 0x0000, 0x0000, 0x0000, 0x0000, 0x0000, 0x0000, 0x0000,
  0x0000, 0x0000, 0x0000, 0x0000, 0x0000, 0x0000, 0x0000, 0x0000,
  0x0000, 0x0000, 0x0000, 0x0000, 0x0000, 0x0000, 0x0000, 0x0000,
  0x0000, 0x0000, 0x0000, 0x0000, 0x0000, 0x0000, 0x0000, 0x0000,
  0x0000, 0x0000, 0x0000, 0x0000, 0x0000, 0x0000, 0x0000, 0x0000,
  0x0000, 0x0000, 0x0000, 0x0000, 0x0000, 0x0000, 0x0000, 0x0000,
  0x0000, 0x0000, 0x0000, 0x0000, 0x0000, 0x0000, 0x0000, 0x0000,
  0x0000, 0x0000, 0x0700, 0x0000, 0x3543, 0xF544, 0xF544, 0xF544,
  0xF543, 0xFA76, 0xFC97, 0xFC86, 0xFC86, 0xFC86, 0xFC97, 0xFC97,
  0xFC97, 0xFC97, 0xFC97, 0xFC86, 0xFDC9, 0xFEDB, 0xFEDA, 0xFEDA,
  0xFEDA, 0xFEEB, 0xF876, 0xF533, 0xF544, 0xF544, 0xF544, 0xF544,
  0xF543, 0xF654, 0xFEDA, 0xFEDB, 0xFEDA, 0xFEDA, 0xFEDA, 0xFEDA,
  0xFEDA, 0xFEDA, 0xFEDA, 0xFEDA, 0xFEDA, 0xFEDA, 0xFEDA, 0xFEDA,
  0xFEDA, 0xFEDA, 0xFEDA, 0xFEDA, 0xFEDA, 0xFEDA, 0xFEDA, 0xFEDA,
  0xFEDA, 0xFEDA, 0xFEDA, 0xFEDA, 0xFEDA, 0xFEDA, 0xFFEB, 0xF876,
  0xF543, 0xF544, 0xF544, 0xF544, 0xF544, 0xF544, 0xF543, 0xF654,
  0xFDDA, 0xFEDB, 0xFEDA, 0xFEDA, 0xFEDB, 0xFDB8, 0xFC96, 0xFC86,
  0xFC96, 0xFC97, 0xFC97, 0xFC97, 0xFC97, 0xFC86, 0xFC86, 0xFC97,
  0xFB97, 0xF544, 0xF544, 0xF544, 0xF544, 0x6543, 0x0000, 0x0444,
  0x0000, 0x0000, 0x0000, 0x0000, 0x0000, 0x0000, 0x0000, 0x0000,
  0x0000, 0x0000, 0x0000, 0x0000, 0x0000, 0x0000, 0x0000, 0x0000,
  0x0000, 0x0000, 0x0000, 0x0000, 0x0000, 0x0000, 0x0000, 0x0000,
  0x0000, 0x0000, 0x0000, 0x0000, 0x0000, 0x0000, 0x0000, 0x0000,
  0x0000, 0x0000, 0x0000, 0x0000, 0x0000, 0x0000, 0x0000, 0x0000,
  0x0000, 0x0000, 0x0000, 0x0000, 0x0000, 0x0000, 0x0000, 0x0000,
  0x0000, 0x0000, 0x0000, 0x0000, 0x0000, 0x0000, 0x0000, 0x0000,
  0x0000, 0x0000, 0x0000, 0x0000, 0x0000, 0x0000, 0x0000, 0x0000,
  0x0000, 0x0000, 0x0000, 0x0000, 0x0000, 0x0000, 0x0000, 0x0000,
  0x0000, 0x0000, 0x0000, 0x0000, 0x0000, 0x0000, 0x0000, 0x0000,
  0x0000, 0x0000, 0x0000, 0x0000, 0x0000, 0x0000, 0x0000, 0x0000,
  0x0000, 0x0000, 0x0000, 0x0000, 0x0000, 0x0000, 0x0000, 0x0000,
  0x0000, 0x0000, 0x0000, 0x0000, 0x0000, 0x0000, 0x0000, 0x0000,
  0x0000, 0x0000, 0x0000, 0x0000, 0x0000, 0x0000, 0x0000, 0x0000,
  0x0000, 0x0000, 0x0000, 0x0000, 0x0000, 0x0000, 0x0000, 0x0000,
  0x0000, 0x0000, 0x0000, 0x0000, 0x0000, 0x0000, 0x0000, 0x0000,
  0x0000, 0x0000, 0x0000, 0x0000, 0x0000, 0x0000, 0x0000, 0x0000,
  0x0000, 0x0000, 0x0000, 0x0000, 0x0000, 0x0000, 0x0000, 0x0000,
  0x0000, 0x0000, 0x0000, 0x0000, 0x0000, 0x0000, 0x0000, 0x0000,
  0x0000, 0x0000, 0x0000, 0x0000, 0x0000, 0x0000, 0x0000, 0x0000,
  0x0000, 0x0000, 0x0444, 0x0000, 0x5543, 0xF544, 0xF544, 0xF544,
  0xF544, 0xFCB9, 0xFEDA, 0xFDB9, 0xFDA8, 0xFCA7, 0xFC97, 0xFC97,
  0xFC86, 0xFC86, 0xFC86, 0xFDA8, 0xFEDA, 0xFEDB, 0xFEDA, 0xFEDA,
  0xFEDA, 0xFFEB, 0xF876, 0xF433, 0xF544, 0xF544, 0xF544, 0xF544,
  0xF543, 0xF544, 0xFDC9, 0xFEEB, 0xFEDA, 0xFEDA, 0xFEDA, 0xFEDA,
  0xFEDA, 0xFEDA, 0xFEDA, 0xFEDA, 0xFEDA, 0xFEDA, 0xFEDA, 0xFEDA,
  0xFEDA, 0xFEDA, 0xFEDA, 0xFEDA, 0xFEDA, 0xFEDA, 0xFEDA, 0xFEDA,
  0xFEDA, 0xFEDA, 0xFEDA, 0xFEDA, 0xFEDA, 0xFEDA, 0xFFEB, 0xF986,
  0xF543, 0xF544, 0xF544, 0xF544, 0xF544, 0xF544, 0xF544, 0xF544,
  0xFDCA, 0xFEDB, 0xFEDA, 0xFEDA, 0xFEDA, 0xFEDB, 0xFEC9, 0xFDA8,
  0xFC97, 0xFC97, 0xFC97, 0xFC97, 0xFC97, 0xFCA7, 0xFDB8, 0xFECA,
  0xFEDA, 0xF655, 0xF543, 0xF544, 0xF544, 0x9543, 0x0000, 0x0555,
  0x0000, 0x0000, 0x0000, 0x0000, 0x0000, 0x0000, 0x0000, 0x0000,
  0x0000, 0x0000, 0x0000, 0x0000, 0x0000, 0x0000, 0x0000, 0x0000,
  0x0000, 0x0000, 0x0000, 0x0000, 0x0000, 0x0000, 0x0000, 0x0000,
  0x0000, 0x0000, 0x0000, 0x0000, 0x0000, 0x0000, 0x0000, 0x0000,
  0x0000, 0x0000, 0x0000, 0x0000, 0x0000, 0x0000, 0x0000, 0x0000,
  0x0000, 0x0000, 0x0000, 0x0000, 0x0000, 0x0000, 0x0000, 0x0000,
  0x0000, 0x0000, 0x0000, 0x0000, 0x0000, 0x0000, 0x0000, 0x0000,
  0x0000, 0x0000, 0x0000, 0x0000, 0x0000, 0x0000, 0x0000, 0x0000,
  0x0000, 0x0000, 0x0000, 0x0000, 0x0000, 0x0000, 0x0000, 0x0000,
  0x0000, 0x0000, 0x0000, 0x0000, 0x0000, 0x0000, 0x0000, 0x0000,
  0x0000, 0x0000, 0x0000, 0x0000, 0x0000, 0x0000, 0x0000, 0x0000,
  0x0000, 0x0000, 0x0000, 0x0000, 0x0000, 0x0000, 0x0000, 0x0000,
  0x0000, 0x0000, 0x0000, 0x0000, 0x0000, 0x0000, 0x0000, 0x0000,
  0x0000, 0x0000, 0x0000, 0x0000, 0x0000, 0x0000, 0x0000, 0x0000,
  0x0000, 0x0000, 0x0000, 0x0000, 0x0000, 0x0000, 0x0000, 0x0000,
  0x0000, 0x0000, 0x0000, 0x0000, 0x0000, 0x0000, 0x0000, 0x0000,
  0x0000, 0x0000, 0x0000, 0x0000, 0x0000, 0x0000, 0x0000, 0x0000,
  0x0000, 0x0000, 0x0000, 0x0000, 0x0000, 0x0000, 0x0000, 0x0000,
  0x0000, 0x0000, 0x0000, 0x0000, 0x0000, 0x0000, 0x0000, 0x0000,
  0x0000, 0x0000, 0x0000, 0x0000, 0x0000, 0x0000, 0x0000, 0x0000,
  0x0000, 0x0000, 0x0444, 0x0000, 0x7544, 0xF544, 0xF544, 0xF543,
  0xF654, 0xFDCA, 0xFEDB, 0xFEDB, 0xFEDB, 0xFEDA, 0xFEDA, 0xFECA,
  0xFDC9, 0xFDB9, 0xFDC9, 0xFEDA, 0xFEDB, 0xFEDA, 0xFEDA, 0xFEDA,
  0xFEDA, 0xFFEB, 0xF986, 0xF433, 0xF544, 0xF544, 0xF544, 0xF544,
  0xF544, 0xF544, 0xFCB9, 0xFFEB, 0xFEDA, 0xFEDA, 0xFEDA, 0xFEDA,
  0xFEDA, 0xFEDA, 0xFEDA, 0xFEDA, 0xFEDA, 0xFEDA, 0xFEDA, 0xFEDA,
  0xFEDA, 0xFEDA, 0xFEDA, 0xFEDA, 0xFEDA, 0xFEDA, 0xFEDA, 0xFEDA,
  0xFEDA, 0xFEDA, 0xFEDA, 0xFEDA, 0xFEDA, 0xFEDA, 0xFFEB, 0xF987,
  0xF543, 0xF544, 0xF544, 0xF544, 0xF544, 0xF544, 0xF544, 0xF544,
  0xFCB9, 0xFEEB, 0xFEDA, 0xFEDA, 0xFEDA, 0xFEDA, 0xFEDB, 0xFEDB,
  0xFEDA, 0xFECA, 0xFECA, 0xFECA, 0xFEDA, 0xFEDA, 0xFEDB, 0xFEDB,
  0xFEDB, 0xF875, 0xF543, 0xF544, 0xF544, 0xC543, 0x00F0, 0x0000,
  0x0000, 0x0000, 0x0000, 0x0000, 0x0000, 0x0000, 0x0000, 0x0000,
  0x0000, 0x0000, 0x0000, 0x0000, 0x0000, 0x0000, 0x0000, 0x0000,
  0x0000, 0x0000, 0x0000, 0x0000, 0x0000, 0x0000, 0x0000, 0x0000,
  0x0000, 0x0000, 0x0000, 0x0000, 0x0000, 0x0000, 0x0000, 0x0000,
  0x0000, 0x0000, 0x0000, 0x0000, 0x0000, 0x0000, 0x0000, 0x0000,
  0x0000, 0x0000, 0x0000, 0x0000, 0x0000, 0x0000, 0x0000, 0x0000,
  0x0000, 0x0000, 0x0000, 0x0000, 0x0000, 0x0000, 0x0000, 0x0000,
  0x0000, 0x0000, 0x0000, 0x0000, 0x0000, 0x0000, 0x0000, 0x0000,
  0x0000, 0x0000, 0x0000, 0x0000, 0x0000, 0x0000, 0x0000, 0x0000,
  0x0000, 0x0000, 0x0000, 0x0000, 0x0000, 0x0000, 0x0000, 0x0000,
  0x0000, 0x0000, 0x0000, 0x0000, 0x0000, 0x0000, 0x0000, 0x0000,
  0x0000, 0x0000, 0x0000, 0x0000, 0x0000, 0x0000, 0x0000, 0x0000,
  0x0000, 0x0000, 0x0000, 0x0000, 0x0000, 0x0000, 0x0000, 0x0000,
  0x0000, 0x0000, 0x0000, 0x0000, 0x0000, 0x0000, 0x0000, 0x0000,
  0x0000, 0x0000, 0x0000, 0x0000, 0x0000, 0x0000, 0x0000, 0x0000,
  0x0000, 0x0000, 0x0000, 0x0000, 0x0000, 0x0000, 0x0000, 0x0000,
  0x0000, 0x0000, 0x0000, 0x0000, 0x0000, 0x0000, 0x0000, 0x0000,
  0x0000, 0x0000, 0x0000, 0x0000, 0x0000, 0x0000, 0x0000, 0x0000,
  0x0000, 0x0000, 0x0000, 0x0000, 0x0000, 0x0000, 0x0000, 0x0000,
  0x0000, 0x0000, 0x0000, 0x0000, 0x0000, 0x0000, 0x0000, 0x0000,
  0x0000, 0x0000, 0x0555, 0x0000, 0x8543, 0xF544, 0xF544, 0xF543,
  0xF765, 0xFEDB, 0xFEDB, 0xFEDA, 0xFEDA, 0xFEDB, 0xFEDB, 0xFEDB,
  0xFEDB, 0xFEEB, 0xFEEB, 0xFEDB, 0xFEDA, 0xFEDA, 0xFEDA, 0xFEDA,
  0xFEDA, 0xFFEB, 0xF987, 0xF433, 0xF544, 0xF544, 0xF544, 0xF544,
  0xF544, 0xF543, 0xFCB9, 0xFFEB, 0xFEDA, 0xFEDA, 0xFEDA, 0xFEDA,
  0xFEDA, 0xFEDA, 0xFEDA, 0xFEDA, 0xFEDA, 0xFEDA, 0xFEDA, 0xFEDA,
  0xFEDA, 0xFEDA, 0xFEDA, 0xFEDA, 0xFEDA, 0xFEDA, 0xFEDA, 0xFEDA,
  0xFEDA, 0xFEDA, 0xFEDA, 0xFEDA, 0xFEDA, 0xFEDA, 0xFFEB, 0xFA97,
  0xF543, 0xF544, 0xF544, 0xF544, 0xF544, 0xF544, 0xF544, 0xF543,
  0xFBA8, 0xFFEB, 0xFEDA, 0xFEDA, 0xFEDA, 0xFEDA, 0xFEDA, 0xFEDA,
  0xFEDA, 0xFEDB, 0xFEEB, 0xFEEB, 0xFEEB, 0xFEEB, 0xFEDB, 0xFEDB,
  0xFFEB, 0xF987, 0xF433, 0xF544, 0xF544, 0xD544, 0x1433, 0x0000,
  0x0000, 0x0000, 0x0000, 0x0000, 0x0000, 0x0000, 0x0000, 0x0000,
  0x0000, 0x0000, 0x0000, 0x0000, 0x0000, 0x0000, 0x0000, 0x0000,
  0x0000, 0x0000, 0x0000, 0x0000, 0x0000, 0x0000, 0x0000, 0x0000,
  0x0000, 0x0000, 0x0000, 0x0000, 0x0000, 0x0000, 0x0000, 0x0000,
  0x0000, 0x0000, 0x0000, 0x0000, 0x0000, 0x0000, 0x0000, 0x0000,
  0x0000, 0x0000, 0x0000, 0x0000, 0x0000, 0x0000, 0x0000, 0x0000,
  0x0000, 0x0000, 0x0000, 0x0000, 0x0000, 0x0000, 0x0000, 0x0000,
  0x0000, 0x0000, 0x0000, 0x0000, 0x0000, 0x0000, 0x0000, 0x0000,
  0x0000, 0x0000, 0x0000, 0x0000, 0x0000, 0x0000, 0x0000, 0x0000,
  0x0000, 0x0000, 0x0000, 0x0000, 0x0000, 0x0000, 0x0000, 0x0000,
  0x0000, 0x0000, 0x0000, 0x0000, 0x0000, 0x0000, 0x0000, 0x0000,
  0x0000, 0x0000, 0x0000, 0x0000, 0x0000, 0x0000, 0x0000, 0x0000,
  0x0000, 0x0000, 0x0000, 0x0000, 0x0000, 0x0000, 0x0000, 0x0000,
  0x0000, 0x0000, 0x0000, 0x0000, 0x0000, 0x0000, 0x0000, 0x0000,
  0x0000, 0x0000, 0x0000, 0x0000, 0x0000, 0x0000, 0x0000, 0x0000,
  0x0000, 0x0000, 0x0000, 0x0000, 0x0000, 0x0000, 0x0000, 0x0000,
  0x0000, 0x0000, 0x0000, 0x0000, 0x0000, 0x0000, 0x0000, 0x0000,
  0x0000, 0x0000, 0x0000, 0x0000, 0x0000, 0x0000, 0x0000, 0x0000,
  0x0000, 0x0000, 0x0000, 0x0000, 0x0000, 0x0000, 0x0000, 0x0000,
  0x0000, 0x0000, 0x0000, 0x0000, 0x0000, 0x0000, 0x0000, 0x0000,
  0x0000, 0x0000, 0x0000, 0x0000, 0xA544, 0xF544, 0xF544, 0xF543,
  0xF765, 0xFEDA, 0xFEDA, 0xFEDA, 0xFEDA, 0xFEDA, 0xFEDB, 0xFEDB,
  0xFEDB, 0xFEDB, 0xFEDA, 0xFEDA, 0xFEDA, 0xFEDA, 0xFEDA, 0xFEDA,
  0xFEDA, 0xFFEB, 0xF997, 0xF433, 0xF544, 0xF544, 0xF544, 0xF544,
  0xF544, 0xF433, 0xFBA8, 0xFFEB, 0xFEDA, 0xFEDA, 0xFEDA, 0xFEDA,
  0xFEDA, 0xFEDA, 0xFEDA, 0xFEDA, 0xFEDA, 0xFEDA, 0xFEDA, 0xFEDA,
  0xFEDA, 0xFEDA, 0xFEDA, 0xFEDA, 0xFEDA, 0xFEDA, 0xFEDA, 0xFEDA,
  0xFEDA, 0xFEDA, 0xFEDA, 0xFEDA, 0xFEDA, 0xFEDA, 0xFFEB, 0xFBA8,
  0xF543, 0xF544, 0xF544, 0xF544, 0xF544, 0xF544, 0xF544, 0xF543,
  0xFA98, 0xFFEB, 0xFEDA, 0xFEDA, 0xFEDA, 0xFEDA, 0xFEDA, 0xFEDB,
  0xFEDB, 0xFEDA, 0xFEDA, 0xFECA, 0xFDC9, 0xFDC9, 0xFDC9, 0xFDC9,
  0xFFEB, 0xFBA8, 0xF543, 0xF544, 0xF544, 0xF544, 0x3543, 0x0000,
  0x0000, 0x0000, 0x0000, 0x0000, 0x0000, 0x0000, 0x0000, 0x0000,
  0x0000, 0x0000, 0x0000, 0x0000, 0x0000, 0x0000, 0x0000, 0x0000,
  0x0000, 0x0000, 0x0000, 0x0000, 0x0000, 0x0000, 0x0000, 0x0000,
  0x0000, 0x0000, 0x0000, 0x0000, 0x0000, 0x0000, 0x0000, 0x0000,
  0x0000, 0x0000, 0x0000, 0x0000, 0x0000, 0x0000, 0x0000, 0x0000,
  0x0000, 0x0000, 0x0000, 0x0000, 0x0000, 0x0000, 0x0000, 0x0000,
  0x0000, 0x0000, 0x0000, 0x0000, 0x0000, 0x0000, 0x0000, 0x0000,
  0x0000, 0x0000, 0x0000, 0x0000, 0x0000, 0x0000, 0x0000, 0x0000,
  0x0000, 0x0000, 0x0000, 0x0000, 0x0000, 0x0000, 0x0000, 0x0000,
  0x0000, 0x0000, 0x0000, 0x0000, 0x0000, 0x0000, 0x0000, 0x0000,
  0x0000, 0x0000, 0x0000, 0x0000, 0x0000, 0x0000, 0x0000, 0x0000,
  0x0000, 0x0000, 0x0000, 0x0000, 0x0000, 0x0000, 0x0000, 0x0000,
  0x0000, 0x0000, 0x0000, 0x0000, 0x0000, 0x0000, 0x0000, 0x0000,
  0x0000, 0x0000, 0x0000, 0x0000, 0x0000, 0x0000, 0x0000, 0x0000,
  0x0000, 0x0000, 0x0000, 0x0000, 0x0000, 0x0000, 0x0000, 0x0000,
  0x0000, 0x0000, 0x0000, 0x0000, 0x0000, 0x0000, 0x0000, 0x0000,
  0x0000, 0x0000, 0x0000, 0x0000, 0x0000, 0x0000, 0x0000, 0x0000,
  0x0000, 0x0000, 0x0000, 0x0000, 0x0000, 0x0000, 0x0000, 0x0000,
  0x0000, 0x0000, 0x0000, 0x0000, 0x0000, 0x0000, 0x0000, 0x0000,
  0x0000, 0x0000, 0x0000, 0x0000, 0x0000, 0x0000, 0x0000, 0x0000,
  0x0000, 0x0000, 0x0000, 0x0000, 0xB543, 0xF544, 0xF544, 0xF543,
  0xF755, 0xFC97, 0xFC97, 0xFC97, 0xFC97, 0xFCA7, 0xFDA8, 0xFDB8,
  0xFDB9, 0xFEC9, 0xFEDA, 0xFEDB, 0xFEDA, 0xFEDA, 0xFEDA, 0xFEDA,
  0xFEDA, 0xFFEB, 0xFA97, 0xF543, 0xF544, 0xF544, 0xF544, 0xF544,
  0xF544, 0xF433, 0xFBA8, 0xFFEB, 0xFEDA, 0xFEDA, 0xFEDA, 0xFEDA,
  0xFEDA, 0xFEDA, 0xFEDA, 0xFEDA, 0xFEDA, 0xFEDA, 0xFEDA, 0xFEDA,
  0xFEDA, 0xFEDA, 0xFEDA, 0xFEDA, 0xFEDA, 0xFEDA, 0xFEDA, 0xFEDA,
  0xFEDA, 0xFEDA, 0xFEDA, 0xFEDA, 0xFEDA, 0xFEDA, 0xFFEB, 0xFCB9,
  0xF543, 0xF544, 0xF544, 0xF544, 0xF544, 0xF544, 0xF544, 0xF543,
  0xFA97, 0xFFEB, 0xFEDA, 0xFEDA, 0xFEDA, 0xFEDA, 0xFEDB, 0xFEDA,
  0xFDB9, 0xFCA8, 0xFC97, 0xFC97, 0xFC97, 0xFC96, 0xFC96, 0xFC97,
  0xFDA8, 0xFBA8, 0xF544, 0xF544, 0xF544, 0xF544, 0x5544, 0x0000,
  0x0000, 0x0000, 0x0000, 0x0000, 0x0000, 0x0000, 0x0000, 0x0000,
  0x0000, 0x0000, 0x0000, 0x0000, 0x0000, 0x0000, 0x0000, 0x0000,
  0x0000, 0x0000, 0x0000, 0x0000, 0x0000, 0x0000, 0x0000, 0x0000,
  0x0000, 0x0000, 0x0000, 0x0000, 0x0000, 0x0000, 0x0000, 0x0000,
  0x0000, 0x0000, 0x0000, 0x0000, 0x0000, 0x0000, 0x0000, 0x0000,
  0x0000, 0x0000, 0x0000, 0x0000, 0x0000, 0x0000, 0x0000, 0x0000,
  0x0000, 0x0000, 0x0000, 0x0000, 0x0000, 0x0000, 0x0000, 0x0000,
  0x0000, 0x0000, 0x0000, 0x0000, 0x0000, 0x0000, 0x0000, 0x0000,
  0x0000, 0x0000, 0x0000, 0x0000, 0x0000, 0x0000, 0x0000, 0x0000,
  0x0000, 0x0000, 0x0000, 0x0000, 0x0000, 0x0000, 0x0000, 0x0000,
  0x0000, 0x0000, 0x0000, 0x0000, 0x0000, 0x0000, 0x0000, 0x0000,
  0x0000, 0x0000, 0x0000, 0x0000, 0x0000, 0x0000, 0x0000, 0x0000,
  0x0000, 0x0000, 0x0000, 0x0000, 0x0000, 0x0000, 0x0000, 0x0000,
  0x0000, 0x0000, 0x0000, 0x0000, 0x0000, 0x0000, 0x0000, 0x0000,
  0x0000, 0x0000, 0x0000, 0x0000, 0x0000, 0x0000, 0x0000, 0x0000,
  0x0000, 0x0000, 0x0000, 0x0000, 0x0000, 0x0000, 0x0000, 0x0000,
  0x0000, 0x0000, 0x0000, 0x0000, 0x0000, 0x0000, 0x0000, 0x0000,
  0x0000, 0x0000, 0x0000, 0x0000, 0x0000, 0x0000, 0x0000, 0x0000,
  0x0000, 0x0000, 0x0000, 0x0000, 0x0000, 0x0000, 0x0000, 0x0000,
  0x0000, 0x0000, 0x0000, 0x0000, 0x0000, 0x0000, 0x0000, 0x0000,
  0x0000, 0x0000, 0x0000, 0x0000, 0xB544, 0xF544, 0xF544, 0xF543,
  0xF754, 0xFC97, 0xFC97, 0xFC97, 0xFC96, 0xFC86, 0xFC86, 0xFC86,
  0xFC86, 0xFC97, 0xFCA8, 0xFEDA, 0xFEDB, 0xFEDA, 0xFEDA, 0xFEDA,
  0xFEDA, 0xFFEB, 0xFAA8, 0xF543, 0xF544, 0xF544, 0xF544, 0xF544,
  0xF544, 0xF433, 0xF987, 0xFFEB, 0xFEDA, 0xFEDA, 0xFEDA, 0xFEDA,
  0xFEDA, 0xFEDA, 0xFEDA, 0xFEDA, 0xFEDA, 0xFEDA, 0xFEDA, 0xFEDA,
  0xFEDA, 0xFEDA, 0xFEDA, 0xFEDA, 0xFEDA, 0xFEDA, 0xFEDA, 0xFEDA,
  0xFEDA, 0xFEDA, 0xFEDA, 0xFEDA, 0xFEDA, 0xFEDA, 0xFFEB, 0xFCB9,
  0xF544, 0xF544, 0xF544, 0xF544, 0xF544, 0xF544, 0xF544, 0xF543,
  0xFA97, 0xFFEB, 0xFEDA, 0xFEDA, 0xFEDA, 0xFEDB, 0xFDC9, 0xFC97,
  0xFC86, 0xFC86, 0xFC97, 0xFC97, 0xFC97, 0xFC97, 0xFC97, 0xFC97,
  0xFC97, 0xFB86, 0xF644, 0xF544, 0xF544, 0xF544, 0x6543, 0x0000,
  0x0000, 0x0000, 0x0000, 0x0000, 0x0000, 0x0000, 0x0000, 0x0000,
  0x0000, 0x0000, 0x0000, 0x0000, 0x0000, 0x0000, 0x0000, 0x0000,
  0x0000, 0x0000, 0x0000, 0x0000, 0x0000, 0x0000, 0x0000, 0x0000,
  0x0000, 0x0000, 0x0000, 0x0000, 0x0000, 0x0000, 0x0000, 0x0000,
  0x0000, 0x0000, 0x0000, 0x0000, 0x0000, 0x0000, 0x0000, 0x0000,
  0x0000, 0x0000, 0x0000, 0x0000, 0x0000, 0x0000, 0x0000, 0x0000,
  0x0000, 0x0000, 0x0000, 0x0000, 0x0000, 0x0000, 0x0000, 0x0000,
  0x0000, 0x0000, 0x0000, 0x0000, 0x0000, 0x0000, 0x0000, 0x0000,
  0x0000, 0x0000, 0x0000, 0x0000, 0x0000, 0x0000, 0x0000, 0x0000,
  0x0000, 0x0000, 0x0000, 0x0000, 0x0000, 0x0000, 0x0000, 0x0000,
  0x0000, 0x0000, 0x0000, 0x0000, 0x0000, 0x0000, 0x0000, 0x0000,
  0x0000, 0x0000, 0x0000, 0x0000, 0x0000, 0x0000, 0x0000, 0x0000,
  0x0000, 0x0000, 0x0000, 0x0000, 0x0000, 0x0000, 0x0000, 0x0000,
  0x0000, 0x0000, 0x0000, 0x0000, 0x0000, 0x0000, 0x0000, 0x0000,
  0x0000, 0x0000, 0x0000, 0x0000, 0x0000, 0x0000, 0x0000, 0x0000,
  0x0000, 0x0000, 0x0000, 0x0000, 0x0000, 0x0000, 0x0000, 0x0000,
  0x0000, 0x0000, 0x0000, 0x0000, 0x0000, 0x0000, 0x0000, 0x0000,
  0x0000, 0x0000, 0x0000, 0x0000, 0x0000, 0x0000, 0x0000, 0x0000,
  0x0000, 0x0000, 0x0000, 0x0000, 0x0000, 0x0000, 0x0000, 0x0000,
  0x0000, 0x0000, 0x0000, 0x0000, 0x0000, 0x0000, 0x0000, 0x0000,
  0x0000, 0x0000, 0x0000, 0x0000, 0xB544, 0xF544, 0xF544, 0xF543,
  0xF765, 0xFC97, 0xFC97, 0xFC97, 0xFC97, 0xFC97, 0xFC97, 0xFC97,
  0xFC97, 0xFC97, 0xFC86, 0xFDA8, 0xFEDB, 0xFEDA, 0xFEDA, 0xFEDA,
  0xFEDA, 0xFFEB, 0xFBA8, 0xF543, 0xF544, 0xF544, 0xF544, 0xF544,
  0xF544, 0xF543, 0xFA97, 0xFFEB, 0xFEDA, 0xFEDA, 0xFEDA, 0xFEDA,
  0xFEDA, 0xFEDA, 0xFEDA, 0xFEDA, 0xFEDA, 0xFEDA, 0xFEDA, 0xFEDA,
  0xFEDA, 0xFEDA, 0xFEDA, 0xFEDA, 0xFEDA, 0xFEDA, 0xFEDA, 0xFEDA,
  0xFEDA, 0xFEDA, 0xFEDA, 0xFEDA, 0xFEDA, 0xFEDA, 0xFEDB, 0xFEDA,
  0xF654, 0xF543, 0xF544, 0xF544, 0xF544, 0xF544, 0xF544, 0xF543,
  0xFBA8, 0xFFEB, 0xFEDA, 0xFEDA, 0xFEDB, 0xFDC9, 0xFC97, 0xFC96,
  0xFC97, 0xFC97, 0xFC97, 0xFC97, 0xFC97, 0xFC97, 0xFC97, 0xFC97,
  0xFC97, 0xFC96, 0xF654, 0xF544, 0xF544, 0xF544, 0x7543, 0x0000,
  0x0000, 0x0000, 0x0000, 0x0000, 0x0000, 0x0000, 0x0000, 0x0000,
  0x0000, 0x0000, 0x0000, 0x0000, 0x0000, 0x0000, 0x0000, 0x0000,
  0x0000, 0x0000, 0x0000, 0x0000, 0x0000, 0x0000, 0x0000, 0x0000,
  0x0000, 0x0000, 0x0000, 0x0000, 0x0000, 0x0000, 0x0000, 0x0000,
  0x0000, 0x0000, 0x0000, 0x0000, 0x0000, 0x0000, 0x0000, 0x0000,
  0x0000, 0x0000, 0x0000, 0x0000, 0x0000, 0x0000, 0x0000, 0x0000,
  0x0000, 0x0000, 0x0000, 0x0000, 0x0000, 0x0000, 0x0000, 0x0000,
  0x0000, 0x0000, 0x0000, 0x0000, 0x0000, 0x0000, 0x0000, 0x0000,
  0x0000, 0x0000, 0x0000, 0x0000, 0x0000, 0x0000, 0x0000, 0x0000,
  0x0000, 0x0000, 0x0000, 0x0000, 0x0000, 0x0000, 0x0000, 0x0000,
  0x0000, 0x0000, 0x0000, 0x0000, 0x0000, 0x0000, 0x0000, 0x0000,
  0x0000, 0x0000, 0x0000, 0x0000, 0x0000, 0x0000, 0x0000, 0x0000,
  0x0000, 0x0000, 0x0000, 0x0000, 0x0000, 0x0000, 0x0000, 0x0000,
  0x0000, 0x0000, 0x0000, 0x0000, 0x0000, 0x0000, 0x0000, 0x0000,
  0x0000, 0x0000, 0x0000, 0x0000, 0x0000, 0x0000, 0x0000, 0x0000,
  0x0000, 0x0000, 0x0000, 0x0000, 0x0000, 0x0000, 0x0000, 0x0000,
  0x0000, 0x0000, 0x0000, 0x0000, 0x0000, 0x0000, 0x0000, 0x0000,
  0x0000, 0x0000, 0x0000, 0x0000, 0x0000, 0x0000, 0x0000, 0x0000,
  0x0000, 0x0000, 0x0000, 0x0000, 0x0000, 0x0000, 0x0000, 0x0000,
  0x0000, 0x0000, 0x0000, 0x0000, 0x0000, 0x0000, 0x0000, 0x0000,
  0x0000, 0x0000, 0x0000, 0x0000, 0xB544, 0xF544, 0xF544, 0xF543,
  0xF765, 0xFC97, 0xFC97, 0xFC97, 0xFC97, 0xFC97, 0xFC97, 0xFC97,
  0xFC97, 0xFC97, 0xFC86, 0xFDA8, 0xFEDB, 0xFEDA, 0xFEDA, 0xFEDA,
  0xFEDA, 0xFEEB, 0xFDC9, 0xF544, 0xF544, 0xF544, 0xF544, 0xF544,
  0xF543, 0xF654, 0xFDCA, 0xFEDB, 0xFEDA, 0xFEDA, 0xFEDA, 0xFEDA,
  0xFEDA, 0xFEDA, 0xFEDA, 0xFEDA, 0xFEDA, 0xFEDA, 0xFEDA, 0xFEDA,
  0xFEDA, 0xFEDA, 0xFEDA, 0xFEDA, 0xFEDA, 0xFEDA, 0xFEDA, 0xFEDA,
  0xFEDA, 0xFEDA, 0xFEDA, 0xFEDA, 0xFEDA, 0xFEDA, 0xFEDA, 0xFFEB,
  0xFBA8, 0xF544, 0xF433, 0xF543, 0xF543, 0xF543, 0xF433, 0xF765,
  0xFEDA, 0xFEDB, 0xFEDA, 0xFEDA, 0xFEDA, 0xFCA7, 0xFC86, 0xFC97,
  0xFC97, 0xFC97, 0xFC97, 0xFC97, 0xFC97, 0xFC97, 0xFC97, 0xFC97,
  0xFC97, 0xFC97, 0xF654, 0xF543, 0xF544, 0xF544, 0x8543, 0x0000,
  0x0000, 0x0000, 0x0000, 0x0000, 0x0000, 0x0000, 0x0000, 0x0000,
  0x0000, 0x0000, 0x0000, 0x0000, 0x0000, 0x0000, 0x0000, 0x0000,
  0x0000, 0x0000, 0x0000, 0x0000, 0x0000, 0x0000, 0x0000, 0x0000,
  0x0000, 0x0000, 0x0000, 0x0000, 0x0000, 0x0000, 0x0000, 0x0000,
  0x0000, 0x0000, 0x0000, 0x0000, 0x0000, 0x0000, 0x0000, 0x0000,
  0x0000, 0x0000, 0x0000, 0x0000, 0x0000, 0x0000, 0x0000, 0x0000,
  0x0000, 0x0000, 0x0000, 0x0000, 0x0000, 0x0000, 0x0000, 0x0000,
  0x0000, 0x0000, 0x0000, 0x0000, 0x0000, 0x0000, 0x0000, 0x0000,
  0x0000, 0x0000, 0x0000, 0x0000, 0x0000, 0x0000, 0x0000, 0x0000,
  0x0000, 0x0000, 0x0000, 0x0000, 0x0000, 0x0000, 0x0000, 0x0000,
  0x0000, 0x0000, 0x0000, 0x0000, 0x0000, 0x0000, 0x0000, 0x0000,
  0x0000, 0x0000, 0x0000, 0x0000, 0x0000, 0x0000, 0x0000, 0x0000,
  0x0000, 0x0000, 0x0000, 0x0000, 0x0000, 0x0000, 0x0000, 0x0000,
  0x0000, 0x0000, 0x0000, 0x0000, 0x0000, 0x0000, 0x0000, 0x0000,
  0x0000, 0x0000, 0x0000, 0x0000, 0x0000, 0x0000, 0x0000, 0x0000,
  0x0000, 0x0000, 0x0000, 0x0000, 0x0000, 0x0000, 0x0000, 0x0000,
  0x0000, 0x0000, 0x0000, 0x0000, 0x0000, 0x0000, 0x0000, 0x0000,
  0x0000, 0x0000, 0x0000, 0x0000, 0x0000, 0x0000, 0x0000, 0x0000,
  0x0000, 0x0000, 0x0000, 0x0000, 0x0000, 0x0000, 0x0000, 0x0000,
  0x0000, 0x0000, 0x0000, 0x0000, 0x0000, 0x0000, 0x0000, 0x0000,
  0x0000, 0x0000, 0x0000, 0x0000, 0xB544, 0xF544, 0xF544, 0xF543,
  0xF765, 0xFC97, 0xFC97, 0xFC97, 0xFC97, 0xFC97, 0xFC97, 0xFC97,
  0xFC97, 0xFC96, 0xFC96, 0xFDC9, 0xFEDB, 0xFEDA, 0xFEDA, 0xFEDA,
  0xFEDA, 0xFEDA, 0xFEDB, 0xF987, 0xF543, 0xF543, 0xF543, 0xF543,
  0xF433, 0xFA97, 0xFFEB, 0xFEDA, 0xFEDA, 0xFEDA, 0xFEDA, 0xFEDA,
  0xFEDA, 0xFEDA, 0xFEDA, 0xFEDA, 0xFEDA, 0xFEDA, 0xFEDA, 0xFEDA,
  0xFEDA, 0xFEDA, 0xFEDA, 0xFEDA, 0xFEDA, 0xFEDA, 0xFEDA, 0xFEDA,
  0xFEDA, 0xFEDA, 0xFEDA, 0xFEDA, 0xFEDA, 0xFEDA, 0xFEDA, 0xFEDA,
  0xFEEB, 0xFCB9, 0xF987, 0xF876, 0xF765, 0xF765, 0xF987, 0xFDCA,
  0xFEDB, 0xFEDA, 0xFEDA, 0xFEDB, 0xFEDA, 0xFC97, 0xFC97, 0xFC97,
  0xFC97, 0xFC97, 0xFC97, 0xFC97, 0xFC97, 0xFC97, 0xFC97, 0xFC97,
  0xFC97, 0xFC97, 0xF754, 0xF543, 0xF544, 0xF544, 0x9543, 0x0000,
  0x0000, 0x0000, 0x0000, 0x0000, 0x0000, 0x0000, 0x0000, 0x0000,
  0x0000, 0x0000, 0x0000, 0x0000, 0x0000, 0x0000, 0x0000, 0x0000,
  0x0000, 0x0000, 0x0000, 0x0000, 0x0000, 0x0000, 0x0000, 0x0000,
  0x0000, 0x0000, 0x0000, 0x0000, 0x0000, 0x0000, 0x0000, 0x0000,
  0x0000, 0x0000, 0x0000, 0x0000, 0x0000, 0x0000, 0x0000, 0x0000,
  0x0000, 0x0000, 0x0000, 0x0000, 0x0000, 0x0000, 0x0000, 0x0000,
  0x0000, 0x0000, 0x0000, 0x0000, 0x0000, 0x0000, 0x0000, 0x0000,
  0x0000, 0x0000, 0x0000, 0x0000, 0x0000, 0x0000, 0x0000, 0x0000,
  0x0000, 0x0000, 0x0000, 0x0000, 0x0000, 0x0000, 0x0000, 0x0000,
  0x0000, 0x0000, 0x0000, 0x0000, 0x0000, 0x0000, 0x0000, 0x0000,
  0x0000, 0x0000, 0x0000, 0x0000, 0x0000, 0x0000, 0x0000, 0x0000,
  0x0000, 0x0000, 0x0000, 0x0000, 0x0000, 0x0000, 0x0000, 0x0000,
  0x0000, 0x0000, 0x0000, 0x0000, 0x0000, 0x0000, 0x0000, 0x0000,
  0x0000, 0x0000, 0x0000, 0x0000, 0x0000, 0x0000, 0x0000, 0x0000,
  0x0000, 0x0000, 0x0000, 0x0000, 0x0000, 0x0000, 0x0000, 0x0000,
  0x0000, 0x0000, 0x0000, 0x0000, 0x0000, 0x0000, 0x0000, 0x0000,
  0x0000, 0x0000, 0x0000, 0x0000, 0x0000, 0x0000, 0x0000, 0x0000,
  0x0000, 0x0000, 0x0000, 0x0000, 0x0000, 0x0000, 0x0000, 0x0000,
  0x0000, 0x0000, 0x0000, 0x0000, 0x0000, 0x0000, 0x0000, 0x0000,
  0x0000, 0x0000, 0x0000, 0x0000, 0x0000, 0x0000, 0x0000, 0x0000,
  0x0000, 0x0000, 0x0000, 0x0000, 0xB544, 0xF544, 0xF544, 0xF543,
  0xF765, 0xFC97, 0xFC86, 0xFC86, 0xFC96, 0xFC86, 0xFC86, 0xFC86,
  0xFC97, 0xFC97, 0xFDC9, 0xFEDB, 0xFEDA, 0xFEDA, 0xFEDA, 0xFEDA,
  0xFEDA, 0xFEDA, 0xFEDB, 0xFEDA, 0xFBA8, 0xFA97, 0xF886, 0xF765,
  0xFA97, 0xFEDA, 0xFEDA, 0xFEDA, 0xFEDA, 0xFEDA, 0xFEDA, 0xFEDA,
  0xFEDA, 0xFEDA, 0xFEDA, 0xFEDA, 0xFEDA, 0xFEDA, 0xFEDA, 0xFEDA,
  0xFEDA, 0xFEDA, 0xFEDA, 0xFEDA, 0xFEDA, 0xFEDA, 0xFEDA, 0xFEDA,
  0xFEDA, 0xFEDA, 0xFEDA, 0xFEDA, 0xFEDA, 0xFEDA, 0xFEDA, 0xFEDA,
  0xFEDA, 0xFFEB, 0xFFEB, 0xFEDB, 0xFEDA, 0xFEDA, 0xFFEB, 0xFEDB,
  0xFEDA, 0xFEDA, 0xFEDA, 0xFEDA, 0xFEDA, 0xFC97, 0xFC86, 0xFC97,
  0xFC97, 0xFC97, 0xFC97, 0xFC97, 0xFC97, 0xFC97, 0xFC97, 0xFC96,
  0xFC86, 0xFC97, 0xF754, 0xF543, 0xF544, 0xF544, 0xA543, 0x0000,
  0x0000, 0x0000, 0x0000, 0x0000, 0x0000, 0x0000, 0x0000, 0x0000,
  0x0000, 0x0000, 0x0000, 0x0000, 0x0000, 0x0000, 0x0000, 0x0000,
  0x0000, 0x0000, 0x0000, 0x0000, 0x0000, 0x0000, 0x0000, 0x0000,
  0x0000, 0x0000, 0x0000, 0x0000, 0x0000, 0x0000, 0x0000, 0x0000,
  0x0000, 0x0000, 0x0000, 0x0000, 0x0000, 0x0000, 0x0000, 0x0000,
  0x0000, 0x0000, 0x0000, 0x0000, 0x0000, 0x0000, 0x0000, 0x0000,
  0x0000, 0x0000, 0x0000, 0x0000, 0x0000, 0x0000, 0x0000, 0x0000,
  0x0000, 0x0000, 0x0000, 0x0000, 0x0000, 0x0000, 0x0000, 0x0000,
  0x0000, 0x0000, 0x0000, 0x0000, 0x0000, 0x0000, 0x0000, 0x0000,
  0x0000, 0x0000, 0x0000, 0x0000, 0x0000, 0x0000, 0x0000, 0x0000,
  0x0000, 0x0000, 0x0000, 0x0000, 0x0000, 0x0000, 0x0000, 0x0000,
  0x0000, 0x0000, 0x0000, 0x0000, 0x0000, 0x0000, 0x0000, 0x0000,
  0x0000, 0x0000, 0x0000, 0x0000, 0x0000, 0x0000, 0x0000, 0x0000,
  0x0000, 0x0000, 0x0000, 0x0000, 0x0000, 0x0000, 0x0000, 0x0000,
  0x0000, 0x0000, 0x0000, 0x0000, 0x0000, 0x0000, 0x0000, 0x0000,
  0x0000, 0x0000, 0x0000, 0x0000, 0x0000, 0x0000, 0x0000, 0x0000,
  0x0000, 0x0000, 0x0000, 0x0000, 0x0000, 0x0000, 0x0000, 0x0000,
  0x0000, 0x0000, 0x0000, 0x0000, 0x0000, 0x0000, 0x0000, 0x0000,
  0x0000, 0x0000, 0x0000, 0x0000, 0x0000, 0x0000, 0x0000, 0x0000,
  0x0000, 0x0000, 0x0000, 0x0000, 0x0000, 0x0000, 0x0000, 0x0000,
  0x0000, 0x0000, 0x0000, 0x0000, 0xB544, 0xF544, 0xF544, 0xF543,
  0xF876, 0xFECA, 0xFDB8, 0xFCA8, 0xFC97, 0xFC97, 0xFDA8, 0xFDB9,
  0xFEC9, 0xFEDA, 0xFEDB, 0xFEDA, 0xFEDA, 0xFEDA, 0xFEDA, 0xFEDA,
  0xFEDA, 0xFEDA, 0xFEDA, 0xFEDB, 0xFFEB, 0xFFEB, 0xFEEB, 0xFEDA,
  0xFEEB, 0xFEDB, 0xFEDA, 0xFEDA, 0xFEDA, 0xFEDA, 0xFEDA, 0xFEDA,
  0xFEDA, 0xFEDA, 0xFEDA, 0xFEDA, 0xFEDA, 0xFEDA, 0xFEDA, 0xFEDA,
  0xFEDA, 0xFEDA, 0xFEDA, 0xFEDA, 0xFEDA, 0xFEDA, 0xFEDA, 0xFEDA,
  0xFEDA, 0xFEDA, 0xFEDA, 0xFEDA, 0xFEDA, 0xFEDA, 0xFEDA, 0xFEDA,
  0xFEDA, 0xFEDA, 0xFEDA, 0xFEDA, 0xFEDA, 0xFEDA, 0xFEDA, 0xFEDA,
  0xFEDA, 0xFEDA, 0xFEDA, 0xFEDA, 0xFEDB, 0xFEC9, 0xFC97, 0xFC86,
  0xFC86, 0xFC86, 0xFC86, 0xFC86, 0xFC86, 0xFC86, 0xFC97, 0xFC97,
  0xFDB8, 0xFECA, 0xF765, 0xF543, 0xF544, 0xF544, 0xA544, 0x0000,
  0x0000, 0x0000, 0x0000, 0x0000, 0x0000, 0x0000, 0x0000, 0x0000,
  0x0000, 0x0000, 0x0000, 0x0000, 0x0000, 0x0000, 0x0000, 0x0000,
  0x0000, 0x0000, 0x0000, 0x0000, 0x0000, 0x0000, 0x0000, 0x0000,
  0x0000, 0x0000, 0x0000, 0x0000, 0x0000, 0x0000, 0x0000, 0x0000,
  0x0000, 0x0000, 0x0000, 0x0000, 0x0000, 0x0000, 0x0000, 0x0000,
  0x0000, 0x0000, 0x0000, 0x0000, 0x0000, 0x0000, 0x0000, 0x0000,
  0x0000, 0x0000, 0x0000, 0x0000, 0x0000, 0x0000, 0x0000, 0x0000,
  0x0000, 0x0000, 0x0000, 0x0000, 0x0000, 0x0000, 0x0000, 0x0000,
  0x0000, 0x0000, 0x0000, 0x0000, 0x0000, 0x0000, 0x0000, 0x0000,
  0x0000, 0x0000, 0x0000, 0x0000, 0x0000, 0x0000, 0x0000, 0x0000,
  0x0000, 0x0000, 0x0000, 0x0000, 0x0000, 0x0000, 0x0000, 0x0000,
  0x0000, 0x0000, 0x0000, 0x0000, 0x0000, 0x0000, 0x0000, 0x0000,
  0x0000, 0x0000, 0x0000, 0x0000, 0x0000, 0x0000, 0x0000, 0x0000,
  0x0000, 0x0000, 0x0000, 0x0000, 0x0000, 0x0000, 0x0000, 0x0000,
  0x0000, 0x0000, 0x0000, 0x0000, 0x0000, 0x0000, 0x0000, 0x0000,
  0x0000, 0x0000, 0x0000, 0x0000, 0x0000, 0x0000, 0x0000, 0x0000,
  0x0000, 0x0000, 0x0000, 0x0000, 0x0000, 0x0000, 0x0000, 0x0000,
  0x0000, 0x0000, 0x0000, 0x0000, 0x0000, 0x0000, 0x0000, 0x0000,
  0x0000, 0x0000, 0x0000, 0x0000, 0x0000, 0x0000, 0x0000, 0x0000,
  0x0000, 0x0000, 0x0000, 0x0000, 0x0000, 0x0000, 0x0000, 0x0000,
  0x0000, 0x0000, 0x0000, 0x0000, 0xB544, 0xF544, 0xF544, 0xF543,
  0xF876, 0xFFEB, 0xFEDB, 0xFEDA, 0xFEDA, 0xFEDA, 0xFEDB, 0xFEEB,
  0xFEDB, 0xFEDB, 0xFEDA, 0xFEDA, 0xFEDA, 0xFEDA, 0xFEDA, 0xFEDA,
  0xFEDA, 0xFEDA, 0xFEDA, 0xFEDA, 0xFEDA, 0xFEDA, 0xFEDA, 0xFEDA,
  0xFEDA, 0xFEDA, 0xFEDA, 0xFEDA, 0xFEDA, 0xFEDA, 0xFEDA, 0xFEDA,
  0xFEDA, 0xFEDA, 0xFEDA, 0xFEDA, 0xFEDA, 0xFEDA, 0xFEDA, 0xFEDA,
  0xFEDA, 0xFEDA, 0xFEDA, 0xFEDA, 0xFEDA, 0xFEDA, 0xFEDA, 0xFEDA,
  0xFEDA, 0xFEDA, 0xFEDA, 0xFEDA, 0xFEDA, 0xFEDA, 0xFEDA, 0xFEDA,
  0xFEDA, 0xFEDA, 0xFEDA, 0xFEDA, 0xFEDA, 0xFEDA, 0xFEDA, 0xFEDA,
  0xFEDA, 0xFEDA, 0xFEDA, 0xFEDA, 0xFEDA, 0xFEDB, 0xFEDA, 0xFDB9,
  0xFDA8, 0xFDA8, 0xFDA8, 0xFDA8, 0xFDB8, 0xFDB9, 0xFECA, 0xFEDA,
  0xFEEB, 0xFEEB, 0xF765, 0xF543, 0xF544, 0xF544, 0xA544, 0x0000,
  0x0000, 0x0000, 0x0000, 0x0000, 0x0000, 0x0000, 0x0000, 0x0000,
  0x0000, 0x0000, 0x0000, 0x0000, 0x0000, 0x0000, 0x0000, 0x0000,
  0x0000, 0x0000, 0x0000, 0x0000, 0x0000, 0x0000, 0x0000, 0x0000,
  0x0000, 0x0000, 0x0000, 0x0000, 0x0000, 0x0000, 0x0000, 0x0000,
  0x0000, 0x0000, 0x0000, 0x0000, 0x0000, 0x0000, 0x0000, 0x0000,
  0x0000, 0x0000, 0x0000, 0x0000, 0x0000, 0x0000, 0x0000, 0x0000,
  0x0000, 0x0000, 0x0000, 0x0000, 0x0000, 0x0000, 0x0000, 0x0000,
  0x0000, 0x0000, 0x0000, 0x0000, 0x0000, 0x0000, 0x0000, 0x0000,
  0x0000, 0x0000, 0x0000, 0x0000, 0x0000, 0x0000, 0x0000, 0x0000,
  0x0000, 0x0000, 0x0000, 0x0000, 0x0000, 0x0000, 0x0000, 0x0000,
  0x0000, 0x0000, 0x0000, 0x0000, 0x0000, 0x0000, 0x0000, 0x0000,
  0x0000, 0x0000, 0x0000, 0x0000, 0x0000, 0x0000, 0x0000, 0x0000,
  0x0000, 0x0000, 0x0000, 0x0000, 0x0000, 0x0000, 0x0000, 0x0000,
  0x0000, 0x0000, 0x0000, 0x0000, 0x0000, 0x0000, 0x0000, 0x0000,
  0x0000, 0x0000, 0x0000, 0x0000, 0x0000, 0x0000, 0x0000, 0x0000,
  0x0000, 0x0000, 0x0000, 0x0000, 0x0000, 0x0000, 0x0000, 0x0000,
  0x0000, 0x0000, 0x0000, 0x0000, 0x0000, 0x0000, 0x0000, 0x0000,
  0x0000, 0x0000, 0x0000, 0x0000, 0x0000, 0x0000, 0x0000, 0x0000,
  0x0000, 0x0000, 0x0000, 0x0000, 0x0000, 0x0000, 0x0000, 0x0000,
  0x0000, 0x0000, 0x0000, 0x0000, 0x0000, 0x0000, 0x0000, 0x0000,
  0x0000, 0x0000, 0x0000, 0x0000, 0xB544, 0xF544, 0xF544, 0xF543,
  0xF876, 0xFEDB, 0xFEDA, 0xFEDB, 0xFEDB, 0xFEDB, 0xFEDA, 0xFEDA,
  0xFEDA, 0xFEDA, 0xFEDA, 0xFEDA, 0xFEDA, 0xFEDA, 0xFEDA, 0xFEDA,
  0xFEDA, 0xFEDA, 0xFEDA, 0xFEDA, 0xFEDA, 0xFEDA, 0xFEDA, 0xFEDA,
  0xFEDA, 0xFEDA, 0xFEDA, 0xFEDA, 0xFEDA, 0xFEDA, 0xFEDA, 0xFEDA,
  0xFEDA, 0xFEDA, 0xFEDA, 0xFEDA, 0xFEDA, 0xFEDA, 0xFEDA, 0xFEDA,
  0xFEDA, 0xFEDA, 0xFEDA, 0xFEDA, 0xFEDA, 0xFEDA, 0xFEDA, 0xFEDA,
  0xFEDA, 0xFEDA, 0xFEDA, 0xFEDA, 0xFEDA, 0xFEDA, 0xFEDA, 0xFEDA,
  0xFEDA, 0xFEDA, 0xFEDA, 0xFEDA, 0xFEDA, 0xFEDA, 0xFEDA, 0xFEDA,
  0xFEDA, 0xFEDA, 0xFEDA, 0xFEDA, 0xFEDA, 0xFEDA, 0xFEDB, 0xFEEB,
  0xFEDB, 0xFEDB, 0xFEDA, 0xFEDB, 0xFEDB, 0xFEEB, 0xFEDB, 0xFEDA,
  0xFEDA, 0xFEDA, 0xF765, 0xF543, 0xF544, 0xF544, 0xA543, 0x0000,
  0x0000, 0x0000, 0x0000, 0x0000, 0x0000, 0x0000, 0x0000, 0x0000,
  0x0000, 0x0000, 0x0000, 0x0000, 0x0000, 0x0000, 0x0000, 0x0000,
  0x0000, 0x0000, 0x0000, 0x0000, 0x0000, 0x0000, 0x0000, 0x0000,
  0x0000, 0x0000, 0x0000, 0x0000, 0x0000, 0x0000, 0x0000, 0x0000,
  0x0000, 0x0000, 0x0000, 0x0000, 0x0000, 0x0000, 0x0000, 0x0000,
  0x0000, 0x0000, 0x0000, 0x0000, 0x0000, 0x0000, 0x0000, 0x0000,
  0x0000, 0x0000, 0x0000, 0x0000, 0x0000, 0x0000, 0x0000, 0x0000,
  0x0000, 0x0000, 0x0000, 0x0000, 0x0000, 0x0000, 0x0000, 0x0000,
  0x0000, 0x0000, 0x0000, 0x0000, 0x0000, 0x0000, 0x0000, 0x0000,
  0x0000, 0x0000, 0x0000, 0x0000, 0x0000, 0x0000, 0x0000, 0x0000,
  0x0000, 0x0000, 0x0000, 0x0000, 0x0000, 0x0000, 0x0000, 0x0000,
  0x0000, 0x0000, 0x0000, 0x0000, 0x0000, 0x0000, 0x0000, 0x0000,
  0x0000, 0x0000, 0x0000, 0x0000, 0x0000, 0x0000, 0x0000, 0x0000,
  0x0000, 0x0000, 0x0000, 0x0000, 0x0000, 0x0000, 0x0000, 0x0000,
  0x0000, 0x0000, 0x0000, 0x0000, 0x0000, 0x0000, 0x0000, 0x0000,
  0x0000, 0x0000, 0x0000, 0x0000, 0x0000, 0x0000, 0x0000, 0x0000,
  0x0000, 0x0000, 0x0000, 0x0000, 0x0000, 0x0000, 0x0000, 0x0000,
  0x0000, 0x0000, 0x0000, 0x0000, 0x0000, 0x0000, 0x0000, 0x0000,
  0x0000, 0x0000, 0x0000, 0x0000, 0x0000, 0x0000, 0x0000, 0x0000,
  0x0000, 0x0000, 0x0000, 0x0000, 0x0000, 0x0000, 0x0000, 0x0000,
  0x0000, 0x0000, 0x0000, 0x0000, 0xB544, 0xF544, 0xF544, 0xF543,
  0xF876, 0xFEEB, 0xFEDA, 0xFEDA, 0xFEDA, 0xFEDA, 0xFEDA, 0xFEDB,
  0xFEEB, 0xFEDB, 0xFEDA, 0xFEDA, 0xFEDA, 0xFEDA, 0xFEDA, 0xFEDA,
  0xFEDA, 0xFEDA, 0xFEDA, 0xFEDA, 0xFEDA, 0xFEDA, 0xFEDA, 0xFEDA,
  0xFEDA, 0xFEDA, 0xFEDA, 0xFEDA, 0xFEDA, 0xFEDA, 0xFEDA, 0xFEDA,
  0xFEDA, 0xFEDA, 0xFEDA, 0xFEDA, 0xFEDA, 0xFEDA, 0xFEDA, 0xFEDA,
  0xFEDA, 0xFEDA, 0xFEDA, 0xFEDA, 0xFEDA, 0xFEDA, 0xFEDA, 0xFEDA,
  0xFEDA, 0xFEDA, 0xFEDA, 0xFEDA, 0xFEDA, 0xFEDA, 0xFEDA, 0xFEDA,
  0xFEDA, 0xFEDA, 0xFEDA, 0xFEDA, 0xFEDA, 0xFEDA, 0xFEDA, 0xFEDA,
  0xFEDA, 0xFEDA, 0xFEDA, 0xFEDA, 0xFEDA, 0xFEDA, 0xFEDA, 0xFEDA,
  0xFEDA, 0xFEDA, 0xFEDA, 0xFEDA, 0xFEDA, 0xFEDA, 0xFEDA, 0xFEDA,
  0xFEDA, 0xFEDA, 0xF765, 0xF543, 0xF544, 0xF544, 0x9543, 0x0000,
  0x0000, 0x0000, 0x0000, 0x0000, 0x0000, 0x0000, 0x0000, 0x0000,
  0x0000, 0x0000, 0x0000, 0x0000, 0x0000, 0x0000, 0x0000, 0x0000,
  0x0000, 0x0000, 0x0000, 0x0000, 0x0000, 0x0000, 0x0000, 0x0000,
  0x0000, 0x0000, 0x0000, 0x0000, 0x0000, 0x0000, 0x0000, 0x0000,
  0x0000, 0x0000, 0x0000, 0x0000, 0x0000, 0x0000, 0x0000, 0x0000,
  0x0000, 0x0000, 0x0000, 0x0000, 0x0000, 0x0000, 0x0000, 0x0000,
  0x0000, 0x0000, 0x0000, 0x0000, 0x0000, 0x0000, 0x0000, 0x0000,
  0x0000, 0x0000, 0x0000, 0x0000, 0x0000, 0x0000, 0x0000, 0x0000,
  0x0000, 0x0000, 0x0000, 0x0000, 0x0000, 0x0000, 0x0000, 0x0000,
  0x0000, 0x0000, 0x0000, 0x0000, 0x0000, 0x0000, 0x0000, 0x0000,
  0x0000, 0x0000, 0x0000, 0x0000, 0x0000, 0x0000, 0x0000, 0x0000,
  0x0000, 0x0000, 0x0000, 0x0000, 0x0000, 0x0000, 0x0000, 0x0000,
  0x0000, 0x0000, 0x0000, 0x0000, 0x0000, 0x0000, 0x0000, 0x0000,
  0x0000, 0x0000, 0x0000, 0x0000, 0x0000, 0x0000, 0x0000, 0x0000,
  0x0000, 0x0000, 0x0000, 0x0000, 0x0000, 0x0000, 0x0000, 0x0000,
  0x0000, 0x0000, 0x0000, 0x0000, 0x0000, 0x0000, 0x0000, 0x0000,
  0x0000, 0x0000, 0x0000, 0x0000, 0x0000, 0x0000, 0x0000, 0x0000,
  0x0000, 0x0000, 0x0000, 0x0000, 0x0000, 0x0000, 0x0000, 0x0000,
  0x0000, 0x0000, 0x0000, 0x0000, 0x0000, 0x0000, 0x0000, 0x0000,
  0x0000, 0x0000, 0x0000, 0x0000, 0x0000, 0x0000, 0x0000, 0x0000,
  0x0000, 0x0000, 0x0000, 0x0000, 0xB544, 0xF544, 0xF544, 0xF543,
  0xF865, 0xFDA8, 0xFC97, 0xFC97, 0xFC97, 0xFC97, 0xFDA8, 0xFDA8,
  0xFDB9, 0xFEC9, 0xFEDA, 0xFEDB, 0xFEDA, 0xFEDA, 0xFEDA, 0xFEDA,
  0xFEDA, 0xFEDA, 0xFEDA, 0xFEDA, 0xFEDA, 0xFEDA, 0xFEDA, 0xFEDA,
  0xFEDA, 0xFEDA, 0xFEDA, 0xFEDA, 0xFEDA, 0xFEDA, 0xFEDA, 0xFEDA,
  0xFEDA, 0xFEDA, 0xFEDA, 0xFEDA, 0xFEDA, 0xFEDA, 0xFEDA, 0xFEDA,
  0xFEDA, 0xFEDA, 0xFEDA, 0xFEDA, 0xFEDA, 0xFEDA, 0xFEDA, 0xFEDA,
  0xFEDA, 0xFEDA, 0xFEDA, 0xFEDA, 0xFEDA, 0xFEDA, 0xFEDA, 0xFEDA,
  0xFEDA, 0xFEDA, 0xFEDA, 0xFEDA, 0xFEDA, 0xFEDA, 0xFEDA, 0xFEDA,
  0xFEDA, 0xFEDA, 0xFEDA, 0xFEDA, 0xFEDA, 0xFEDA, 0xFEDA, 0xFEDA,
  0xFEDA, 0xFEDA, 0xFEDB, 0xFEDB, 0xFEDB, 0xFEDB, 0xFEDB, 0xFEDA,
  0xFEDA, 0xFEDA, 0xF765, 0xF543, 0xF544, 0xF544, 0x8544, 0x0000,
  0x0000, 0x0000, 0x0000, 0x0000, 0x0000, 0x0000, 0x0000, 0x0000,
  0x0000, 0x0000, 0x0000, 0x0000, 0x0000, 0x0000, 0x0000, 0x0000,
  0x0000, 0x0000, 0x0000, 0x0000, 0x0000, 0x0000, 0x0000, 0x0000,
  0x0000, 0x0000, 0x0000, 0x0000, 0x0000, 0x0000, 0x0000, 0x0000,
  0x0000, 0x0000, 0x0000, 0x0000, 0x0000, 0x0000, 0x0000, 0x0000,
  0x0000, 0x0000, 0x0000, 0x0000, 0x0000, 0x0000, 0x0000, 0x0000,
  0x0000, 0x0000, 0x0000, 0x0000, 0x0000, 0x0000, 0x0000, 0x0000,
  0x0000, 0x0000, 0x0000, 0x0000, 0x0000, 0x0000, 0x0000, 0x0000,
  0x0000, 0x0000, 0x0000, 0x0000, 0x0000, 0x0000, 0x0000, 0x0000,
  0x0000, 0x0000, 0x0000, 0x0000, 0x0000, 0x0000, 0x0000, 0x0000,
  0x0000, 0x0000, 0x0000, 0x0000, 0x0000, 0x0000, 0x0000, 0x0000,
  0x0000, 0x0000, 0x0000, 0x0000, 0x0000, 0x0000, 0x0000, 0x0000,
  0x0000, 0x0000, 0x0000, 0x0000, 0x0000, 0x0000, 0x0000, 0x0000,
  0x0000, 0x0000, 0x0000, 0x0000, 0x0000, 0x0000, 0x0000, 0x0000,
  0x0000, 0x0000, 0x0000, 0x0000, 0x0000, 0x0000, 0x0000, 0x0000,
  0x0000, 0x0000, 0x0000, 0x0000, 0x0000, 0x0000, 0x0000, 0x0000,
  0x0000, 0x0000, 0x0000, 0x0000, 0x0000, 0x0000, 0x0000, 0x0000,
  0x0000, 0x0000, 0x0000, 0x0000, 0x0000, 0x0000, 0x0000, 0x0000,
  0x0000, 0x0000, 0x0000, 0x0000, 0x0000, 0x0000, 0x0000, 0x0000,
  0x0000, 0x0000, 0x0000, 0x0000, 0x0000, 0x0000, 0x0000, 0x0000,
  0x0000, 0x0000, 0x0000, 0x0000, 0xB544, 0xF544, 0xF544, 0xF543,
  0xF755, 0xFC96, 0xFC86, 0xFC96, 0xFC96, 0xFC86, 0xFC86, 0xFC86,
  0xFC86, 0xFC86, 0xFDA8, 0xFEDA, 0xFEDB, 0xFEDA, 0xFEDA, 0xFEDA,
  0xFEDA, 0xFEDA, 0xFEDA, 0xFEDA, 0xFEDA, 0xFEDA, 0xFEDA, 0xFEDA,
  0xFEDA, 0xFEDA, 0xFEDA, 0xFEDA, 0xFEDA, 0xFEDA, 0xFEDA, 0xFEDA,
  0xFEDA, 0xFEDA, 0xFEDA, 0xFEDA, 0xFEDA, 0xFEDA, 0xFEDA, 0xFEDA,
  0xFEDA, 0xFEDA, 0xFEDA, 0xFEDA, 0xFEDA, 0xFEDA, 0xFEDA, 0xFEDA,
  0xFEDA, 0xFEDA, 0xFEDA, 0xFEDA, 0xFEDA, 0xFEDA, 0xFEDA, 0xFEDA,
  0xFEDA, 0xFEDA, 0xFEDA, 0xFEDA, 0xFEDA, 0xFEDA, 0xFEDA, 0xFEDA,
  0xFEDA, 0xFEDA, 0xFEDA, 0xFEDA, 0xFEDA, 0xFEDA, 0xFEDB, 0xFEDB,
  0xFEDB, 0xFEDA, 0xFEDA, 0xFEDA, 0xFEDA, 0xFEDA, 0xFEDA, 0xFEDA,
  0xFEEB, 0xFEDA, 0xF654, 0xF543, 0xF544, 0xF544, 0x7544, 0x0000,
  0x0000, 0x0000, 0x0000, 0x0000, 0x0000, 0x0000, 0x0000, 0x0000,
  0x0000, 0x0000, 0x0000, 0x0000, 0x0000, 0x0000, 0x0000, 0x0000,
  0x0000, 0x0000, 0x0000, 0x0000, 0x0000, 0x0000, 0x0000, 0x0000,
  0x0000, 0x0000, 0x0000, 0x0000, 0x0000, 0x0000, 0x0000, 0x0000,
  0x0000, 0x0000, 0x0000, 0x0000, 0x0000, 0x0000, 0x0000, 0x0000,
  0x0000, 0x0000, 0x0000, 0x0000, 0x0000, 0x0000, 0x0000, 0x0000,
  0x0000, 0x0000, 0x0000, 0x0000, 0x0000, 0x0000, 0x0000, 0x0000,
  0x0000, 0x0000, 0x0000, 0x0000, 0x0000, 0x0000, 0x0000, 0x0000,
  0x0000, 0x0000, 0x0000, 0x0000, 0x0000, 0x0000, 0x0000, 0x0000,
  0x0000, 0x0000, 0x0000, 0x0000, 0x0000, 0x0000, 0x0000, 0x0000,
  0x0000, 0x0000, 0x0000, 0x0000, 0x0000, 0x0000, 0x0000, 0x0000,
  0x0000, 0x0000, 0x0000, 0x0000, 0x0000, 0x0000, 0x0000, 0x0000,
  0x0000, 0x0000, 0x0000, 0x0000, 0x0000, 0x0000, 0x0000, 0x0000,
  0x0000, 0x0000, 0x0000, 0x0000, 0x0000, 0x0000, 0x0000, 0x0000,
  0x0000, 0x0000, 0x0000, 0x0000, 0x0000, 0x0000, 0x0000, 0x0000,
  0x0000, 0x0000, 0x0000, 0x0000, 0x0000, 0x0000, 0x0000, 0x0000,
  0x0000, 0x0000, 0x0000, 0x0000, 0x0000, 0x0000, 0x0000, 0x0000,
  0x0000, 0x0000, 0x0000, 0x0000, 0x0000, 0x0000, 0x0000, 0x0000,
  0x0000, 0x0000, 0x0000, 0x0000, 0x0000, 0x0000, 0x0000, 0x0000,
  0x0000, 0x0000, 0x0000, 0x0000, 0x0000, 0x0000, 0x0000, 0x0000,
  0x0000, 0x0000, 0x0000, 0x0000, 0xB544, 0xF544, 0xF544, 0xF543,
  0xF765, 0xFC97, 0xFC97, 0xFC97, 0xFC97, 0xFC97, 0xFC97, 0xFC97,
  0xFC97, 0xFC97, 0xFC86, 0xFDB9, 0xFEDB, 0xFEDA, 0xFEDA, 0xFEDA,
  0xFEDA, 0xFEDA, 0xFEDA, 0xFEDA, 0xFEDA, 0xFEDA, 0xFEDA, 0xFEDA,
  0xFEDA, 0xFEDA, 0xFEDA, 0xFEDA, 0xFEDA, 0xFEDA, 0xFEDA, 0xFEDA,
  0xFEDA, 0xFEDA, 0xFEDA, 0xFEDA, 0xFEDA, 0xFEDA, 0xFEDA, 0xFEDA,
  0xFEDA, 0xFEDA, 0xFEDA, 0xFEDA, 0xFEDA, 0xFEDA, 0xFEDA, 0xFEDA,
  0xFEDA, 0xFEDA, 0xFEDA, 0xFEDA, 0xFEDA, 0xFEDA, 0xFEDA, 0xFEDA,
  0xFEDA, 0xFEDA, 0xFEDA, 0xFEDA, 0xFEDA, 0xFEDA, 0xFEDA, 0xFEDA,
  0xFEDA, 0xFEDA, 0xFEDA, 0xFEDA, 0xFEDA, 0xFEDB, 0xFEDA, 0xFDB9,
  0xFDA8, 0xFC97, 0xFC97, 0xFC97, 0xFC97, 0xFC97, 0xFC97, 0xFC97,
  0xFDB8, 0xFDC9, 0xF654, 0xF543, 0xF544, 0xF544, 0x6544, 0x0000,
  0x0000, 0x0000, 0x0000, 0x0000, 0x0000, 0x0000, 0x0000, 0x0000,
  0x0000, 0x0000, 0x0000, 0x0000, 0x0000, 0x0000, 0x0000, 0x0000,
  0x0000, 0x0000, 0x0000, 0x0000, 0x0000, 0x0000, 0x0000, 0x0000,
  0x0000, 0x0000, 0x0000, 0x0000, 0x0000, 0x0000, 0x0000, 0x0000,
  0x0000, 0x0000, 0x0000, 0x0000, 0x0000, 0x0000, 0x0000, 0x0000,
  0x0000, 0x0000, 0x0000, 0x0000, 0x0000, 0x0000, 0x0000, 0x0000,
  0x0000, 0x0000, 0x0000, 0x0000, 0x0000, 0x0000, 0x0000, 0x0000,
  0x0000, 0x0000, 0x0000, 0x0000, 0x0000, 0x0000, 0x0000, 0x0000,
  0x0000, 0x0000, 0x0000, 0x0000, 0x0000, 0x0000, 0x0000, 0x0000,
  0x0000, 0x0000, 0x0000, 0x0000, 0x0000, 0x0000, 0x0000, 0x0000,
  0x0000, 0x0000, 0x0000, 0x0000, 0x0000, 0x0000, 0x0000, 0x0000,
  0x0000, 0x0000, 0x0000, 0x0000, 0x0000, 0x0000, 0x0000, 0x0000,
  0x0000, 0x0000, 0x0000, 0x0000, 0x0000, 0x0000, 0x0000, 0x0000,
  0x0000, 0x0000, 0x0000, 0x0000, 0x0000, 0x0000, 0x0000, 0x0000,
  0x0000, 0x0000, 0x0000, 0x0000, 0x0000, 0x0000, 0x0000, 0x0000,
  0x0000, 0x0000, 0x0000, 0x0000, 0x0000, 0x0000, 0x0000, 0x0000,
  0x0000, 0x0000, 0x0000, 0x0000, 0x0000, 0x0000, 0x0000, 0x0000,
  0x0000, 0x0000, 0x0000, 0x0000, 0x0000, 0x0000, 0x0000, 0x0000,
  0x0000, 0x0000, 0x0000, 0x0000, 0x0000, 0x0000, 0x0000, 0x0000,
  0x0000, 0x0000, 0x0000, 0x0000, 0x0000, 0x0000, 0x0000, 0x0000,
  0x0000, 0x0000, 0x0000, 0x0000, 0xA543, 0xF544, 0xF544, 0xF543,
  0xF754, 0xFC97, 0xFC97, 0xFC97, 0xFC97, 0xFC97, 0xFC97, 0xFC97,
  0xFC97, 0xFC97, 0xFC86, 0xFDB8, 0xFEDB, 0xFEDA, 0xFEDA, 0xFEDA,
  0xFEDA, 0xFEDA, 0xFEDA, 0xFEDA, 0xFEDA, 0xFEDA, 0xFEDA, 0xFEDA,
  0xFEDA, 0xFEDA, 0xFEDA, 0xFEDA, 0xFEDA, 0xFEDA, 0xFEDA, 0xFEDA,
  0xFEDA, 0xFEDA, 0xFEDA, 0xFEDA, 0xFEDA, 0xFEDA, 0xFEDA, 0xFEDA,
  0xFEDA, 0xFEDA, 0xFEDA, 0xFEDA, 0xFEDA, 0xFEDA, 0xFEDA, 0xFEDA,
  0xFEDA, 0xFEDA, 0xFEDA, 0xFEDA, 0xFEDA, 0xFEDA, 0xFEDA, 0xFEDA,
  0xFEDA, 0xFEDA, 0xFEDA, 0xFEDA, 0xFEDA, 0xFEDA, 0xFEDA, 0xFEDA,
  0xFEDA, 0xFEDA, 0xFEDA, 0xFEDA, 0xFEDB, 0xFEDA, 0xFDA8, 0xFC86,
  0xFC86, 0xFC96, 0xFC96, 0xFC97, 0xFC97, 0xFC97, 0xFC96, 0xFC86,
  0xFC96, 0xFB86, 0xF544, 0xF544, 0xF544, 0xF544, 0x5543, 0x0000,
  0x0000, 0x0000, 0x0000, 0x0000, 0x0000, 0x0000, 0x0000, 0x0000,
  0x0000, 0x0000, 0x0000, 0x0000, 0x0000, 0x0000, 0x0000, 0x0000,
  0x0000, 0x0000, 0x0000, 0x0000, 0x0000, 0x0000, 0x0000, 0x0000,
  0x0000, 0x0000, 0x0000, 0x0000, 0x0000, 0x0000, 0x0000, 0x0000,
  0x0000, 0x0000, 0x0000, 0x0000, 0x0000, 0x0000, 0x0000, 0x0000,
  0x0000, 0x0000, 0x0000, 0x0000, 0x0000, 0x0000, 0x0000, 0x0000,
  0x0000, 0x0000, 0x0000, 0x0000, 0x0000, 0x0000, 0x0000, 0x0000,
  0x0000, 0x0000, 0x0000, 0x0000, 0x0000, 0x0000, 0x0000, 0x0000,
  0x0000, 0x0000, 0x0000, 0x0000, 0x0000, 0x0000, 0x0000, 0x0000,
  0x0000, 0x0000, 0x0000, 0x0000, 0x0000, 0x0000, 0x0000, 0x0000,
  0x0000, 0x0000, 0x0000, 0x0000, 0x0000, 0x0000, 0x0000, 0x0000,
  0x0000, 0x0000, 0x0000, 0x0000, 0x0000, 0x0000, 0x0000, 0x0000,
  0x0000, 0x0000, 0x0000, 0x0000, 0x0000, 0x0000, 0x0000, 0x0000,
  0x0000, 0x0000, 0x0000, 0x0000, 0x0000, 0x0000, 0x0000, 0x0000,
  0x0000, 0x0000, 0x0000, 0x0000, 0x0000, 0x0000, 0x0000, 0x0000,
  0x0000, 0x0000, 0x0000, 0x0000, 0x0000, 0x0000, 0x0000, 0x0000,
  0x0000, 0x0000, 0x0000, 0x0000, 0x0000, 0x0000, 0x0000, 0x0000,
  0x0000, 0x0000, 0x0000, 0x0000, 0x0000, 0x0000, 0x0000, 0x0000,
  0x0000, 0x0000, 0x0000, 0x0000, 0x0000, 0x0000, 0x0000, 0x0000,
  0x0000, 0x0000, 0x0000, 0x0000, 0x0000, 0x0000, 0x0000, 0x0000,
  0x0000, 0x0000, 0x0555, 0x0000, 0x8543, 0xF544, 0xF544, 0xF544,
  0xF654, 0xFC86, 0xFC97, 0xFC97, 0xFC97, 0xFC97, 0xFC97, 0xFC97,
  0xFC97, 0xFC86, 0xFC97, 0xFECA, 0xFEDB, 0xFEDA, 0xFEDA, 0xFEDA,
  0xFEDA, 0xFEDA, 0xFEDA, 0xFEDA, 0xFEDA, 0xFEDA, 0xFEDA, 0xFEDA,
  0xFEDA, 0xFEDA, 0xFEDA, 0xFEDA, 0xFEDA, 0xFEDA, 0xFEDA, 0xFEDA,
  0xFEDA, 0xFEDA, 0xFEDA, 0xFEDA, 0xFEDA, 0xFEDA, 0xFEDA, 0xFEDA,
  0xFEDA, 0xFEDA, 0xFEDA, 0xFEDA, 0xFEDA, 0xFEDA, 0xFEDA, 0xFEDA,
  0xFEDA, 0xFEDA, 0xFEDA, 0xFEDA, 0xFEDA, 0xFEDA, 0xFEDA, 0xFEDA,
  0xFEDA, 0xFEDA, 0xFEDA, 0xFEDA, 0xFEDA, 0xFEDA, 0xFEDA, 0xFEDA,
  0xFEDA, 0xFEDA, 0xFEDA, 0xFEDA, 0xFEDB, 0xFDC9, 0xFC86, 0xFC97,
  0xFC97, 0xFC97, 0xFC97, 0xFC97, 0xFC97, 0xFC97, 0xFC97, 0xFC97,
  0xFC97, 0xFA76, 0xF543, 0xF544, 0xF544, 0xF544, 0x4543, 0x0000,
  0x0000, 0x0000, 0x0000, 0x0000, 0x0000, 0x0000, 0x0000, 0x0000,
  0x0000, 0x0000, 0x0000, 0x0000, 0x0000, 0x0000, 0x0000, 0x0000,
  0x0000, 0x0000, 0x0000, 0x0000, 0x0000, 0x0000, 0x0000, 0x0000,
  0x0000, 0x0000, 0x0000, 0x0000, 0x0000, 0x0000, 0x0000, 0x0000,
  0x0000, 0x0000, 0x0000, 0x0000, 0x0000, 0x0000, 0x0000, 0x0000,
  0x0000, 0x0000, 0x0000, 0x0000, 0x0000, 0x0000, 0x0000, 0x0000,
  0x0000, 0x0000, 0x0000, 0x0000, 0x0000, 0x0000, 0x0000, 0x0000,
  0x0000, 0x0000, 0x0000, 0x0000, 0x0000, 0x0000, 0x0000, 0x0000,
  0x0000, 0x0000, 0x0000, 0x0000, 0x0000, 0x0000, 0x0000, 0x0000,
  0x0000, 0x0000, 0x0000, 0x0000, 0x0000, 0x0000, 0x0000, 0x0000,
  0x0000, 0x0000, 0x0000, 0x0000, 0x0000, 0x0000, 0x0000, 0x0000,
  0x0000, 0x0000, 0x0000, 0x0000, 0x0000, 0x0000, 0x0000, 0x0000,
  0x0000, 0x0000, 0x0000, 0x0000, 0x0000, 0x0000, 0x0000, 0x0000,
  0x0000, 0x0000, 0x0000, 0x0000, 0x0000, 0x0000, 0x0000, 0x0000,
  0x0000, 0x0000, 0x0000, 0x0000, 0x0000, 0x0000, 0x0000, 0x0000,
  0x0000, 0x0000, 0x0000, 0x0000, 0x0000, 0x0000, 0x0000, 0x0000,
  0x0000, 0x0000, 0x0000, 0x0000, 0x0000, 0x0000, 0x0000, 0x0000,
  0x0000, 0x0000, 0x0000, 0x0000, 0x0000, 0x0000, 0x0000, 0x0000,
  0x0000, 0x0000, 0x0000, 0x0000, 0x0000, 0x0000, 0x0000, 0x0000,
  0x0000, 0x0000, 0x0000, 0x0000, 0x0000, 0x0000, 0x0000, 0x0000,
  0x0000, 0x0000, 0x0444, 0x0000, 0x6543, 0xF544, 0xF544, 0xF544,
  0xF544, 0xFA76, 0xFC97, 0xFC86, 0xFC86, 0xFC86, 0xFC86, 0xFC86,
  0xFC97, 0xFDB8, 0xFEDA, 0xFEDB, 0xFEDA, 0xFEDA, 0xFEDA, 0xFEDA,
  0xFEDA, 0xFEDA, 0xFEDA, 0xFEDA, 0xFEDA, 0xFEDA, 0xFEDA, 0xFEDA,
  0xFEDA, 0xFEDA, 0xFEDA, 0xFEDA, 0xFEDA, 0xFEDA, 0xFEDA, 0xFEDA,
  0xFEDA, 0xFEDA, 0xFEDA, 0xFEDA, 0xFEDA, 0xFEDA, 0xFEDA, 0xFEDA,
  0xFEDA, 0xFEDA, 0xFEDA, 0xFEDA, 0xFEDA, 0xFEDA, 0xFEDA, 0xFEDA,
  0xFEDA, 0xFEDA, 0xFEDA, 0xFEDA, 0xFEDA, 0xFEDA, 0xFEDA, 0xFEDA,
  0xFEDA, 0xFEDA, 0xFEDA, 0xFEDA, 0xFEDA, 0xFEDA, 0xFEDA, 0xFEDA,
  0xFEDA, 0xFEDA, 0xFEDA, 0xFEDA, 0xFEDB, 0xFDB9, 0xFC86, 0xFC97,
  0xFC97, 0xFC97, 0xFC97, 0xFC97, 0xFC97, 0xFC97, 0xFC97, 0xFC97,
  0xFC97, 0xF975, 0xF543, 0xF544, 0xF544, 0xE544, 0x2533, 0x0000,
  0x0000, 0x0000, 0x0000, 0x0000, 0x0000, 0x0000, 0x0000, 0x0000,
  0x0000, 0x0000, 0x0000, 0x0000, 0x0000, 0x0000, 0x0000, 0x0000,
  0x0000, 0x0000, 0x0000, 0x0000, 0x0000, 0x0000, 0x0000, 0x0000,
  0x0000, 0x0000, 0x0000, 0x0000, 0x0000, 0x0000, 0x0000, 0x0000,
  0x0000, 0x0000, 0x0000, 0x0000, 0x0000, 0x0000, 0x0000, 0x0000,
  0x0000, 0x0000, 0x0000, 0x0000, 0x0000, 0x0000, 0x0000, 0x0000,
  0x0000, 0x0000, 0x0000, 0x0000, 0x0000, 0x0000, 0x0000, 0x0000,
  0x0000, 0x0000, 0x0000, 0x0000, 0x0000, 0x0000, 0x0000, 0x0000,
  0x0000, 0x0000, 0x0000, 0x0000, 0x0000, 0x0000, 0x0000, 0x0000,
  0x0000, 0x0000, 0x0000, 0x0000, 0x0000, 0x0000, 0x0000, 0x0000,
  0x0000, 0x0000, 0x0000, 0x0000, 0x0000, 0x0000, 0x0000, 0x0000,
  0x0000, 0x0000, 0x0000, 0x0000, 0x0000, 0x0000, 0x0000, 0x0000,
  0x0000, 0x0000, 0x0000, 0x0000, 0x0000, 0x0000, 0x0000, 0x0000,
  0x0000, 0x0000, 0x0000, 0x0000, 0x0000, 0x0000, 0x0000, 0x0000,
  0x0000, 0x0000, 0x0000, 0x0000, 0x0000, 0x0000, 0x0000, 0x0000,
  0x0000, 0x0000, 0x0000, 0x0000, 0x0000, 0x0000, 0x0000, 0x0000,
  0x0000, 0x0000, 0x0000, 0x0000, 0x0000, 0x0000, 0x0000, 0x0000,
  0x0000, 0x0000, 0x0000, 0x0000, 0x0000, 0x0000, 0x0000, 0x0000,
  0x0000, 0x0000, 0x0000, 0x0000, 0x0000, 0x0000, 0x0000, 0x0000,
  0x0000, 0x0000, 0x0000, 0x0000, 0x0000, 0x0000, 0x0000, 0x0000,
  0x0000, 0x0000, 0x0000, 0x0000, 0x2543, 0xE543, 0xF544, 0xF544,
  0xF443, 0xF986, 0xFEC9, 0xFDB9, 0xFDB8, 0xFDB8, 0xFDB8, 0xFDC9,
  0xFEDA, 0xFEDB, 0xFEDB, 0xFEDA, 0xFEDA, 0xFEDA, 0xFEDA, 0xFEDA,
  0xFEDA, 0xFEDA, 0xFEDA, 0xFEDA, 0xFEDA, 0xFEDA, 0xFEDA, 0xFEDA,
  0xFEDA, 0xFEDA, 0xFEDA, 0xFEDA, 0xFEDA, 0xFEDA, 0xFEDA, 0xFEDA,
  0xFEDA, 0xFEDA, 0xFEDA, 0xFEDA, 0xFEDA, 0xFEDA, 0xFEDA, 0xFEDA,
  0xFEDA, 0xFEDA, 0xFEDA, 0xFEDA, 0xFEDA, 0xFEDA, 0xFEDA, 0xFEDA,
  0xFEDA, 0xFEDA, 0xFEDA, 0xFEDA, 0xFEDA, 0xFEDA, 0xFEDA, 0xFEDA,
  0xFEDA, 0xFEDA, 0xFEDA, 0xFEDA, 0xFEDA, 0xFEDA, 0xFEDA, 0xFEDA,
  0xFEDA, 0xFEDA, 0xFEDA, 0xFEDA, 0xFEDB, 0xFECA, 0xFC97, 0xFC97,
  0xFC97, 0xFC97, 0xFC97, 0xFC97, 0xFC97, 0xFC97, 0xFC97, 0xFC97,
  0xFC97, 0xF765, 0xF543, 0xF544, 0xF544, 0xD544, 0x0633, 0x0000,
  0x0000, 0x0000, 0x0000, 0x0000, 0x0000, 0x0000, 0x0000, 0x0000,
  0x0000, 0x0000, 0x0000, 0x0000, 0x0000, 0x0000, 0x0000, 0x0000,
  0x0000, 0x0000, 0x0000, 0x0000, 0x0000, 0x0000, 0x0000, 0x0000,
  0x0000, 0x0000, 0x0000, 0x0000, 0x0000, 0x0000, 0x0000, 0x0000,
  0x0000, 0x0000, 0x0000, 0x0000, 0x0000, 0x0000, 0x0000, 0x0000,
  0x0000, 0x0000, 0x0000, 0x0000, 0x0000, 0x0000, 0x0000, 0x0000,
  0x0000, 0x0000, 0x0000, 0x0000, 0x0000, 0x0000, 0x0000, 0x0000,
  0x0000, 0x0000, 0x0000, 0x0000, 0x0000, 0x0000, 0x0000, 0x0000,
  0x0000, 0x0000, 0x0000, 0x0000, 0x0000, 0x0000, 0x0000, 0x0000,
  0x0000, 0x0000, 0x0000, 0x0000, 0x0000, 0x0000, 0x0000, 0x0000,
  0x0000, 0x0000, 0x0000, 0x0000, 0x0000, 0x0000, 0x0000, 0x0000,
  0x0000, 0x0000, 0x0000, 0x0000, 0x0000, 0x0000, 0x0000, 0x0000,
  0x0000, 0x0000, 0x0000, 0x0000, 0x0000, 0x0000, 0x0000, 0x0000,
  0x0000, 0x0000, 0x0000, 0x0000, 0x0000, 0x0000, 0x0000, 0x0000,
  0x0000, 0x0000, 0x0000, 0x0000, 0x0000, 0x0000, 0x0000, 0x0000,
  0x0000, 0x0000, 0x0000, 0x0000, 0x0000, 0x0000, 0x0000, 0x0000,
  0x0000, 0x0000, 0x0000, 0x0000, 0x0000, 0x0000, 0x0000, 0x0000,
  0x0000, 0x0000, 0x0000, 0x0000, 0x0000, 0x0000, 0x0000, 0x0000,
  0x0000, 0x0000, 0x0000, 0x0000, 0x0000, 0x0000, 0x0000, 0x0000,
  0x0000, 0x0000, 0x0000, 0x0000, 0x0000, 0x0000, 0x0000, 0x0000,
  0x0000, 0x0000, 0x0000, 0x0000, 0x0000, 0xB543, 0xF544, 0xF544,
  0xF543, 0xF655, 0xFEDA, 0xFEEB, 0xFEDB, 0xFEDB, 0xFEEB, 0xFEEB,
  0xFEDB, 0xFEDA, 0xFEDA, 0xFEDA, 0xFEDA, 0xFEDA, 0xFEDA, 0xFEDA,
  0xFEDA, 0xFEDA, 0xFEDA, 0xFEDA, 0xFEDA, 0xFEDA, 0xFEDA, 0xFEDA,
  0xFEDA, 0xFEDA, 0xFEDA, 0xFEDA, 0xFEDA, 0xFEDA, 0xFEDA, 0xFEDA,
  0xFEDA, 0xFEDA, 0xFEDA, 0xFEDA, 0xFEDA, 0xFEDA, 0xFEDA, 0xFEDA,
  0xFEDA, 0xFEDA, 0xFEDA, 0xFEDA, 0xFEDA, 0xFEDA, 0xFEDA, 0xFEDA,
  0xFEDA, 0xFEDA, 0xFEDA, 0xFEDA, 0xFEDA, 0xFEDA, 0xFEDA, 0xFEDA,
  0xFEDA, 0xFEDA, 0xFEDA, 0xFEDA, 0xFEDA, 0xFEDA, 0xFEDA, 0xFEDA,
  0xFEDA, 0xFEDA, 0xFEDA, 0xFEDA, 0xFEDA, 0xFEDB, 0xFDB9, 0xFC96,
  0xFC96, 0xFC97, 0xFC97, 0xFC97, 0xFC97, 0xFC97, 0xFC97, 0xFC97,
  0xFA86, 0xF544, 0xF544, 0xF544, 0xF544, 0xA544, 0x0000, 0x00FF,
  0x0000, 0x0000, 0x0000, 0x0000, 0x0000, 0x0000, 0x0000, 0x0000,
  0x0000, 0x0000, 0x0000, 0x0000, 0x0000, 0x0000, 0x0000, 0x0000,
  0x0000, 0x0000, 0x0000, 0x0000, 0x0000, 0x0000, 0x0000, 0x0000,
  0x0000, 0x0000, 0x0000, 0x0000, 0x0000, 0x0000, 0x0000, 0x0000,
  0x0000, 0x0000, 0x0000, 0x0000, 0x0000, 0x0000, 0x0000, 0x0000,
  0x0000, 0x0000, 0x0000, 0x0000, 0x0000, 0x0000, 0x0000, 0x0000,
  0x0000, 0x0000, 0x0000, 0x0000, 0x0000, 0x0000, 0x0000, 0x0000,
  0x0000, 0x0000, 0x0000, 0x0000, 0x0000, 0x0000, 0x0000, 0x0000,
  0x0000, 0x0000, 0x0000, 0x0000, 0x0000, 0x0000, 0x0000, 0x0000,
  0x0000, 0x0000, 0x0000, 0x0000, 0x0000, 0x0000, 0x0000, 0x0000,
  0x0000, 0x0000, 0x0000, 0x0000, 0x0000, 0x0000, 0x0000, 0x0000,
  0x0000, 0x0000, 0x0000, 0x0000, 0x0000, 0x0000, 0x0000, 0x0000,
  0x0000, 0x0000, 0x0000, 0x0000, 0x0000, 0x0000, 0x0000, 0x0000,
  0x0000, 0x0000, 0x0000, 0x0000, 0x0000, 0x0000, 0x0000, 0x0000,
  0x0000, 0x0000, 0x0000, 0x0000, 0x0000, 0x0000, 0x0000, 0x0000,
  0x0000, 0x0000, 0x0000, 0x0000, 0x0000, 0x0000, 0x0000, 0x0000,
  0x0000, 0x0000, 0x0000, 0x0000, 0x0000, 0x0000, 0x0000, 0x0000,
  0x0000, 0x0000, 0x0000, 0x0000, 0x0000, 0x0000, 0x0000, 0x0000,
  0x0000, 0x0000, 0x0000, 0x0000, 0x0000, 0x0000, 0x0000, 0x0000,
  0x0000, 0x0000, 0x0000, 0x0000, 0x0000, 0x0000, 0x0000, 0x0000,
  0x0000, 0x0000, 0x0000, 0x0444, 0x0000, 0x7544, 0xF544, 0xF544,
  0xF544, 0xF543, 0xF987, 0xFFEB, 0xFEDA, 0xFEDA, 0xFEDA, 0xFEDA,
  0xFEDA, 0xFEDA, 0xFEDA, 0xFEDA, 0xFEDA, 0xFEDA, 0xFEDA, 0xFEDA,
  0xFEDA, 0xFEDA, 0xFEDA, 0xFEDA, 0xFEDA, 0xFEDA, 0xFEDA, 0xFEDA,
  0xFEDA, 0xFEDA, 0xFEDA, 0xFEDA, 0xFEDA, 0xFEDA, 0xFEDA, 0xFEDA,
  0xFEDA, 0xFEDA, 0xFEDA, 0xFEDA, 0xFEDA, 0xFEDA, 0xFEDA, 0xFEDA,
  0xFEDA, 0xFEDA, 0xFEDA, 0xFEDA, 0xFEDA, 0xFEDA, 0xFEDA, 0xFEDA,
  0xFEDA, 0xFEDA, 0xFEDA, 0xFEDA, 0xFEDA, 0xFEDA, 0xFEDA, 0xFEDA,
  0xFEDA, 0xFEDA, 0xFEDA, 0xFEDA, 0xFEDA, 0xFEDA, 0xFEDA, 0xFEDA,
  0xFEDA, 0xFEDA, 0xFEDA, 0xFEDA, 0xFEDA, 0xFEDA, 0xFEDB, 0xFDC9,
  0xFC97, 0xFC86, 0xFC86, 0xFC97, 0xFC97, 0xFC97, 0xFC97, 0xFA76,
  0xF544, 0xF544, 0xF544, 0xF544, 0xF544, 0x6543, 0x0000, 0x0444,
  0x0000, 0x0000, 0x0000, 0x0000, 0x0000, 0x0000, 0x0000, 0x0000,
  0x0000, 0x0000, 0x0000, 0x0000, 0x0000, 0x0000, 0x0000, 0x0000,
  0x0000, 0x0000, 0x0000, 0x0000, 0x0000, 0x0000, 0x0000, 0x0000,
  0x0000, 0x0000, 0x0000, 0x0000, 0x0000, 0x0000, 0x0000, 0x0000,
  0x0000, 0x0000, 0x0000, 0x0000, 0x0000, 0x0000, 0x0000, 0x0000,
  0x0000, 0x0000, 0x0000, 0x0000, 0x0000, 0x0000, 0x0000, 0x0000,
  0x0000, 0x0000, 0x0000, 0x0000, 0x0000, 0x0000, 0x0000, 0x0000,
  0x0000, 0x0000, 0x0000, 0x0000, 0x0000, 0x0000, 0x0000, 0x0000,
  0x0000, 0x0000, 0x0000, 0x0000, 0x0000, 0x0000, 0x0000, 0x0000,
  0x0000, 0x0000, 0x0000, 0x0000, 0x0000, 0x0000, 0x0000, 0x0000,
  0x0000, 0x0000, 0x0000, 0x0000, 0x0000, 0x0000, 0x0000, 0x0000,
  0x0000, 0x0000, 0x0000, 0x0000, 0x0000, 0x0000, 0x0000, 0x0000,
  0x0000, 0x0000, 0x0000, 0x0000, 0x0000, 0x0000, 0x0000, 0x0000,
  0x0000, 0x0000, 0x0000, 0x0000, 0x0000, 0x0000, 0x0000, 0x0000,
  0x0000, 0x0000, 0x0000, 0x0000, 0x0000, 0x0000, 0x0000, 0x0000,
  0x0000, 0x0000, 0x0000, 0x0000, 0x0000, 0x0000, 0x0000, 0x0000,
  0x0000, 0x0000, 0x0000, 0x0000, 0x0000, 0x0000, 0x0000, 0x0000,
  0x0000, 0x0000, 0x0000, 0x0000, 0x0000, 0x0000, 0x0000, 0x0000,
  0x0000, 0x0000, 0x0000, 0x0000, 0x0000, 0x0000, 0x0000, 0x0000,
  0x0000, 0x0000, 0x0000, 0x0000, 0x0000, 0x0000, 0x0000, 0x0000,
  0x0000, 0x0000, 0x0000, 0x0555, 0x0000, 0x3543, 0xF544, 0xF544,
  0xF544, 0xF544, 0xF543, 0xFA97, 0xFFEB, 0xFEDA, 0xFEDA, 0xFEDA,
  0xFEDA, 0xFEDA, 0xFEDA, 0xFEDA, 0xFEDA, 0xFEDA, 0xFEDA, 0xFEDA,
  0xFEDA, 0xFEDA, 0xFEDA, 0xFEDA, 0xFEDA, 0xFEDA, 0xFEDA, 0xFEDA,
  0xFEDA, 0xFEDA, 0xFEDA, 0xFEDA, 0xFEDA, 0xFEDA, 0xFEDA, 0xFEDA,
  0xFEDA, 0xFEDA, 0xFEDA, 0xFEDA, 0xFEDA, 0xFEDA, 0xFEDA, 0xFEDA,
  0xFEDA, 0xFEDA, 0xFEDA, 0xFEDA, 0xFEDA, 0xFEDA, 0xFEDA, 0xFEDA,
  0xFEDA, 0xFEDA, 0xFEDA, 0xFEDA, 0xFEDA, 0xFEDA, 0xFEDA, 0xFEDA,
  0xFEDA, 0xFEDA, 0xFEDA, 0xFEDA, 0xFEDA, 0xFEDA, 0xFEDA, 0xFEDA,
  0xFEDA, 0xFEDA, 0xFEDA, 0xFEDA, 0xFEDA, 0xFEDA, 0xFEDA, 0xFEDB,
  0xFEDA, 0xFDB9, 0xFDA8, 0xFC97, 0xFC96, 0xFC97, 0xFA76, 0xF544,
  0xF544, 0xF544, 0xF544, 0xF544, 0xD543, 0x1543, 0x0000, 0x0000,
  0x0000, 0x0000, 0x0000, 0x0000, 0x0000, 0x0000, 0x0000, 0x0000,
  0x0000, 0x0000, 0x0000, 0x0000, 0x0000, 0x0000, 0x0000, 0x0000,
  0x0000, 0x0000, 0x0000, 0x0000, 0x0000, 0x0000, 0x0000, 0x0000,
  0x0000, 0x0000, 0x0000, 0x0000, 0x0000, 0x0000, 0x0000, 0x0000,
  0x0000, 0x0000, 0x0000, 0x0000, 0x0000, 0x0000, 0x0000, 0x0000,
  0x0000, 0x0000, 0x0000, 0x0000, 0x0000, 0x0000, 0x0000, 0x0000,
  0x0000, 0x0000, 0x0000, 0x0000, 0x0000, 0x0000, 0x0000, 0x0000,
  0x0000, 0x0000, 0x0000, 0x0000, 0x0000, 0x0000, 0x0000, 0x0000,
  0x0000, 0x0000, 0x0000, 0x0000, 0x0000, 0x0000, 0x0000, 0x0000,
  0x0000, 0x0000, 0x0000, 0x0000, 0x0000, 0x0000, 0x0000, 0x0000,
  0x0000, 0x0000, 0x0000, 0x0000, 0x0000, 0x0000, 0x0000, 0x0000,
  0x0000, 0x0000, 0x0000, 0x0000, 0x0000, 0x0000, 0x0000, 0x0000,
  0x0000, 0x0000, 0x0000, 0x0000, 0x0000, 0x0000, 0x0000, 0x0000,
  0x0000, 0x0000, 0x0000, 0x0000, 0x0000, 0x0000, 0x0000, 0x0000,
  0x0000, 0x0000, 0x0000, 0x0000, 0x0000, 0x0000, 0x0000, 0x0000,
  0x0000, 0x0000, 0x0000, 0x0000, 0x0000, 0x0000, 0x0000, 0x0000,
  0x0000, 0x0000, 0x0000, 0x0000, 0x0000, 0x0000, 0x0000, 0x0000,
  0x0000, 0x0000, 0x0000, 0x0000, 0x0000, 0x0000, 0x0000, 0x0000,
  0x0000, 0x0000, 0x0000, 0x0000, 0x0000, 0x0000, 0x0000, 0x0000,
  0x0000, 0x0000, 0x0000, 0x0000, 0x0000, 0x0000, 0x0000, 0x0000,
  0x0000, 0x0000, 0x0000, 0x0000, 0x0000, 0x0333, 0xC544, 0xF544,
  0xF544, 0xF544, 0xF544, 0xF543, 0xFA98, 0xFFEB, 0xFEDB, 0xFEDA,
  0xFEDA, 0xFEDA, 0xFEDA, 0xFEDA, 0xFEDA, 0xFEDA, 0xFEDA, 0xFEDA,
  0xFEDA, 0xFEDA, 0xFEDA, 0xFEDA, 0xFEDA, 0xFEDA, 0xFEDA, 0xFEDA,
  0xFEDA, 0xFEDA, 0xFEDA, 0xFEDA, 0xFEDA, 0xFEDA, 0xFEDA, 0xFEDA,
  0xFEDA, 0xFEDA, 0xFEDA, 0xFEDA, 0xFEDA, 0xFEDA, 0xFEDA, 0xFEDA,
  0xFEDA, 0xFEDA, 0xFEDA, 0xFEDA, 0xFEDA, 0xFEDA, 0xFEDA, 0xFEDA,
  0xFEDA, 0xFEDA, 0xFEDA, 0xFEDA, 0xFEDA, 0xFEDA, 0xFEDA, 0xFEDA,
  0xFEDA, 0xFEDA, 0xFEDA, 0xFEDA, 0xFEDA, 0xFEDA, 0xFEDA, 0xFEDA,
  0xFEDA, 0xFEDA, 0xFEDA, 0xFEDA, 0xFEDA, 0xFEDA, 0xFEDA, 0xFEDA,
  0xFEDB, 0xFEEB, 0xFEDA, 0xFEDA, 0xFEDA, 0xFB97, 0xF544, 0xF544,
  0xF544, 0xF544, 0xF544, 0xE544, 0x3543, 0x0000, 0x0000, 0x0000,
  0x0000, 0x0000, 0x0000, 0x0000, 0x0000, 0x0000, 0x0000, 0x0000,
  0x0000, 0x0000, 0x0000, 0x0000, 0x0000, 0x0000, 0x0000, 0x0000,
  0x0000, 0x0000, 0x0000, 0x0000, 0x0000, 0x0000, 0x0000, 0x0000,
  0x0000, 0x0000, 0x0000, 0x0000, 0x0000, 0x0000, 0x0000, 0x0000,
  0x0000, 0x0000, 0x0000, 0x0000, 0x0000, 0x0000, 0x0000, 0x0000,
  0x0000, 0x0000, 0x0000, 0x0000, 0x0000, 0x0000, 0x0000, 0x0000,
  0x0000, 0x0000, 0x0000, 0x0000, 0x0000, 0x0000, 0x0000, 0x0000,
  0x0000, 0x0000, 0x0000, 0x0000, 0x0000, 0x0000, 0x0000, 0x0000,
  0x0000, 0x0000, 0x0000, 0x0000, 0x0000, 0x0000, 0x0000, 0x0000,
  0x0000, 0x0000, 0x0000, 0x0000, 0x0000, 0x0000, 0x0000, 0x0000,
  0x0000, 0x0000, 0x0000, 0x0000, 0x0000, 0x0000, 0x0000, 0x0000,
  0x0000, 0x0000, 0x0000, 0x0000, 0x0000, 0x0000, 0x0000, 0x0000,
  0x0000, 0x0000, 0x0000, 0x0000, 0x0000, 0x0000, 0x0000, 0x0000,
  0x0000, 0x0000, 0x0000, 0x0000, 0x0000, 0x0000, 0x0000, 0x0000,
  0x0000, 0x0000, 0x0000, 0x0000, 0x0000, 0x0000, 0x0000, 0x0000,
  0x0000, 0x0000, 0x0000, 0x0000, 0x0000, 0x0000, 0x0000, 0x0000,
  0x0000, 0x0000, 0x0000, 0x0000, 0x0000, 0x0000, 0x0000, 0x0000,
  0x0000, 0x0000, 0x0000, 0x0000, 0x0000, 0x0000, 0x0000, 0x0000,
  0x0000, 0x0000, 0x0000, 0x0000, 0x0000, 0x0000, 0x0000, 0x0000,
  0x0000, 0x0000, 0x0000, 0x0000, 0x0000, 0x0000, 0x0000, 0x0000,
  0x0000, 0x0000, 0x0000, 0x0000, 0x0000, 0x0000, 0x3543, 0xE544,
  0xF544, 0xF544, 0xF544, 0xF544, 0xF544, 0xF987, 0xFEDA, 0xFFEB,
  0xFEDA, 0xFEDA, 0xFEDA, 0xFEDA, 0xFEDA, 0xFEDA, 0xFEDA, 0xFEDA,
  0xFEDA, 0xFEDA, 0xFEDA, 0xFEDA, 0xFEDA, 0xFEDA, 0xFEDA, 0xFEDA,
  0xFEDA, 0xFEDA, 0xFEDA, 0xFEDA, 0xFEDA, 0xFEDB, 0xFEDB, 0xFEDB,
  0xFEDB, 0xFEDB, 0xFEDB, 0xFEDB, 0xFEDB, 0xFEDB, 0xFEDB, 0xFEDB,
  0xFEDB, 0xFEDB, 0xFEDB, 0xFEDB, 0xFEDB, 0xFEDB, 0xFEDA, 0xFEDA,
  0xFEDA, 0xFEDA, 0xFEDA, 0xFEDA, 0xFEDA, 0xFEDA, 0xFEDA, 0xFEDA,
  0xFEDA, 0xFEDA, 0xFEDA, 0xFEDA, 0xFEDA, 0xFEDA, 0xFEDA, 0xFEDA,
  0xFEDA, 0xFEDA, 0xFEDA, 0xFEDA, 0xFEDA, 0xFEDA, 0xFEDA, 0xFEDA,
  0xFEDA, 0xFEDA, 0xFEDB, 0xFFEB, 0xFBA8, 0xF544, 0xF543, 0xF544,
  0xF544, 0xF544, 0xD544, 0x3543, 0x0000, 0x0555, 0x0000, 0x0000,
  0x0000, 0x0000, 0x0000, 0x0000, 0x0000, 0x0000, 0x0000, 0x0000,
  0x0000, 0x0000, 0x0000, 0x0000, 0x0000, 0x0000, 0x0000, 0x0000,
  0x0000, 0x0000, 0x0000, 0x0000, 0x0000, 0x0000, 0x0000, 0x0000,
  0x0000, 0x0000, 0x0000, 0x0000, 0x0000, 0x0000, 0x0000, 0x0000,
  0x0000, 0x0000, 0x0000, 0x0000, 0x0000, 0x0000, 0x0000, 0x0000,
  0x0000, 0x0000, 0x0000, 0x0000, 0x0000, 0x0000, 0x0000, 0x0000,
  0x0000, 0x0000, 0x0000, 0x0000, 0x0000, 0x0000, 0x0000, 0x0000,
  0x0000, 0x0000, 0x0000, 0x0000, 0x0000, 0x0000, 0x0000, 0x0000,
  0x0000, 0x0000, 0x0000, 0x0000, 0x0000, 0x0000, 0x0000, 0x0000,
  0x0000, 0x0000, 0x0000, 0x0000, 0x0000, 0x0000, 0x0000, 0x0000,
  0x0000, 0x0000, 0x0000, 0x0000, 0x0000, 0x0000, 0x0000, 0x0000,
  0x0000, 0x0000, 0x0000, 0x0000, 0x0000, 0x0000, 0x0000, 0x0000,
  0x0000, 0x0000, 0x0000, 0x0000, 0x0000, 0x0000, 0x0000, 0x0000,
  0x0000, 0x0000, 0x0000, 0x0000, 0x0000, 0x0000, 0x0000, 0x0000,
  0x0000, 0x0000, 0x0000, 0x0000, 0x0000, 0x0000, 0x0000, 0x0000,
  0x0000, 0x0000, 0x0000, 0x0000, 0x0000, 0x0000, 0x0000, 0x0000,
  0x0000, 0x0000, 0x0000, 0x0000, 0x0000, 0x0000, 0x0000, 0x0000,
  0x0000, 0x0000, 0x0000, 0x0000, 0x0000, 0x0000, 0x0000, 0x0000,
  0x0000, 0x0000, 0x0000, 0x0000, 0x0000, 0x0000, 0x0000, 0x0000,
  0x0000, 0x0000, 0x0000, 0x0000, 0x0000, 0x0000, 0x0000, 0x0000,
  0x0000, 0x0000, 0x0000, 0x0000, 0x0000, 0x0555, 0x0000, 0x3543,
  0xD544, 0xF544, 0xF544, 0xF544, 0xF544, 0xF543, 0xF655, 0xFBA8,
  0xFEDA, 0xFFEB, 0xFEDB, 0xFEDA, 0xFEDA, 0xFEDA, 0xFEDA, 0xFEDA,
  0xFEDA, 0xFEDA, 0xFEDA, 0xFEDA, 0xFEDA, 0xFEDA, 0xFEDA, 0xFEDA,
  0xFEDB, 0xFEDB, 0xFEDA, 0xFEDA, 0xFEDA, 0xFEDA, 0xFEDA, 0xFEDA,
  0xFEDA, 0xFEDA, 0xFEDA, 0xFEDA, 0xFEDA, 0xFEDA, 0xFEDA, 0xFEDA,
  0xFEDA, 0xFEDA, 0xFEDA, 0xFEDA, 0xFEDA, 0xFEDA, 0xFEDA, 0xFEDA,
  0xFEDB, 0xFEDB, 0xFEDB, 0xFEDA, 0xFEDA, 0xFEDA, 0xFEDA, 0xFEDA,
  0xFEDA, 0xFEDA, 0xFEDA, 0xFEDA, 0xFEDA, 0xFEDA, 0xFEDA, 0xFEDA,
  0xFEDA, 0xFEDA, 0xFEDA, 0xFEDA, 0xFEDA, 0xFEDA, 0xFEDA, 0xFEDA,
  0xFEDA, 0xFFEB, 0xFDCA, 0xF876, 0xF543, 0xF543, 0xF544, 0xF544,
  0xF544, 0xD544, 0x3543, 0x0000, 0x0444, 0x0000, 0x0000, 0x0000,
  0x0000, 0x0000, 0x0000, 0x0000, 0x0000, 0x0000, 0x0000, 0x0000,
  0x0000, 0x0000, 0x0000, 0x0000, 0x0000, 0x0000, 0x0000, 0x0000,
  0x0000, 0x0000, 0x0000, 0x0000, 0x0000, 0x0000, 0x0000, 0x0000,
  0x0000, 0x0000, 0x0000, 0x0000, 0x0000, 0x0000, 0x0000, 0x0000,
  0x0000, 0x0000, 0x0000, 0x0000, 0x0000, 0x0000, 0x0000, 0x0000,
  0x0000, 0x0000, 0x0000, 0x0000, 0x0000, 0x0000, 0x0000, 0x0000,
  0x0000, 0x0000, 0x0000, 0x0000, 0x0000, 0x0000, 0x0000, 0x0000,
  0x0000, 0x0000, 0x0000, 0x0000, 0x0000, 0x0000, 0x0000, 0x0000,
  0x0000, 0x0000, 0x0000, 0x0000, 0x0000, 0x0000, 0x0000, 0x0000,
  0x0000, 0x0000, 0x0000, 0x0000, 0x0000, 0x0000, 0x0000, 0x0000,
  0x0000, 0x0000, 0x0000, 0x0000, 0x0000, 0x0000, 0x0000, 0x0000,
  0x0000, 0x0000, 0x0000, 0x0000, 0x0000, 0x0000, 0x0000, 0x0000,
  0x0000, 0x0000, 0x0000, 0x0000, 0x0000, 0x0000, 0x0000, 0x0000,
  0x0000, 0x0000, 0x0000, 0x0000, 0x0000, 0x0000, 0x0000, 0x0000,
  0x0000, 0x0000, 0x0000, 0x0000, 0x0000, 0x0000, 0x0000, 0x0000,
  0x0000, 0x0000, 0x0000, 0x0000, 0x0000, 0x0000, 0x0000, 0x0000,
  0x0000, 0x0000, 0x0000, 0x0000, 0x0000, 0x0000, 0x0000, 0x0000,
  0x0000, 0x0000, 0x0000, 0x0000, 0x0000, 0x0000, 0x0000, 0x0000,
  0x0000, 0x0000, 0x0000, 0x0000, 0x0000, 0x0000, 0x0000, 0x0000,
  0x0000, 0x0000, 0x0000, 0x0000, 0x0000, 0x0000, 0x0000, 0x0000,
  0x0000, 0x0000, 0x0000, 0x0000, 0x0000, 0x0000, 0x0555, 0x0000,
  0x2443, 0xC543, 0xF544, 0xF544, 0xF544, 0xF544, 0xF543, 0xF543,
  0xF765, 0xFBA8, 0xFEDA, 0xFFEB, 0xFEEB, 0xFEDA, 0xFEDA, 0xFEDA,
  0xFEDA, 0xFEDA, 0xFEDA, 0xFEDA, 0xFEDA, 0xFEDB, 0xFEDB, 0xFEDA,
  0xFEDA, 0xFEDA, 0xFEDA, 0xFEDB, 0xFEDB, 0xFEEC, 0xFEEC, 0xFFEC,
  0xFFEC, 0xFFED, 0xFFED, 0xFFED, 0xFFED, 0xFFEC, 0xFFEC, 0xFFEC,
  0xFFEC, 0xFFEC, 0xFFEC, 0xFEEC, 0xFEEC, 0xFEEC, 0xFEDB, 0xFEDB,
  0xFEDA, 0xFEDA, 0xFEDA, 0xFEDA, 0xFEDB, 0xFEDB, 0xFEDA, 0xFEDA,
  0xFEDA, 0xFEDA, 0xFEDA, 0xFEDA, 0xFEDA, 0xFEDA, 0xFEDA, 0xFEDA,
  0xFEDA, 0xFEDA, 0xFEDA, 0xFEDA, 0xFEDA, 0xFEDA, 0xFEDB, 0xFFEB,
  0xFEDB, 0xFBA8, 0xF654, 0xF543, 0xF544, 0xF544, 0xF544, 0xF544,
  0xD544, 0x3543, 0x0000, 0x0444, 0x0000, 0x0000, 0x0000, 0x0000,
  0x0000, 0x0000, 0x0000, 0x0000, 0x0000, 0x0000, 0x0000, 0x0000,
  0x0000, 0x0000, 0x0000, 0x0000, 0x0000, 0x0000, 0x0000, 0x0000,
  0x0000, 0x0000, 0x0000, 0x0000, 0x0000, 0x0000, 0x0000, 0x0000,
  0x0000, 0x0000, 0x0000, 0x0000, 0x0000, 0x0000, 0x0000, 0x0000,
  0x0000, 0x0000, 0x0000, 0x0000, 0x0000, 0x0000, 0x0000, 0x0000,
  0x0000, 0x0000, 0x0000, 0x0000, 0x0000, 0x0000, 0x0000, 0x0000,
  0x0000, 0x0000, 0x0000, 0x0000, 0x0000, 0x0000, 0x0000, 0x0000,
  0x0000, 0x0000, 0x0000, 0x0000, 0x0000, 0x0000, 0x0000, 0x0000,
  0x0000, 0x0000, 0x0000, 0x0000, 0x0000, 0x0000, 0x0000, 0x0000,
  0x0000, 0x0000, 0x0000, 0x0000, 0x0000, 0x0000, 0x0000, 0x0000,
  0x0000, 0x0000, 0x0000, 0x0000, 0x0000, 0x0000, 0x0000, 0x0000,
  0x0000, 0x0000, 0x0000, 0x0000, 0x0000, 0x0000, 0x0000, 0x0000,
  0x0000, 0x0000, 0x0000, 0x0000, 0x0000, 0x0000, 0x0000, 0x0000,
  0x0000, 0x0000, 0x0000, 0x0000, 0x0000, 0x0000, 0x0000, 0x0000,
  0x0000, 0x0000, 0x0000, 0x0000, 0x0000, 0x0000, 0x0000, 0x0000,
  0x0000, 0x0000, 0x0000, 0x0000, 0x0000, 0x0000, 0x0000, 0x0000,
  0x0000, 0x0000, 0x0000, 0x0000, 0x0000, 0x0000, 0x0000, 0x0000,
  0x0000, 0x0000, 0x0000, 0x0000, 0x0000, 0x0000, 0x0000, 0x0000,
  0x0000, 0x0000, 0x0000, 0x0000, 0x0000, 0x0000, 0x0000, 0x0000,
  0x0000, 0x0000, 0x0000, 0x0000, 0x0000, 0x0000, 0x0000, 0x0000,
  0x0000, 0x0000, 0x0000, 0x0000, 0x0000, 0x0000, 0x0000, 0x0555,
  0x0000, 0x0252, 0x9544, 0xF544, 0xF544, 0xF544, 0xF544, 0xF544,
  0xF543, 0xF543, 0xF655, 0xFA97, 0xFDC9, 0xFEEB, 0xFFEB, 0xFEDB,
  0xFEDA, 0xFEDA, 0xFEDA, 0xFEDA, 0xFEDA, 0xFEDA, 0xFEDA, 0xFEDB,
  0xFEEC, 0xFFED, 0xFFFE, 0xFFFE, 0xFFFF, 0xFFFF, 0xFFFF, 0xFFFF,
  0xFFFF, 0xFFFF, 0xFFFF, 0xFFFF, 0xFFFF, 0xFFFF, 0xFFFF, 0xFFFF,
  0xFFFF, 0xFFFF, 0xFFFF, 0xFFFF, 0xFFFF, 0xFFFF, 0xFFFF, 0xFFFE,
  0xFFED, 0xFFEC, 0xFEDB, 0xFEDA, 0xFEDA, 0xFEDA, 0xFEDA, 0xFEDB,
  0xFEDB, 0xFEDA, 0xFEDA, 0xFEDA, 0xFEDA, 0xFEDA, 0xFEDA, 0xFEDA,
  0xFEDA, 0xFEDA, 0xFEDA, 0xFEDA, 0xFFEB, 0xFFEB, 0xFEDA, 0xFBA8,
  0xF765, 0xF543, 0xF543, 0xF544, 0xF544, 0xF544, 0xF544, 0xD544,
  0x3543, 0x0000, 0x0444, 0x0000, 0x0000, 0x0000, 0x0000, 0x0000,
  0x0000, 0x0000, 0x0000, 0x0000, 0x0000, 0x0000, 0x0000, 0x0000,
  0x0000, 0x0000, 0x0000, 0x0000, 0x0000, 0x0000, 0x0000, 0x0000,
  0x0000, 0x0000, 0x0000, 0x0000, 0x0000, 0x0000, 0x0000, 0x0000,
  0x0000, 0x0000, 0x0000, 0x0000, 0x0000, 0x0000, 0x0000, 0x0000,
  0x0000, 0x0000, 0x0000, 0x0000, 0x0000, 0x0000, 0x0000, 0x0000,
  0x0000, 0x0000, 0x0000, 0x0000, 0x0000, 0x0000, 0x0000, 0x0000,
  0x0000, 0x0000, 0x0000, 0x0000, 0x0000, 0x0000, 0x0000, 0x0000,
  0x0000, 0x0000, 0x0000, 0x0000, 0x0000, 0x0000, 0x0000, 0x0000,
  0x0000, 0x0000, 0x0000, 0x0000, 0x0000, 0x0000, 0x0000, 0x0000,
  0x0000, 0x0000, 0x0000, 0x0000, 0x0000, 0x0000, 0x0000, 0x0000,
  0x0000, 0x0000, 0x0000, 0x0000, 0x0000, 0x0000, 0x0000, 0x0000,
  0x0000, 0x0000, 0x0000, 0x0000, 0x0000, 0x0000, 0x0000, 0x0000,
  0x0000, 0x0000, 0x0000, 0x0000, 0x0000, 0x0000, 0x0000, 0x0000,
  0x0000, 0x0000, 0x0000, 0x0000, 0x0000, 0x0000, 0x0000, 0x0000,
  0x0000, 0x0000, 0x0000, 0x0000, 0x0000, 0x0000, 0x0000, 0x0000,
  0x0000, 0x0000, 0x0000, 0x0000, 0x0000, 0x0000, 0x0000, 0x0000,
  0x0000, 0x0000, 0x0000, 0x0000, 0x0000, 0x0000, 0x0000, 0x0000,
  0x0000, 0x0000, 0x0000, 0x0000, 0x0000, 0x0000, 0x0000, 0x0000,
  0x0000, 0x0000, 0x0000, 0x0000, 0x0000, 0x0000, 0x0000, 0x0000,
  0x0000, 0x0000, 0x0000, 0x0000, 0x0000, 0x0000, 0x0000, 0x0000,
  0x0000, 0x0000, 0x0000, 0x0000, 0x0000, 0x0000, 0x0000, 0x0000,
  0x0777, 0x0000, 0x0000, 0x4543, 0xB544, 0xF544, 0xF544, 0xF544,
  0xF544, 0xF544, 0xF543, 0xF433, 0xF544, 0xF876, 0xFBA8, 0xFDCA,
  0xFEEB, 0xFFEB, 0xFEEB, 0xFEDA, 0xFEDA, 0xFEDB, 0xFFED, 0xFFFE,
  0xFFFF, 0xFFFF, 0xFFFF, 0xFFFF, 0xFFFF, 0xFFFF, 0xFFFF, 0xFFFF,
  0xFFFF, 0xFFFF, 0xFFFF, 0xFFFF, 0xFFFF, 0xFFFF, 0xFFFF, 0xFFFF,
  0xFFFF, 0xFFFF, 0xFFFF, 0xFFFF, 0xFFFF, 0xFFFF, 0xFFFF, 0xFFFF,
  0xFFFF, 0xFFFF, 0xFFFF, 0xFFFE, 0xFFED, 0xFEEC, 0xFEDB, 0xFEDA,
  0xFEDA, 0xFEDA, 0xFEDA, 0xFEDB, 0xFEDA, 0xFEDA, 0xFEDA, 0xFEDA,
  0xFEDA, 0xFEDB, 0xFFEB, 0xFEDB, 0xFCB9, 0xF987, 0xF654, 0xF543,
  0xF543, 0xF544, 0xF544, 0xF544, 0xF544, 0xF544, 0xA543, 0x2543,
  0x0000, 0x0555, 0x0000, 0x0000, 0x0000, 0x0000, 0x0000, 0x0000,
  0x0000, 0x0000, 0x0000, 0x0000, 0x0000, 0x0000, 0x0000, 0x0000,
  0x0000, 0x0000, 0x0000, 0x0000, 0x0000, 0x0000, 0x0000, 0x0000,
  0x0000, 0x0000, 0x0000, 0x0000, 0x0000, 0x0000, 0x0000, 0x0000,
  0x0000, 0x0000, 0x0000, 0x0000, 0x0000, 0x0000, 0x0000, 0x0000,
  0x0000, 0x0000, 0x0000, 0x0000, 0x0000, 0x0000, 0x0000, 0x0000,
  0x0000, 0x0000, 0x0000, 0x0000, 0x0000, 0x0000, 0x0000, 0x0000,
  0x0000, 0x0000, 0x0000, 0x0000, 0x0000, 0x0000, 0x0000, 0x0000,
  0x0000, 0x0000, 0x0000, 0x0000, 0x0000, 0x0000, 0x0000, 0x0000,
  0x0000, 0x0000, 0x0000, 0x0000, 0x0000, 0x0000, 0x0000, 0x0000,
  0x0000, 0x0000, 0x0000, 0x0000, 0x0000, 0x0000, 0x0000, 0x0000,
  0x0000, 0x0000, 0x0000, 0x0000, 0x0000, 0x0000, 0x0000, 0x0000,
  0x0000, 0x0000, 0x0000, 0x0000, 0x0000, 0x0000, 0x0000, 0x0000,
  0x0000, 0x0000, 0x0000, 0x0000, 0x0000, 0x0000, 0x0000, 0x0000,
  0x0000, 0x0000, 0x0000, 0x0000, 0x0000, 0x0000, 0x0000, 0x0000,
  0x0000, 0x0000, 0x0000, 0x0000, 0x0000, 0x0000, 0x0000, 0x0000,
  0x0000, 0x0000, 0x0000, 0x0000, 0x0000, 0x0000, 0x0000, 0x0000,
  0x0000, 0x0000, 0x0000, 0x0000, 0x0000, 0x0000, 0x0000, 0x0000,
  0x0000, 0x0000, 0x0000, 0x0000, 0x0000, 0x0000, 0x0000, 0x0000,
  0x0000, 0x0000, 0x0000, 0x0000, 0x0000, 0x0000, 0x0000, 0x0000,
  0x0000, 0x0000, 0x0000, 0x0000, 0x0000, 0x0000, 0x0000, 0x0000,
  0x0000, 0x0000, 0x0000, 0x0000, 0x0000, 0x0000, 0x0000, 0x0000,
  0x0000, 0x0000, 0x0700, 0x0000, 0x0000, 0x5543, 0xC544, 0xF544,
  0xF544, 0xF544, 0xF544, 0xF544, 0xF544, 0xF543, 0xF543, 0xF654,
  0xF876, 0xFA98, 0xFDC9, 0xFEDB, 0xFFFE, 0xFFFF, 0xFFFF, 0xFFFF,
  0xFFFF, 0xFFFF, 0xFFFF, 0xFFFF, 0xFFFF, 0xFFFF, 0xFFFF, 0xFFFF,
  0xFFFF, 0xFFFF, 0xFFFF, 0xFFFF, 0xFFFF, 0xFFFF, 0xFFFF, 0xFFFF,
  0xFFFF, 0xFFFF, 0xFFFF, 0xFFFF, 0xFFFF, 0xFFFF, 0xFFFF, 0xFFFF,
  0xFFFF, 0xFFFF, 0xFFFF, 0xFFFF, 0xFFFF, 0xFFFF, 0xFFFE, 0xFFED,
  0xFEEC, 0xFEDB, 0xFEDA, 0xFEDA, 0xFEDA, 0xFEDB, 0xFFEB, 0xFFEB,
  0xFEDB, 0xFDCA, 0xFBA8, 0xF876, 0xF544, 0xF433, 0xF543, 0xF544,
  0xF544, 0xF544, 0xF544, 0xF544, 0xE544, 0x6543, 0x0000, 0x0000,
  0x0555, 0x0000, 0x0000, 0x0000, 0x0000, 0x0000, 0x0000, 0x0000,
  0x0000, 0x0000, 0x0000, 0x0000, 0x0000, 0x0000, 0x0000, 0x0000,
  0x0000, 0x0000, 0x0000, 0x0000, 0x0000, 0x0000, 0x0000, 0x0000,
  0x0000, 0x0000, 0x0000, 0x0000, 0x0000, 0x0000, 0x0000, 0x0000,
  0x0000, 0x0000, 0x0000, 0x0000, 0x0000, 0x0000, 0x0000, 0x0000,
  0x0000, 0x0000, 0x0000, 0x0000, 0x0000, 0x0000, 0x0000, 0x0000,
  0x0000, 0x0000, 0x0000, 0x0000, 0x0000, 0x0000, 0x0000, 0x0000,
  0x0000, 0x0000, 0x0000, 0x0000, 0x0000, 0x0000, 0x0000, 0x0000,
  0x0000, 0x0000, 0x0000, 0x0000, 0x0000, 0x0000, 0x0000, 0x0000,
  0x0000, 0x0000, 0x0000, 0x0000, 0x0000, 0x0000, 0x0000, 0x0000,
  0x0000, 0x0000, 0x0000, 0x0000, 0x0000, 0x0000, 0x0000, 0x0000,
  0x0000, 0x0000, 0x0000, 0x0000, 0x0000, 0x0000, 0x0000, 0x0000,
  0x0000, 0x0000, 0x0000, 0x0000, 0x0000, 0x0000, 0x0000, 0x0000,
  0x0000, 0x0000, 0x0000, 0x0000, 0x0000, 0x0000, 0x0000, 0x0000,
  0x0000, 0x0000, 0x0000, 0x0000, 0x0000, 0x0000, 0x0000, 0x0000,
  0x0000, 0x0000, 0x0000, 0x0000, 0x0000, 0x0000, 0x0000, 0x0000,
  0x0000, 0x0000, 0x0000, 0x0000, 0x0000, 0x0000, 0x0000, 0x0000,
  0x0000, 0x0000, 0x0000, 0x0000, 0x0000, 0x0000, 0x0000, 0x0000,
  0x0000, 0x0000, 0x0000, 0x0000, 0x0000, 0x0000, 0x0000, 0x0000,
  0x0000, 0x0000, 0x0000, 0x0000, 0x0000, 0x0000, 0x0000, 0x0000,
  0x0000, 0x0000, 0x0000, 0x0000, 0x0000, 0x0000, 0x0000, 0x0000,
  0x0000, 0x0000, 0x0000, 0x0000, 0x0000, 0x0000, 0x0000, 0x0000,
  0x0000, 0x0000, 0x0000, 0x0555, 0x0000, 0x0000, 0x0522, 0x5544,
  0xC544, 0xF544, 0xF544, 0xF544, 0xF544, 0xF544, 0xF544, 0xF543,
  0xF533, 0xF433, 0xF544, 0xF665, 0xF988, 0xFAA9, 0xFCCC, 0xFEDD,
  0xFEEE, 0xFFFF, 0xFFFF, 0xFFFF, 0xFFFF, 0xFFFF, 0xFFFF, 0xFFFF,
  0xFFFF, 0xFFFF, 0xFFFF, 0xFFFF, 0xFFFF, 0xFFFF, 0xFFFF, 0xFFFF,
  0xFFFF, 0xFFFF, 0xFFFF, 0xFFFF, 0xFFFF, 0xFFFF, 0xFFFF, 0xFFFF,
  0xFFFF, 0xFFFF, 0xFFFF, 0xFFFF, 0xFFFF, 0xFFFF, 0xFFFF, 0xFFFF,
  0xFFFF, 0xFFFF, 0xFFFE, 0xFFEC, 0xFEDB, 0xFDCA, 0xFBA8, 0xF987,
  0xF765, 0xF654, 0xF543, 0xF543, 0xF544, 0xF544, 0xF544, 0xF544,
  0xF544, 0xF544, 0xF544, 0xA543, 0x2543, 0x0000, 0x0777, 0x0000,
  0x0000, 0x0000, 0x0000, 0x0000, 0x0000, 0x0000, 0x0000, 0x0000,
  0x0000, 0x0000, 0x0000, 0x0000, 0x0000, 0x0000, 0x0000, 0x0000,
  0x0000, 0x0000, 0x0000, 0x0000, 0x0000, 0x0000, 0x0000, 0x0000,
  0x0000, 0x0000, 0x0000, 0x0000, 0x0000, 0x0000, 0x0000, 0x0000,
  0x0000, 0x0000, 0x0000, 0x0000, 0x0000, 0x0000, 0x0000, 0x0000,
  0x0000, 0x0000, 0x0000, 0x0000, 0x0000, 0x0000, 0x0000, 0x0000,
  0x0000, 0x0000, 0x0000, 0x0000, 0x0000, 0x0000, 0x0000, 0x0000,
  0x0000, 0x0000, 0x0000, 0x0000, 0x0000, 0x0000, 0x0000, 0x0000,
  0x0000, 0x0000, 0x0000, 0x0000, 0x0000, 0x0000, 0x0000, 0x0000,
  0x0000, 0x0000, 0x0000, 0x0000, 0x0000, 0x0000, 0x0000, 0x0000,
  0x0000, 0x0000, 0x0000, 0x0000, 0x0000, 0x0000, 0x0000, 0x0000,
  0x0000, 0x0000, 0x0000, 0x0000, 0x0000, 0x0000, 0x0000, 0x0000,
  0x0000, 0x0000, 0x0000, 0x0000, 0x0000, 0x0000, 0x0000, 0x0000,
  0x0000, 0x0000, 0x0000, 0x0000, 0x0000, 0x0000, 0x0000, 0x0000,
  0x0000, 0x0000, 0x0000, 0x0000, 0x0000, 0x0000, 0x0000, 0x0000,
  0x0000, 0x0000, 0x0000, 0x0000, 0x0000, 0x0000, 0x0000, 0x0000,
  0x0000, 0x0000, 0x0000, 0x0000, 0x0000, 0x0000, 0x0000, 0x0000,
  0x0000, 0x0000, 0x0000, 0x0000, 0x0000, 0x0000, 0x0000, 0x0000,
  0x0000, 0x0000, 0x0000, 0x0000, 0x0000, 0x0000, 0x0000, 0x0000,
  0x0000, 0x0000, 0x0000, 0x0000, 0x0000, 0x0000, 0x0000, 0x0000,
  0x0000, 0x0000, 0x0000, 0x0000, 0x0000, 0x0000, 0x0000, 0x0000,
  0x0000, 0x0000, 0x0000, 0x0000, 0x0000, 0x0000, 0x0000, 0x0000,
  0x0000, 0x0000, 0x0000, 0x0000, 0x0000, 0x0555, 0x0000, 0x0000,
  0x0F00, 0x4543, 0xA544, 0xE544, 0xF544, 0xF544, 0xF544, 0xF544,
  0xF544, 0xF544, 0xF544, 0xF543, 0xF433, 0xF433, 0xF543, 0xF544,
  0xF655, 0xF877, 0xF988, 0xFAAA, 0xFCCC, 0xFDDD, 0xFEEE, 0xFFFF,
  0xFFFF, 0xFFFF, 0xFFFF, 0xFFFF, 0xFFFF, 0xFFFF, 0xFFFF, 0xFFFF,
  0xFFFF, 0xFFFF, 0xFFFF, 0xFFFF, 0xFFFF, 0xFFFF, 0xFFFF, 0xFFFF,
  0xFFFF, 0xFFFF, 0xFFFF, 0xFFFF, 0xFFFF, 0xFFFF, 0xFFFF, 0xFFFF,
  0xFFFF, 0xFFFF, 0xFDDD, 0xFBAA, 0xF876, 0xF654, 0xF543, 0xF433,
  0xF543, 0xF543, 0xF544, 0xF544, 0xF544, 0xF544, 0xF544, 0xF544,
  0xE544, 0xA543, 0x4543, 0x0000, 0x0000, 0x0555, 0x0000, 0x0000,
  0x0000, 0x0000, 0x0000, 0x0000, 0x0000, 0x0000, 0x0000, 0x0000,
  0x0000, 0x0000, 0x0000, 0x0000, 0x0000, 0x0000, 0x0000, 0x0000,
  0x0000, 0x0000, 0x0000, 0x0000, 0x0000, 0x0000, 0x0000, 0x0000,
  0x0000, 0x0000, 0x0000, 0x0000, 0x0000, 0x0000, 0x0000, 0x0000,
  0x0000, 0x0000, 0x0000, 0x0000, 0x0000, 0x0000, 0x0000, 0x0000,
  0x0000, 0x0000, 0x0000, 0x0000, 0x0000, 0x0000, 0x0000, 0x0000,
  0x0000, 0x0000, 0x0000, 0x0000, 0x0000, 0x0000, 0x0000, 0x0000,
  0x0000, 0x0000, 0x0000, 0x0000, 0x0000, 0x0000, 0x0000, 0x0000,
  0x0000, 0x0000, 0x0000, 0x0000, 0x0000, 0x0000, 0x0000, 0x0000,
  0x0000, 0x0000, 0x0000, 0x0000, 0x0000, 0x0000, 0x0000, 0x0000,
  0x0000, 0x0000, 0x0000, 0x0000, 0x0000, 0x0000, 0x0000, 0x0000,
  0x0000, 0x0000, 0x0000, 0x0000, 0x0000, 0x0000, 0x0000, 0x0000,
  0x0000, 0x0000, 0x0000, 0x0000, 0x0000, 0x0000, 0x0000, 0x0000,
  0x0000, 0x0000, 0x0000, 0x0000, 0x0000, 0x0000, 0x0000, 0x0000,
  0x0000, 0x0000, 0x0000, 0x0000, 0x0000, 0x0000, 0x0000, 0x0000,
  0x0000, 0x0000, 0x0000, 0x0000, 0x0000, 0x0000, 0x0000, 0x0000,
  0x0000, 0x0000, 0x0000, 0x0000, 0x0000, 0x0000, 0x0000, 0x0000,
  0x0000, 0x0000, 0x0000, 0x0000, 0x0000, 0x0000, 0x0000, 0x0000,
  0x0000, 0x0000, 0x0000, 0x0000, 0x0000, 0x0000, 0x0000, 0x0000,
  0x0000, 0x0000, 0x0000, 0x0000, 0x0000, 0x0000, 0x0000, 0x0000,
  0x0000, 0x0000, 0x0000, 0x0000, 0x0000, 0x0000, 0x0000, 0x0000,
  0x0000, 0x0000, 0x0000, 0x0000, 0x0000, 0x0000, 0x0000, 0x0000,
  0x0000, 0x0000, 0x0000, 0x0000, 0x0000, 0x0000, 0x0000, 0x0555,
  0x0000, 0x0000, 0x0000, 0x2543, 0x6544, 0xB544, 0xE544, 0xF544,
  0xF544, 0xF544, 0xF544, 0xF544, 0xF544, 0xF544, 0xF544, 0xF543,
  0xF543, 0xF533, 0xF433, 0xF433, 0xF543, 0xF544, 0xF655, 0xF766,
  0xF888, 0xF998, 0xFAA9, 0xFBBB, 0xFCCC, 0xFDCC, 0xFDDD, 0xFDDD,
  0xFDDD, 0xFEDD, 0xFEEE, 0xFFFF, 0xFFFF, 0xFFFF, 0xFFFF, 0xFFFF,
  0xFFFF, 0xFEEE, 0xFEEE, 0xFDDD, 0xFCCC, 0xFCBB, 0xFBBA, 0xFAAA,
  0xF988, 0xF766, 0xF544, 0xF533, 0xF543, 0xF543, 0xF544, 0xF544,
  0xF544, 0xF544, 0xF544, 0xF544, 0xF544, 0xF544, 0xC544, 0x7543,
  0x2543, 0x0000, 0x0000, 0x0000, 0x0700, 0x0000, 0x0000, 0x0000,
  0x0000, 0x0000, 0x0000, 0x0000, 0x0000, 0x0000, 0x0000, 0x0000,
  0x0000, 0x0000, 0x0000, 0x0000, 0x0000, 0x0000, 0x0000, 0x0000,
  0x0000, 0x0000, 0x0000, 0x0000, 0x0000, 0x0000, 0x0000, 0x0000,
  0x0000, 0x0000, 0x0000, 0x0000, 0x0000, 0x0000, 0x0000, 0x0000,
  0x0000, 0x0000, 0x0000, 0x0000, 0x0000, 0x0000, 0x0000, 0x0000,
  0x0000, 0x0000, 0x0000, 0x0000, 0x0000, 0x0000, 0x0000, 0x0000,
  0x0000, 0x0000, 0x0000, 0x0000, 0x0000, 0x0000, 0x0000, 0x0000,
  0x0000, 0x0000, 0x0000, 0x0000, 0x0000, 0x0000, 0x0000, 0x0000,
  0x0000, 0x0000, 0x0000, 0x0000, 0x0000, 0x0000, 0x0000, 0x0000,
  0x0000, 0x0000, 0x0000, 0x0000, 0x0000, 0x0000, 0x0000, 0x0000,
  0x0000, 0x0000, 0x0000, 0x0000, 0x0000, 0x0000, 0x0000, 0x0000,
  0x0000, 0x0000, 0x0000, 0x0000, 0x0000, 0x0000, 0x0000, 0x0000,
  0x0000, 0x0000, 0x0000, 0x0000, 0x0000, 0x0000, 0x0000, 0x0000,
  0x0000, 0x0000, 0x0000, 0x0000, 0x0000, 0x0000, 0x0000, 0x0000,
  0x0000, 0x0000, 0x0000, 0x0000, 0x0000, 0x0000, 0x0000, 0x0000,
  0x0000, 0x0000, 0x0000, 0x0000, 0x0000, 0x0000, 0x0000, 0x0000,
  0x0000, 0x0000, 0x0000, 0x0000, 0x0000, 0x0000, 0x0000, 0x0000,
  0x0000, 0x0000, 0x0000, 0x0000, 0x0000, 0x0000, 0x0000, 0x0000,
  0x0000, 0x0000, 0x0000, 0x0000, 0x0000, 0x0000, 0x0000, 0x0000,
  0x0000, 0x0000, 0x0000, 0x0000, 0x0000, 0x0000, 0x0000, 0x0000,
  0x0000, 0x0000, 0x0000, 0x0000, 0x0000, 0x0000, 0x0000, 0x0000,
  0x0000, 0x0000, 0x0000, 0x0000, 0x0000, 0x0000, 0x0000, 0x0000,
  0x0000, 0x0000, 0x0000, 0x0000, 0x0000, 0x0000, 0x0000, 0x0000,
  0x0000, 0x0555, 0x0700, 0x0000, 0x0000, 0x0000, 0x3543, 0x7543,
  0xB543, 0xE544, 0xF544, 0xF544, 0xF544, 0xF544, 0xF544, 0xF544,
  0xF544, 0xF544, 0xF544, 0xF544, 0xF544, 0xF544, 0xF543, 0xF543,
  0xF433, 0xF433, 0xF433, 0xF543, 0xF543, 0xF544, 0xF544, 0xF544,
  0xF544, 0xF544, 0xF654, 0xF655, 0xF765, 0xF766, 0xF766, 0xF765,
  0xF655, 0xF655, 0xF654, 0xF544, 0xF543, 0xF543, 0xF433, 0xF433,
  0xF433, 0xF543, 0xF543, 0xF544, 0xF544, 0xF544, 0xF544, 0xF544,
  0xF544, 0xF544, 0xF544, 0xE544, 0xA544, 0x5543, 0x0333, 0x0000,
  0x0000, 0x0000, 0x0555, 0x0000, 0x0000, 0x0000, 0x0000, 0x0000,
  0x0000, 0x0000, 0x0000, 0x0000, 0x0000, 0x0000, 0x0000, 0x0000,
  0x0000, 0x0000, 0x0000, 0x0000, 0x0000, 0x0000, 0x0000, 0x0000,
  0x0000, 0x0000, 0x0000, 0x0000, 0x0000, 0x0000, 0x0000, 0x0000,
  0x0000, 0x0000, 0x0000, 0x0000, 0x0000, 0x0000, 0x0000, 0x0000,
  0x0000, 0x0000, 0x0000, 0x0000, 0x0000, 0x0000, 0x0000, 0x0000,
  0x0000, 0x0000, 0x0000, 0x0000, 0x0000, 0x0000, 0x0000, 0x0000,
  0x0000, 0x0000, 0x0000, 0x0000, 0x0000, 0x0000, 0x0000, 0x0000,
  0x0000, 0x0000, 0x0000, 0x0000, 0x0000, 0x0000, 0x0000, 0x0000,
  0x0000, 0x0000, 0x0000, 0x0000, 0x0000, 0x0000, 0x0000, 0x0000,
  0x0000, 0x0000, 0x0000, 0x0000, 0x0000, 0x0000, 0x0000, 0x0000,
  0x0000, 0x0000, 0x0000, 0x0000, 0x0000, 0x0000, 0x0000, 0x0000,
  0x0000, 0x0000, 0x0000, 0x0000, 0x0000, 0x0000, 0x0000, 0x0000,
  0x0000, 0x0000, 0x0000, 0x0000, 0x0000, 0x0000, 0x0000, 0x0000,
  0x0000, 0x0000, 0x0000, 0x0000, 0x0000, 0x0000, 0x0000, 0x0000,
  0x0000, 0x0000, 0x0000, 0x0000, 0x0000, 0x0000, 0x0000, 0x0000,
  0x0000, 0x0000, 0x0000, 0x0000, 0x0000, 0x0000, 0x0000, 0x0000,
  0x0000, 0x0000, 0x0000, 0x0000, 0x0000, 0x0000, 0x0000, 0x0000,
  0x0000, 0x0000, 0x0000, 0x0000, 0x0000, 0x0000, 0x0000, 0x0000,
  0x0000, 0x0000, 0x0000, 0x0000, 0x0000, 0x0000, 0x0000, 0x0000,
  0x0000, 0x0000, 0x0000, 0x0000, 0x0000, 0x0000, 0x0000, 0x0000,
  0x0000, 0x0000, 0x0000, 0x0000, 0x0000, 0x0000, 0x0000, 0x0000,
  0x0000, 0x0000, 0x0000, 0x0000, 0x0000, 0x0000, 0x0000, 0x0000,
  0x0000, 0x0000, 0x0000, 0x0000, 0x0000, 0x0000, 0x0000, 0x0000,
  0x0000, 0x0000, 0x0000, 0x0700, 0x0444, 0x0000, 0x0000, 0x0000,
  0x0000, 0x2543, 0x5543, 0x9544, 0xD543, 0xE544, 0xF544, 0xF544,
  0xF544, 0xF544, 0xF544, 0xF544, 0xF544, 0xF544, 0xF544, 0xF544,
  0xF544, 0xF544, 0xF544, 0xF544, 0xF544, 0xF544, 0xF544, 0xF544,
  0xF544, 0xF543, 0xF543, 0xF543, 0xF543, 0xF543, 0xF543, 0xF543,
  0xF543, 0xF543, 0xF543, 0xF544, 0xF544, 0xF544, 0xF544, 0xF544,
  0xF544, 0xF544, 0xF544, 0xF544, 0xF544, 0xF544, 0xF544, 0xE544,
  0xC544, 0x8544, 0x5543, 0x2543, 0x0000, 0x0000, 0x0000, 0x0444,
  0x0700, 0x0000, 0x0000, 0x0000, 0x0000, 0x0000, 0x0000, 0x0000,
  0x0000, 0x0000, 0x0000, 0x0000, 0x0000, 0x0000, 0x0000, 0x0000,
  0x0000, 0x0000, 0x0000, 0x0000, 0x0000, 0x0000, 0x0000, 0x0000,
  0x0000, 0x0000, 0x0000, 0x0000, 0x0000, 0x0000, 0x0000, 0x0000,
  0x0000, 0x0000, 0x0000, 0x0000, 0x0000, 0x0000, 0x0000, 0x0000,
  0x0000, 0x0000, 0x0000, 0x0000, 0x0000, 0x0000, 0x0000, 0x0000,
  0x0000, 0x0000, 0x0000, 0x0000, 0x0000, 0x0000, 0x0000, 0x0000,
  0x0000, 0x0000, 0x0000, 0x0000, 0x0000, 0x0000, 0x0000, 0x0000,
  0x0000, 0x0000, 0x0000, 0x0000, 0x0000, 0x0000, 0x0000, 0x0000,
  0x0000, 0x0000, 0x0000, 0x0000, 0x0000, 0x0000, 0x0000, 0x0000,
  0x0000, 0x0000, 0x0000, 0x0000, 0x0000, 0x0000, 0x0000, 0x0000,
  0x0000, 0x0000, 0x0000, 0x0000, 0x0000, 0x0000, 0x0000, 0x0000,
  0x0000, 0x0000, 0x0000, 0x0000, 0x0000, 0x0000, 0x0000, 0x0000,
  0x0000, 0x0000, 0x0000, 0x0000, 0x0000, 0x0000, 0x0000, 0x0000,
  0x0000, 0x0000, 0x0000, 0x0000, 0x0000, 0x0000, 0x0000, 0x0000,
  0x0000, 0x0000, 0x0000, 0x0000, 0x0000, 0x0000, 0x0000, 0x0000,
  0x0000, 0x0000, 0x0000, 0x0000, 0x0000, 0x0000, 0x0000, 0x0000,
  0x0000, 0x0000, 0x0000, 0x0000, 0x0000, 0x0000, 0x0000, 0x0000,
  0x0000, 0x0000, 0x0000, 0x0000, 0x0000, 0x0000, 0x0000, 0x0000,
  0x0000, 0x0000, 0x0000, 0x0000, 0x0000, 0x0000, 0x0000, 0x0000,
  0x0000, 0x0000, 0x0000, 0x0000, 0x0000, 0x0000, 0x0000, 0x0000,
  0x0000, 0x0000, 0x0000, 0x0000, 0x0000, 0x0000, 0x0000, 0x0000,
  0x0000, 0x0000, 0x0000, 0x0000, 0x0000, 0x0000, 0x0000, 0x0000,
  0x0000, 0x0000, 0x0000, 0x0000, 0x0000, 0x0000, 0x0000, 0x0000,
  0x0000, 0x0000, 0x0000, 0x0000, 0x0000, 0x0000, 0x0700, 0x0444,
  0x0000, 0x0000, 0x0000, 0x0000, 0x0633, 0x3543, 0x6543, 0x9544,
  0xC544, 0xE544, 0xF544, 0xF544, 0xF544, 0xF544, 0xF544, 0xF544,
  0xF544, 0xF544, 0xF544, 0xF544, 0xF544, 0xF544, 0xF544, 0xF544,
  0xF544, 0xF544, 0xF544, 0xF544, 0xF544, 0xF544, 0xF544, 0xF544,
  0xF544, 0xF544, 0xF544, 0xF544, 0xF544, 0xF544, 0xF544, 0xF544,
  0xF544, 0xF544, 0xF544, 0xF544, 0xD544, 0xA543, 0x6543, 0x2544,
  0x0555, 0x0000, 0x0000, 0x0000, 0x0000, 0x0555, 0x0000, 0x0000,
  0x0000, 0x0000, 0x0000, 0x0000, 0x0000, 0x0000, 0x0000, 0x0000,
  0x0000, 0x0000, 0x0000, 0x0000, 0x0000, 0x0000, 0x0000, 0x0000,
  0x0000, 0x0000, 0x0000, 0x0000, 0x0000, 0x0000, 0x0000, 0x0000,
  0x0000, 0x0000, 0x0000, 0x0000, 0x0000, 0x0000, 0x0000, 0x0000,
  0x0000, 0x0000, 0x0000, 0x0000, 0x0000, 0x0000, 0x0000, 0x0000,
  0x0000, 0x0000, 0x0000, 0x0000, 0x0000, 0x0000, 0x0000, 0x0000,
  0x0000, 0x0000, 0x0000, 0x0000, 0x0000, 0x0000, 0x0000, 0x0000,
  0x0000, 0x0000, 0x0000, 0x0000, 0x0000, 0x0000, 0x0000, 0x0000,
  0x0000, 0x0000, 0x0000, 0x0000, 0x0000, 0x0000, 0x0000, 0x0000,
  0x0000, 0x0000, 0x0000, 0x0000, 0x0000, 0x0000, 0x0000, 0x0000,
  0x0000, 0x0000, 0x0000, 0x0000, 0x0000, 0x0000, 0x0000, 0x0000,
  0x0000, 0x0000, 0x0000, 0x0000, 0x0000, 0x0000, 0x0000, 0x0000,
  0x0000, 0x0000, 0x0000, 0x0000, 0x0000, 0x0000, 0x0000, 0x0000,
  0x0000, 0x0000, 0x0000, 0x0000, 0x0000, 0x0000, 0x0000, 0x0000,
  0x0000, 0x0000, 0x0000, 0x0000, 0x0000, 0x0000, 0x0000, 0x0000,
  0x0000, 0x0000, 0x0000, 0x0000, 0x0000, 0x0000, 0x0000, 0x0000,
  0x0000, 0x0000, 0x0000, 0x0000, 0x0000, 0x0000, 0x0000, 0x0000,
  0x0000, 0x0000, 0x0000, 0x0000, 0x0000, 0x0000, 0x0000, 0x0000,
  0x0000, 0x0000, 0x0000, 0x0000, 0x0000, 0x0000, 0x0000, 0x0000,
  0x0000, 0x0000, 0x0000, 0x0000, 0x0000, 0x0000, 0x0000, 0x0000,
  0x0000, 0x0000, 0x0000, 0x0000, 0x0000, 0x0000, 0x0000, 0x0000,
  0x0000, 0x0000, 0x0000, 0x0000, 0x0000, 0x0000, 0x0000, 0x0000,
  0x0000, 0x0000, 0x0000, 0x0000, 0x0000, 0x0000, 0x0000, 0x0000,
  0x0000, 0x0000, 0x0000, 0x0000, 0x0000, 0x0000, 0x0000, 0x0000,
  0x0000, 0x0000, 0x0000, 0x0000, 0x0000, 0x0000, 0x0000, 0x0000,
  0x0000, 0x0000, 0x0444, 0x0777, 0x0000, 0x0000, 0x0000, 0x0000,
  0x0770, 0x1543, 0x4543, 0x6544, 0x7543, 0xA543, 0xB543, 0xC543,
  0xD544, 0xD544, 0xD544, 0xC544, 0xC544, 0xD544, 0xD544, 0xE543,
  0xF544, 0xF544, 0xF544, 0xF544, 0xF544, 0xF544, 0xF544, 0xF544,
  0xF544, 0xF544, 0xF544, 0xF544, 0xF544, 0xF544, 0xE544, 0xD544,
  0xC544, 0xA543, 0x7543, 0x4543, 0x1433, 0x0000, 0x0000, 0x0000,
  0x0000, 0x0555, 0x0444, 0x0000, 0x0000, 0x0000, 0x0000, 0x0000,
  0x0000, 0x0000, 0x0000, 0x0000, 0x0000, 0x0000, 0x0000, 0x0000,
  0x0000, 0x0000, 0x0000, 0x0000, 0x0000, 0x0000, 0x0000, 0x0000,
  0x0000, 0x0000, 0x0000, 0x0000, 0x0000, 0x0000, 0x0000, 0x0000,
  0x0000, 0x0000, 0x0000, 0x0000, 0x0000, 0x0000, 0x0000, 0x0000,
  0x0000, 0x0000, 0x0000, 0x0000, 0x0000, 0x0000, 0x0000, 0x0000,
  0x0000, 0x0000, 0x0000, 0x0000, 0x0000, 0x0000, 0x0000, 0x0000,
  0x0000, 0x0000, 0x0000, 0x0000, 0x0000, 0x0000, 0x0000, 0x0000,
  0x0000, 0x0000, 0x0000, 0x0000, 0x0000, 0x0000, 0x0000, 0x0000,
  0x0000, 0x0000, 0x0000, 0x0000, 0x0000, 0x0000, 0x0000, 0x0000,
  0x0000, 0x0000, 0x0000, 0x0000, 0x0000, 0x0000, 0x0000, 0x0000,
  0x0000, 0x0000, 0x0000, 0x0000, 0x0000, 0x0000, 0x0000, 0x0000,
  0x0000, 0x0000, 0x0000, 0x0000, 0x0000, 0x0000, 0x0000, 0x0000,
  0x0000, 0x0000, 0x0000, 0x0000, 0x0000, 0x0000, 0x0000, 0x0000,
  0x0000, 0x0000, 0x0000, 0x0000, 0x0000, 0x0000, 0x0000, 0x0000,
  0x0000, 0x0000, 0x0000, 0x0000, 0x0000, 0x0000, 0x0000, 0x0000,
  0x0000, 0x0000, 0x0000, 0x0000, 0x0000, 0x0000, 0x0000, 0x0000,
  0x0000, 0x0000, 0x0000, 0x0000, 0x0000, 0x0000, 0x0000, 0x0000,
  0x0000, 0x0000, 0x0000, 0x0000, 0x0000, 0x0000, 0x0000, 0x0000,
  0x0000, 0x0000, 0x0000, 0x0000, 0x0000, 0x0000, 0x0000, 0x0000,
  0x0000, 0x0000, 0x0000, 0x0000, 0x0000, 0x0000, 0x0000, 0x0000,
  0x0000, 0x0000, 0x0000, 0x0000, 0x0000, 0x0000, 0x0000, 0x0000,
  0x0000, 0x0000, 0x0000, 0x0000, 0x0000, 0x0000, 0x0000, 0x0000,
  0x0000, 0x0000, 0x0000, 0x0000, 0x0000, 0x0000, 0x0000, 0x0000,
  0x0000, 0x0000, 0x0000, 0x0000, 0x0000, 0x0000, 0x0000, 0x0000,
  0x0000, 0x0000, 0x0000, 0x0000, 0x0000, 0x0000, 0x0000, 0x0000,
  0x0000, 0x0000, 0x0000, 0x0000, 0x0000, 0x0777, 0x0444, 0x0555,
  0x0000, 0x0000, 0x0000, 0x0000, 0x0000, 0x0000, 0x0000, 0x0633,
  0x0444, 0x0644, 0x0442, 0x0444, 0x0000, 0x0442, 0x1543, 0x3543,
  0x5543, 0x6543, 0x7543, 0x8543, 0x9544, 0xA543, 0xA544, 0xA543,
  0x9543, 0x7543, 0x7543, 0x6543, 0x5543, 0x4543, 0x3543, 0x1533,
  0x0522, 0x0000, 0x0000, 0x0000, 0x0000, 0x0700, 0x0444, 0x0700,
  0x0000, 0x0000, 0x0000, 0x0000, 0x0000, 0x0000, 0x0000, 0x0000,
  0x0000, 0x0000, 0x0000, 0x0000, 0x0000, 0x0000, 0x0000, 0x0000,
  0x0000, 0x0000, 0x0000, 0x0000, 0x0000, 0x0000, 0x0000, 0x0000,
  0x0000, 0x0000, 0x0000, 0x0000, 0x0000, 0x0000, 0x0000, 0x0000,
  0x0000, 0x0000, 0x0000, 0x0000, 0x0000, 0x0000, 0x0000, 0x0000,
  0x0000, 0x0000, 0x0000, 0x0000, 0x0000, 0x0000, 0x0000, 0x0000,
  0x0000, 0x0000, 0x0000, 0x0000, 0x0000, 0x0000, 0x0000, 0x0000,
  0x0000, 0x0000, 0x0000, 0x0000, 0x0000, 0x0000, 0x0000, 0x0000,
  0x0000, 0x0000, 0x0000, 0x0000, 0x0000, 0x0000, 0x0000, 0x0000,
  0x0000, 0x0000, 0x0000, 0x0000, 0x0000, 0x0000, 0x0000, 0x0000,
  0x0000, 0x0000, 0x0000, 0x0000, 0x0000, 0x0000, 0x0000, 0x0000,
  0x0000, 0x0000, 0x0000, 0x0000, 0x0000, 0x0000, 0x0000, 0x0000,
  0x0000, 0x0000, 0x0000, 0x0000, 0x0000, 0x0000, 0x0000, 0x0000,
  0x0000, 0x0000, 0x0000, 0x0000, 0x0000, 0x0000, 0x0000, 0x0000,
  0x0000, 0x0000, 0x0000, 0x0000, 0x0000, 0x0000, 0x0000, 0x0000,
  0x0000, 0x0000, 0x0000, 0x0000, 0x0000, 0x0000, 0x0000, 0x0000,
  0x0000, 0x0000, 0x0000, 0x0000, 0x0000, 0x0000, 0x0000, 0x0000,
  0x0000, 0x0000, 0x0000, 0x0000, 0x0000, 0x0000, 0x0000, 0x0000,
  0x0000, 0x0000, 0x0000, 0x0000, 0x0000, 0x0000, 0x0000, 0x0000,
  0x0000, 0x0000, 0x0000, 0x0000, 0x0000, 0x0000, 0x0000, 0x0000,
  0x0000, 0x0000, 0x0000, 0x0000, 0x0000, 0x0000, 0x0000, 0x0000,
  0x0000, 0x0000, 0x0000, 0x0000, 0x0000, 0x0000, 0x0000, 0x0000,
  0x0000, 0x0000, 0x0000, 0x0000, 0x0000, 0x0000, 0x0000, 0x0000,
  0x0000, 0x0000, 0x0000, 0x0000, 0x0000, 0x0000, 0x0000, 0x0000,
  0x0000, 0x0FFF, 0x0FFF, 0x0000, 0x0000, 0x0000, 0x0000, 0x0FFF,
  0x0FFF, 0x0000, 0x0000, 0x0000, 0x0FFF, 0x0FFF, 0x0000, 0x0000,
  0x0000, 0x0000, 0x0000, 0x0000, 0x0744, 0x5543, 0x8543, 0x6544,
  0x1543, 0x0000, 0x0F00, 0x0000, 0x0000, 0x0000, 0x0000, 0x0FFF,
  0x0000, 0x0000, 0x2EEE, 0x5FFF, 0x8FFF, 0xAFFF, 0xBFFF, 0x9FFF,
  0x6FFF, 0x1FFF, 0x0000, 0x0FFF, 0x0000, 0x0000, 0x0000, 0x0FFF,
  0x0000, 0x0000, 0x0000, 0x0000, 0x0000, 0x0000, 0x0000, 0x0000,
  0x0000, 0x0000, 0x0000, 0x0000, 0x0000, 0x0000, 0x0000, 0x0000,
  0x0000, 0x0000, 0x0000, 0x0000, 0x0000, 0x0000, 0x0000, 0x0000,
  0x0000, 0x0000, 0x0000, 0x0000, 0x0000, 0x0000, 0x0000, 0x0000,
  0x0000, 0x0000, 0x0000, 0x0000, 0x0000, 0x0000, 0x0000, 0x0000,
  0x0000, 0x0000, 0x0000, 0x0000, 0x0000, 0x0000, 0x0000, 0x0000,
  0x0000, 0x0000, 0x0000, 0x0000, 0x0000, 0x0000, 0x0000, 0x0000,
  0x0000, 0x0000, 0x0000, 0x0000, 0x0000, 0x0000, 0x0000, 0x0000,
  0x0000, 0x0000, 0x0000, 0x0000, 0x0000, 0x0000, 0x0000, 0x0000,
  0x0000, 0x0000, 0x0000, 0x0000, 0x0000, 0x0000, 0x0000, 0x0000,
  0x0000, 0x0000, 0x0000, 0x0000, 0x0000, 0x0000, 0x0000, 0x0000,
  0x0000, 0x0000, 0x0000, 0x0000, 0x0000, 0x0000, 0x0000, 0x0000,
  0x0000, 0x0000, 0x0000, 0x0000, 0x0000, 0x0000, 0x0000, 0x0000,
  0x0000, 0x0000, 0x0000, 0x0000, 0x0000, 0x0000, 0x0000, 0x0000,
  0x0000, 0x0000, 0x0000, 0x0000, 0x0000, 0x0000, 0x0000, 0x0000,
  0x0000, 0x0000, 0x0000, 0x0000, 0x0000, 0x0000, 0x0000, 0x0000,
  0x0000, 0x0000, 0x0000, 0x0000, 0x0000, 0x0000, 0x0000, 0x0000,
  0x0000, 0x0000, 0x0000, 0x0000, 0x0000, 0x0000, 0x0000, 0x0000,
  0x0000, 0x0000, 0x0000, 0x0000, 0x0000, 0x0000, 0x0000, 0x0000,
  0x0000, 0x0000, 0x0000, 0x0000, 0x0000, 0x0000, 0x0000, 0x0000,
  0x0000, 0x0000, 0x0000, 0x0000, 0x0000, 0x0000, 0x0000, 0x0000,
  0x0000, 0x0000, 0x0000, 0x0000, 0x0000, 0x0000, 0x0000, 0x0000,
  0x0000, 0x0000, 0x0000, 0x0000, 0x0000, 0x0000, 0x0000, 0x0000,
  0x0000, 0x0000, 0x0000, 0x0000, 0x0000, 0x0000, 0x0000, 0x0000,
  0x0000, 0x0000, 0x0000, 0x0000, 0x0000, 0x0000, 0x0000, 0x0000,
  0x0000, 0x0000, 0x0000, 0x0000, 0x0555, 0x0000, 0x0000, 0x0000,
  0x0000, 0x0000, 0x0000, 0x0FFF, 0x1FFF, 0x1FFF, 0x0FFF, 0x0000,
  0x0000, 0x0FFF, 0x0000, 0x0FFF, 0x0000, 0x0000, 0x2FFF, 0x6FFF,
  0x7FFF, 0x7FFF, 0x3EEE, 0x0FFF, 0x6543, 0xF544, 0xF544, 0xF544,
  0xC544, 0x2544, 0x0000, 0x0000, 0x0000, 0x0000, 0x0777, 0x0000,
  0x2EEE, 0x9FFF, 0xEFFF, 0xFFFF, 0xFFFF, 0xFFFF, 0xFFFF, 0xFFFF,
  0xFFFF, 0xDFFF, 0x6FFF, 0x0000, 0x0FFF, 0x0FFF, 0x0FFF, 0x0000,
  0x0FFF, 0x4FFF, 0x6FFF, 0x7FFF, 0x7FFF, 0x4FFF, 0x2FFF, 0x0FFF,
  0x1443, 0x4543, 0x3543, 0x0000, 0x0000, 0x0000, 0x0000, 0x0000,
  0x0000, 0x0000, 0x0000, 0x0000, 0x0000, 0x0000, 0x0000, 0x0000,
  0x0000, 0x0000, 0x0000, 0x0000, 0x0000, 0x0000, 0x0000, 0x0000,
  0x0000, 0x0000, 0x0000, 0x0000, 0x0000, 0x0000, 0x0000, 0x0000,
  0x0000, 0x0000, 0x0000, 0x0000, 0x0000, 0x0000, 0x0000, 0x0000,
  0x0000, 0x0000, 0x0000, 0x0000, 0x0000, 0x0000, 0x0000, 0x0000,
  0x0000, 0x0000, 0x0000, 0x0000, 0x0000, 0x0000, 0x0000, 0x0000,
  0x0000, 0x0000, 0x0000, 0x0000, 0x0000, 0x0000, 0x0000, 0x0000,
  0x0000, 0x0000, 0x0000, 0x0000, 0x0000, 0x0000, 0x0000, 0x0000,
  0x0000, 0x0000, 0x0000, 0x0000, 0x0000, 0x0000, 0x0000, 0x0000,
  0x0000, 0x0000, 0x0000, 0x0000, 0x0000, 0x0000, 0x0000, 0x0000,
  0x0000, 0x0000, 0x0000, 0x0000, 0x0000, 0x0000, 0x0000, 0x0000,
  0x0000, 0x0000, 0x0000, 0x0000, 0x0000, 0x0000, 0x0000, 0x0000,
  0x0000, 0x0000, 0x0000, 0x0000, 0x0000, 0x0000, 0x0000, 0x0000,
  0x0000, 0x0000, 0x0000, 0x0000, 0x0000, 0x0000, 0x0000, 0x0000,
  0x0000, 0x0000, 0x0000, 0x0000, 0x0000, 0x0000, 0x0000, 0x0000,
  0x0000, 0x0000, 0x0000, 0x0000, 0x0000, 0x0000, 0x0000, 0x0000,
  0x0000, 0x0000, 0x0000, 0x0000, 0x0000, 0x0000, 0x0000, 0x0000,
  0x0000, 0x0000, 0x0000, 0x0000, 0x0000, 0x0000, 0x0000, 0x0000,
  0x0000, 0x0000, 0x0000, 0x0000, 0x0000, 0x0000, 0x0000, 0x0000,
  0x0000, 0x0000, 0x0000, 0x0000, 0x0000, 0x0000, 0x0000, 0x0000,
  0x0000, 0x0000, 0x0000, 0x0000, 0x0000, 0x0000, 0x0000, 0x0000,
  0x0000, 0x0000, 0x0000, 0x0000, 0x0000, 0x0000, 0x0000, 0x0000,
  0x0000, 0x0000, 0x0000, 0x0000, 0x0000, 0x0000, 0x0000, 0x0000,
  0x0000, 0x0000, 0x0000, 0x0700, 0x0000, 0x0000, 0x1544, 0x0422,
  0x0000, 0x4FFF, 0x9FFF, 0xCFFF, 0xEFFF, 0xEFFF, 0xCFFF, 0x9FFF,
  0x3FFF, 0x0000, 0x0FFF, 0x0000, 0x3FFF, 0xAFFF, 0xFFFF, 0xFFFF,
  0xFFFF, 0xFFFF, 0xFFFF, 0xDFFF, 0xE665, 0xF543, 0xF544, 0xF544,
  0xF544, 0xB543, 0x0700, 0x0000, 0x0F00, 0x0000, 0x0000, 0x3FFF,
  0xDFFF, 0xFFFF, 0xFFFF, 0xFFFF, 0xFFFF, 0xFFFF, 0xFFFF, 0xFFFF,
  0xFFFF, 0xFFFF, 0xFFFF, 0x6FFF, 0x0000, 0x0FFF, 0x0000, 0x4FFF,
  0xCFFF, 0xFFFF, 0xFFFF, 0xFFFF, 0xFFFF, 0xFFFF, 0xFFFF, 0xDEEE,
  0xC655, 0xF543, 0xE544, 0x7543, 0x0000, 0x0000, 0x0000, 0x0000,
  0x0000, 0x0000, 0x0000, 0x0000, 0x0000, 0x0000, 0x0000, 0x0000,
  0x0000, 0x0000, 0x0000, 0x0000, 0x0000, 0x0000, 0x0000, 0x0000,
  0x0000, 0x0000, 0x0000, 0x0000, 0x0000, 0x0000, 0x0000, 0x0000,
  0x0000, 0x0000, 0x0000, 0x0000, 0x0000, 0x0000, 0x0000, 0x0000,
  0x0000, 0x0000, 0x0000, 0x0000, 0x0000, 0x0000, 0x0000, 0x0000,
  0x0000, 0x0000, 0x0000, 0x0000, 0x0000, 0x0000, 0x0000, 0x0000,
  0x0000, 0x0000, 0x0000, 0x0000, 0x0000, 0x0000, 0x0000, 0x0000,
  0x0000, 0x0000, 0x0000, 0x0000, 0x0000, 0x0000, 0x0000, 0x0000,
  0x0000, 0x0000, 0x0000, 0x0000, 0x0000, 0x0000, 0x0000, 0x0000,
  0x0000, 0x0000, 0x0000, 0x0000, 0x0000, 0x0000, 0x0000, 0x0000,
  0x0000, 0x0000, 0x0000, 0x0000, 0x0000, 0x0000, 0x0000, 0x0000,
  0x0000, 0x0000, 0x0000, 0x0000, 0x0000, 0x0000, 0x0000, 0x0000,
  0x0000, 0x0000, 0x0000, 0x0000, 0x0000, 0x0000, 0x0000, 0x0000,
  0x0000, 0x0000, 0x0000, 0x0000, 0x0000, 0x0000, 0x0000, 0x0000,
  0x0000, 0x0000, 0x0000, 0x0000, 0x0000, 0x0000, 0x0000, 0x0000,
  0x0000, 0x0000, 0x0000, 0x0000, 0x0000, 0x0000, 0x0000, 0x0000,
  0x0000, 0x0000, 0x0000, 0x0000, 0x0000, 0x0000, 0x0000, 0x0000,
  0x0000, 0x0000, 0x0000, 0x0000, 0x0000, 0x0000, 0x0000, 0x0000,
  0x0000, 0x0000, 0x0000, 0x0000, 0x0000, 0x0000, 0x0000, 0x0000,
  0x0000, 0x0000, 0x0000, 0x0000, 0x0000, 0x0000, 0x0000, 0x0000,
  0x0000, 0x0000, 0x0000, 0x0000, 0x0000, 0x0000, 0x0000, 0x0000,
  0x0000, 0x0000, 0x0000, 0x0000, 0x0000, 0x0000, 0x0000, 0x0000,
  0x0000, 0x0000, 0x0000, 0x0000, 0x0000, 0x0000, 0x0000, 0x0000,
  0x0000, 0x0000, 0x0700, 0x0000, 0x4543, 0xB543, 0xD544, 0xC533,
  0xBA99, 0xFFFF, 0xFFFF, 0xFFFF, 0xFFFF, 0xFFFF, 0xFFFF, 0xFFFF,
  0xFFFF, 0x8FFF, 0x0000, 0x6FFF, 0xEFFF, 0xFFFF, 0xFFFF, 0xFFFF,
  0xFFFF, 0xFFFF, 0xFFFF, 0xFFFF, 0xF999, 0xF433, 0xF544, 0xF544,
  0xF544, 0xF544, 0x4543, 0x0000, 0x0000, 0x2433, 0x7655, 0xEDDC,
  0xFFFF, 0xFFFF, 0xFFFF, 0xFFFF, 0xFFFF, 0xFFFF, 0xFFFF, 0xFFFF,
  0xFFFF, 0xFFFF, 0xFFFF, 0xEFFF, 0x1FFF, 0x0000, 0x8FFF, 0xFFFF,
  0xFFFF, 0xFFFF, 0xFFFF, 0xFFFF, 0xFFFF, 0xFFFF, 0xFFFF, 0xFCCB,
  0xF544, 0xF544, 0xF544, 0xE543, 0x2543, 0x0000, 0x0000, 0x0000,
  0x0000, 0x0000, 0x0000, 0x0000, 0x0000, 0x0000, 0x0000, 0x0000,
  0x0000, 0x0000, 0x0000, 0x0000, 0x0000, 0x0000, 0x0000, 0x0000,
  0x0000, 0x0000, 0x0000, 0x0000, 0x0000, 0x0000, 0x0000, 0x0000,
  0x0000, 0x0000, 0x0000, 0x0000, 0x0000, 0x0000, 0x0000, 0x0000,
  0x0000, 0x0000, 0x0000, 0x0000, 0x0000, 0x0000, 0x0000, 0x0000,
  0x0000, 0x0000, 0x0000, 0x0000, 0x0000, 0x0000, 0x0000, 0x0000,
  0x0000, 0x0000, 0x0000, 0x0000, 0x0000, 0x0000, 0x0000, 0x0000,
  0x0000, 0x0000, 0x0000, 0x0000, 0x0000, 0x0000, 0x0000, 0x0000,
  0x0000, 0x0000, 0x0000, 0x0000, 0x0000, 0x0000, 0x0000, 0x0000,
  0x0000, 0x0000, 0x0000, 0x0000, 0x0000, 0x0000, 0x0000, 0x0000,
  0x0000, 0x0000, 0x0000, 0x0000, 0x0000, 0x0000, 0x0000, 0x0000,
  0x0000, 0x0000, 0x0000, 0x0000, 0x0000, 0x0000, 0x0000, 0x0000,
  0x0000, 0x0000, 0x0000, 0x0000, 0x0000, 0x0000, 0x0000, 0x0000,
  0x0000, 0x0000, 0x0000, 0x0000, 0x0000, 0x0000, 0x0000, 0x0000,
  0x0000, 0x0000, 0x0000, 0x0000, 0x0000, 0x0000, 0x0000, 0x0000,
  0x0000, 0x0000, 0x0000, 0x0000, 0x0000, 0x0000, 0x0000, 0x0000,
  0x0000, 0x0000, 0x0000, 0x0000, 0x0000, 0x0000, 0x0000, 0x0000,
  0x0000, 0x0000, 0x0000, 0x0000, 0x0000, 0x0000, 0x0000, 0x0000,
  0x0000, 0x0000, 0x0000, 0x0000, 0x0000, 0x0000, 0x0000, 0x0000,
  0x0000, 0x0000, 0x0000, 0x0000, 0x0000, 0x0000, 0x0000, 0x0000,
  0x0000, 0x0000, 0x0000, 0x0000, 0x0000, 0x0000, 0x0000, 0x0000,
  0x0000, 0x0000, 0x0000, 0x0000, 0x0000, 0x0000, 0x0000, 0x0000,
  0x0000, 0x0000, 0x0000, 0x0000, 0x0000, 0x0000, 0x0000, 0x0000,
  0x0000, 0x0777, 0x0000, 0x7543, 0xF544, 0xF544, 0xF544, 0xF544,
  0xF655, 0xFDDD, 0xFFFF, 0xFFFF, 0xFFFF, 0xFFFF, 0xFFFF, 0xFFFF,
  0xFFFF, 0xFFFF, 0xBFFF, 0xFFFF, 0xFFFF, 0xFFFF, 0xFFFF, 0xFFFF,
  0xFFFF, 0xFFFF, 0xFFFF, 0xFFFF, 0xFEEE, 0xFA99, 0xF544, 0xF544,
  0xF544, 0xF544, 0x7544, 0x0000, 0x4543, 0xE544, 0xF544, 0xF654,
  0xFDCC, 0xFFFF, 0xFFFF, 0xFFFF, 0xFFFF, 0xFFFF, 0xFFFF, 0xFFFF,
  0xFFFF, 0xFFFF, 0xFFFF, 0xFEEE, 0x9DDD, 0xBFFF, 0xFFFF, 0xFFFF,
  0xFFFF, 0xFFFF, 0xFFFF, 0xFFFF, 0xFFFF, 0xFFFF, 0xFFFF, 0xFBAA,
  0xF433, 0xF544, 0xF544, 0xF544, 0x5543, 0x0000, 0x0000, 0x0000,
  0x0000, 0x0000, 0x0000, 0x0000, 0x0000, 0x0000, 0x0000, 0x0000,
  0x0000, 0x0000, 0x0000, 0x0000, 0x0000, 0x0000, 0x0000, 0x0000,
  0x0000, 0x0000, 0x0000, 0x0000, 0x0000, 0x0000, 0x0000, 0x0000,
  0x0000, 0x0000, 0x0000, 0x0000, 0x0000, 0x0000, 0x0000, 0x0000,
  0x0000, 0x0000, 0x0000, 0x0000, 0x0000, 0x0000, 0x0000, 0x0000,
  0x0000, 0x0000, 0x0000, 0x0000, 0x0000, 0x0000, 0x0000, 0x0000,
  0x0000, 0x0000, 0x0000, 0x0000, 0x0000, 0x0000, 0x0000, 0x0000,
  0x0000, 0x0000, 0x0000, 0x0000, 0x0000, 0x0000, 0x0000, 0x0000,
  0x0000, 0x0000, 0x0000, 0x0000, 0x0000, 0x0000, 0x0000, 0x0000,
  0x0000, 0x0000, 0x0000, 0x0000, 0x0000, 0x0000, 0x0000, 0x0000,
  0x0000, 0x0000, 0x0000, 0x0000, 0x0000, 0x0000, 0x0000, 0x0000,
  0x0000, 0x0000, 0x0000, 0x0000, 0x0000, 0x0000, 0x0000, 0x0000,
  0x0000, 0x0000, 0x0000, 0x0000, 0x0000, 0x0000, 0x0000, 0x0000,
  0x0000, 0x0000, 0x0000, 0x0000, 0x0000, 0x0000, 0x0000, 0x0000,
  0x0000, 0x0000, 0x0000, 0x0000, 0x0000, 0x0000, 0x0000, 0x0000,
  0x0000, 0x0000, 0x0000, 0x0000, 0x0000, 0x0000, 0x0000, 0x0000,
  0x0000, 0x0000, 0x0000, 0x0000, 0x0000, 0x0000, 0x0000, 0x0000,
  0x0000, 0x0000, 0x0000, 0x0000, 0x0000, 0x0000, 0x0000, 0x0000,
  0x0000, 0x0000, 0x0000, 0x0000, 0x0000, 0x0000, 0x0000, 0x0000,
  0x0000, 0x0000, 0x0000, 0x0000, 0x0000, 0x0000, 0x0000, 0x0000,
  0x0000, 0x0000, 0x0000, 0x0000, 0x0000, 0x0000, 0x0000, 0x0000,
  0x0000, 0x0000, 0x0000, 0x0000, 0x0000, 0x0000, 0x0000, 0x0000,
  0x0000, 0x0000, 0x0000, 0x0000, 0x0000, 0x0000, 0x0000, 0x0000,
  0x0555, 0x0000, 0x6543, 0xF544, 0xF544, 0xF544, 0xF544, 0xF533,
  0xF655, 0xFEEE, 0xFFFF, 0xFFFF, 0xFFFF, 0xFFFF, 0xFFFF, 0xFEEE,
  0xF999, 0xF877, 0xFCBB, 0xFFFF, 0xFFFF, 0xFFFF, 0xFFFF, 0xFFFF,
  0xFFFF, 0xFFFF, 0xFFFF, 0xFFFF, 0xFFFF, 0xFFFF, 0xF655, 0xF543,
  0xF544, 0xF544, 0x8543, 0x1544, 0xC544, 0xF544, 0xF544, 0xF433,
  0xFBAA, 0xFFFF, 0xFFFF, 0xFFFF, 0xFFFF, 0xFFFF, 0xFFFF, 0xFFFF,
  0xFFFF, 0xFFFF, 0xF999, 0xF655, 0xF766, 0xFCCC, 0xFFFF, 0xFFFF,
  0xFFFF, 0xFFFF, 0xFFFF, 0xFFFF, 0xFFFF, 0xFFFF, 0xFFFF, 0xFDDD,
  0xF544, 0xF544, 0xF544, 0xF544, 0x8544, 0x0000, 0x0000, 0x0000,
  0x0000, 0x0000, 0x0000, 0x0000, 0x0000, 0x0000, 0x0000, 0x0000,
  0x0000, 0x0000, 0x0000, 0x0000, 0x0000, 0x0000, 0x0000, 0x0000,
  0x0000, 0x0000, 0x0000, 0x0000, 0x0000, 0x0000, 0x0000, 0x0000,
  0x0000, 0x0000, 0x0000, 0x0000, 0x0000, 0x0000, 0x0000, 0x0000,
  0x0000, 0x0000, 0x0000, 0x0000, 0x0000, 0x0000, 0x0000, 0x0000,
  0x0000, 0x0000, 0x0000, 0x0000, 0x0000, 0x0000, 0x0000, 0x0000,
  0x0000, 0x0000, 0x0000, 0x0000, 0x0000, 0x0000, 0x0000, 0x0000,
  0x0000, 0x0000, 0x0000, 0x0000, 0x0000, 0x0000, 0x0000, 0x0000,
  0x0000, 0x0000, 0x0000, 0x0000, 0x0000, 0x0000, 0x0000, 0x0000,
  0x0000, 0x0000, 0x0000, 0x0000, 0x0000, 0x0000, 0x0000, 0x0000,
  0x0000, 0x0000, 0x0000, 0x0000, 0x0000, 0x0000, 0x0000, 0x0000,
  0x0000, 0x0000, 0x0000, 0x0000, 0x0000, 0x0000, 0x0000, 0x0000,
  0x0000, 0x0000, 0x0000, 0x0000, 0x0000, 0x0000, 0x0000, 0x0000,
  0x0000, 0x0000, 0x0000, 0x0000, 0x0000, 0x0000, 0x0000, 0x0000,
  0x0000, 0x0000, 0x0000, 0x0000, 0x0000, 0x0000, 0x0000, 0x0000,
  0x0000, 0x0000, 0x0000, 0x0000, 0x0000, 0x0000, 0x0000, 0x0000,
  0x0000, 0x0000, 0x0000, 0x0000, 0x0000, 0x0000, 0x0000, 0x0000,
  0x0000, 0x0000, 0x0000, 0x0000, 0x0000, 0x0000, 0x0000, 0x0000,
  0x0000, 0x0000, 0x0000, 0x0000, 0x0000, 0x0000, 0x0000, 0x0000,
  0x0000, 0x0000, 0x0000, 0x0000, 0x0000, 0x0000, 0x0000, 0x0000,
  0x0000, 0x0000, 0x0000, 0x0000, 0x0000, 0x0000, 0x0000, 0x0000,
  0x0000, 0x0000, 0x0000, 0x0000, 0x0000, 0x0000, 0x0000, 0x0000,
  0x0000, 0x0000, 0x0000, 0x0000, 0x0000, 0x0000, 0x0000, 0x0000,
  0x0000, 0x3544, 0xE544, 0xF544, 0xF544, 0xF544, 0xF543, 0xF655,
  0xFCCC, 0xFFFF, 0xFFFF, 0xFFFF, 0xFFFF, 0xFFFF, 0xFEEE, 0xF766,
  0xF433, 0xF543, 0xF543, 0xFCBB, 0xFFFF, 0xFFFF, 0xFFFF, 0xFFFF,
  0xFFFF, 0xFFFF, 0xFFFF, 0xFFFF, 0xFFFF, 0xFFFF, 0xF766, 0xF543,
  0xF544, 0xF544, 0x9543, 0x5543, 0xF544, 0xF544, 0xF544, 0xF544,
  0xFDDC, 0xFFFF, 0xFFFF, 0xFFFF, 0xFFFF, 0xFFFF, 0xFFFF, 0xFFFF,
  0xFFFF, 0xFBBB, 0xF433, 0xF544, 0xF433, 0xF655, 0xFEEE, 0xFFFF,
  0xFFFF, 0xFFFF, 0xFFFF, 0xFFFF, 0xFFFF, 0xFFFF, 0xFFFF, 0xFFFF,
  0xF765, 0xF543, 0xF544, 0xF544, 0xB543, 0x0000, 0x0000, 0x0000,
  0x0000, 0x0000, 0x0000, 0x0000, 0x0000, 0x0000, 0x0000, 0x0000,
  0x0000, 0x0000, 0x0000, 0x0000, 0x0000, 0x0000, 0x0000, 0x0000,
  0x0000, 0x0000, 0x0000, 0x0000, 0x0000, 0x0000, 0x0000, 0x0000,
  0x0000, 0x0000, 0x0000, 0x0000, 0x0000, 0x0000, 0x0000, 0x0000,
  0x0000, 0x0000, 0x0000, 0x0000, 0x0000, 0x0000, 0x0000, 0x0000,
  0x0000, 0x0000, 0x0000, 0x0000, 0x0000, 0x0000, 0x0000, 0x0000,
  0x0000, 0x0000, 0x0000, 0x0000, 0x0000, 0x0000, 0x0000, 0x0000,
  0x0000, 0x0000, 0x0000, 0x0000, 0x0000, 0x0000, 0x0000, 0x0000,
  0x0000, 0x0000, 0x0000, 0x0000, 0x0000, 0x0000, 0x0000, 0x0000,
  0x0000, 0x0000, 0x0000, 0x0000, 0x0000, 0x0000, 0x0000, 0x0000,
  0x0000, 0x0000, 0x0000, 0x0000, 0x0000, 0x0000, 0x0000, 0x0000,
  0x0000, 0x0000, 0x0000, 0x0000, 0x0000, 0x0000, 0x0000, 0x0000,
  0x0000, 0x0000, 0x0000, 0x0000, 0x0000, 0x0000, 0x0000, 0x0000,
  0x0000, 0x0000, 0x0000, 0x0000, 0x0000, 0x0000, 0x0000, 0x0000,
  0x0000, 0x0000, 0x0000, 0x0000, 0x0000, 0x0000, 0x0000, 0x0000,
  0x0000, 0x0000, 0x0000, 0x0000, 0x0000, 0x0000, 0x0000, 0x0000,
  0x0000, 0x0000, 0x0000, 0x0000, 0x0000, 0x0000, 0x0000, 0x0000,
  0x0000, 0x0000, 0x0000, 0x0000, 0x0000, 0x0000, 0x0000, 0x0000,
  0x0000, 0x0000, 0x0000, 0x0000, 0x0000, 0x0000, 0x0000, 0x0000,
  0x0000, 0x0000, 0x0000, 0x0000, 0x0000, 0x0000, 0x0000, 0x0000,
  0x0000, 0x0000, 0x0000, 0x0000, 0x0000, 0x0000, 0x0000, 0x0000,
  0x0000, 0x0000, 0x0000, 0x0000, 0x0000, 0x0000, 0x0000, 0x0000,
  0x0000, 0x0000, 0x0000, 0x0000, 0x0000, 0x0000, 0x0000, 0x0000,
  0x0700, 0xB544, 0xF544, 0xF544, 0xF544, 0xF543, 0xF766, 0xFEED,
  0xFFFF, 0xFFFF, 0xFFFF, 0xFFFF, 0xFFFF, 0xFFFF, 0xF999, 0xF433,
  0xF544, 0xF544, 0xF433, 0xF988, 0xFFFF, 0xFFFF, 0xFFFF, 0xFFFF,
  0xFFFF, 0xFFFF, 0xFFFF, 0xFFFF, 0xFFFF, 0xFFFF, 0xF765, 0xF543,
  0xF544, 0xF544, 0x9544, 0x8543, 0xF544, 0xF544, 0xF543, 0xF655,
  0xFFFF, 0xFFFF, 0xFFFF, 0xFFFF, 0xFFFF, 0xFFFF, 0xFFFF, 0xFFFF,
  0xFFFF, 0xF877, 0xF533, 0xF544, 0xF544, 0xF544, 0xFDDD, 0xFFFF,
  0xFFFF, 0xFFFF, 0xFFFF, 0xFFFF, 0xFFFF, 0xFFFF, 0xFFFF, 0xFFFF,
  0xF888, 0xF433, 0xF544, 0xF544, 0xD544, 0x0000, 0x0000, 0x0000,
  0x0000, 0x0000, 0x0000, 0x0000, 0x0000, 0x0000, 0x0000, 0x0000,
  0x0000, 0x0000, 0x0000, 0x0000, 0x0000, 0x0000, 0x0000, 0x0000,
  0x0000, 0x0000, 0x0000, 0x0000, 0x0000, 0x0000, 0x0000, 0x0000,
  0x0000, 0x0000, 0x0000, 0x0000, 0x0000, 0x0000, 0x0000, 0x0000,
  0x0000, 0x0000, 0x0000, 0x0000, 0x0000, 0x0000, 0x0000, 0x0000,
  0x0000, 0x0000, 0x0000, 0x0000, 0x0000, 0x0000, 0x0000, 0x0000,
  0x0000, 0x0000, 0x0000, 0x0000, 0x0000, 0x0000, 0x0000, 0x0000,
  0x0000, 0x0000, 0x0000, 0x0000, 0x0000, 0x0000, 0x0000, 0x0000,
  0x0000, 0x0000, 0x0000, 0x0000, 0x0000, 0x0000, 0x0000, 0x0000,
  0x0000, 0x0000, 0x0000, 0x0000, 0x0000, 0x0000, 0x0000, 0x0000,
  0x0000, 0x0000, 0x0000, 0x0000, 0x0000, 0x0000, 0x0000, 0x0000,
  0x0000, 0x0000, 0x0000, 0x0000, 0x0000, 0x0000, 0x0000, 0x0000,
  0x0000, 0x0000, 0x0000, 0x0000, 0x0000, 0x0000, 0x0000, 0x0000,
  0x0000, 0x0000, 0x0000, 0x0000, 0x0000, 0x0000, 0x0000, 0x0000,
  0x0000, 0x0000, 0x0000, 0x0000, 0x0000, 0x0000, 0x0000, 0x0000,
  0x0000, 0x0000, 0x0000, 0x0000, 0x0000, 0x0000, 0x0000, 0x0000,
  0x0000, 0x0000, 0x0000, 0x0000, 0x0000, 0x0000, 0x0000, 0x0000,
  0x0000, 0x0000, 0x0000, 0x0000, 0x0000, 0x0000, 0x0000, 0x0000,
  0x0000, 0x0000, 0x0000, 0x0000, 0x0000, 0x0000, 0x0000, 0x0000,
  0x0000, 0x0000, 0x0000, 0x0000, 0x0000, 0x0000, 0x0000, 0x0000,
  0x0000, 0x0000, 0x0000, 0x0000, 0x0000, 0x0000, 0x0000, 0x0000,
  0x0000, 0x0000, 0x0000, 0x0000, 0x0000, 0x0000, 0x0000, 0x0000,
  0x0000, 0x0000, 0x0000, 0x0000, 0x0000, 0x0000, 0x0000, 0x0000,
  0x4543, 0xF544, 0xF544, 0xF544, 0xF543, 0xF765, 0xFEEE, 0xFFFF,
  0xFFFF, 0xFFFF, 0xFFFF, 0xFFFF, 0xFFFF, 0xFDDC, 0xF544, 0xF544,
  0xF544, 0xF544, 0xF433, 0xF988, 0xFFFF, 0xFFFF, 0xFFFF, 0xFFFF,
  0xFFFF, 0xFFFF, 0xFFFF, 0xFFFF, 0xFFFF, 0xFFFF, 0xF665, 0xF543,
  0xF544, 0xF544, 0x8543, 0xA543, 0xF544, 0xF544, 0xF543, 0xF766,
  0xFFFF, 0xFFFF, 0xFFFF, 0xFFFF, 0xFFFF, 0xFFFF, 0xFFFF, 0xFFFF,
  0xFEEE, 0xF655, 0xF543, 0xF544, 0xF543, 0xF544, 0xFDDD, 0xFFFF,
  0xFFFF, 0xFFFF, 0xFFFF, 0xFFFF, 0xFFFF, 0xFFFF, 0xFFFF, 0xFFFF,
  0xF998, 0xF433, 0xF544, 0xF544, 0xD544, 0x0000, 0x0000, 0x0000,
  0x0000, 0x0000, 0x0000, 0x0000, 0x0000, 0x0000, 0x0000, 0x0000,
  0x0000, 0x0000, 0x0000, 0x0000, 0x0000, 0x0000, 0x0000, 0x0000,
  0x0000, 0x0000, 0x0000, 0x0000, 0x0000, 0x0000, 0x0000, 0x0000,
  0x0000, 0x0000, 0x0000, 0x0000, 0x0000, 0x0000, 0x0000, 0x0000,
  0x0000, 0x0000, 0x0000, 0x0000, 0x0000, 0x0000, 0x0000, 0x0000,
  0x0000, 0x0000, 0x0000, 0x0000, 0x0000, 0x0000, 0x0000, 0x0000,
  0x0000, 0x0000, 0x0000, 0x0000, 0x0000, 0x0000, 0x0000, 0x0000,
  0x0000, 0x0000, 0x0000, 0x0000, 0x0000, 0x0000, 0x0000, 0x0000,
  0x0000, 0x0000, 0x0000, 0x0000, 0x0000, 0x0000, 0x0000, 0x0000,
  0x0000, 0x0000, 0x0000, 0x0000, 0x0000, 0x0000, 0x0000, 0x0000,
  0x0000, 0x0000, 0x0000, 0x0000, 0x0000, 0x0000, 0x0000, 0x0000,
  0x0000, 0x0000, 0x0000, 0x0000, 0x0000, 0x0000, 0x0000, 0x0000,
  0x0000, 0x0000, 0x0000, 0x0000, 0x0000, 0x0000, 0x0000, 0x0000,
  0x0000, 0x0000, 0x0000, 0x0000, 0x0000, 0x0000, 0x0000, 0x0000,
  0x0000, 0x0000, 0x0000, 0x0000, 0x0000, 0x0000, 0x0000, 0x0000,
  0x0000, 0x0000, 0x0000, 0x0000, 0x0000, 0x0000, 0x0000, 0x0000,
  0x0000, 0x0000, 0x0000, 0x0000, 0x0000, 0x0000, 0x0000, 0x0000,
  0x0000, 0x0000, 0x0000, 0x0000, 0x0000, 0x0000, 0x0000, 0x0000,
  0x0000, 0x0000, 0x0000, 0x0000, 0x0000, 0x0000, 0x0000, 0x0000,
  0x0000, 0x0000, 0x0000, 0x0000, 0x0000, 0x0000, 0x0000, 0x0000,
  0x0000, 0x0000, 0x0000, 0x0000, 0x0000, 0x0000, 0x0000, 0x0000,
  0x0000, 0x0000, 0x0000, 0x0000, 0x0000, 0x0000, 0x0000, 0x0000,
  0x0000, 0x0000, 0x0000, 0x0000, 0x0000, 0x0000, 0x0000, 0x0000,
  0x9543, 0xF544, 0xF544, 0xF544, 0xF544, 0xFCCC, 0xFFFF, 0xFFFF,
  0xFFFF, 0xFFFF, 0xFFFF, 0xFFFF, 0xFFFF, 0xF876, 0xF543, 0xF544,
  0xF544, 0xF544, 0xF433, 0xF888, 0xFFFF, 0xFFFF, 0xFFFF, 0xFFFF,
  0xFFFF, 0xFFFF, 0xFFFF, 0xFFFF, 0xFFFF, 0xFEEE, 0xF655, 0xF543,
  0xF544, 0xF544, 0x7544, 0xA543, 0xF544, 0xF544, 0xF543, 0xF766,
  0xFFFF, 0xFFFF, 0xFFFF, 0xFFFF, 0xFFFF, 0xFFFF, 0xFFFF, 0xFFFF,
  0xFBBB, 0xF543, 0xF544, 0xF544, 0xF544, 0xF544, 0xFDDD, 0xFFFF,
  0xFFFF, 0xFFFF, 0xFFFF, 0xFFFF, 0xFFFF, 0xFFFF, 0xFFFF, 0xFFFF,
  0xF766, 0xF543, 0xF544, 0xF544, 0xD543, 0x0000, 0x0000, 0x0000,
  0x0000, 0x0000, 0x0000, 0x0000, 0x0000, 0x0000, 0x0000, 0x0000,
  0x0000, 0x0000, 0x0000, 0x0000, 0x0000, 0x0000, 0x0000, 0x0000,
  0x0000, 0x0000, 0x0000, 0x0000, 0x0000, 0x0000, 0x0000, 0x0000,
  0x0000, 0x0000, 0x0000, 0x0000, 0x0000, 0x0000, 0x0000, 0x0000,
  0x0000, 0x0000, 0x0000, 0x0000, 0x0000, 0x0000, 0x0000, 0x0000,
  0x0000, 0x0000, 0x0000, 0x0000, 0x0000, 0x0000, 0x0000, 0x0000,
  0x0000, 0x0000, 0x0000, 0x0000, 0x0000, 0x0000, 0x0000, 0x0000,
  0x0000, 0x0000, 0x0000, 0x0000, 0x0000, 0x0000, 0x0000, 0x0000,
  0x0000, 0x0000, 0x0000, 0x0000, 0x0000, 0x0000, 0x0000, 0x0000,
  0x0000, 0x0000, 0x0000, 0x0000, 0x0000, 0x0000, 0x0000, 0x0000,
  0x0000, 0x0000, 0x0000, 0x0000, 0x0000, 0x0000, 0x0000, 0x0000,
  0x0000, 0x0000, 0x0000, 0x0000, 0x0000, 0x0000, 0x0000, 0x0000,
  0x0000, 0x0000, 0x0000, 0x0000, 0x0000, 0x0000, 0x0000, 0x0000,
  0x0000, 0x0000, 0x0000, 0x0000, 0x0000, 0x0000, 0x0000, 0x0000,
  0x0000, 0x0000, 0x0000, 0x0000, 0x0000, 0x0000, 0x0000, 0x0000,
  0x0000, 0x0000, 0x0000, 0x0000, 0x0000, 0x0000, 0x0000, 0x0000,
  0x0000, 0x0000, 0x0000, 0x0000, 0x0000, 0x0000, 0x0000, 0x0000,
  0x0000, 0x0000, 0x0000, 0x0000, 0x0000, 0x0000, 0x0000, 0x0000,
  0x0000, 0x0000, 0x0000, 0x0000, 0x0000, 0x0000, 0x0000, 0x0000,
  0x0000, 0x0000, 0x0000, 0x0000, 0x0000, 0x0000, 0x0000, 0x0000,
  0x0000, 0x0000, 0x0000, 0x0000, 0x0000, 0x0000, 0x0000, 0x0000,
  0x0000, 0x0000, 0x0000, 0x0000, 0x0000, 0x0000, 0x0000, 0x0000,
  0x0000, 0x0000, 0x0000, 0x0000, 0x0000, 0x0000, 0x0000, 0x0000,
  0xC543, 0xF544, 0xF544, 0xF543, 0xF766, 0xFFFF, 0xFFFF, 0xFFFF,
  0xFFFF, 0xFFFF, 0xFFFF, 0xFFFF, 0xFBBA, 0xF543, 0xF544, 0xF544,
  0xF544, 0xF544, 0xF543, 0xF544, 0xFDDD, 0xFFFF, 0xFFFF, 0xFFFF,
  0xFFFF, 0xFFFF, 0xFFFF, 0xFFFF, 0xFFFF, 0xFDDD, 0xF544, 0xF544,
  0xF544, 0xF544, 0x6544, 0x8544, 0xF544, 0xF544, 0xF543, 0xF655,
  0xFEEE, 0xFFFF, 0xFFFF, 0xFFFF, 0xFFFF, 0xFFFF, 0xFFFF, 0xFFFF,
  0xF766, 0xF543, 0xF544, 0xF544, 0xF544, 0xF543, 0xFCCC, 0xFFFF,
  0xFFFF, 0xFFFF, 0xFFFF, 0xFFFF, 0xFFFF, 0xFFFF, 0xFFFF, 0xFCBB,
  0xF543, 0xF544, 0xF544, 0xF544, 0xA543, 0x0000, 0x0000, 0x0000,
  0x0000, 0x0000, 0x0000, 0x0000, 0x0000, 0x0000, 0x0000, 0x0000,
  0x0000, 0x0000, 0x0000, 0x0000, 0x0000, 0x0000, 0x0000, 0x0000,
  0x0000, 0x0000, 0x0000, 0x0000, 0x0000, 0x0000, 0x0000, 0x0000,
  0x0000, 0x0000, 0x0000, 0x0000, 0x0000, 0x0000, 0x0000, 0x0000,
  0x0000, 0x0000, 0x0000, 0x0000, 0x0000, 0x0000, 0x0000, 0x0000,
  0x0000, 0x0000, 0x0000, 0x0000, 0x0000, 0x0000, 0x0000, 0x0000,
  0x0000, 0x0000, 0x0000, 0x0000, 0x0000, 0x0000, 0x0000, 0x0000,
  0x0000, 0x0000, 0x0000, 0x0000, 0x0000, 0x0000, 0x0000, 0x0000,
  0x0000, 0x0000, 0x0000, 0x0000, 0x0000, 0x0000, 0x0000, 0x0000,
  0x0000, 0x0000, 0x0000, 0x0000, 0x0000, 0x0000, 0x0000, 0x0000,
  0x0000, 0x0000, 0x0000, 0x0000, 0x0000, 0x0000, 0x0000, 0x0000,
  0x0000, 0x0000, 0x0000, 0x0000, 0x0000, 0x0000, 0x0000, 0x0000,
  0x0000, 0x0000, 0x0000, 0x0000, 0x0000, 0x0000, 0x0000, 0x0000,
  0x0000, 0x0000, 0x0000, 0x0000, 0x0000, 0x0000, 0x0000, 0x0000,
  0x0000, 0x0000, 0x0000, 0x0000, 0x0000, 0x0000, 0x0000, 0x0000,
  0x0000, 0x0000, 0x0000, 0x0000, 0x0000, 0x0000, 0x0000, 0x0000,
  0x0000, 0x0000, 0x0000, 0x0000, 0x0000, 0x0000, 0x0000, 0x0000,
  0x0000, 0x0000, 0x0000, 0x0000, 0x0000, 0x0000, 0x0000, 0x0000,
  0x0000, 0x0000, 0x0000, 0x0000, 0x0000, 0x0000, 0x0000, 0x0000,
  0x0000, 0x0000, 0x0000, 0x0000, 0x0000, 0x0000, 0x0000, 0x0000,
  0x0000, 0x0000, 0x0000, 0x0000, 0x0000, 0x0000, 0x0000, 0x0000,
  0x0000, 0x0000, 0x0000, 0x0000, 0x0000, 0x0000, 0x0000, 0x0000,
  0x0000, 0x0000, 0x0000, 0x0000, 0x0000, 0x0000, 0x0000, 0x0000,
  0xD544, 0xF544, 0xF544, 0xF433, 0xF988, 0xFFFF, 0xFFFF, 0xFFFF,
  0xFFFF, 0xFFFF, 0xFFFF, 0xFEDD, 0xF654, 0xF543, 0xF544, 0xF544,
  0xF544, 0xF544, 0xF544, 0xF543, 0xF665, 0xFEEE, 0xFFFF, 0xFFFF,
  0xFFFF, 0xFFFF, 0xFFFF, 0xFFFF, 0xFFFF, 0xFBAA, 0xF433, 0xF544,
  0xF544, 0xF544, 0x4543, 0x6544, 0xF544, 0xF544, 0xF544, 0xF544,
  0xFCCC, 0xFFFF, 0xFFFF, 0xFFFF, 0xFFFF, 0xFFFF, 0xFFFF, 0xF999,
  0xF543, 0xF544, 0xF544, 0xF544, 0xF544, 0xF433, 0xF988, 0xFFFF,
  0xFFFF, 0xFFFF, 0xFFFF, 0xFFFF, 0xFFFF, 0xFFFF, 0xFEDD, 0xF655,
  0xF543, 0xF544, 0xF544, 0xF544, 0x4543, 0x0000, 0x0000, 0x0000,
  0x0000, 0x0000, 0x0000, 0x0000, 0x0000, 0x0000, 0x0000, 0x0000,
  0x0000, 0x0000, 0x0000, 0x0000, 0x0000, 0x0000, 0x0000, 0x0000,
  0x0000, 0x0000, 0x0000, 0x0000, 0x0000, 0x0000, 0x0000, 0x0000,
  0x0000, 0x0000, 0x0000, 0x0000, 0x0000, 0x0000, 0x0000, 0x0000,
  0x0000, 0x0000, 0x0000, 0x0000, 0x0000, 0x0000, 0x0000, 0x0000,
  0x0000, 0x0000, 0x0000, 0x0000, 0x0000, 0x0000, 0x0000, 0x0000,
  0x0000, 0x0000, 0x0000, 0x0000, 0x0000, 0x0000, 0x0000, 0x0000,
  0x0000, 0x0000, 0x0000, 0x0000, 0x0000, 0x0000, 0x0000, 0x0000,
  0x0000, 0x0000, 0x0000, 0x0000, 0x0000, 0x0000, 0x0000, 0x0000,
  0x0000, 0x0000, 0x0000, 0x0000, 0x0000, 0x0000, 0x0000, 0x0000,
  0x0000, 0x0000, 0x0000, 0x0000, 0x0000, 0x0000, 0x0000, 0x0000,
  0x0000, 0x0000, 0x0000, 0x0000, 0x0000, 0x0000, 0x0000, 0x0000,
  0x0000, 0x0000, 0x0000, 0x0000, 0x0000, 0x0000, 0x0000, 0x0000,
  0x0000, 0x0000, 0x0000, 0x0000, 0x0000, 0x0000, 0x0000, 0x0000,
  0x0000, 0x0000, 0x0000, 0x0000, 0x0000, 0x0000, 0x0000, 0x0000,
  0x0000, 0x0000, 0x0000, 0x0000, 0x0000, 0x0000, 0x0000, 0x0000,
  0x0000, 0x0000, 0x0000, 0x0000, 0x0000, 0x0000, 0x0000, 0x0000,
  0x0000, 0x0000, 0x0000, 0x0000, 0x0000, 0x0000, 0x0000, 0x0000,
  0x0000, 0x0000, 0x0000, 0x0000, 0x0000, 0x0000, 0x0000, 0x0000,
  0x0000, 0x0000, 0x0000, 0x0000, 0x0000, 0x0000, 0x0000, 0x0000,
  0x0000, 0x0000, 0x0000, 0x0000, 0x0000, 0x0000, 0x0000, 0x0000,
  0x0000, 0x0000, 0x0000, 0x0000, 0x0000, 0x0000, 0x0000, 0x0000,
  0x0000, 0x0000, 0x0000, 0x0000, 0x0000, 0x0000, 0x0000, 0x0000,
  0xC543, 0xF544, 0xF544, 0xF543, 0xF766, 0xFFFF, 0xFFFF, 0xFFFF,
  0xFFFF, 0xFFFF, 0xFEEE, 0xF766, 0xF543, 0xF544, 0xF544, 0xF544,
  0xF544, 0xF544, 0xF544, 0xF544, 0xF543, 0xF765, 0xFDDD, 0xFFFF,
  0xFFFF, 0xFFFF, 0xFFFF, 0xFFFF, 0xFEEE, 0xF655, 0xF543, 0xF544,
  0xF544, 0xD544, 0x1544, 0x4543, 0xF544, 0xF544, 0xF544, 0xF433,
  0xFA99, 0xFFFF, 0xFFFF, 0xFFFF, 0xFFFF, 0xFFFF, 0xFA99, 0xF543,
  0xF544, 0xF544, 0xF544, 0xF544, 0xF544, 0xF544, 0xF544, 0xFCBB,
  0xFFFF, 0xFFFF, 0xFFFF, 0xFFFF, 0xFFFF, 0xFCCC, 0xF655, 0xF543,
  0xF544, 0xF544, 0xF544, 0xB543, 0x0444, 0x0000, 0x0000, 0x0000,
  0x0000, 0x0000, 0x0000, 0x0000, 0x0000, 0x0000, 0x0000, 0x0000,
  0x0000, 0x0000, 0x0000, 0x0000, 0x0000, 0x0000, 0x0000, 0x0000,
  0x0000, 0x0000, 0x0000, 0x0000, 0x0000, 0x0000, 0x0000, 0x0000,
  0x0000, 0x0000, 0x0000, 0x0000, 0x0000, 0x0000, 0x0000, 0x0000,
  0x0000, 0x0000, 0x0000, 0x0000, 0x0000, 0x0000, 0x0000, 0x0000,
  0x0000, 0x0000, 0x0000, 0x0000, 0x0000, 0x0000, 0x0000, 0x0000,
  0x0000, 0x0000, 0x0000, 0x0000, 0x0000, 0x0000, 0x0000, 0x0000,
  0x0000, 0x0000, 0x0000, 0x0000, 0x0000, 0x0000, 0x0000, 0x0000,
  0x0000, 0x0000, 0x0000, 0x0000, 0x0000, 0x0000, 0x0000, 0x0000,
  0x0000, 0x0000, 0x0000, 0x0000, 0x0000, 0x0000, 0x0000, 0x0000,
  0x0000, 0x0000, 0x0000, 0x0000, 0x0000, 0x0000, 0x0000, 0x0000,
  0x0000, 0x0000, 0x0000, 0x0000, 0x0000, 0x0000, 0x0000, 0x0000,
  0x0000, 0x0000, 0x0000, 0x0000, 0x0000, 0x0000, 0x0000, 0x0000,
  0x0000, 0x0000, 0x0000, 0x0000, 0x0000, 0x0000, 0x0000, 0x0000,
  0x0000, 0x0000, 0x0000, 0x0000, 0x0000, 0x0000, 0x0000, 0x0000,
  0x0000, 0x0000, 0x0000, 0x0000, 0x0000, 0x0000, 0x0000, 0x0000,
  0x0000, 0x0000, 0x0000, 0x0000, 0x0000, 0x0000, 0x0000, 0x0000,
  0x0000, 0x0000, 0x0000, 0x0000, 0x0000, 0x0000, 0x0000, 0x0000,
  0x0000, 0x0000, 0x0000, 0x0000, 0x0000, 0x0000, 0x0000, 0x0000,
  0x0000, 0x0000, 0x0000, 0x0000, 0x0000, 0x0000, 0x0000, 0x0000,
  0x0000, 0x0000, 0x0000, 0x0000, 0x0000, 0x0000, 0x0000, 0x0000,
  0x0000, 0x0000, 0x0000, 0x0000, 0x0000, 0x0000, 0x0000, 0x0000,
  0x0000, 0x0000, 0x0000, 0x0000, 0x0000, 0x0000, 0x0000, 0x0000,
  0x8544, 0xF544, 0xF544, 0xF544, 0xF543, 0xFBAA, 0xFFFF, 0xFFFF,
  0xFFFF, 0xFDDD, 0xF766, 0xF543, 0xF544, 0xF544, 0xF543, 0xF644,
  0xFA66, 0xF544, 0xF544, 0xF544, 0xF544, 0xF543, 0xF655, 0xFBAA,
  0xFEEE, 0xFFFF, 0xFFFF, 0xFCCC, 0xF665, 0xF543, 0xF544, 0xF544,
  0xF544, 0x8544, 0x0000, 0x1433, 0xD544, 0xF544, 0xF544, 0xF543,
  0xF765, 0xFFFF, 0xFFFF, 0xFFFF, 0xFDDD, 0xF877, 0xF543, 0xF544,
  0xF544, 0xF544, 0xF544, 0xF544, 0xF544, 0xF544, 0xF543, 0xF544,
  0xF988, 0xFCCC, 0xFEDD, 0xFCCC, 0xF988, 0xF544, 0xF543, 0xF544,
  0xF544, 0xF544, 0xE544, 0x3544, 0x0000, 0x0000, 0x0000, 0x0000,
  0x0000, 0x0000, 0x0000, 0x0000, 0x0000, 0x0000, 0x0000, 0x0000,
  0x0000, 0x0000, 0x0000, 0x0000, 0x0000, 0x0000, 0x0000, 0x0000,
  0x0000, 0x0000, 0x0000, 0x0000, 0x0000, 0x0000, 0x0000, 0x0000,
  0x0000, 0x0000, 0x0000, 0x0000, 0x0000, 0x0000, 0x0000, 0x0000,
  0x0000, 0x0000, 0x0000, 0x0000, 0x0000, 0x0000, 0x0000, 0x0000,
  0x0000, 0x0000, 0x0000, 0x0000, 0x0000, 0x0000, 0x0000, 0x0000,
  0x0000, 0x0000, 0x0000, 0x0000, 0x0000, 0x0000, 0x0000, 0x0000,
  0x0000, 0x0000, 0x0000, 0x0000, 0x0000, 0x0000, 0x0000, 0x0000,
  0x0000, 0x0000, 0x0000, 0x0000, 0x0000, 0x0000, 0x0000, 0x0000,
  0x0000, 0x0000, 0x0000, 0x0000, 0x0000, 0x0000, 0x0000, 0x0000,
  0x0000, 0x0000, 0x0000, 0x0000, 0x0000, 0x0000, 0x0000, 0x0000,
  0x0000, 0x0000, 0x0000, 0x0000, 0x0000, 0x0000, 0x0000, 0x0000,
  0x0000, 0x0000, 0x0000, 0x0000, 0x0000, 0x0000, 0x0000, 0x0000,
  0x0000, 0x0000, 0x0000, 0x0000, 0x0000, 0x0000, 0x0000, 0x0000,
  0x0000, 0x0000, 0x0000, 0x0000, 0x0000, 0x0000, 0x0000, 0x0000,
  0x0000, 0x0000, 0x0000, 0x0000, 0x0000, 0x0000, 0x0000, 0x0000,
  0x0000, 0x0000, 0x0000, 0x0000, 0x0000, 0x0000, 0x0000, 0x0000,
  0x0000, 0x0000, 0x0000, 0x0000, 0x0000, 0x0000, 0x0000, 0x0000,
  0x0000, 0x0000, 0x0000, 0x0000, 0x0000, 0x0000, 0x0000, 0x0000,
  0x0000, 0x0000, 0x0000, 0x0000, 0x0000, 0x0000, 0x0000, 0x0000,
  0x0000, 0x0000, 0x0000, 0x0000, 0x0000, 0x0000, 0x0000, 0x0000,
  0x0000, 0x0000, 0x0000, 0x0000, 0x0000, 0x0000, 0x0000, 0x0000,
  0x0000, 0x0000, 0x0000, 0x0000, 0x0000, 0x0000, 0x0000, 0x0000,
  0x3543, 0xF544, 0xF544, 0xF544, 0xF543, 0xF544, 0xF988, 0xFAAA,
  0xF988, 0xF554, 0xF543, 0xF544, 0xF544, 0xF544, 0xF544, 0xFA66,
  0xFD78, 0xF956, 0xF544, 0xF544, 0xF544, 0xF544, 0xF543, 0xF543,
  0xF655, 0xF766, 0xF655, 0xF543, 0xF543, 0xF544, 0xF544, 0xF544,
  0xE544, 0x2543, 0x0000, 0x0000, 0x9543, 0xF544, 0xF544, 0xF544,
  0xF543, 0xFA99, 0xFCCC, 0xF988, 0xF544, 0xF533, 0xF544, 0xF544,
  0xF544, 0xF544, 0xC543, 0xD544, 0xF544, 0xF544, 0xF544, 0xF544,
  0xF433, 0xF543, 0xF544, 0xF543, 0xF433, 0xF544, 0xF544, 0xF544,
  0xF544, 0xF544, 0x6543, 0x0000, 0x0777, 0x0000, 0x0000, 0x0000,
  0x0000, 0x0000, 0x0000, 0x0000, 0x0000, 0x0000, 0x0000, 0x0000,
  0x0000, 0x0000, 0x0000, 0x0000, 0x0000, 0x0000, 0x0000, 0x0000,
  0x0000, 0x0000, 0x0000, 0x0000, 0x0000, 0x0000, 0x0000, 0x0000,
  0x0000, 0x0000, 0x0000, 0x0000, 0x0000, 0x0000, 0x0000, 0x0000,
  0x0000, 0x0000, 0x0000, 0x0000, 0x0000, 0x0000, 0x0000, 0x0000,
  0x0000, 0x0000, 0x0000, 0x0000, 0x0000, 0x0000, 0x0000, 0x0000,
  0x0000, 0x0000, 0x0000, 0x0000, 0x0000, 0x0000, 0x0000, 0x0000,
  0x0000, 0x0000, 0x0000, 0x0000, 0x0000, 0x0000, 0x0000, 0x0000,
  0x0000, 0x0000, 0x0000, 0x0000, 0x0000, 0x0000, 0x0000, 0x0000,
  0x0000, 0x0000, 0x0000, 0x0000, 0x0000, 0x0000, 0x0000, 0x0000,
  0x0000, 0x0000, 0x0000, 0x0000, 0x0000, 0x0000, 0x0000, 0x0000,
  0x0000, 0x0000, 0x0000, 0x0000, 0x0000, 0x0000, 0x0000, 0x0000,
  0x0000, 0x0000, 0x0000, 0x0000, 0x0000, 0x0000, 0x0000, 0x0000,
  0x0000, 0x0000, 0x0000, 0x0000, 0x0000, 0x0000, 0x0000, 0x0000,
  0x0000, 0x0000, 0x0000, 0x0000, 0x0000, 0x0000, 0x0000, 0x0000,
  0x0000, 0x0000, 0x0000, 0x0000, 0x0000, 0x0000, 0x0000, 0x0000,
  0x0000, 0x0000, 0x0000, 0x0000, 0x0000, 0x0000, 0x0000, 0x0000,
  0x0000, 0x0000, 0x0000, 0x0000, 0x0000, 0x0000, 0x0000, 0x0000,
  0x0000, 0x0000, 0x0000, 0x0000, 0x0000, 0x0000, 0x0000, 0x0000,
  0x0000, 0x0000, 0x0000, 0x0000, 0x0000, 0x0000, 0x0000, 0x0000,
  0x0000, 0x0000, 0x0000, 0x0000, 0x0000, 0x0000, 0x0000, 0x0000,
  0x0000, 0x0000, 0x0000, 0x0000, 0x0000, 0x0000, 0x0000, 0x0000,
  0x0000, 0x0000, 0x0000, 0x0000, 0x0000, 0x0000, 0x0000, 0x0000,
  0x0000, 0x9544, 0xF544, 0xF544, 0xF544, 0xF544, 0xF433, 0xF433,
  0xF433, 0xF543, 0xF544, 0xF544, 0xF544, 0xF543, 0xF956, 0xFC68,
  0xFC68, 0xFC68, 0xF956, 0xF544, 0xF543, 0xF544, 0xF544, 0xF544,
  0xF543, 0xF543, 0xF543, 0xF544, 0xF544, 0xF544, 0xF544, 0xF544,
  0x6543, 0x0000, 0x0777, 0x0000, 0x3543, 0xF544, 0xF544, 0xF544,
  0xF544, 0xF543, 0xF543, 0xF433, 0xF544, 0xF544, 0xF544, 0xF544,
  0xF544, 0xC544, 0x2543, 0x3544, 0xE544, 0xF544, 0xF544, 0xF544,
  0xF544, 0xF544, 0xF544, 0xF544, 0xF544, 0xF544, 0xF544, 0xF544,
  0xF544, 0x6543, 0x0000, 0x0555, 0x0000, 0x0000, 0x0000, 0x0000,
  0x0000, 0x0000, 0x0000, 0x0000, 0x0000, 0x0000, 0x0000, 0x0000,
  0x0000, 0x0000, 0x0000, 0x0000, 0x0000, 0x0000, 0x0000, 0x0000,
  0x0000, 0x0000, 0x0000, 0x0000, 0x0000, 0x0000, 0x0000, 0x0000,
  0x0000, 0x0000, 0x0000, 0x0000, 0x0000, 0x0000, 0x0000, 0x0000,
  0x0000, 0x0000, 0x0000, 0x0000, 0x0000, 0x0000, 0x0000, 0x0000,
  0x0000, 0x0000, 0x0000, 0x0000, 0x0000, 0x0000, 0x0000, 0x0000,
  0x0000, 0x0000, 0x0000, 0x0000, 0x0000, 0x0000, 0x0000, 0x0000,
  0x0000, 0x0000, 0x0000, 0x0000, 0x0000, 0x0000, 0x0000, 0x0000,
  0x0000, 0x0000, 0x0000, 0x0000, 0x0000, 0x0000, 0x0000, 0x0000,
  0x0000, 0x0000, 0x0000, 0x0000, 0x0000, 0x0000, 0x0000, 0x0000,
  0x0000, 0x0000, 0x0000, 0x0000, 0x0000, 0x0000, 0x0000, 0x0000,
  0x0000, 0x0000, 0x0000, 0x0000, 0x0000, 0x0000, 0x0000, 0x0000,
  0x0000, 0x0000, 0x0000, 0x0000, 0x0000, 0x0000, 0x0000, 0x0000,
  0x0000, 0x0000, 0x0000, 0x0000, 0x0000, 0x0000, 0x0000, 0x0000,
  0x0000, 0x0000, 0x0000, 0x0000, 0x0000, 0x0000, 0x0000, 0x0000,
  0x0000, 0x0000, 0x0000, 0x0000, 0x0000, 0x0000, 0x0000, 0x0000,
  0x0000, 0x0000, 0x0000, 0x0000, 0x0000, 0x0000, 0x0000, 0x0000,
  0x0000, 0x0000, 0x0000, 0x0000, 0x0000, 0x0000, 0x0000, 0x0000,
  0x0000, 0x0000, 0x0000, 0x0000, 0x0000, 0x0000, 0x0000, 0x0000,
  0x0000, 0x0000, 0x0000, 0x0000, 0x0000, 0x0000, 0x0000, 0x0000,
  0x0000, 0x0000, 0x0000, 0x0000, 0x0000, 0x0000, 0x0000, 0x0000,
  0x0000, 0x0000, 0x0000, 0x0000, 0x0000, 0x0000, 0x0000, 0x0000,
  0x0000, 0x0000, 0x0000, 0x0000, 0x0000, 0x0000, 0x0000, 0x0000,
  0x0000, 0x2543, 0xD544, 0xF544, 0xF544, 0xF544, 0xF544, 0xF544,
  0xF544, 0xF544, 0xF544, 0xF543, 0xF544, 0xF956, 0xFC68, 0xFC68,
  0xFC68, 0xFC68, 0xFC68, 0xFA67, 0xF644, 0xF543, 0xF544, 0xF544,
  0xF544, 0xF544, 0xF544, 0xF544, 0xF544, 0xF544, 0xE544, 0x6544,
  0x0000, 0x0700, 0x0000, 0x0F00, 0x0000, 0xA543, 0xF544, 0xF544,
  0xF544, 0xF544, 0xF544, 0xF544, 0xF544, 0xF544, 0xF544, 0xF544,
  0xA543, 0x1544, 0x0000, 0x0000, 0x4543, 0xD544, 0xF544, 0xF544,
  0xF544, 0xF544, 0xF544, 0xF544, 0xF544, 0xF544, 0xF544, 0xD544,
  0x5543, 0x0000, 0x0500, 0x0000, 0x0000, 0x0000, 0x0000, 0x0000,
  0x0000, 0x0000, 0x0000, 0x0000, 0x0000, 0x0000, 0x0000, 0x0000,
  0x0000, 0x0000, 0x0000, 0x0000, 0x0000, 0x0000, 0x0000, 0x0000,
  0x0000, 0x0000, 0x0000, 0x0000, 0x0000, 0x0000, 0x0000, 0x0000,
  0x0000, 0x0000, 0x0000, 0x0000, 0x0000, 0x0000, 0x0000, 0x0000,
  0x0000, 0x0000, 0x0000, 0x0000, 0x0000, 0x0000, 0x0000, 0x0000,
  0x0000, 0x0000, 0x0000, 0x0000, 0x0000, 0x0000, 0x0000, 0x0000,
  0x0000, 0x0000, 0x0000, 0x0000, 0x0000, 0x0000, 0x0000, 0x0000,
  0x0000, 0x0000, 0x0000, 0x0000, 0x0000, 0x0000, 0x0000, 0x0000,
  0x0000, 0x0000, 0x0000, 0x0000, 0x0000, 0x0000, 0x0000, 0x0000,
  0x0000, 0x0000, 0x0000, 0x0000, 0x0000, 0x0000, 0x0000, 0x0000,
  0x0000, 0x0000, 0x0000, 0x0000, 0x0000, 0x0000, 0x0000, 0x0000,
  0x0000, 0x0000, 0x0000, 0x0000, 0x0000, 0x0000, 0x0000, 0x0000,
  0x0000, 0x0000, 0x0000, 0x0000, 0x0000, 0x0000, 0x0000, 0x0000,
  0x0000, 0x0000, 0x0000, 0x0000, 0x0000, 0x0000, 0x0000, 0x0000,
  0x0000, 0x0000, 0x0000, 0x0000, 0x0000, 0x0000, 0x0000, 0x0000,
  0x0000, 0x0000, 0x0000, 0x0000, 0x0000, 0x0000, 0x0000, 0x0000,
  0x0000, 0x0000, 0x0000, 0x0000, 0x0000, 0x0000, 0x0000, 0x0000,
  0x0000, 0x0000, 0x0000, 0x0000, 0x0000, 0x0000, 0x0000, 0x0000,
  0x0000, 0x0000, 0x0000, 0x0000, 0x0000, 0x0000, 0x0000, 0x0000,
  0x0000, 0x0000, 0x0000, 0x0000, 0x0000, 0x0000, 0x0000, 0x0000,
  0x0000, 0x0000, 0x0000, 0x0000, 0x0000, 0x0000, 0x0000, 0x0000,
  0x0000, 0x0000, 0x0000, 0x0000, 0x0000, 0x0000, 0x0000, 0x0000,
  0x0000, 0x0000, 0x0000, 0x0000, 0x0000, 0x0000, 0x0000, 0x0000,
  0x0F00, 0x0000, 0x2544, 0xB544, 0xF544, 0xF544, 0xF544, 0xF544,
  0xF544, 0xF544, 0xF543, 0xF644, 0xFA66, 0xFC68, 0xFC68, 0xFC68,
  0xFC68, 0xFC68, 0xFC68, 0xFC68, 0xFB67, 0xF855, 0xF644, 0xF544,
  0xF544, 0xF544, 0xF544, 0xF544, 0xF544, 0xA544, 0x3543, 0x0000,
  0x0777, 0x0000, 0x0000, 0x0700, 0x0000, 0x2544, 0xD544, 0xF544,
  0xF544, 0xF544, 0xF544, 0xF544, 0xF544, 0xF544, 0xD544, 0x6543,
  0x0000, 0x0000, 0x0700, 0x0770, 0x0000, 0x2533, 0x8543, 0xD543,
  0xF544, 0xF544, 0xF544, 0xF544, 0xF544, 0xD544, 0x7543, 0x1443,
  0x0000, 0x0555, 0x0000, 0x0000, 0x0000, 0x0000, 0x0000, 0x0000,
  0x0000, 0x0000, 0x0000, 0x0000, 0x0000, 0x0000, 0x0000, 0x0000,
  0x0000, 0x0000, 0x0000, 0x0000, 0x0000, 0x0000, 0x0000, 0x0000,
  0x0000, 0x0000, 0x0000, 0x0000, 0x0000, 0x0000, 0x0000, 0x0000,
  0x0000, 0x0000, 0x0000, 0x0000, 0x0000, 0x0000, 0x0000, 0x0000,
  0x0000, 0x0000, 0x0000, 0x0000, 0x0000, 0x0000, 0x0000, 0x0000,
  0x0000, 0x0000, 0x0000, 0x0000, 0x0000, 0x0000, 0x0000, 0x0000,
  0x0000, 0x0000, 0x0000, 0x0000, 0x0000, 0x0000, 0x0000, 0x0000,
  0x0000, 0x0000, 0x0000, 0x0000, 0x0000, 0x0000, 0x0000, 0x0000,
  0x0000, 0x0000, 0x0000, 0x0000, 0x0000, 0x0000, 0x0000, 0x0000,
  0x0000, 0x0000, 0x0000, 0x0000, 0x0000, 0x0000, 0x0000, 0x0000,
  0x0000, 0x0000, 0x0000, 0x0000, 0x0000, 0x0000, 0x0000, 0x0000,
  0x0000, 0x0000, 0x0000, 0x0000, 0x0000, 0x0000, 0x0000, 0x0000,
  0x0000, 0x0000, 0x0000, 0x0000, 0x0000, 0x0000, 0x0000, 0x0000,
  0x0000, 0x0000, 0x0000, 0x0000, 0x0000, 0x0000, 0x0000, 0x0000,
  0x0000, 0x0000, 0x0000, 0x0000, 0x0000, 0x0000, 0x0000, 0x0000,
  0x0000, 0x0000, 0x0000, 0x0000, 0x0000, 0x0000, 0x0000, 0x0000,
  0x0000, 0x0000, 0x0000, 0x0000, 0x0000, 0x0000, 0x0000, 0x0000,
  0x0000, 0x0000, 0x0000, 0x0000, 0x0000, 0x0000, 0x0000, 0x0000,
  0x0000, 0x0000, 0x0000, 0x0000, 0x0000, 0x0000, 0x0000, 0x0000,
  0x0000, 0x0000, 0x0000, 0x0000, 0x0000, 0x0000, 0x0000, 0x0000,
  0x0000, 0x0000, 0x0000, 0x0000, 0x0000, 0x0000, 0x0000, 0x0000,
  0x0000, 0x0000, 0x0000, 0x0000, 0x0000, 0x0000, 0x0000, 0x0000,
  0x0000, 0x0000, 0x0000, 0x0000, 0x0000, 0x0000, 0x0000, 0x0000,
  0x0000, 0x0000, 0x0000, 0x0442, 0x6543, 0xB543, 0xE544, 0xF544,
  0xF544, 0xF544, 0xF956, 0xFC67, 0xFC68, 0xFC68, 0xFC68, 0xFC68,
  0xFC68, 0xFC68, 0xFC68, 0xFC68, 0xFC68, 0xFC68, 0xFC67, 0xF855,
  0xF544, 0xF544, 0xF544, 0xF544, 0xA543, 0x0000, 0x0000, 0x0550,
  0x0000, 0x0000, 0x0000, 0x0000, 0x0000, 0x0000, 0x2543, 0xB544,
  0xF543, 0xF544, 0xF544, 0xF544, 0xC544, 0x7543, 0x2533, 0x0000,
  0x0000, 0x0700, 0x0000, 0x0000, 0x0770, 0x0000, 0x0000, 0x1433,
  0x4543, 0x5544, 0x6543, 0x5543, 0x4544, 0x1333, 0x0000, 0x0000,
  0x0777, 0x0000, 0x0000, 0x0000, 0x0000, 0x0000, 0x0000, 0x0000,
  0x0000, 0x0000, 0x0000, 0x0000, 0x0000, 0x0000, 0x0000, 0x0000,
  0x0000, 0x0000, 0x0000, 0x0000, 0x0000, 0x0000, 0x0000, 0x0000,
  0x0000, 0x0000, 0x0000, 0x0000, 0x0000, 0x0000, 0x0000, 0x0000,
  0x0000, 0x0000, 0x0000, 0x0000, 0x0000, 0x0000, 0x0000, 0x0000,
  0x0000, 0x0000, 0x0000, 0x0000, 0x0000, 0x0000, 0x0000, 0x0000,
  0x0000, 0x0000, 0x0000, 0x0000, 0x0000, 0x0000, 0x0000, 0x0000,
  0x0000, 0x0000, 0x0000, 0x0000, 0x0000, 0x0000, 0x0000, 0x0000,
  0x0000, 0x0000, 0x0000, 0x0000, 0x0000, 0x0000, 0x0000, 0x0000,
  0x0000, 0x0000, 0x0000, 0x0000, 0x0000, 0x0000, 0x0000, 0x0000,
  0x0000, 0x0000, 0x0000, 0x0000, 0x0000, 0x0000, 0x0000, 0x0000,
  0x0000, 0x0000, 0x0000, 0x0000, 0x0000, 0x0000, 0x0000, 0x0000,
  0x0000, 0x0000, 0x0000, 0x0000, 0x0000, 0x0000, 0x0000, 0x0000,
  0x0000, 0x0000, 0x0000, 0x0000, 0x0000, 0x0000, 0x0000, 0x0000,
  0x0000, 0x0000, 0x0000, 0x0000, 0x0000, 0x0000, 0x0000, 0x0000,
  0x0000, 0x0000, 0x0000, 0x0000, 0x0000, 0x0000, 0x0000, 0x0000,
  0x0000, 0x0000, 0x0000, 0x0000, 0x0000, 0x0000, 0x0000, 0x0000,
  0x0000, 0x0000, 0x0000, 0x0000, 0x0000, 0x0000, 0x0000, 0x0000,
  0x0000, 0x0000, 0x0000, 0x0000, 0x0000, 0x0000, 0x0000, 0x0000,
  0x0000, 0x0000, 0x0000, 0x0000, 0x0000, 0x0000, 0x0000, 0x0000,
  0x0000, 0x0000, 0x0000, 0x0000, 0x0000, 0x0000, 0x0000, 0x0000,
  0x0000, 0x0000, 0x0000, 0x0000, 0x0000, 0x0000, 0x0000, 0x0000,
  0x0000, 0x0000, 0x0000, 0x0000, 0x0000, 0x0000, 0x0000, 0x0000,
  0x0000, 0x0000, 0x0000, 0x0000, 0x0000, 0x0000, 0x0000, 0x0000,
  0x0000, 0x0000, 0x0700, 0x0000, 0x0000, 0x0000, 0xA543, 0xF544,
  0xF544, 0xF544, 0xFA66, 0xFD68, 0xFC68, 0xFC68, 0xFC68, 0xFC68,
  0xFC68, 0xFC68, 0xFC68, 0xFC68, 0xFC68, 0xFC68, 0xFC68, 0xF755,
  0xF543, 0xF544, 0xF544, 0xF544, 0x4544, 0x0000, 0x0666, 0x0000,
  0x0000, 0x0000, 0x0000, 0x0000, 0x0000, 0x0000, 0x0000, 0x0050,
  0x4543, 0x6544, 0x6544, 0x4543, 0x0522, 0x0000, 0x0000, 0x0555,
  0x0000, 0x0000, 0x0000, 0x0000, 0x0000, 0x0000, 0x0555, 0x0000,
  0x0000, 0x0000, 0x0000, 0x0000, 0x0000, 0x0000, 0x0555, 0x0000,
  0x0000, 0x0000, 0x0000, 0x0000, 0x0000, 0x0000, 0x0000, 0x0000,
  0x0000, 0x0000, 0x0000, 0x0000, 0x0000, 0x0000, 0x0000, 0x0000,
  0x0000, 0x0000, 0x0000, 0x0000, 0x0000, 0x0000, 0x0000, 0x0000,
  0x0000, 0x0000, 0x0000, 0x0000, 0x0000, 0x0000, 0x0000, 0x0000,
  0x0000, 0x0000, 0x0000, 0x0000, 0x0000, 0x0000, 0x0000, 0x0000,
  0x0000, 0x0000, 0x0000, 0x0000, 0x0000, 0x0000, 0x0000, 0x0000,
  0x0000, 0x0000, 0x0000, 0x0000, 0x0000, 0x0000, 0x0000, 0x0000,
  0x0000, 0x0000, 0x0000, 0x0000, 0x0000, 0x0000, 0x0000, 0x0000,
  0x0000, 0x0000, 0x0000, 0x0000, 0x0000, 0x0000, 0x0000, 0x0000,
  0x0000, 0x0000, 0x0000, 0x0000, 0x0000, 0x0000, 0x0000, 0x0000,
  0x0000, 0x0000, 0x0000, 0x0000, 0x0000, 0x0000, 0x0000, 0x0000,
  0x0000, 0x0000, 0x0000, 0x0000, 0x0000, 0x0000, 0x0000, 0x0000,
  0x0000, 0x0000, 0x0000, 0x0000, 0x0000, 0x0000, 0x0000, 0x0000,
  0x0000, 0x0000, 0x0000, 0x0000, 0x0000, 0x0000, 0x0000, 0x0000,
  0x0000, 0x0000, 0x0000, 0x0000, 0x0000, 0x0000, 0x0000, 0x0000,
  0x0000, 0x0000, 0x0000, 0x0000, 0x0000, 0x0000, 0x0000, 0x0000,
  0x0000, 0x0000, 0x0000, 0x0000, 0x0000, 0x0000, 0x0000, 0x0000,
  0x0000, 0x0000, 0x0000, 0x0000, 0x0000, 0x0000, 0x0000, 0x0000,
  0x0000, 0x0000, 0x0000, 0x0000, 0x0000, 0x0000, 0x0000, 0x0000,
  0x0000, 0x0000, 0x0000, 0x0000, 0x0000, 0x0000, 0x0000, 0x0000,
  0x0000, 0x0000, 0x0000, 0x0000, 0x0000, 0x0000, 0x0000, 0x0000,
  0x0000, 0x0000, 0x0000, 0x0000, 0x0000, 0x0000, 0x0000, 0x0000,
  0x0000, 0x0000, 0x0000, 0x0000, 0x0000, 0x0000, 0x0000, 0x0000,
  0x0000, 0x0000, 0x0000, 0x0000, 0x0000, 0x0000, 0x0000, 0x0000,
  0x0000, 0x0000, 0x0000, 0x0000, 0x0444, 0x0000, 0x7543, 0xF544,
  0xF544, 0xF543, 0xF644, 0xFC67, 0xFC68, 0xFC68, 0xFC68, 0xFC68,
  0xFC68, 0xFC68, 0xFC68, 0xFC68, 0xFC68, 0xFD68, 0xF956, 0xF543,
  0xF544, 0xF544, 0xF544, 0xB543, 0x0700, 0x0700, 0x0000, 0x0000,
  0x0000, 0x0000, 0x0000, 0x0000, 0x0000, 0x0000, 0x0000, 0x0000,
  0x0000, 0x0000, 0x0000, 0x0000, 0x0000, 0x0000, 0x0000, 0x0000,
  0x0000, 0x0000, 0x0000, 0x0000, 0x0000, 0x0000, 0x0000, 0x0000,
  0x0000, 0x0000, 0x0000, 0x0000, 0x0000, 0x0000, 0x0000, 0x0000,
  0x0000, 0x0000, 0x0000, 0x0000, 0x0000, 0x0000, 0x0000, 0x0000,
  0x0000, 0x0000, 0x0000, 0x0000, 0x0000, 0x0000, 0x0000, 0x0000,
  0x0000, 0x0000, 0x0000, 0x0000, 0x0000, 0x0000, 0x0000, 0x0000,
  0x0000, 0x0000, 0x0000, 0x0000, 0x0000, 0x0000, 0x0000, 0x0000,
  0x0000, 0x0000, 0x0000, 0x0000, 0x0000, 0x0000, 0x0000, 0x0000,
  0x0000, 0x0000, 0x0000, 0x0000, 0x0000, 0x0000, 0x0000, 0x0000,
  0x0000, 0x0000, 0x0000, 0x0000, 0x0000, 0x0000, 0x0000, 0x0000,
  0x0000, 0x0000, 0x0000, 0x0000, 0x0000, 0x0000, 0x0000, 0x0000,
  0x0000, 0x0000, 0x0000, 0x0000, 0x0000, 0x0000, 0x0000, 0x0000,
  0x0000, 0x0000, 0x0000, 0x0000, 0x0000, 0x0000, 0x0000, 0x0000,
  0x0000, 0x0000, 0x0000, 0x0000, 0x0000, 0x0000, 0x0000, 0x0000,
  0x0000, 0x0000, 0x0000, 0x0000, 0x0000, 0x0000, 0x0000, 0x0000,
  0x0000, 0x0000, 0x0000, 0x0000, 0x0000, 0x0000, 0x0000, 0x0000,
  0x0000, 0x0000, 0x0000, 0x0000, 0x0000, 0x0000, 0x0000, 0x0000,
  0x0000, 0x0000, 0x0000, 0x0000, 0x0000, 0x0000, 0x0000, 0x0000,
  0x0000, 0x0000, 0x0000, 0x0000, 0x0000, 0x0000, 0x0000, 0x0000,
  0x0000, 0x0000, 0x0000, 0x0000, 0x0000, 0x0000, 0x0000, 0x0000,
  0x0000, 0x0000, 0x0000, 0x0000, 0x0000, 0x0000, 0x0000, 0x0000,
  0x0000, 0x0000, 0x0000, 0x0000, 0x0000, 0x0000, 0x0000, 0x0000,
  0x0000, 0x0000, 0x0000, 0x0000, 0x0000, 0x0000, 0x0000, 0x0000,
  0x0000, 0x0000, 0x0000, 0x0000, 0x0000, 0x0000, 0x0000, 0x0000,
  0x0000, 0x0000, 0x0000, 0x0000, 0x0000, 0x0000, 0x0000, 0x0000,
  0x0000, 0x0000, 0x0000, 0x0000, 0x0000, 0x0000, 0x0000, 0x0000,
  0x0000, 0x0000, 0x0000, 0x0000, 0x0000, 0x0000, 0x0000, 0x0000,
  0x0000, 0x0000, 0x0000, 0x0000, 0x0555, 0x0000, 0x4543, 0xF544,
  0xF544, 0xF544, 0xF543, 0xF956, 0xFD68, 0xFC68, 0xFC68, 0xFC68,
  0xFC68, 0xFC68, 0xFC68, 0xFC68, 0xFD68, 0xFB67, 0xF544, 0xF544,
  0xF544, 0xF544, 0xF544, 0x3543, 0x0000, 0x0500, 0x0000, 0x0000,
  0x0000, 0x0000, 0x0000, 0x0000, 0x0000, 0x0000, 0x0000, 0x0000,
  0x0000, 0x0000, 0x0000, 0x0000, 0x0000, 0x0000, 0x0000, 0x0000,
  0x0000, 0x0000, 0x0000, 0x0000, 0x0000, 0x0000, 0x0000, 0x0000,
  0x0000, 0x0000, 0x0000, 0x0000, 0x0000, 0x0000, 0x0000, 0x0000,
  0x0000, 0x0000, 0x0000, 0x0000, 0x0000, 0x0000, 0x0000, 0x0000,
  0x0000, 0x0000, 0x0000, 0x0000, 0x0000, 0x0000, 0x0000, 0x0000,
  0x0000, 0x0000, 0x0000, 0x0000, 0x0000, 0x0000, 0x0000, 0x0000,
  0x0000, 0x0000, 0x0000, 0x0000, 0x0000, 0x0000, 0x0000, 0x0000,
  0x0000, 0x0000, 0x0000, 0x0000, 0x0000, 0x0000, 0x0000, 0x0000,
  0x0000, 0x0000, 0x0000, 0x0000, 0x0000, 0x0000, 0x0000, 0x0000,
  0x0000, 0x0000, 0x0000, 0x0000, 0x0000, 0x0000, 0x0000, 0x0000,
  0x0000, 0x0000, 0x0000, 0x0000, 0x0000, 0x0000, 0x0000, 0x0000,
  0x0000, 0x0000, 0x0000, 0x0000, 0x0000, 0x0000, 0x0000, 0x0000,
  0x0000, 0x0000, 0x0000, 0x0000, 0x0000, 0x0000, 0x0000, 0x0000,
  0x0000, 0x0000, 0x0000, 0x0000, 0x0000, 0x0000, 0x0000, 0x0000,
  0x0000, 0x0000, 0x0000, 0x0000, 0x0000, 0x0000, 0x0000, 0x0000,
  0x0000, 0x0000, 0x0000, 0x0000, 0x0000, 0x0000, 0x0000, 0x0000,
  0x0000, 0x0000, 0x0000, 0x0000, 0x0000, 0x0000, 0x0000, 0x0000,
  0x0000, 0x0000, 0x0000, 0x0000, 0x0000, 0x0000, 0x0000, 0x0000,
  0x0000, 0x0000, 0x0000, 0x0000, 0x0000, 0x0000, 0x0000, 0x0000,
  0x0000, 0x0000, 0x0000, 0x0000, 0x0000, 0x0000, 0x0000, 0x0000,
  0x0000, 0x0000, 0x0000, 0x0000, 0x0000, 0x0000, 0x0000, 0x0000,
  0x0000, 0x0000, 0x0000, 0x0000, 0x0000, 0x0000, 0x0000, 0x0000,
  0x0000, 0x0000, 0x0000, 0x0000, 0x0000, 0x0000, 0x0000, 0x0000,
  0x0000, 0x0000, 0x0000, 0x0000, 0x0000, 0x0000, 0x0000, 0x0000,
  0x0000, 0x0000, 0x0000, 0x0000, 0x0000, 0x0000, 0x0000, 0x0000,
  0x0000, 0x0000, 0x0000, 0x0000, 0x0000, 0x0000, 0x0000, 0x0000,
  0x0000, 0x0000, 0x0000, 0x0000, 0x0000, 0x0000, 0x0000, 0x0000,
  0x0000, 0x0000, 0x0000, 0x0000, 0x0000, 0x0000, 0x0555, 0xC543,
  0xF544, 0xF544, 0xF544, 0xF544, 0xFB67, 0xFD68, 0xFC68, 0xFC68,
  0xFC68, 0xFC68, 0xFC68, 0xFC68, 0xFA67, 0xF644, 0xF544, 0xF544,
  0xF544, 0xF544, 0x8544, 0x0000, 0x0777, 0x0000, 0x0000, 0x0000,
  0x0000, 0x0000, 0x0000, 0x0000, 0x0000, 0x0000, 0x0000, 0x0000,
  0x0000, 0x0000, 0x0000, 0x0000, 0x0000, 0x0000, 0x0000, 0x0000,
  0x0000, 0x0000, 0x0000, 0x0000, 0x0000, 0x0000, 0x0000, 0x0000,
  0x0000, 0x0000, 0x0000, 0x0000, 0x0000, 0x0000, 0x0000, 0x0000,
  0x0000, 0x0000, 0x0000, 0x0000, 0x0000, 0x0000, 0x0000, 0x0000,
  0x0000, 0x0000, 0x0000, 0x0000, 0x0000, 0x0000, 0x0000, 0x0000,
  0x0000, 0x0000, 0x0000, 0x0000, 0x0000, 0x0000, 0x0000, 0x0000,
  0x0000, 0x0000, 0x0000, 0x0000, 0x0000, 0x0000, 0x0000, 0x0000,
  0x0000, 0x0000, 0x0000, 0x0000, 0x0000, 0x0000, 0x0000, 0x0000,
  0x0000, 0x0000, 0x0000, 0x0000, 0x0000, 0x0000, 0x0000, 0x0000,
  0x0000, 0x0000, 0x0000, 0x0000, 0x0000, 0x0000, 0x0000, 0x0000,
  0x0000, 0x0000, 0x0000, 0x0000, 0x0000, 0x0000, 0x0000, 0x0000,
  0x0000, 0x0000, 0x0000, 0x0000, 0x0000, 0x0000, 0x0000, 0x0000,
  0x0000, 0x0000, 0x0000, 0x0000, 0x0000, 0x0000, 0x0000, 0x0000,
  0x0000, 0x0000, 0x0000, 0x0000, 0x0000, 0x0000, 0x0000, 0x0000,
  0x0000, 0x0000, 0x0000, 0x0000, 0x0000, 0x0000, 0x0000, 0x0000,
  0x0000, 0x0000, 0x0000, 0x0000, 0x0000, 0x0000, 0x0000, 0x0000,
  0x0000, 0x0000, 0x0000, 0x0000, 0x0000, 0x0000, 0x0000, 0x0000,
  0x0000, 0x0000, 0x0000, 0x0000, 0x0000, 0x0000, 0x0000, 0x0000,
  0x0000, 0x0000, 0x0000, 0x0000, 0x0000, 0x0000, 0x0000, 0x0000,
  0x0000, 0x0000, 0x0000, 0x0000, 0x0000, 0x0000, 0x0000, 0x0000,
  0x0000, 0x0000, 0x0000, 0x0000, 0x0000, 0x0000, 0x0000, 0x0000,
  0x0000, 0x0000, 0x0000, 0x0000, 0x0000, 0x0000, 0x0000, 0x0000,
  0x0000, 0x0000, 0x0000, 0x0000, 0x0000, 0x0000, 0x0000, 0x0000,
  0x0000, 0x0000, 0x0000, 0x0000, 0x0000, 0x0000, 0x0000, 0x0000,
  0x0000, 0x0000, 0x0000, 0x0000, 0x0000, 0x0000, 0x0000, 0x0000,
  0x0000, 0x0000, 0x0000, 0x0000, 0x0000, 0x0000, 0x0000, 0x0000,
  0x0000, 0x0000, 0x0000, 0x0000, 0x0000, 0x0000, 0x0000, 0x0000,
  0x0000, 0x0000, 0x0000, 0x0000, 0x0000, 0x0555, 0x0000, 0x6543,
  0xF544, 0xF544, 0xF544, 0xF544, 0xF544, 0xF956, 0xFB67, 0xFC67,
  0xFC68, 0xFB67, 0xFA66, 0xF855, 0xF544, 0xF544, 0xF544, 0xF544,
  0xF544, 0xC544, 0x1544, 0x0000, 0x0F00, 0x0000, 0x0000, 0x0000,
  0x0000, 0x0000, 0x0000, 0x0000, 0x0000, 0x0000, 0x0000, 0x0000,
  0x0000, 0x0000, 0x0000, 0x0000, 0x0000, 0x0000, 0x0000, 0x0000,
  0x0000, 0x0000, 0x0000, 0x0000, 0x0000, 0x0000, 0x0000, 0x0000,
  0x0000, 0x0000, 0x0000, 0x0000, 0x0000, 0x0000, 0x0000, 0x0000,
  0x0000, 0x0000, 0x0000, 0x0000, 0x0000, 0x0000, 0x0000, 0x0000,
  0x0000, 0x0000, 0x0000, 0x0000, 0x0000, 0x0000, 0x0000, 0x0000,
  0x0000, 0x0000, 0x0000, 0x0000, 0x0000, 0x0000, 0x0000, 0x0000,
  0x0000, 0x0000, 0x0000, 0x0000, 0x0000, 0x0000, 0x0000, 0x0000,
  0x0000, 0x0000, 0x0000, 0x0000, 0x0000, 0x0000, 0x0000, 0x0000,
  0x0000, 0x0000, 0x0000, 0x0000, 0x0000, 0x0000, 0x0000, 0x0000,
  0x0000, 0x0000, 0x0000, 0x0000, 0x0000, 0x0000, 0x0000, 0x0000,
  0x0000, 0x0000, 0x0000, 0x0000, 0x0000, 0x0000, 0x0000, 0x0000,
  0x0000, 0x0000, 0x0000, 0x0000, 0x0000, 0x0000, 0x0000, 0x0000,
  0x0000, 0x0000, 0x0000, 0x0000, 0x0000, 0x0000, 0x0000, 0x0000,
  0x0000, 0x0000, 0x0000, 0x0000, 0x0000, 0x0000, 0x0000, 0x0000,
  0x0000, 0x0000, 0x0000, 0x0000, 0x0000, 0x0000, 0x0000, 0x0000,
  0x0000, 0x0000, 0x0000, 0x0000, 0x0000, 0x0000, 0x0000, 0x0000,
  0x0000, 0x0000, 0x0000, 0x0000, 0x0000, 0x0000, 0x0000, 0x0000,
  0x0000, 0x0000, 0x0000, 0x0000, 0x0000, 0x0000, 0x0000, 0x0000,
  0x0000, 0x0000, 0x0000, 0x0000, 0x0000, 0x0000, 0x0000, 0x0000,
  0x0000, 0x0000, 0x0000, 0x0000, 0x0000, 0x0000, 0x0000, 0x0000,
  0x0000, 0x0000, 0x0000, 0x0000, 0x0000, 0x0000, 0x0000, 0x0000,
  0x0000, 0x0000, 0x0000, 0x0000, 0x0000, 0x0000, 0x0000, 0x0000,
  0x0000, 0x0000, 0x0000, 0x0000, 0x0000, 0x0000, 0x0000, 0x0000,
  0x0000, 0x0000, 0x0000, 0x0000, 0x0000, 0x0000, 0x0000, 0x0000,
  0x0000, 0x0000, 0x0000, 0x0000, 0x0000, 0x0000, 0x0000, 0x0000,
  0x0000, 0x0000, 0x0000, 0x0000, 0x0000, 0x0000, 0x0000, 0x0000,
  0x0000, 0x0000, 0x0000, 0x0000, 0x0000, 0x0000, 0x0000, 0x0000,
  0x0000, 0x0000, 0x0000, 0x0000, 0x0000, 0x0000, 0x0000, 0x0442,
  0xC543, 0xF544, 0xF544, 0xF544, 0xF544, 0xF543, 0xF544, 0xF644,
  0xF644, 0xF544, 0xF543, 0xF543, 0xF544, 0xF544, 0xF544, 0xF544,
  0xE544, 0x3544, 0x0000, 0x0000, 0x0000, 0x0000, 0x0000, 0x0000,
  0x0000, 0x0000, 0x0000, 0x0000, 0x0000, 0x0000, 0x0000, 0x0000,
  0x0000, 0x0000, 0x0000, 0x0000, 0x0000, 0x0000, 0x0000, 0x0000,
  0x0000, 0x0000, 0x0000, 0x0000, 0x0000, 0x0000, 0x0000, 0x0000,
  0x0000, 0x0000, 0x0000, 0x0000, 0x0000, 0x0000, 0x0000, 0x0000,
  0x0000, 0x0000, 0x0000, 0x0000, 0x0000, 0x0000, 0x0000, 0x0000,
  0x0000, 0x0000, 0x0000, 0x0000, 0x0000, 0x0000, 0x0000, 0x0000,
  0x0000, 0x0000, 0x0000, 0x0000, 0x0000, 0x0000, 0x0000, 0x0000,
  0x0000, 0x0000, 0x0000, 0x0000, 0x0000, 0x0000, 0x0000, 0x0000,
  0x0000, 0x0000, 0x0000, 0x0000, 0x0000, 0x0000, 0x0000, 0x0000,
  0x0000, 0x0000, 0x0000, 0x0000, 0x0000, 0x0000, 0x0000, 0x0000,
  0x0000, 0x0000, 0x0000, 0x0000, 0x0000, 0x0000, 0x0000, 0x0000,
  0x0000, 0x0000, 0x0000, 0x0000, 0x0000, 0x0000, 0x0000, 0x0000,
  0x0000, 0x0000, 0x0000, 0x0000, 0x0000, 0x0000, 0x0000, 0x0000,
  0x0000, 0x0000, 0x0000, 0x0000, 0x0000, 0x0000, 0x0000, 0x0000,
  0x0000, 0x0000, 0x0000, 0x0000, 0x0000, 0x0000, 0x0000, 0x0000,
  0x0000, 0x0000, 0x0000, 0x0000, 0x0000, 0x0000, 0x0000, 0x0000,
  0x0000, 0x0000, 0x0000, 0x0000, 0x0000, 0x0000, 0x0000, 0x0000,
  0x0000, 0x0000, 0x0000, 0x0000, 0x0000, 0x0000, 0x0000, 0x0000,
  0x0000, 0x0000, 0x0000, 0x0000, 0x0000, 0x0000, 0x0000, 0x0000,
  0x0000, 0x0000, 0x0000, 0x0000, 0x0000, 0x0000, 0x0000, 0x0000,
  0x0000, 0x0000, 0x0000, 0x0000, 0x0000, 0x0000, 0x0000, 0x0000,
  0x0000, 0x0000, 0x0000, 0x0000, 0x0000, 0x0000, 0x0000, 0x0000,
  0x0000, 0x0000, 0x0000, 0x0000, 0x0000, 0x0000, 0x0000, 0x0000,
  0x0000, 0x0000, 0x0000, 0x0000, 0x0000, 0x0000, 0x0000, 0x0000,
  0x0000, 0x0000, 0x0000, 0x0000, 0x0000, 0x0000, 0x0000, 0x0000,
  0x0000, 0x0000, 0x0000, 0x0000, 0x0000, 0x0000, 0x0000, 0x0000,
  0x0000, 0x0000, 0x0000, 0x0000, 0x0000, 0x0000, 0x0000, 0x0000,
  0x0000, 0x0000, 0x0000, 0x0000, 0x0000, 0x0000, 0x0000, 0x0000,
  0x0000, 0x0000, 0x0000, 0x0000, 0x0000, 0x0000, 0x0000, 0x0000,
  0x3543, 0xE544, 0xF544, 0xF544, 0xF544, 0xF544, 0xF544, 0xF543,
  0xF543, 0xF544, 0xF544, 0xF544, 0xF544, 0xF544, 0xF544, 0xE544,
  0x4543, 0x0000, 0x0555, 0x0000, 0x0000, 0x0000, 0x0000, 0x0000,
  0x0000, 0x0000, 0x0000, 0x0000, 0x0000, 0x0000, 0x0000, 0x0000,
  0x0000, 0x0000, 0x0000, 0x0000, 0x0000, 0x0000, 0x0000, 0x0000,
  0x0000, 0x0000, 0x0000, 0x0000, 0x0000, 0x0000, 0x0000, 0x0000,
  0x0000, 0x0000, 0x0000, 0x0000, 0x0000, 0x0000, 0x0000, 0x0000,
  0x0000, 0x0000, 0x0000, 0x0000, 0x0000, 0x0000, 0x0000, 0x0000,
  0x0000, 0x0000, 0x0000, 0x0000, 0x0000, 0x0000, 0x0000, 0x0000,
  0x0000, 0x0000, 0x0000, 0x0000, 0x0000, 0x0000, 0x0000, 0x0000,
  0x0000, 0x0000, 0x0000, 0x0000, 0x0000, 0x0000, 0x0000, 0x0000,
  0x0000, 0x0000, 0x0000, 0x0000, 0x0000, 0x0000, 0x0000, 0x0000,
  0x0000, 0x0000, 0x0000, 0x0000, 0x0000, 0x0000, 0x0000, 0x0000,
  0x0000, 0x0000, 0x0000, 0x0000, 0x0000, 0x0000, 0x0000, 0x0000,
  0x0000, 0x0000, 0x0000, 0x0000, 0x0000, 0x0000, 0x0000, 0x0000,
  0x0000, 0x0000, 0x0000, 0x0000, 0x0000, 0x0000, 0x0000, 0x0000,
  0x0000, 0x0000, 0x0000, 0x0000, 0x0000, 0x0000, 0x0000, 0x0000,
  0x0000, 0x0000, 0x0000, 0x0000, 0x0000, 0x0000, 0x0000, 0x0000,
  0x0000, 0x0000, 0x0000, 0x0000, 0x0000, 0x0000, 0x0000, 0x0000,
  0x0000, 0x0000, 0x0000, 0x0000, 0x0000, 0x0000, 0x0000, 0x0000,
  0x0000, 0x0000, 0x0000, 0x0000, 0x0000, 0x0000, 0x0000, 0x0000,
  0x0000, 0x0000, 0x0000, 0x0000, 0x0000, 0x0000, 0x0000, 0x0000,
  0x0000, 0x0000, 0x0000, 0x0000, 0x0000, 0x0000, 0x0000, 0x0000,
  0x0000, 0x0000, 0x0000, 0x0000, 0x0000, 0x0000, 0x0000, 0x0000,
  0x0000, 0x0000, 0x0000, 0x0000, 0x0000, 0x0000, 0x0000, 0x0000,
  0x0000, 0x0000, 0x0000, 0x0000, 0x0000, 0x0000, 0x0000, 0x0000,
  0x0000, 0x0000, 0x0000, 0x0000, 0x0000, 0x0000, 0x0000, 0x0000,
  0x0000, 0x0000, 0x0000, 0x0000, 0x0000, 0x0000, 0x0000, 0x0000,
  0x0000, 0x0000, 0x0000, 0x0000, 0x0000, 0x0000, 0x0000, 0x0000,
  0x0000, 0x0000, 0x0000, 0x0000, 0x0000, 0x0000, 0x0000, 0x0000,
  0x0000, 0x0000, 0x0000, 0x0000, 0x0000, 0x0000, 0x0000, 0x0000,
  0x0000, 0x0000, 0x0000, 0x0000, 0x0000, 0x0000, 0x0000, 0x0777,
  0x0000, 0x3543, 0xC544, 0xF544, 0xF544, 0xF544, 0xF544, 0xF544,
  0xF544, 0xF544, 0xF544, 0xF544, 0xF544, 0xF544, 0xB544, 0x3544,
  0x0000, 0x0555, 0x0000, 0x0000, 0x0000, 0x0000, 0x0000, 0x0000,
  0x0000, 0x0000, 0x0000, 0x0000, 0x0000, 0x0000, 0x0000, 0x0000,
  0x0000, 0x0000, 0x0000, 0x0000, 0x0000, 0x0000, 0x0000, 0x0000,
  0x0000, 0x0000, 0x0000, 0x0000, 0x0000, 0x0000, 0x0000, 0x0000,
  0x0000, 0x0000, 0x0000, 0x0000, 0x0000, 0x0000, 0x0000, 0x0000,
  0x0000, 0x0000, 0x0000, 0x0000, 0x0000, 0x0000, 0x0000, 0x0000,
  0x0000, 0x0000, 0x0000, 0x0000, 0x0000, 0x0000, 0x0000, 0x0000,
  0x0000, 0x0000, 0x0000, 0x0000, 0x0000, 0x0000, 0x0000, 0x0000,
  0x0000, 0x0000, 0x0000, 0x0000, 0x0000, 0x0000, 0x0000, 0x0000,
  0x0000, 0x0000, 0x0000, 0x0000, 0x0000, 0x0000, 0x0000, 0x0000,
  0x0000, 0x0000, 0x0000, 0x0000, 0x0000, 0x0000, 0x0000, 0x0000,
  0x0000, 0x0000, 0x0000, 0x0000, 0x0000, 0x0000, 0x0000, 0x0000,
  0x0000, 0x0000, 0x0000, 0x0000, 0x0000, 0x0000, 0x0000, 0x0000,
  0x0000, 0x0000, 0x0000, 0x0000, 0x0000, 0x0000, 0x0000, 0x0000,
  0x0000, 0x0000, 0x0000, 0x0000, 0x0000, 0x0000, 0x0000, 0x0000,
  0x0000, 0x0000, 0x0000, 0x0000, 0x0000, 0x0000, 0x0000, 0x0000,
  0x0000, 0x0000, 0x0000, 0x0000, 0x0000, 0x0000, 0x0000, 0x0000,
  0x0000, 0x0000, 0x0000, 0x0000, 0x0000, 0x0000, 0x0000, 0x0000,
  0x0000, 0x0000, 0x0000, 0x0000, 0x0000, 0x0000, 0x0000, 0x0000,
  0x0000, 0x0000, 0x0000, 0x0000, 0x0000, 0x0000, 0x0000, 0x0000,
  0x0000, 0x0000, 0x0000, 0x0000, 0x0000, 0x0000, 0x0000, 0x0000,
  0x0000, 0x0000, 0x0000, 0x0000, 0x0000, 0x0000, 0x0000, 0x0000,
  0x0000, 0x0000, 0x0000, 0x0000, 0x0000, 0x0000, 0x0000, 0x0000,
  0x0000, 0x0000, 0x0000, 0x0000, 0x0000, 0x0000, 0x0000, 0x0000,
  0x0000, 0x0000, 0x0000, 0x0000, 0x0000, 0x0000, 0x0000, 0x0000,
  0x0000, 0x0000, 0x0000, 0x0000, 0x0000, 0x0000, 0x0000, 0x0000,
  0x0000, 0x0000, 0x0000, 0x0000, 0x0000, 0x0000, 0x0000, 0x0000,
  0x0000, 0x0000, 0x0000, 0x0000, 0x0000, 0x0000, 0x0000, 0x0000,
  0x0000, 0x0000, 0x0000, 0x0000, 0x0000, 0x0000, 0x0000, 0x0000,
  0x0000, 0x0000, 0x0000, 0x0000, 0x0000, 0x0000, 0x0000, 0x0000,
  0x0700, 0x0000, 0x1543, 0x7543, 0xD544, 0xF544, 0xF544, 0xF544,
  0xF544, 0xF544, 0xF544, 0xE544, 0xB544, 0x5544, 0x0000, 0x0000,
  0x0770, 0x0000, 0x0000, 0x0000, 0x0000, 0x0000, 0x0000, 0x0000,
  0x0000, 0x0000, 0x0000, 0x0000, 0x0000, 0x0000, 0x0000, 0x0000,
  0x0000, 0x0000, 0x0000, 0x0000, 0x0000, 0x0000, 0x0000, 0x0000,
  0x0000, 0x0000, 0x0000, 0x0000, 0x0000, 0x0000, 0x0000, 0x0000,
  0x0000, 0x0000, 0x0000, 0x0000, 0x0000, 0x0000, 0x0000, 0x0000,
  0x0000, 0x0000, 0x0000, 0x0000, 0x0000, 0x0000, 0x0000, 0x0000,
  0x0000, 0x0000, 0x0000, 0x0000, 0x0000, 0x0000, 0x0000, 0x0000,
  0x0000, 0x0000, 0x0000, 0x0000, 0x0000, 0x0000, 0x0000, 0x0000,
  0x0000, 0x0000, 0x0000, 0x0000, 0x0000, 0x0000, 0x0000, 0x0000,
  0x0000, 0x0000, 0x0000, 0x0000, 0x0000, 0x0000, 0x0000, 0x0000,
  0x0000, 0x0000, 0x0000, 0x0000, 0x0000, 0x0000, 0x0000, 0x0000,
  0x0000, 0x0000, 0x0000, 0x0000, 0x0000, 0x0000, 0x0000, 0x0000,
  0x0000, 0x0000, 0x0000, 0x0000, 0x0000, 0x0000, 0x0000, 0x0000,
  0x0000, 0x0000, 0x0000, 0x0000, 0x0000, 0x0000, 0x0000, 0x0000,
  0x0000, 0x0000, 0x0000, 0x0000, 0x0000, 0x0000, 0x0000, 0x0000,
  0x0000, 0x0000, 0x0000, 0x0000, 0x0000, 0x0000, 0x0000, 0x0000,
  0x0000, 0x0000, 0x0000, 0x0000, 0x0000, 0x0000, 0x0000, 0x0000,
  0x0000, 0x0000, 0x0000, 0x0000, 0x0000, 0x0000, 0x0000, 0x0000,
  0x0000, 0x0000, 0x0000, 0x0000, 0x0000, 0x0000, 0x0000, 0x0000,
  0x0000, 0x0000, 0x0000, 0x0000, 0x0000, 0x0000, 0x0000, 0x0000,
  0x0000, 0x0000, 0x0000, 0x0000, 0x0000, 0x0000, 0x0000, 0x0000,
  0x0000, 0x0000, 0x0000, 0x0000, 0x0000, 0x0000, 0x0000, 0x0000,
  0x0000, 0x0000, 0x0000, 0x0000, 0x0000, 0x0000, 0x0000, 0x0000,
  0x0000, 0x0000, 0x0000, 0x0000, 0x0000, 0x0000, 0x0000, 0x0000,
  0x0000, 0x0000, 0x0000, 0x0000, 0x0000, 0x0000, 0x0000, 0x0000,
  0x0000, 0x0000, 0x0000, 0x0000, 0x0000, 0x0000, 0x0000, 0x0000,
  0x0000, 0x0000, 0x0000, 0x0000, 0x0000, 0x0000, 0x0000, 0x0000,
  0x0000, 0x0000, 0x0000, 0x0000, 0x0000, 0x0000, 0x0000, 0x0000,
  0x0000, 0x0000, 0x0000, 0x0000, 0x0000, 0x0000, 0x0000, 0x0000,
  0x0000, 0x0000, 0x0000, 0x0000, 0x0000, 0x0000, 0x0000, 0x0000,
  0x0000, 0x0555, 0x0000, 0x0000, 0x1443, 0x4543, 0x6544, 0x7544,
  0x7543, 0x7543, 0x5544, 0x2443, 0x0000, 0x0000, 0x0000, 0x0777,
  0x0000, 0x0000, 0x0000, 0x0000, 0x0000, 0x0000, 0x0000, 0x0000,
  0x0000, 0x0000, 0x0000, 0x0000, 0x0000, 0x0000, 0x0000, 0x0000,
  0x0000, 0x0000, 0x0000, 0x0000, 0x0000, 0x0000, 0x0000, 0x0000,
  0x0000, 0x0000, 0x0000, 0x0000, 0x0000, 0x0000, 0x0000, 0x0000,
  0x0000, 0x0000, 0x0000, 0x0000, 0x0000, 0x0000, 0x0000, 0x0000,
  0x0000, 0x0000, 0x0000, 0x0000, 0x0000, 0x0000, 0x0000, 0x0000,
  0x0000, 0x0000, 0x0000, 0x0000, 0x0000, 0x0000, 0x0000, 0x0000,
  0x0000, 0x0000, 0x0000, 0x0000, 0x0000, 0x0000, 0x0000, 0x0000,
  0x0000, 0x0000, 0x0000, 0x0000, 0x0000, 0x0000, 0x0000, 0x0000,
  0x0000, 0x0000, 0x0000, 0x0000, 0x0000, 0x0000, 0x0000, 0x0000,
  0x0000, 0x0000, 0x0000, 0x0000, 0x0000, 0x0000, 0x0000, 0x0000,
  0x0000, 0x0000, 0x0000, 0x0000, 0x0000, 0x0000, 0x0000, 0x0000,
  0x0000, 0x0000, 0x0000, 0x0000, 0x0000, 0x0000, 0x0000, 0x0000,
  0x0000, 0x0000, 0x0000, 0x0000, 0x0000, 0x0000, 0x0000, 0x0000,
  0x0000, 0x0000, 0x0000, 0x0000, 0x0000, 0x0000, 0x0000, 0x0000,
  0x0000, 0x0000, 0x0000, 0x0000, 0x0000, 0x0000, 0x0000, 0x0000,
  0x0000, 0x0000, 0x0000, 0x0000, 0x0000, 0x0000, 0x0000, 0x0000,
  0x0000, 0x0000, 0x0000, 0x0000, 0x0000, 0x0000, 0x0000, 0x0000,
  0x0000, 0x0000, 0x0000, 0x0000, 0x0000, 0x0000, 0x0000, 0x0000,
  0x0000, 0x0000, 0x0000, 0x0000, 0x0000, 0x0000, 0x0000, 0x0000,
  0x0000, 0x0000, 0x0000, 0x0000, 0x0000, 0x0000, 0x0000, 0x0000,
  0x0000, 0x0000, 0x0000, 0x0000, 0x0000, 0x0000, 0x0000, 0x0000,
  0x0000, 0x0000, 0x0000, 0x0000, 0x0000, 0x0000, 0x0000, 0x0000,
  0x0000, 0x0000, 0x0000, 0x0000, 0x0000, 0x0000, 0x0000, 0x0000,
  0x0000, 0x0000, 0x0000, 0x0000, 0x0000, 0x0000, 0x0000, 0x0000,
  0x0000, 0x0000, 0x0000, 0x0000, 0x0000, 0x0000, 0x0000, 0x0000,
  0x0000, 0x0000, 0x0000, 0x0000, 0x0000, 0x0000, 0x0000, 0x0000,
  0x0000, 0x0000, 0x0000, 0x0000, 0x0000, 0x0000, 0x0000, 0x0000,
  0x0000, 0x0000, 0x0000, 0x0000, 0x0000, 0x0000, 0x0000, 0x0000,
};
static const shapoco::gfx2d::Texture atlas = {
  shapoco::gfx2d::PixelFormat::ARGB4444, 256, 257, 512, atlasData,
};

static const int16_t hull_tail[] = {-4, 119, 55, -1, 81, -1, 86, 101, 78, 117, 59, 130, 41, 134, 6, 128};

static const int16_t hull_body[] = {-1, 83, 17, 7, 58, -6, 80, 17, 97, 74, 97, 125, 26, 129, -1, 116};

static const int16_t hull_head[] = {-2, 4, 91, -1, 97, 10, 95, 81, 85, 91, 66, 96, 29, 96, 4, 84};

static const int16_t hull_mouth_open[] = {-1, 6, 5, 0, 36, -1, 36, 13, 26, 27, 21, 30, 10, 30, -1, 16};

static const int16_t hull_mouth_close[] = {0, 4, 6, 0, 15, 0, 34, 1, 34, 14, 29, 19, 3, 21, 0, 14};

static const int16_t hull_whiskers[] = {-1, 0, 131, 0, 133, 1, 131, 21, 126, 38, 124, 39, 4, 39, 1, 21};

static const shapoco::gfx2d::rig::Attachment attachments_tail[] = {
  {&atlas, {0, 0, 84, 132}, {0.4450025f, 0.8955293f, -0.8955293f, 0.4450025f, 101.0479f, -66.87099f}, hull_tail, 8},
};

static const shapoco::gfx2d::rig::Attachment attachments_body[] = {
  {&atlas, {84, 0, 96, 128}, {0.00548996f, 0.9947765f, -0.9960786f, 0.005497145f, 120.6516f, -47.00599f}, hull_body, 8},
};

static const shapoco::gfx2d::rig::Attachment attachments_head[] = {
  {&atlas, {0, 132, 96, 96}, {-0.001859684f, 1.005207f, -0.9999983f, -0.001850048f, 81.22068f, -49.74482f}, hull_head, 8},
};

static const shapoco::gfx2d::rig::Attachment attachments_mouth[] = {
  {&atlas, {0, 228, 35, 29}, {-0.001850048f, 0.9999983f, -0.9999983f, -0.001850048f, 18.66385f, -18.30684f}, hull_mouth_open, 8},
  {&atlas, {35, 228, 34, 20}, {-0.001822841f, 0.9852924f, -0.9749984f, -0.001803797f, 16.66247f, -18.31563f}, hull_mouth_close, 8},
};

static const shapoco::gfx2d::rig::Attachment attachments_whiskers[] = {
  {&atlas, {96, 132, 132, 39}, {0.9961778f, -0.008270987f, 0.008302436f, 0.9999655f, -68.75668f, -15.33084f}, hull_whiskers, 8},
};

static const shapoco::gfx2d::rig::Bone bones[] = {
  {"root", 0.0f, 0.0f, 0, 0, 4096, 4096, 0xFF},
  {"tail", 43.0f, -6.875f, -11538, -11538, 4096, 4096, 0},
  {"body", 0.0f, 0.875f, -16307, -16307, 4096, 4096, 0},
  {"head", 109.2765f, -0.20525f, -77, -77, 4096, 4096, 2},
  {"whiskers", 12.225f, 0.3f, 16490, 16490, 4096, 4096, 3},
};

static const shapoco::gfx2d::rig::Slot slots[] = {
  {"tail", attachments_tail, 1, 0, 1, 255, shapoco::gfx2d::BlendMode::ALPHA},
  {"body", attachments_body, 1, 0, 2, 255, shapoco::gfx2d::BlendMode::ALPHA},
  {"head", attachments_head, 1, 0, 3, 255, shapoco::gfx2d::BlendMode::ALPHA},
  {"mouth", attachments_mouth, 2, 1, 3, 255, shapoco::gfx2d::BlendMode::ALPHA},
  {"whiskers", attachments_whiskers, 1, 0, 4, 255, shapoco::gfx2d::BlendMode::ALPHA},
};

static const shapoco::gfx2d::rig::Armature armature = {
  "Armature220-kitty-merged", bones, slots, 5, 5,
  false, 0x00000000u,
  {-67.7337f, -189.5315f, 180.0f, 197.0f},
  0xFE31C341u,
};

// animation "idle": 48 frames at 24 fps
static const shapoco::gfx2d::rig::Curve anim_idle_curves[] = {
  {{0, 90, 383, 917, 1735, 2878, 4370, 6181, 8192, 10203, 12014, 13506, 14649, 15467, 16001, 16294, 16384}},
};
static const shapoco::gfx2d::rig::RotateKey anim_idle_bone1_rotate[] = {
  {0, 0x00, 0, -303, -303},
  {24, 0x00, 0, -2857, -2857},
  {48, 0xFE, 0, -304, -304},
};
static const shapoco::gfx2d::rig::RotateKey anim_idle_bone2_rotate[] = {
  {0, 0x00, 0, -1797, -1797},
  {24, 0x00, 0, 1522, 1522},
  {48, 0xFE, 0, -1797, -1797},
};
static const shapoco::gfx2d::rig::RotateKey anim_idle_bone3_rotate[] = {
  {0, 0x00, 0, -2253, -2253},
  {24, 0x00, 0, 3043, 3043},
  {48, 0xFE, 0, -2253, -2253},
};
static const shapoco::gfx2d::rig::RotateKey anim_idle_bone4_rotate[] = {
  {0, 0x00, 0, -1016, -1016},
  {24, 0x00, 0, 1022, 1022},
  {48, 0xFE, 0, -1016, -1016},
};
static const shapoco::gfx2d::rig::BoneTimeline anim_idle_boneTimelines[] = {
  {anim_idle_bone1_rotate, 3, 1, shapoco::gfx2d::rig::Channel::ROTATE},
  {anim_idle_bone2_rotate, 3, 2, shapoco::gfx2d::rig::Channel::ROTATE},
  {anim_idle_bone3_rotate, 3, 3, shapoco::gfx2d::rig::Channel::ROTATE},
  {anim_idle_bone4_rotate, 3, 4, shapoco::gfx2d::rig::Channel::ROTATE},
};
static const shapoco::gfx2d::rig::Animation anim_idle = {
  "idle", 48, 24, 4, 0, 1, 0,
  anim_idle_boneTimelines, nullptr, nullptr, anim_idle_curves,
  0xFE31C341u,
};

// animation "meow": 48 frames at 24 fps
static const shapoco::gfx2d::rig::Curve anim_meow_curves[] = {
  {{0, 1892, 3633, 5258, 6776, 8192, 9507, 10719, 11828, 12830, 13721, 14496, 15149, 15673, 16060, 16301, 16384}},
  {{0, 83, 324, 711, 1235, 1888, 2663, 3554, 4556, 5665, 6877, 8192, 9608, 11126, 12751, 14492, 16384}},
  {{0, 90, 383, 917, 1735, 2878, 4370, 6181, 8192, 10203, 12014, 13506, 14649, 15467, 16001, 16294, 16384}},
};
static const shapoco::gfx2d::rig::RotateKey anim_meow_bone1_rotate[] = {
  {0, 0x00, 0, 0, 0},
  {12, 0x01, 0, 0, 0},
  {22, 0xFF, 0, 0, 0},
  {24, 0x02, 0, 0, 0},
  {48, 0xFE, 0, -303, -303},
};
static const shapoco::gfx2d::rig::ScaleKey anim_meow_bone1_scale[] = {
  {0, 0x00, 0, 4096, 4096},
  {12, 0x01, 0, 4710, 3686},
  {22, 0xFF, 0, 3482, 4710},
  {24, 0x02, 0, 4096, 4096},
  {48, 0xFE, 0, 4096, 4096},
};
static const shapoco::gfx2d::rig::RotateKey anim_meow_bone2_rotate[] = {
  {0, 0x00, 0, 0, 0},
  {12, 0x01, 0, 0, 0},
  {22, 0xFF, 0, 0, 0},
  {24, 0x02, 0, 0, 0},
  {48, 0xFE, 0, -1797, -1797},
};
static const shapoco::gfx2d::rig::ScaleKey anim_meow_bone2_scale[] = {
  {0, 0x00, 0, 4096, 4096},
  {12, 0x01, 0, 4710, 3686},
  {22, 0xFF, 0, 3645, 4997},
  {24, 0x02, 0, 4096, 4096},
  {48, 0xFE, 0, 4096, 4096},
};
static const shapoco::gfx2d::rig::RotateKey anim_meow_bone3_rotate[] = {
  {0, 0xFE, 0, 0, 0},
  {24, 0x02, 0, 0, 0},
  {48, 0xFE, 0, -2253, -2253},
};
static const shapoco::gfx2d::rig::RotateKey anim_meow_bone4_rotate[] = {
  {0, 0xFE, 0, 0, 0},
  {24, 0x02, 0, 0, 0},
  {48, 0xFE, 0, -1016, -1016},
};
static const shapoco::gfx2d::rig::AttachmentKey anim_meow_slot3_attachment[] = {
  {0, 0, 0},
  {22, 1, 0},
  {48, 1, 0},
};
static const shapoco::gfx2d::rig::BoneTimeline anim_meow_boneTimelines[] = {
  {anim_meow_bone1_rotate, 5, 1, shapoco::gfx2d::rig::Channel::ROTATE},
  {anim_meow_bone1_scale, 5, 1, shapoco::gfx2d::rig::Channel::SCALE},
  {anim_meow_bone2_rotate, 5, 2, shapoco::gfx2d::rig::Channel::ROTATE},
  {anim_meow_bone2_scale, 5, 2, shapoco::gfx2d::rig::Channel::SCALE},
  {anim_meow_bone3_rotate, 3, 3, shapoco::gfx2d::rig::Channel::ROTATE},
  {anim_meow_bone4_rotate, 3, 4, shapoco::gfx2d::rig::Channel::ROTATE},
};
static const shapoco::gfx2d::rig::SlotTimeline anim_meow_slotTimelines[] = {
  {anim_meow_slot3_attachment, 3, 3, shapoco::gfx2d::rig::Channel::ATTACHMENT},
};
static const shapoco::gfx2d::rig::Animation anim_meow = {
  "meow", 48, 24, 6, 1, 3, 0,
  anim_meow_boneTimelines, anim_meow_slotTimelines, nullptr, anim_meow_curves,
  0xFE31C341u,
};

static const shapoco::gfx2d::rig::Animation *const animations[] = {&anim_idle, &anim_meow};
static constexpr int ANIMATION_COUNT = 2;

}  // namespace kitty_slow

#endif
