#ifndef KITTY_FAST_KITTY_FAST_HPP
#define KITTY_FAST_KITTY_FAST_HPP

// Generated by dbones2cpp from kitty_ske.json, idle.dbani, meow.dbani
// armature "Armature220-kitty-merged": 5 bones, 5 slots, 6 attachments, 2 animation(s)
// scale 0.5, rgb565_swapped (key #FF00FF), 6 textures, about 76508 bytes
// images: 39435 pixels trimmed to 37600 (1 of 6 turned), 6 hulls enclosing 32652 pixels
// 2 warning(s):
//   animation idle of idle.dbani replaces the one of the armature
//   animation meow of meow.dbani replaces the one of the armature

#include "shapoco/gfx2d/rig.hpp"

namespace kitty_fast {

alignas(4) static const uint16_t tex_tailData[] = {
  0x1FF8, 0x1FF8, 0x1FF8, 0x1FF8, 0x1FF8, 0x1FF8, 0x1FF8, 0x1FF8,
  0x1FF8, 0x1FF8, 0x1FF8, 0x1FF8, 0x1FF8, 0x1FF8, 0x1FF8, 0x1FF8,
  0x1FF8, 0x1FF8, 0x1FF8, 0x1FF8, 0x1FF8, 0x1FF8, 0x1FF8, 0x1FF8,
  0x1FF8, 0x1FF8, 0x1FF8, 0x1FF8, 0x1FF8, 0x1FF8, 0x1FF8, 0x1FF8,
  0x1FF8, 0x1FF8, 0x1FF8, 0x1FF8, 0x1FF8, 0x1FF8, 0x1FF8, 0x1FF8,
  0x1FF8, 0x1FF8, 0x1FF8, 0x1FF8, 0x1FF8, 0x1FF8, 0x1FF8, 0x1FF8,
  0x1FF8, 0x1FF8, 0x1FF8, 0x1FF8, 0x1FF8, 0x1FF8, 0x1FF8, 0x1FF8,
  0x1FF8, 0x1FF8, 0x1FF8, 0x1FF8, 0x1FF8, 0x1FF8, 0x1FF8, 0x1FF8,
  0x1FF8, 0x1FF8, 0x1FF8, 0x1FF8, 0x1FF8, 0x1FF8, 0x1FF8, 0x1FF8,
  0x1FF8, 0x1FF8, 0x1FF8, 0x1FF8, 0x1FF8, 0x1FF8, 0x1FF8, 0x1FF8,
  0x1FF8, 0x1FF8, 0x1FF8, 0x1FF8, 0x1FF8, 0x1FF8, 0x0752, 0x2752,
  0x2752, 0x2752, 0x0752, 0x0752, 0x1FF8, 0x1FF8, 0x1FF8, 0x1FF8,
  0x1FF8, 0x1FF8, 0x1FF8, 0x1FF8, 0x1FF8, 0x1FF8, 0x1FF8, 0x1FF8,
  0x1FF8, 0x1FF8, 0x1FF8, 0x1FF8, 0x1FF8, 0x1FF8, 0x1FF8, 0x1FF8,
  0x1FF8, 0x1FF8, 0x1FF8, 0x1FF8, 0x1FF8, 0x1FF8, 0x1FF8, 0x1FF8,
  0x1FF8, 0x1FF8, 0x1FF8, 0x1FF8, 0x1FF8, 0x1FF8, 0x1FF8, 0x1FF8,
  0x1FF8, 0x1FF8, 0x1FF8, 0x1FF8, 0x1FF8, 0x1FF8, 0x1FF8, 0x1FF8,
  0x1FF8, 0x1FF8, 0x1FF8, 0x1FF8, 0x1FF8, 0x1FF8, 0x1FF8, 0x1FF8,
  0x1FF8, 0x1FF8, 0x1FF8, 0x1FF8, 0x1FF8, 0x1FF8, 0x1FF8, 0x1FF8,
  0x1FF8, 0x1FF8, 0x0752, 0x285A, 0x285A, 0x2752, 0x2752, 0x2752,
  0x2752, 0x2752, 0x2752, 0x2752, 0x285A, 0x0752, 0x1FF8, 0x1FF8,
  0x1FF8, 0x1FF8, 0x1FF8, 0x1FF8, 0x1FF8, 0x1FF8, 0x1FF8, 0x1FF8,
  0x1FF8, 0x1FF8, 0x1FF8, 0x1FF8, 0x1FF8, 0x1FF8, 0x1FF8, 0x1FF8,
  0x1FF8, 0x1FF8, 0x1FF8, 0x1FF8, 0x1FF8, 0x1FF8, 0x1FF8, 0x1FF8,
  0x1FF8, 0x1FF8, 0x1FF8, 0x1FF8, 0x1FF8, 0x1FF8, 0x1FF8, 0x1FF8,
  0x1FF8, 0x1FF8, 0x1FF8, 0x1FF8, 0x1FF8, 0x1FF8, 0x1FF8, 0x1FF8,
  0x1FF8, 0x1FF8, 0x1FF8, 0x1FF8, 0x1FF8, 0x1FF8, 0x1FF8, 0x1FF8,
  0x1FF8, 0x1FF8, 0x1FF8, 0x1FF8, 0x1FF8, 0x1FF8, 0x1FF8, 0x1FF8,
  0x285A, 0x2852, 0x2752, 0x2752, 0x2752, 0x2752, 0x2752, 0x2752,
  0x2752, 0x2752, 0x2752, 0x2752, 0x2752, 0x285A, 0x1FF8, 0x1FF8,
  0x1FF8, 0x1FF8, 0x1FF8, 0x1FF8, 0x1FF8, 0x1FF8, 0x1FF8, 0x1FF8,
  0x1FF8, 0x1FF8, 0x1FF8, 0x1FF8, 0x1FF8, 0x1FF8, 0x1FF8, 0x1FF8,
  0x1FF8, 0x1FF8, 0x1FF8, 0x1FF8, 0x1FF8, 0x1FF8, 0x1FF8, 0x1FF8,
  0x1FF8, 0x1FF8, 0x1FF8, 0x1FF8, 0x1FF8, 0x1FF8, 0x1FF8, 0x1FF8,
  0x1FF8, 0x1FF8, 0x1FF8, 0x1FF8, 0x1FF8, 0x1FF8, 0x1FF8, 0x1FF8,
  0x1FF8, 0x1FF8, 0x1FF8, 0x1FF8, 0x1FF8, 0x1FF8, 0x1FF8, 0x1FF8,
  0x1FF8, 0x1FF8, 0x1FF8, 0x1FF8, 0x1FF8, 0x0752, 0x2852, 0x2752,
  0x2752, 0x2752, 0x2752, 0x2752, 0x2752, 0x2752, 0x2752, 0x2752,
  0x2752, 0x2752, 0x2752, 0x2752, 0x2752, 0x285A, 0x0752, 0x1FF8,
  0x1FF8, 0x1FF8, 0x1FF8, 0x1FF8, 0x1FF8, 0x1FF8, 0x1FF8, 0x1FF8,
  0x1FF8, 0x1FF8, 0x1FF8, 0x1FF8, 0x1FF8, 0x1FF8, 0x1FF8, 0x1FF8,
  0x1FF8, 0x1FF8, 0x1FF8, 0x1FF8, 0x1FF8, 0x1FF8, 0x1FF8, 0x1FF8,
  0x1FF8, 0x1FF8, 0x1FF8, 0x1FF8, 0x1FF8, 0x1FF8, 0x1FF8, 0x1FF8,
  0x1FF8, 0x1FF8, 0x1FF8, 0x1FF8, 0x1FF8, 0x1FF8, 0x1FF8, 0x1FF8,
  0x1FF8, 0x1FF8, 0x1FF8, 0x1FF8, 0x1FF8, 0x1FF8, 0x1FF8, 0x1FF8,
  0x1FF8, 0x1FF8, 0x1FF8, 0x0752, 0x2752, 0x2752, 0x2752, 0x2752,
  0x2752, 0x0752, 0xE749, 0x8862, 0x0A83, 0xE97A, 0xA96A, 0x2752,
  0x0752, 0x2752, 0x2752, 0x2752, 0x2752, 0x285A, 0x0752, 0x1FF8,
  0x1FF8, 0x1FF8, 0x1FF8, 0x1FF8, 0x1FF8, 0x1FF8, 0x1FF8, 0x1FF8,
  0x1FF8, 0x1FF8, 0x1FF8, 0x1FF8, 0x1FF8, 0x1FF8, 0x1FF8, 0x1FF8,
  0x1FF8, 0x1FF8, 0x1FF8, 0x1FF8, 0x1FF8, 0x1FF8, 0x1FF8, 0x1FF8,
  0x1FF8, 0x1FF8, 0x1FF8, 0x1FF8, 0x1FF8, 0x1FF8, 0x1FF8, 0x1FF8,
  0x1FF8, 0x1FF8, 0x1FF8, 0x1FF8, 0x1FF8, 0x1FF8, 0x1FF8, 0x1FF8,
  0x1FF8, 0x1FF8, 0x1FF8, 0x1FF8, 0x1FF8, 0x1FF8, 0x1FF8, 0x1FF8,
  0x1FF8, 0x0752, 0x2752, 0x2752, 0x2752, 0x2752, 0x0752, 0x0752,
  0x8B9B, 0xCED4, 0xAECC, 0x8DCC, 0x8DCC, 0x8ECC, 0xAECC, 0x0CB4,
  0x285A, 0x2752, 0x2752, 0x2752, 0x2752, 0x2752, 0x1FF8, 0x1FF8,
  0x1FF8, 0x1FF8, 0x1FF8, 0x1FF8, 0x1FF8, 0x1FF8, 0x1FF8, 0x1FF8,
  0x1FF8, 0x1FF8, 0x1FF8, 0x1FF8, 0x1FF8, 0x1FF8, 0x1FF8, 0x1FF8,
  0x1FF8, 0x1FF8, 0x1FF8, 0x1FF8, 0x1FF8, 0x1FF8, 0x1FF8, 0x1FF8,
  0x1FF8, 0x1FF8, 0x1FF8, 0x1FF8, 0x1FF8, 0x1FF8, 0x1FF8, 0x1FF8,
  0x1FF8, 0x1FF8, 0x1FF8, 0x1FF8, 0x1FF8, 0x1FF8, 0x1FF8, 0x1FF8,
  0x1FF8, 0x1FF8, 0x1FF8, 0x1FF8, 0x1FF8, 0x1FF8, 0x1FF8, 0x0752,
  0x2752, 0x2752, 0x2752, 0x2752, 0x074A, 0x4A8B, 0xEEDC, 0x8ECC,
  0x8ECC, 0x8ECC, 0x8ECC, 0x8ECC, 0x8ECC, 0x8ECC, 0x8DCC, 0xEEDC,
  0xE97A, 0x2752, 0x2752, 0x2752, 0x2752, 0x0752, 0x1FF8, 0x1FF8,
  0x1FF8, 0x1FF8, 0x1FF8, 0x1FF8, 0x1FF8, 0x1FF8, 0x1FF8, 0x1FF8,
  0x1FF8, 0x1FF8, 0x1FF8, 0x1FF8, 0x1FF8, 0x1FF8, 0x1FF8, 0x1FF8,
  0x1FF8, 0x1FF8, 0x1FF8, 0x1FF8, 0x1FF8, 0x1FF8, 0x1FF8, 0x1FF8,
  0x1FF8, 0x1FF8, 0x1FF8, 0x1FF8, 0x1FF8, 0x1FF8, 0x1FF8, 0x1FF8,
  0x1FF8, 0x1FF8, 0x1FF8, 0x1FF8, 0x1FF8, 0x1FF8, 0x1FF8, 0x1FF8,
  0x1FF8, 0x1FF8, 0x1FF8, 0x1FF8, 0x1FF8, 0x0752, 0x2752, 0x2752,
  0x2752, 0x2752, 0xE749, 0xAB9B, 0xAECC, 0x8ECC, 0x8ECC, 0x8ECC,
  0x8ECC, 0x8ECC, 0x8ECC, 0x8ECC, 0x8ECC, 0x8ECC, 0x8ECC, 0xCED4,
  0x285A, 0x2752, 0x2752, 0x2752, 0x285A, 0x1FF8, 0x1FF8, 0x1FF8,
  0x1FF8, 0x1FF8, 0x1FF8, 0x1FF8, 0x1FF8, 0x1FF8, 0x1FF8, 0x1FF8,
  0x1FF8, 0x1FF8, 0x1FF8, 0x1FF8, 0x1FF8, 0x1FF8, 0x1FF8, 0x1FF8,
  0x1FF8, 0x1FF8, 0x1FF8, 0x1FF8, 0x1FF8, 0x1FF8, 0x1FF8, 0x1FF8,
  0x1FF8, 0x1FF8, 0x1FF8, 0x1FF8, 0x1FF8, 0x1FF8, 0x1FF8, 0x1FF8,
  0x1FF8, 0x1FF8, 0x1FF8, 0x1FF8, 0x1FF8, 0x1FF8, 0x1FF8, 0x1FF8,
  0x1FF8, 0x1FF8, 0x1FF8, 0x1FF8, 0x2752, 0x2752, 0x2752, 0x2752,
  0x074A, 0x4DAC, 0x8DCC, 0x8ECC, 0x8ECC, 0x8ECC, 0x8ECC, 0x8ECC,
  0x8ECC, 0x8ECC, 0x8ECC, 0x8ECC, 0x8ECC, 0x8ECC, 0x8ECC, 0x0CAC,
  0x0752, 0x2752, 0x2752, 0x2852, 0x0752, 0x1FF8, 0x1FF8, 0x1FF8,
  0x1FF8, 0x1FF8, 0x1FF8, 0x1FF8, 0x1FF8, 0x1FF8, 0x1FF8, 0x1FF8,
  0x1FF8, 0x1FF8, 0x1FF8, 0x1FF8, 0x1FF8, 0x1FF8, 0x1FF8, 0x1FF8,
  0x1FF8, 0x1FF8, 0x1FF8, 0x1FF8, 0x1FF8, 0x1FF8, 0x1FF8, 0x1FF8,
  0x1FF8, 0x1FF8, 0x1FF8, 0x1FF8, 0x1FF8, 0x1FF8, 0x1FF8, 0x1FF8,
  0x1FF8, 0x1FF8, 0x1FF8, 0x1FF8, 0x1FF8, 0x1FF8, 0x1FF8, 0x1FF8,
  0x1FF8, 0x1FF8, 0x0752, 0x2752, 0x2752, 0x2752, 0x0752, 0x2A83,
  0x8ECC, 0x8ECC, 0x8ECC, 0x8ECC, 0x8ECC, 0x8ECC, 0x8ECC, 0x8ECC,
  0x8ECC, 0x8ECC, 0x8ECC, 0x8ECC, 0x8ECC, 0x8ECC, 0xCED4, 0x0752,
  0x2752, 0x2752, 0x2752, 0x0752, 0x1FF8, 0x1FF8, 0x1FF8, 0x1FF8,
  0x1FF8, 0x1FF8, 0x1FF8, 0x1FF8, 0x1FF8, 0x1FF8, 0x1FF8, 0x1FF8,
  0x1FF8, 0x1FF8, 0x1FF8, 0x1FF8, 0x1FF8, 0x1FF8, 0x1FF8, 0x1FF8,
  0x1FF8, 0x1FF8, 0x1FF8, 0x1FF8, 0x1FF8, 0x1FF8, 0x1FF8, 0x1FF8,
  0x1FF8, 0x1FF8, 0x1FF8, 0x1FF8, 0x1FF8, 0x1FF8, 0x1FF8, 0x1FF8,
  0x1FF8, 0x1FF8, 0x1FF8, 0x1FF8, 0x1FF8, 0x1FF8, 0x1FF8, 0x1FF8,
  0x1FF8, 0x2752, 0x2752, 0x2752, 0x2752, 0x485A, 0xCED4, 0x8DCC,
  0x8ECC, 0x8ECC, 0x8ECC, 0x8ECC, 0x8ECC, 0x8ECC, 0x8ECC, 0x8ECC,
  0x8ECC, 0x8ECC, 0x8ECC, 0x8ECC, 0x8ECC, 0xAECC, 0x2A8B, 0x2752,
  0x2752, 0x2752, 0x485A, 0x1FF8, 0x1FF8, 0x1FF8, 0x1FF8, 0x1FF8,
  0x1FF8, 0x1FF8, 0x1FF8, 0x1FF8, 0x1FF8, 0x1FF8, 0x1FF8, 0x1FF8,
  0x1FF8, 0x1FF8, 0x1FF8, 0x1FF8, 0x1FF8, 0x1FF8, 0x1FF8, 0x1FF8,
  0x1FF8, 0x1FF8, 0x1FF8, 0x1FF8, 0x1FF8, 0x1FF8, 0x1FF8, 0x1FF8,
  0x1FF8, 0x1FF8, 0x1FF8, 0x1FF8, 0x1FF8, 0x1FF8, 0x1FF8, 0x1FF8,
  0x1FF8, 0x1FF8, 0x1FF8, 0x1FF8, 0x1FF8, 0x1FF8, 0x1FF8, 0x0752,
  0x2752, 0x2752, 0x2752, 0x2752, 0x0CB4, 0x8ECC, 0x8ECC, 0x8ECC,
  0x8ECC, 0x8ECC, 0x8ECC, 0x8ECC, 0x8ECC, 0x8ECC, 0x8ECC, 0x8ECC,
  0x8ECC, 0x8ECC, 0x8ECC, 0x8ECC, 0x8ECC, 0xECAB, 0x0752, 0x2752,
  0x2752, 0x285A, 0x1FF8, 0x1FF8, 0x1FF8, 0x1FF8, 0x1FF8, 0x1FF8,
  0x1FF8, 0x1FF8, 0x1FF8, 0x1FF8, 0x1FF8, 0x1FF8, 0x1FF8, 0x1FF8,
  0x1FF8, 0x1FF8, 0x1FF8, 0x1FF8, 0x1FF8, 0x1FF8, 0x1FF8, 0x1FF8,
  0x1FF8, 0x1FF8, 0x1FF8, 0x1FF8, 0x1FF8, 0x1FF8, 0x1FF8, 0x1FF8,
  0x1FF8, 0x1FF8, 0x1FF8, 0x1FF8, 0x1FF8, 0x1FF8, 0x1FF8, 0x1FF8,
  0x1FF8, 0x1FF8, 0x1FF8, 0x1FF8, 0x1FF8, 0x1FF8, 0x285A, 0x2752,
  0x2752, 0x2752, 0x485A, 0xAECC, 0x8ECC, 0x8ECC, 0x8ECC, 0x8ECC,
  0x8ECC, 0x8ECC, 0x8ECC, 0x8ECC, 0x8ECC, 0x8ECC, 0x8ECC, 0x8ECC,
  0x8ECC, 0x8ECC, 0x8ECC, 0x8ECC, 0xAECC, 0x074A, 0x2752, 0x2752,
  0x2752, 0x1FF8, 0x1FF8, 0x1FF8, 0x1FF8, 0x1FF8, 0x1FF8, 0x1FF8,
  0x1FF8, 0x1FF8, 0x1FF8, 0x1FF8, 0x1FF8, 0x1FF8, 0x1FF8, 0x1FF8,
  0x1FF8, 0x1FF8, 0x1FF8, 0x1FF8, 0x1FF8, 0x1FF8, 0x1FF8, 0x1FF8,
  0x1FF8, 0x1FF8, 0x1FF8, 0x1FF8, 0x1FF8, 0x1FF8, 0x1FF8, 0x1FF8,
  0x1FF8, 0x1FF8, 0x1FF8, 0x1FF8, 0x1FF8, 0x1FF8, 0x1FF8, 0x1FF8,
  0x1FF8, 0x1FF8, 0x1FF8, 0x1FF8, 0x1FF8, 0x2752, 0x2752, 0x2752,
  0x2752, 0xAB9B, 0x8DCC, 0x8ECC, 0x8ECC, 0x8ECC, 0x8ECC, 0x8ECC,
  0x8ECC, 0x8ECC, 0x8ECC, 0x8ECC, 0x8ECC, 0x8ECC, 0x8ECC, 0x8ECC,
  0x8ECC, 0x8ECC, 0x8ECC, 0xEEDC, 0x074A, 0x2752, 0x2752, 0x2752,
  0x1FF8, 0x1FF8, 0x1FF8, 0x1FF8, 0x1FF8, 0x1FF8, 0x1FF8, 0x1FF8,
  0x1FF8, 0x1FF8, 0x1FF8, 0x1FF8, 0x1FF8, 0x1FF8, 0x1FF8, 0x1FF8,
  0x1FF8, 0x1FF8, 0x1FF8, 0x1FF8, 0x1FF8, 0x1FF8, 0x1FF8, 0x1FF8,
  0x1FF8, 0x1FF8, 0x1FF8, 0x1FF8, 0x1FF8, 0x1FF8, 0x1FF8, 0x1FF8,
  0x1FF8, 0x1FF8, 0x1FF8, 0x1FF8, 0x1FF8, 0x1FF8, 0x1FF8, 0x1FF8,
  0x1FF8, 0x1FF8, 0x1FF8, 0x0752, 0x2752, 0x2752, 0x2752, 0xE749,
  0xAECC, 0x8ECC, 0x8ECC, 0x8ECC, 0x8ECC, 0x8ECC, 0x8ECC, 0x8ECC,
  0x8ECC, 0x8ECC, 0x8ECC, 0x8ECC, 0x8ECC, 0x8ECC, 0x8ECC, 0x8ECC,
  0x8ECC, 0x8DCC, 0xCED4, 0x0752, 0x2752, 0x2752, 0x2752, 0x1FF8,
  0x1FF8, 0x1FF8, 0x1FF8, 0x1FF8, 0x1FF8, 0x1FF8, 0x1FF8, 0x1FF8,
  0x1FF8, 0x1FF8, 0x1FF8, 0x1FF8, 0x1FF8, 0x1FF8, 0x1FF8, 0x1FF8,
  0x1FF8, 0x1FF8, 0x1FF8, 0x1FF8, 0x1FF8, 0x1FF8, 0x1FF8, 0x1FF8,
  0x1FF8, 0x1FF8, 0x1FF8, 0x1FF8, 0x1FF8, 0x1FF8, 0x1FF8, 0x1FF8,
  0x1FF8, 0x1FF8, 0x1FF8, 0x1FF8, 0x1FF8, 0x1FF8, 0x1FF8, 0x1FF8,
  0x1FF8, 0x1FF8, 0x0752, 0x2752, 0x2752, 0x2752, 0x6862, 0xAECC,
  0x8ECC, 0x8ECC, 0x8ECC, 0x8ECC, 0x8ECC, 0x8ECC, 0x8ECC, 0x8ECC,
  0x8ECC, 0x8ECC, 0x8ECC, 0x8ECC, 0x8ECC, 0x8ECC, 0x8ECC, 0x8ECC,
  0x8DCC, 0x8DCC, 0x2752, 0x2752, 0x2752, 0x2752, 0x1FF8, 0x1FF8,
  0x1FF8, 0x1FF8, 0x1FF8, 0x1FF8, 0x1FF8, 0x1FF8, 0x1FF8, 0x1FF8,
  0x1FF8, 0x1FF8, 0x1FF8, 0x1FF8, 0x1FF8, 0x1FF8, 0x1FF8, 0x1FF8,
  0x1FF8, 0x1FF8, 0x1FF8, 0x1FF8, 0x1FF8, 0x1FF8, 0x1FF8, 0x1FF8,
  0x1FF8, 0x1FF8, 0x1FF8, 0x1FF8, 0x1FF8, 0x1FF8, 0x1FF8, 0x1FF8,
  0x1FF8, 0x1FF8, 0x1FF8, 0x1FF8, 0x1FF8, 0x1FF8, 0x1FF8, 0x1FF8,
  0x1FF8, 0x2752, 0x2752, 0x2752, 0x2752, 0x8B93, 0x8DCC, 0x8ECC,
  0x8ECC, 0x8ECC, 0x8ECC, 0x8ECC, 0x8ECC, 0x8ECC, 0x8ECC, 0x8ECC,
  0x8ECC, 0x8ECC, 0x8ECC, 0x8ECC, 0x8ECC, 0x8ECC, 0x8ECC, 0x8DCC,
  0x8DC4, 0x2752, 0x2752, 0x2752, 0x2852, 0x1FF8, 0x1FF8, 0x1FF8,
  0x1FF8, 0x1FF8, 0x1FF8, 0x1FF8, 0x1FF8, 0x1FF8, 0x1FF8, 0x1FF8,
  0x1FF8, 0x1FF8, 0x1FF8, 0x1FF8, 0x1FF8, 0x1FF8, 0x1FF8, 0x1FF8,
  0x1FF8, 0x1FF8, 0x1FF8, 0x1FF8, 0x1FF8, 0x1FF8, 0x1FF8, 0x1FF8,
  0x1FF8, 0x1FF8, 0x1FF8, 0x1FF8, 0x1FF8, 0x1FF8, 0x1FF8, 0x1FF8,
  0x1FF8, 0x1FF8, 0x1FF8, 0x1FF8, 0x1FF8, 0x1FF8, 0x1FF8, 0x1FF8,
  0x2752, 0x2752, 0x2752, 0x0752, 0x8DC4, 0x8ECC, 0x8ECC, 0x8ECC,
  0x8ECC, 0x8ECC, 0x8ECC, 0x8ECC, 0x8ECC, 0x8ECC, 0x8ECC, 0x8ECC,
  0x8ECC, 0x8ECC, 0x8ECC, 0x8ECC, 0x8ECC, 0x8ECC, 0x8DCC, 0x2DB4,
  0x2752, 0x2752, 0x2752, 0x285A, 0x1FF8, 0x1FF8, 0x1FF8, 0x1FF8,
  0x1FF8, 0x1FF8, 0x1FF8, 0x1FF8, 0x1FF8, 0x1FF8, 0x1FF8, 0x1FF8,
  0x1FF8, 0x1FF8, 0x1FF8, 0x1FF8, 0x1FF8, 0x1FF8, 0x1FF8, 0x1FF8,
  0x1FF8, 0x1FF8, 0x1FF8, 0x1FF8, 0x1FF8, 0x1FF8, 0x1FF8, 0x1FF8,
  0x1FF8, 0x1FF8, 0x1FF8, 0x1FF8, 0x1FF8, 0x1FF8, 0x1FF8, 0x1FF8,
  0x1FF8, 0x1FF8, 0x1FF8, 0x1FF8, 0x1FF8, 0x1FF8, 0x1FF8, 0x2752,
  0x2752, 0x2752, 0x0752, 0xAECC, 0x8DCC, 0x8ECC, 0x8ECC, 0x8ECC,
  0x8ECC, 0x8ECC, 0x8ECC, 0x8ECC, 0x8ECC, 0x8ECC, 0x8ECC, 0x8ECC,
  0x8ECC, 0x8ECC, 0x8ECC, 0x8ECC, 0x8ECC, 0x8DCC, 0x8B9B, 0x2752,
  0x2752, 0x2752, 0x285A, 0x1FF8, 0x1FF8, 0x1FF8, 0x1FF8, 0x1FF8,
  0x1FF8, 0x1FF8, 0x1FF8, 0x1FF8, 0x1FF8, 0x1FF8, 0x1FF8, 0x1FF8,
  0x1FF8, 0x1FF8, 0x1FF8, 0x1FF8, 0x1FF8, 0x1FF8, 0x1FF8, 0x1FF8,
  0x1FF8, 0x1FF8, 0x1FF8, 0x1FF8, 0x1FF8, 0x1FF8, 0x1FF8, 0x1FF8,
  0x1FF8, 0x1FF8, 0x1FF8, 0x1FF8, 0x1FF8, 0x1FF8, 0x1FF8, 0x1FF8,
  0x1FF8, 0x1FF8, 0x1FF8, 0x1FF8, 0x1FF8, 0x0752, 0x2752, 0x2752,
  0x2752, 0x0752, 0xCED4, 0x8ECC, 0x8ECC, 0x8ECC, 0x8ECC, 0x8ECC,
  0x8ECC, 0x8ECC, 0x8ECC, 0x8ECC, 0x8ECC, 0x8ECC, 0x8ECC, 0x8ECC,
  0x8ECC, 0x8ECC, 0x8ECC, 0x8ECC, 0x8DCC, 0x0A83, 0x2752, 0x2752,
  0x2752, 0x485A, 0x1FF8, 0x1FF8, 0x1FF8, 0x1FF8, 0x1FF8, 0x1FF8,
  0x1FF8, 0x1FF8, 0x1FF8, 0x1FF8, 0x1FF8, 0x1FF8, 0x1FF8, 0x1FF8,
  0x1FF8, 0x1FF8, 0x1FF8, 0x1FF8, 0x1FF8, 0x1FF8, 0x1FF8, 0x1FF8,
  0x1FF8, 0x1FF8, 0x1FF8, 0x1FF8, 0x1FF8, 0x1FF8, 0x1FF8, 0x1FF8,
  0x1FF8, 0x1FF8, 0x1FF8, 0x1FF8, 0x1FF8, 0x1FF8, 0x1FF8, 0x1FF8,
  0x1FF8, 0x1FF8, 0x1FF8, 0x1FF8, 0x0752, 0x2752, 0x2752, 0x2752,
  0x275A, 0xAED4, 0x8ECC, 0x8DCC, 0x8DCC, 0x8ECC, 0x8ECC, 0x8ECC,
  0x8ECC, 0x8DCC, 0x8DCC, 0x8DCC, 0x8DCC, 0x8ECC, 0x8DCC, 0x8DCC,
  0x8DCC, 0x8ECC, 0x8DCC, 0x8ECC, 0xA972, 0x2752, 0x2752, 0x2752,
  0x2752, 0x1FF8, 0x1FF8, 0x1FF8, 0x1FF8, 0x1FF8, 0x1FF8, 0x1FF8,
  0x1FF8, 0x1FF8, 0x1FF8, 0x1FF8, 0x1FF8, 0x1FF8, 0x1FF8, 0x1FF8,
  0x1FF8, 0x1FF8, 0x1FF8, 0x1FF8, 0x1FF8, 0x1FF8, 0x1FF8, 0x1FF8,
  0x1FF8, 0x1FF8, 0x1FF8, 0x1FF8, 0x1FF8, 0x1FF8, 0x1FF8, 0x1FF8,
  0x1FF8, 0x1FF8, 0x1FF8, 0x1FF8, 0x1FF8, 0x1FF8, 0x1FF8, 0x1FF8,
  0x1FF8, 0x1FF8, 0x1FF8, 0x0752, 0x2752, 0x2752, 0x2752, 0xC96A,
  0x70DD, 0xEECC, 0xAECC, 0x8ECC, 0x8DCC, 0x8DC4, 0x8DCC, 0xAECC,
  0xEECC, 0xEFCC, 0xCECC, 0xAECC, 0xAECC, 0xEFCC, 0x0FCD, 0xEFCC,
  0xCECC, 0xAECC, 0xAECC, 0x886A, 0x2752, 0x2752, 0x2752, 0x0752,
  0x1FF8, 0x1FF8, 0x1FF8, 0x1FF8, 0x1FF8, 0x1FF8, 0x1FF8, 0x1FF8,
  0x1FF8, 0x1FF8, 0x1FF8, 0x1FF8, 0x1FF8, 0x1FF8, 0x1FF8, 0x1FF8,
  0x1FF8, 0x1FF8, 0x1FF8, 0x1FF8, 0x1FF8, 0x1FF8, 0x1FF8, 0x1FF8,
  0x1FF8, 0x1FF8, 0x1FF8, 0x1FF8, 0x1FF8, 0x1FF8, 0x1FF8, 0x1FF8,
  0x1FF8, 0x1FF8, 0x1FF8, 0x1FF8, 0x1FF8, 0x1FF8, 0x1FF8, 0x1FF8,
  0x1FF8, 0x1FF8, 0x0752, 0x2752, 0x2752, 0x2752, 0x2A73, 0x16F7,
  0x16EF, 0x16EF, 0x16EF, 0x36F7, 0x56F7, 0x36F7, 0x16EF, 0x16EF,
  0x16EF, 0x16EF, 0x36F7, 0x36F7, 0x16EF, 0x16EF, 0x16EF, 0x16EF,
  0x16EF, 0xF6EE, 0xA962, 0x2752, 0x2752, 0x2752, 0x0752, 0x1FF8,
  0x1FF8, 0x1FF8, 0x1FF8, 0x1FF8, 0x1FF8, 0x1FF8, 0x1FF8, 0x1FF8,
  0x1FF8, 0x1FF8, 0x1FF8, 0x1FF8, 0x1FF8, 0x1FF8, 0x1FF8, 0x1FF8,
  0x1FF8, 0x1FF8, 0x1FF8, 0x1FF8, 0x1FF8, 0x1FF8, 0x1FF8, 0x1FF8,
  0x1FF8, 0x1FF8, 0x1FF8, 0x1FF8, 0x1FF8, 0x1FF8, 0x1FF8, 0x1FF8,
  0x1FF8, 0x1FF8, 0x1FF8, 0x1FF8, 0x1FF8, 0x1FF8, 0x1FF8, 0x1FF8,
  0x1FF8, 0x0752, 0x2752, 0x2752, 0x2752, 0x2A73, 0x16F7, 0x16EF,
  0x16EF, 0x16EF, 0x16EF, 0x16EF, 0x16EF, 0x16EF, 0x16EF, 0x16EF,
  0x16EF, 0x16EF, 0x16EF, 0x16EF, 0x16EF, 0x16EF, 0x16EF, 0x16EF,
  0xF6EE, 0x485A, 0x2752, 0x2752, 0x2752, 0x0752, 0x1FF8, 0x1FF8,
  0x1FF8, 0x1FF8, 0x1FF8, 0x1FF8, 0x1FF8, 0x1FF8, 0x1FF8, 0x1FF8,
  0x1FF8, 0x1FF8, 0x1FF8, 0x1FF8, 0x1FF8, 0x1FF8, 0x1FF8, 0x1FF8,
  0x1FF8, 0x1FF8, 0x1FF8, 0x1FF8, 0x1FF8, 0x1FF8, 0x1FF8, 0x1FF8,
  0x1FF8, 0x1FF8, 0x1FF8, 0x1FF8, 0x1FF8, 0x1FF8, 0x1FF8, 0x1FF8,
  0x1FF8, 0x1FF8, 0x1FF8, 0x1FF8, 0x1FF8, 0x1FF8, 0x1FF8, 0x1FF8,
  0x0752, 0x2752, 0x2752, 0x2752, 0x2A73, 0x16EF, 0x16EF, 0x16EF,
  0x16EF, 0x16EF, 0x16EF, 0x16EF, 0x16EF, 0x16EF, 0x16EF, 0x16EF,
  0x16EF, 0x16EF, 0x16EF, 0x16EF, 0x16EF, 0x16EF, 0x16EF, 0x16EF,
  0x0752, 0x2752, 0x2752, 0x2752, 0x0752, 0x1FF8, 0x1FF8, 0x1FF8,
  0x1FF8, 0x1FF8, 0x1FF8, 0x1FF8, 0x1FF8, 0x1FF8, 0x1FF8, 0x1FF8,
  0x1FF8, 0x1FF8, 0x1FF8, 0x1FF8, 0x1FF8, 0x1FF8, 0x1FF8, 0x1FF8,
  0x1FF8, 0x1FF8, 0x1FF8, 0x1FF8, 0x1FF8, 0x1FF8, 0x1FF8, 0x1FF8,
  0x1FF8, 0x1FF8, 0x1FF8, 0x1FF8, 0x1FF8, 0x1FF8, 0x1FF8, 0x1FF8,
  0x1FF8, 0x1FF8, 0x1FF8, 0x1FF8, 0x1FF8, 0x1FF8, 0x1FF8, 0x0752,
  0x2752, 0x2752, 0x2752, 0x4B7B, 0xF6EE, 0x16EF, 0x16EF, 0x16EF,
  0x16EF, 0x16EF, 0x16EF, 0x16EF, 0x16EF, 0x16EF, 0x16EF, 0x16EF,
  0x16EF, 0x16EF, 0x16EF, 0x16EF, 0x16EF, 0x16EF, 0xF6EE, 0x0752,
  0x2752, 0x2752, 0x2852, 0x1FF8, 0x1FF8, 0x1FF8, 0x1FF8, 0x1FF8,
  0x1FF8, 0x1FF8, 0x1FF8, 0x1FF8, 0x1FF8, 0x1FF8, 0x1FF8, 0x1FF8,
  0x1FF8, 0x1FF8, 0x1FF8, 0x1FF8, 0x1FF8, 0x1FF8, 0x1FF8, 0x1FF8,
  0x1FF8, 0x1FF8, 0x1FF8, 0x1FF8, 0x1FF8, 0x1FF8, 0x1FF8, 0x1FF8,
  0x1FF8, 0x1FF8, 0x1FF8, 0x1FF8, 0x1FF8, 0x1FF8, 0x1FF8, 0x1FF8,
  0x1FF8, 0x1FF8, 0x1FF8, 0x1FF8, 0x1FF8, 0x1FF8, 0x0752, 0x2752,
  0x2752, 0x2752, 0x0A73, 0x16EF, 0x16EF, 0x16EF, 0x16EF, 0x16EF,
  0x16EF, 0x16EF, 0x16EF, 0x16EF, 0x16EF, 0x16EF, 0x16EF, 0x16EF,
  0x16EF, 0x16EF, 0x16EF, 0x16EF, 0x16EF, 0x16EF, 0xE749, 0x2752,
  0x2752, 0x2752, 0x1FF8, 0x1FF8, 0x1FF8, 0x1FF8, 0x1FF8, 0x1FF8,
  0x1FF8, 0x1FF8, 0x1FF8, 0x1FF8, 0x1FF8, 0x1FF8, 0x1FF8, 0x1FF8,
  0x1FF8, 0x1FF8, 0x1FF8, 0x1FF8, 0x1FF8, 0x1FF8, 0x1FF8, 0x1FF8,
  0x1FF8, 0x1FF8, 0x1FF8, 0x1FF8, 0x1FF8, 0x1FF8, 0x1FF8, 0x1FF8,
  0x1FF8, 0x1FF8, 0x1FF8, 0x1FF8, 0x1FF8, 0x1FF8, 0x1FF8, 0x1FF8,
  0x1FF8, 0x1FF8, 0x1FF8, 0x1FF8, 0x1FF8, 0x0752, 0x2752, 0x2752,
  0x2752, 0x8962, 0x56F7, 0x16EF, 0x16EF, 0x16EF, 0x16EF, 0x16EF,
  0x16EF, 0x16EF, 0x16EF, 0x16EF, 0x16EF, 0x16EF, 0x16EF, 0x16EF,
  0x16EF, 0x16EF, 0x16EF, 0x16EF, 0x36F7, 0xC749, 0x2752, 0x2752,
  0x2752, 0x1FF8, 0x1FF8, 0x1FF8, 0x1FF8, 0x1FF8, 0x1FF8, 0x1FF8,
  0x1FF8, 0x1FF8, 0x1FF8, 0x1FF8, 0x1FF8, 0x1FF8, 0x1FF8, 0x1FF8,
  0x1FF8, 0x1FF8, 0x1FF8, 0x1FF8, 0x1FF8, 0x1FF8, 0x1FF8, 0x1FF8,
  0x1FF8, 0x1FF8, 0x1FF8, 0x1FF8, 0x1FF8, 0x1FF8, 0x1FF8, 0x1FF8,
  0x1FF8, 0x1FF8, 0x1FF8, 0x1FF8, 0x1FF8, 0x1FF8, 0x1FF8, 0x1FF8,
  0x1FF8, 0x1FF8, 0x1FF8, 0x1FF8, 0x0752, 0x2752, 0x2752, 0x2752,
  0xE749, 0x97FF, 0x16EF, 0x16EF, 0x16EF, 0x16EF, 0x16EF, 0x16EF,
  0x16EF, 0x16EF, 0x16EF, 0x16EF, 0x16EF, 0x16EF, 0x16EF, 0x16EF,
  0x16EF, 0x16EF, 0x16EF, 0x77FF, 0xC749, 0x2752, 0x2752, 0x2752,
  0x1FF8, 0x1FF8, 0x1FF8, 0x1FF8, 0x1FF8, 0x1FF8, 0x1FF8, 0x1FF8,
  0x1FF8, 0x1FF8, 0x1FF8, 0x1FF8, 0x1FF8, 0x1FF8, 0x1FF8, 0x1FF8,
  0x1FF8, 0x1FF8, 0x1FF8, 0x1FF8, 0x1FF8, 0x1FF8, 0x1FF8, 0x1FF8,
  0x1FF8, 0x1FF8, 0x1FF8, 0x1FF8, 0x1FF8, 0x1FF8, 0x1FF8, 0x1FF8,
  0x1FF8, 0x1FF8, 0x1FF8, 0x1FF8, 0x1FF8, 0x1FF8, 0x1FF8, 0x1FF8,
  0x1FF8, 0x1FF8, 0x1FF8, 0x1FF8, 0x2752, 0x2752, 0x2752, 0xC649,
  0x57FF, 0x16EF, 0x16EF, 0x16EF, 0x16EF, 0x16EF, 0x16EF, 0x16EF,
  0x16EF, 0x16EF, 0x16EF, 0x16EF, 0x16EF, 0x16EF, 0x16EF, 0xD5EE,
  0xF2DD, 0xB1DD, 0xD5F6, 0x0752, 0x2752, 0x2752, 0x2752, 0x1FF8,
  0x1FF8, 0x1FF8, 0x1FF8, 0x1FF8, 0x1FF8, 0x1FF8, 0x1FF8, 0x1FF8,
  0x1FF8, 0x1FF8, 0x1FF8, 0x1FF8, 0x1FF8, 0x1FF8, 0x1FF8, 0x1FF8,
  0x1FF8, 0x1FF8, 0x1FF8, 0x1FF8, 0x1FF8, 0x1FF8, 0x1FF8, 0x1FF8,
  0x1FF8, 0x1FF8, 0x1FF8, 0x1FF8, 0x1FF8, 0x1FF8, 0x1FF8, 0x1FF8,
  0x1FF8, 0x1FF8, 0x1FF8, 0x1FF8, 0x1FF8, 0x1FF8, 0x1FF8, 0x1FF8,
  0x1FF8, 0x1FF8, 0x1FF8, 0x2852, 0x2752, 0x2752, 0x0752, 0xB5E6,
  0x16EF, 0x16EF, 0x16EF, 0x16EF, 0x16EF, 0x16EF, 0x16EF, 0x16EF,
  0xF6EE, 0x16EF, 0xF5EE, 0xB5EE, 0x70D5, 0xCECC, 0x6DC4, 0x8DCC,
  0x8DCC, 0x8ECC, 0x275A, 0x2752, 0x2752, 0x2752, 0x0752, 0x1FF8,
  0x1FF8, 0x1FF8, 0x1FF8, 0x1FF8, 0x1FF8, 0x1FF8, 0x1FF8, 0x1FF8,
  0x1FF8, 0x1FF8, 0x1FF8, 0x1FF8, 0x1FF8, 0x1FF8, 0x1FF8, 0x1FF8,
  0x1FF8, 0x1FF8, 0x1FF8, 0x1FF8, 0x1FF8, 0x1FF8, 0x1FF8, 0x1FF8,
  0x1FF8, 0x1FF8, 0x1FF8, 0x1FF8, 0x1FF8, 0x1FF8, 0x1FF8, 0x1FF8,
  0x1FF8, 0x1FF8, 0x1FF8, 0x1FF8, 0x1FF8, 0x1FF8, 0x1FF8, 0x1FF8,
  0x1FF8, 0x1FF8, 0x2852, 0x2752, 0x2752, 0x2752, 0x54DE, 0x16EF,
  0x16EF, 0x16EF, 0x16EF, 0x16EF, 0x16EF, 0x16EF, 0x16EF, 0xD5EE,
  0x50D5, 0xCECC, 0x8DCC, 0x8DCC, 0x8ECC, 0x8ECC, 0x8ECC, 0x8ECC,
  0x8DC4, 0x485A, 0x2752, 0x2752, 0x2752, 0x0752, 0x1FF8, 0x1FF8,
  0x1FF8, 0x1FF8, 0x1FF8, 0x1FF8, 0x1FF8, 0x1FF8, 0x1FF8, 0x1FF8,
  0x1FF8, 0x1FF8, 0x1FF8, 0x1FF8, 0x1FF8, 0x1FF8, 0x1FF8, 0x1FF8,
  0x1FF8, 0x1FF8, 0x1FF8, 0x1FF8, 0x1FF8, 0x1FF8, 0x1FF8, 0x1FF8,
  0x1FF8, 0x1FF8, 0x1FF8, 0x1FF8, 0x1FF8, 0x1FF8, 0x1FF8, 0x1FF8,
  0x1FF8, 0x1FF8, 0x1FF8, 0x1FF8, 0x1FF8, 0x1FF8, 0x1FF8, 0x1FF8,
  0x1FF8, 0x285A, 0x2752, 0x2752, 0x2752, 0x33D6, 0x16EF, 0x16EF,
  0x16EF, 0x16EF, 0x16EF, 0xF6EE, 0x53E6, 0xCECC, 0x8ECC, 0x8DCC,
  0x8DCC, 0x8ECC, 0x8ECC, 0x8ECC, 0x8ECC, 0x8ECC, 0x8ECC, 0xAECC,
  0x485A, 0x2752, 0x2752, 0x2752, 0x0752, 0x1FF8, 0x1FF8, 0x1FF8,
  0x1FF8, 0x1FF8, 0x1FF8, 0x1FF8, 0x1FF8, 0x1FF8, 0x1FF8, 0x1FF8,
  0x1FF8, 0x1FF8, 0x1FF8, 0x1FF8, 0x1FF8, 0x1FF8, 0x1FF8, 0x1FF8,
  0x1FF8, 0x1FF8, 0x1FF8, 0x1FF8, 0x1FF8, 0x1FF8, 0x1FF8, 0x1FF8,
  0x1FF8, 0x1FF8, 0x1FF8, 0x1FF8, 0x1FF8, 0x1FF8, 0x1FF8, 0x1FF8,
  0x1FF8, 0x1FF8, 0x1FF8, 0x1FF8, 0x1FF8, 0x1FF8, 0x1FF8, 0x1FF8,
  0x0752, 0x2752, 0x2752, 0x0752, 0xAFA4, 0x16EF, 0xF6EE, 0x16EF,
  0xF6EE, 0x33E6, 0x8DCC, 0x8ECC, 0x8DCC, 0x8ECC, 0x8ECC, 0x8ECC,
  0x8ECC, 0x8ECC, 0x8ECC, 0x8ECC, 0x8ECC, 0x8ECC, 0xAECC, 0x6862,
  0x2752, 0x2752, 0x2752, 0x0752, 0x1FF8, 0x1FF8, 0x1FF8, 0x1FF8,
  0x1FF8, 0x1FF8, 0x1FF8, 0x1FF8, 0x1FF8, 0x1FF8, 0x1FF8, 0x1FF8,
  0x1FF8, 0x1FF8, 0x1FF8, 0x1FF8, 0x1FF8, 0x1FF8, 0x1FF8, 0x1FF8,
  0x1FF8, 0x1FF8, 0x1FF8, 0x1FF8, 0x1FF8, 0x1FF8, 0x1FF8, 0x1FF8,
  0x1FF8, 0x1FF8, 0x1FF8, 0x1FF8, 0x1FF8, 0x1FF8, 0x1FF8, 0x1FF8,
  0x1FF8, 0x1FF8, 0x1FF8, 0x1FF8, 0x1FF8, 0x1FF8, 0x1FF8, 0x0752,
  0x2752, 0x2752, 0x2752, 0xED8B, 0xD5EE, 0x53E6, 0x0FCD, 0x6DC4,
  0x8DCC, 0x8DCC, 0x8ECC, 0x8ECC, 0x8ECC, 0x8ECC, 0x8ECC, 0x8ECC,
  0x8ECC, 0x8ECC, 0x8ECC, 0x8ECC, 0x8ECC, 0x8ECC, 0x2A83, 0x2752,
  0x2752, 0x2752, 0x285A, 0x1FF8, 0x1FF8, 0x1FF8, 0x1FF8, 0x1FF8,
  0x1FF8, 0x1FF8, 0x1FF8, 0x1FF8, 0x1FF8, 0x1FF8, 0x1FF8, 0x1FF8,
  0x1FF8, 0x1FF8, 0x1FF8, 0x1FF8, 0x1FF8, 0x1FF8, 0x1FF8, 0x1FF8,
  0x1FF8, 0x1FF8, 0x1FF8, 0x1FF8, 0x1FF8, 0x1FF8, 0x1FF8, 0x1FF8,
  0x1FF8, 0x1FF8, 0x1FF8, 0x1FF8, 0x1FF8, 0x1FF8, 0x1FF8, 0x1FF8,
  0x1FF8, 0x1FF8, 0x1FF8, 0x1FF8, 0x1FF8, 0x1FF8, 0x0752, 0x2752,
  0x2752, 0x2752, 0xA972, 0x6DC4, 0x8DCC, 0x8ECC, 0x8ECC, 0x8ECC,
  0x8ECC, 0x8ECC, 0x8ECC, 0x8ECC, 0x8ECC, 0x8ECC, 0x8ECC, 0x8ECC,
  0x8ECC, 0x8ECC, 0x8ECC, 0x8ECC, 0x8DCC, 0xCCA3, 0x2752, 0x2752,
  0x2752, 0x485A, 0x1FF8, 0x1FF8, 0x1FF8, 0x1FF8, 0x1FF8, 0x1FF8,
  0x1FF8, 0x1FF8, 0x1FF8, 0x1FF8, 0x1FF8, 0x1FF8, 0x1FF8, 0x1FF8,
  0x1FF8, 0x1FF8, 0x1FF8, 0x1FF8, 0x1FF8, 0x1FF8, 0x1FF8, 0x1FF8,
  0x1FF8, 0x1FF8, 0x1FF8, 0x1FF8, 0x1FF8, 0x1FF8, 0x1FF8, 0x1FF8,
  0x1FF8, 0x1FF8, 0x1FF8, 0x1FF8, 0x1FF8, 0x1FF8, 0x1FF8, 0x1FF8,
  0x1FF8, 0x1FF8, 0x1FF8, 0x1FF8, 0x1FF8, 0x0752, 0x2752, 0x2752,
  0x2752, 0x485A, 0xAECC, 0x8ECC, 0x8ECC, 0x8ECC, 0x8ECC, 0x8ECC,
  0x8ECC, 0x8ECC, 0x8ECC, 0x8ECC, 0x8ECC, 0x8ECC, 0x8ECC, 0x8ECC,
  0x8ECC, 0x8DCC, 0xAECC, 0xD2DD, 0xF2D5, 0xE751, 0x2752, 0x2752,
  0x2852, 0x1FF8, 0x1FF8, 0x1FF8, 0x1FF8, 0x1FF8, 0x1FF8, 0x1FF8,
  0x1FF8, 0x1FF8, 0x1FF8, 0x1FF8, 0x1FF8, 0x1FF8, 0x1FF8, 0x1FF8,
  0x1FF8, 0x1FF8, 0x1FF8, 0x1FF8, 0x1FF8, 0x1FF8, 0x1FF8, 0x1FF8,
  0x1FF8, 0x1FF8, 0x1FF8, 0x1FF8, 0x1FF8, 0x1FF8, 0x1FF8, 0x1FF8,
  0x1FF8, 0x1FF8, 0x1FF8, 0x1FF8, 0x1FF8, 0x1FF8, 0x1FF8, 0x1FF8,
  0x1FF8, 0x1FF8, 0x1FF8, 0x1FF8, 0x1FF8, 0x2752, 0x2752, 0x2752,
  0x074A, 0xCED4, 0x8ECC, 0x8ECC, 0x8ECC, 0x8ECC, 0x8ECC, 0x8ECC,
  0x8ECC, 0x8ECC, 0x8ECC, 0x8ECC, 0x8ECC, 0x8ECC, 0x8DCC, 0xAECC,
  0x71D5, 0xF5EE, 0x16EF, 0x97FF, 0xC649, 0x2752, 0x2752, 0x2752,
  0x1FF8, 0x1FF8, 0x1FF8, 0x1FF8, 0x1FF8, 0x1FF8, 0x1FF8, 0x1FF8,
  0x1FF8, 0x1FF8, 0x1FF8, 0x1FF8, 0x1FF8, 0x1FF8, 0x1FF8, 0x1FF8,
  0x1FF8, 0x1FF8, 0x1FF8, 0x1FF8, 0x1FF8, 0x1FF8, 0x1FF8, 0x1FF8,
  0x1FF8, 0x1FF8, 0x1FF8, 0x1FF8, 0x1FF8, 0x1FF8, 0x1FF8, 0x1FF8,
  0x1FF8, 0x1FF8, 0x1FF8, 0x1FF8, 0x1FF8, 0x1FF8, 0x1FF8, 0x1FF8,
  0x1FF8, 0x1FF8, 0x1FF8, 0x1FF8, 0x285A, 0x2752, 0x2752, 0x0752,
  0x0CB4, 0x8ECC, 0x8ECC, 0x8ECC, 0x8ECC, 0x8ECC, 0x8ECC, 0x8ECC,
  0x8ECC, 0x8ECC, 0x8ECC, 0x8DCC, 0x8DCC, 0xEFCC, 0xF5EE, 0x16EF,
  0x16EF, 0x16EF, 0x57FF, 0x685A, 0x2752, 0x2752, 0x2752, 0x0752,
  0x1FF8, 0x1FF8, 0x1FF8, 0x1FF8, 0x1FF8, 0x1FF8, 0x1FF8, 0x1FF8,
  0x1FF8, 0x1FF8, 0x1FF8, 0x1FF8, 0x1FF8, 0x1FF8, 0x1FF8, 0x1FF8,
  0x1FF8, 0x1FF8, 0x1FF8, 0x1FF8, 0x1FF8, 0x1FF8, 0x1FF8, 0x1FF8,
  0x1FF8, 0x1FF8, 0x1FF8, 0x1FF8, 0x1FF8, 0x1FF8, 0x1FF8, 0x1FF8,
  0x1FF8, 0x1FF8, 0x1FF8, 0x1FF8, 0x1FF8, 0x1FF8, 0x1FF8, 0x1FF8,
  0x1FF8, 0x1FF8, 0x1FF8, 0x485A, 0x2752, 0x2752, 0x2752, 0x8B93,
  0x8DCC, 0x8ECC, 0x8ECC, 0x8ECC, 0x8ECC, 0x8ECC, 0x8ECC, 0x8ECC,
  0x8ECC, 0x8DCC, 0xAECC, 0x33E6, 0xF6EE, 0x16EF, 0x16EF, 0x16EF,
  0x16EF, 0x16EF, 0xCC8B, 0x2752, 0x2752, 0x2752, 0x2852, 0x1FF8,
  0x1FF8, 0x1FF8, 0x1FF8, 0x1FF8, 0x1FF8, 0x1FF8, 0x1FF8, 0x1FF8,
  0x1FF8, 0x1FF8, 0x1FF8, 0x1FF8, 0x1FF8, 0x1FF8, 0x1FF8, 0x1FF8,
  0x1FF8, 0x1FF8, 0x1FF8, 0x1FF8, 0x1FF8, 0x1FF8, 0x1FF8, 0x1FF8,
  0x1FF8, 0x1FF8, 0x1FF8, 0x1FF8, 0x1FF8, 0x1FF8, 0x1FF8, 0x1FF8,
  0x1FF8, 0x1FF8, 0x1FF8, 0x1FF8, 0x1FF8, 0x1FF8, 0x1FF8, 0x1FF8,
  0x1FF8, 0x1FF8, 0x2752, 0x2752, 0x2752, 0x2752, 0x6862, 0xCED4,
  0x8ECC, 0x8ECC, 0x8ECC, 0x8ECC, 0x8ECC, 0x8ECC, 0x8DCC, 0xAECC,
  0x50D5, 0xD5EE, 0x16EF, 0x16EF, 0x16EF, 0x16EF, 0x16EF, 0x16EF,
  0x16EF, 0x51BD, 0x0752, 0x2752, 0x2752, 0x2752, 0x1FF8, 0x1FF8,
  0x1FF8, 0x1FF8, 0x1FF8, 0x1FF8, 0x1FF8, 0x1FF8, 0x1FF8, 0x1FF8,
  0x1FF8, 0x1FF8, 0x1FF8, 0x1FF8, 0x1FF8, 0x1FF8, 0x1FF8, 0x1FF8,
  0x1FF8, 0x1FF8, 0x1FF8, 0x1FF8, 0x1FF8, 0x1FF8, 0x1FF8, 0x1FF8,
  0x1FF8, 0x1FF8, 0x1FF8, 0x1FF8, 0x1FF8, 0x1FF8, 0x1FF8, 0x1FF8,
  0x1FF8, 0x1FF8, 0x1FF8, 0x1FF8, 0x1FF8, 0x1FF8, 0x1FF8, 0x1FF8,
  0x1FF8, 0x0752, 0x2752, 0x2752, 0x2752, 0x074A, 0x6DC4, 0x8ECC,
  0x8ECC, 0x8ECC, 0x8ECC, 0x8DCC, 0x8DCC, 0x0FCD, 0xF5EE, 0x16EF,
  0x16EF, 0x16EF, 0x16EF, 0x16EF, 0x16EF, 0x16EF, 0x16EF, 0x16EF,
  0x57FF, 0x0752, 0x2752, 0x2752, 0x2752, 0x0752, 0x1FF8, 0x1FF8,
  0x1FF8, 0x1FF8, 0x1FF8, 0x1FF8, 0x1FF8, 0x1FF8, 0x1FF8, 0x1FF8,
  0x1FF8, 0x1FF8, 0x1FF8, 0x1FF8, 0x1FF8, 0x1FF8, 0x1FF8, 0x1FF8,
  0x1FF8, 0x1FF8, 0x1FF8, 0x1FF8, 0x1FF8, 0x1FF8, 0x1FF8, 0x1FF8,
  0x1FF8, 0x1FF8, 0x1FF8, 0x1FF8, 0x1FF8, 0x1FF8, 0x1FF8, 0x1FF8,
  0x1FF8, 0x1FF8, 0x1FF8, 0x1FF8, 0x1FF8, 0x1FF8, 0x1FF8, 0x1FF8,
  0x1FF8, 0x285A, 0x2752, 0x2752, 0x2752, 0xCCA3, 0x8ECC, 0x8ECC,
  0x8DCC, 0x8DCC, 0xEECC, 0x94E6, 0x16EF, 0x16EF, 0x16EF, 0x16EF,
  0x16EF, 0x16EF, 0x16EF, 0x16EF, 0x16EF, 0x16EF, 0x16EF, 0x16EF,
  0xEA6A, 0x2752, 0x2752, 0x2752, 0x0752, 0x1FF8, 0x1FF8, 0x1FF8,
  0x1FF8, 0x1FF8, 0x1FF8, 0x1FF8, 0x1FF8, 0x1FF8, 0x1FF8, 0x1FF8,
  0x1FF8, 0x1FF8, 0x1FF8, 0x1FF8, 0x1FF8, 0x1FF8, 0x1FF8, 0x1FF8,
  0x1FF8, 0x1FF8, 0x1FF8, 0x1FF8, 0x1FF8, 0x1FF8, 0x1FF8, 0x1FF8,
  0x1FF8, 0x1FF8, 0x1FF8, 0x1FF8, 0x1FF8, 0x1FF8, 0x1FF8, 0x1FF8,
  0x1FF8, 0x1FF8, 0x1FF8, 0x1FF8, 0x1FF8, 0x1FF8, 0x1FF8, 0x1FF8,
  0x0752, 0x2752, 0x2752, 0x2752, 0x285A, 0xCED4, 0x8DCC, 0xCECC,
  0x13DE, 0xF5EE, 0x16EF, 0x16EF, 0x16EF, 0x16EF, 0x16EF, 0x16EF,
  0x16EF, 0x16EF, 0x16EF, 0x16EF, 0x16EF, 0x16EF, 0x53E6, 0x8B93,
  0x0752, 0x2752, 0x2752, 0x2752, 0x1FF8, 0x1FF8, 0x1FF8, 0x1FF8,
  0x1FF8, 0x1FF8, 0x1FF8, 0x1FF8, 0x1FF8, 0x1FF8, 0x1FF8, 0x1FF8,
  0x1FF8, 0x1FF8, 0x1FF8, 0x1FF8, 0x1FF8, 0x1FF8, 0x1FF8, 0x1FF8,
  0x1FF8, 0x1FF8, 0x1FF8, 0x1FF8, 0x1FF8, 0x1FF8, 0x1FF8, 0x1FF8,
  0x1FF8, 0x1FF8, 0x1FF8, 0x1FF8, 0x1FF8, 0x1FF8, 0x1FF8, 0x1FF8,
  0x1FF8, 0x1FF8, 0x1FF8, 0x1FF8, 0x1FF8, 0x1FF8, 0x1FF8, 0x0752,
  0x2752, 0x2752, 0x2752, 0x0752, 0x4DB4, 0xF2DD, 0xF5EE, 0x16EF,
  0x16EF, 0x16EF, 0x16EF, 0x16EF, 0x16EF, 0x16EF, 0x16EF, 0x16EF,
  0x16EF, 0x16EF, 0x16EF, 0xF6EE, 0xB4EE, 0x8DC4, 0x8DC4, 0x485A,
  0x2752, 0x2752, 0x2752, 0x0752, 0x1FF8, 0x1FF8, 0x1FF8, 0x1FF8,
  0x1FF8, 0x1FF8, 0x1FF8, 0x1FF8, 0x1FF8, 0x1FF8, 0x1FF8, 0x1FF8,
  0x1FF8, 0x1FF8, 0x1FF8, 0x1FF8, 0x1FF8, 0x1FF8, 0x1FF8, 0x1FF8,
  0x1FF8, 0x1FF8, 0x1FF8, 0x1FF8, 0x1FF8, 0x1FF8, 0x1FF8, 0x1FF8,
  0x1FF8, 0x1FF8, 0x1FF8, 0x1FF8, 0x1FF8, 0x1FF8, 0x1FF8, 0x1FF8,
  0x1FF8, 0x1FF8, 0x1FF8, 0x1FF8, 0x1FF8, 0x1FF8, 0x1FF8, 0x285A,
  0x2752, 0x2752, 0x2752, 0x2A7B, 0x56F7, 0x16EF, 0x16EF, 0x16EF,
  0x16EF, 0x16EF, 0x16EF, 0x16EF, 0x16EF, 0x16EF, 0x16EF, 0x16EF,
  0x16EF, 0xF6EE, 0xF5EE, 0xAECC, 0x8DCC, 0xAECC, 0xE97A, 0x2752,
  0x2752, 0x2752, 0x2752, 0x1FF8, 0x1FF8, 0x1FF8, 0x1FF8, 0x1FF8,
  0x1FF8, 0x1FF8, 0x1FF8, 0x1FF8, 0x1FF8, 0x1FF8, 0x1FF8, 0x1FF8,
  0x1FF8, 0x1FF8, 0x1FF8, 0x1FF8, 0x1FF8, 0x1FF8, 0x1FF8, 0x1FF8,
  0x1FF8, 0x1FF8, 0x1FF8, 0x1FF8, 0x1FF8, 0x1FF8, 0x1FF8, 0x1FF8,
  0x1FF8, 0x1FF8, 0x1FF8, 0x1FF8, 0x1FF8, 0x1FF8, 0x1FF8, 0x1FF8,
  0x1FF8, 0x1FF8, 0x1FF8, 0x1FF8, 0x1FF8, 0x1FF8, 0x0752, 0x2752,
  0x2752, 0x2752, 0x2752, 0x74DE, 0x16EF, 0x16EF, 0x16EF, 0x16EF,
  0x16EF, 0x16EF, 0x16EF, 0x16EF, 0x16EF, 0x16EF, 0x16EF, 0xF6EE,
  0x16EF, 0x30D5, 0x8DCC, 0x8ECC, 0x8ECC, 0x6DC4, 0x285A, 0x2752,
  0x2752, 0x2752, 0x0752, 0x1FF8, 0x1FF8, 0x1FF8, 0x1FF8, 0x1FF8,
  0x1FF8, 0x1FF8, 0x1FF8, 0x1FF8, 0x1FF8, 0x1FF8, 0x1FF8, 0x1FF8,
  0x1FF8, 0x1FF8, 0x1FF8, 0x1FF8, 0x1FF8, 0x1FF8, 0x1FF8, 0x1FF8,
  0x1FF8, 0x1FF8, 0x1FF8, 0x1FF8, 0x1FF8, 0x1FF8, 0x1FF8, 0x1FF8,
  0x1FF8, 0x1FF8, 0x1FF8, 0x1FF8, 0x1FF8, 0x1FF8, 0x1FF8, 0x1FF8,
  0x1FF8, 0x1FF8, 0x1FF8, 0x1FF8, 0x1FF8, 0x1FF8, 0x2852, 0x2752,
  0x2752, 0x2752, 0x2D94, 0x36F7, 0x16EF, 0x16EF, 0x16EF, 0x16EF,
  0x16EF, 0x16EF, 0x16EF, 0x16EF, 0x16EF, 0x16EF, 0xF6EE, 0x12DE,
  0x8DCC, 0x8ECC, 0x8ECC, 0x8ECC, 0xAECC, 0x0A83, 0x2752, 0x2752,
  0x2752, 0x2752, 0x0752, 0x1FF8, 0x1FF8, 0x1FF8, 0x1FF8, 0x1FF8,
  0x1FF8, 0x1FF8, 0x1FF8, 0x1FF8, 0x1FF8, 0x1FF8, 0x1FF8, 0x1FF8,
  0x1FF8, 0x1FF8, 0x1FF8, 0x1FF8, 0x1FF8, 0x1FF8, 0x1FF8, 0x1FF8,
  0x1FF8, 0x1FF8, 0x1FF8, 0x1FF8, 0x1FF8, 0x1FF8, 0x1FF8, 0x1FF8,
  0x1FF8, 0x1FF8, 0x1FF8, 0x1FF8, 0x1FF8, 0x1FF8, 0x1FF8, 0x1FF8,
  0x1FF8, 0x1FF8, 0x1FF8, 0x1FF8, 0x1FF8, 0x0752, 0x2752, 0x2752,
  0x2752, 0x285A, 0x74DE, 0xF6EE, 0x16EF, 0x16EF, 0x16EF, 0x16EF,
  0x16EF, 0x16EF, 0x16EF, 0x16EF, 0x16EF, 0x36F7, 0x8DCC, 0x8ECC,
  0x8ECC, 0x8ECC, 0x8ECC, 0x8ECC, 0x6DC4, 0x485A, 0x2752, 0x2752,
  0x2752, 0x2752, 0x0752, 0x1FF8, 0x1FF8, 0x1FF8, 0x1FF8, 0x1FF8,
  0x1FF8, 0x1FF8, 0x1FF8, 0x1FF8, 0x1FF8, 0x1FF8, 0x1FF8, 0x1FF8,
  0x1FF8, 0x1FF8, 0x1FF8, 0x1FF8, 0x1FF8, 0x1FF8, 0x1FF8, 0x1FF8,
  0x1FF8, 0x1FF8, 0x1FF8, 0x1FF8, 0x1FF8, 0x1FF8, 0x1FF8, 0x1FF8,
  0x1FF8, 0x1FF8, 0x1FF8, 0x1FF8, 0x1FF8, 0x1FF8, 0x1FF8, 0x1FF8,
  0x1FF8, 0x1FF8, 0x1FF8, 0x1FF8, 0x1FF8, 0x2752, 0x2752, 0x2752,
  0x2752, 0xEA6A, 0x56F7, 0x16EF, 0x16EF, 0x16EF, 0x16EF, 0x16EF,
  0x16EF, 0x16EF, 0x16EF, 0x36F7, 0x0FD5, 0x8ECC, 0x8ECC, 0x8ECC,
  0x8ECC, 0x8ECC, 0x8ECC, 0x8ECC, 0x2DBC, 0x285A, 0x2752, 0x2752,
  0x2752, 0x2752, 0x0752, 0x1FF8, 0x1FF8, 0x1FF8, 0x1FF8, 0x1FF8,
  0x1FF8, 0x1FF8, 0x1FF8, 0x1FF8, 0x1FF8, 0x1FF8, 0x1FF8, 0x1FF8,
  0x1FF8, 0x1FF8, 0x1FF8, 0x1FF8, 0x1FF8, 0x1FF8, 0x1FF8, 0x1FF8,
  0x1FF8, 0x1FF8, 0x1FF8, 0x1FF8, 0x1FF8, 0x1FF8, 0x1FF8, 0x1FF8,
  0x1FF8, 0x1FF8, 0x1FF8, 0x1FF8, 0x1FF8, 0x1FF8, 0x1FF8, 0x1FF8,
  0x1FF8, 0x1FF8, 0x1FF8, 0x1FF8, 0x0752, 0x2752, 0x2752, 0x2752,
  0x2752, 0x6E9C, 0x56F7, 0x16EF, 0x16EF, 0x16EF, 0x16EF, 0x16EF,
  0x16EF, 0x36F7, 0x91DD, 0x8DCC, 0x8ECC, 0x8ECC, 0x8ECC, 0x8ECC,
  0x8ECC, 0x8ECC, 0x8DCC, 0x91DD, 0xCFAC, 0x0752, 0x2752, 0x2752,
  0x2752, 0x2752, 0x0752, 0x1FF8, 0x1FF8, 0x1FF8, 0x1FF8, 0x1FF8,
  0x1FF8, 0x1FF8, 0x1FF8, 0x1FF8, 0x1FF8, 0x1FF8, 0x1FF8, 0x1FF8,
  0x1FF8, 0x1FF8, 0x1FF8, 0x1FF8, 0x1FF8, 0x1FF8, 0x1FF8, 0x1FF8,
  0x1FF8, 0x1FF8, 0x1FF8, 0x1FF8, 0x1FF8, 0x1FF8, 0x1FF8, 0x1FF8,
  0x1FF8, 0x1FF8, 0x1FF8, 0x1FF8, 0x1FF8, 0x1FF8, 0x1FF8, 0x1FF8,
  0x1FF8, 0x1FF8, 0x1FF8, 0x1FF8, 0x2752, 0x2752, 0x2752, 0x2752,
  0x2752, 0x51B5, 0x36F7, 0x16EF, 0x16EF, 0x16EF, 0x16EF, 0x56F7,
  0x71D5, 0x8DCC, 0x8ECC, 0x8ECC, 0x8ECC, 0x8ECC, 0x8ECC, 0x8ECC,
  0x8ECC, 0xCECC, 0x57F7, 0x16EF, 0xED8B, 0x0752, 0x2752, 0x2752,
  0x2752, 0x2752, 0x0752, 0x1FF8, 0x1FF8, 0x1FF8, 0x1FF8, 0x1FF8,
  0x1FF8, 0x1FF8, 0x1FF8, 0x1FF8, 0x1FF8, 0x1FF8, 0x1FF8, 0x1FF8,
  0x1FF8, 0x1FF8, 0x1FF8, 0x1FF8, 0x1FF8, 0x1FF8, 0x1FF8, 0x1FF8,
  0x1FF8, 0x1FF8, 0x1FF8, 0x1FF8, 0x1FF8, 0x1FF8, 0x1FF8, 0x1FF8,
  0x1FF8, 0x1FF8, 0x1FF8, 0x1FF8, 0x1FF8, 0x1FF8, 0x1FF8, 0x1FF8,
  0x1FF8, 0x1FF8, 0x1FF8, 0x0752, 0x2752, 0x2752, 0x2752, 0x2752,
  0x0752, 0xD2CD, 0x16EF, 0x16EF, 0x16EF, 0x36F7, 0x91DD, 0x8DCC,
  0x8ECC, 0x8ECC, 0x8ECC, 0x8ECC, 0x8ECC, 0x8ECC, 0x8DCC, 0x8DCC,
  0xF6EE, 0x16EF, 0xF6EE, 0xF6EE, 0xCC8B, 0xE751, 0x2752, 0x2752,
  0x2752, 0x2752, 0x2852, 0x1FF8, 0x1FF8, 0x1FF8, 0x1FF8, 0x1FF8,
  0x1FF8, 0x1FF8, 0x1FF8, 0x1FF8, 0x1FF8, 0x1FF8, 0x1FF8, 0x1FF8,
  0x1FF8, 0x1FF8, 0x1FF8, 0x1FF8, 0x1FF8, 0x1FF8, 0x1FF8, 0x1FF8,
  0x1FF8, 0x1FF8, 0x1FF8, 0x1FF8, 0x1FF8, 0x1FF8, 0x1FF8, 0x1FF8,
  0x1FF8, 0x1FF8, 0x1FF8, 0x1FF8, 0x1FF8, 0x1FF8, 0x1FF8, 0x1FF8,
  0x1FF8, 0x1FF8, 0x1FF8, 0x0752, 0x2752, 0x2752, 0x2752, 0x2752,
  0xE749, 0x13D6, 0xF6EE, 0x36F7, 0xB2DD, 0x8DCC, 0x8ECC, 0x8ECC,
  0x8ECC, 0x8ECC, 0x8ECC, 0x8ECC, 0x8ECC, 0x8DCC, 0x53E6, 0x16EF,
  0x16EF, 0x16EF, 0xF6EE, 0x16F7, 0x6E9C, 0xE749, 0x2752, 0x2752,
  0x2752, 0x2752, 0x285A, 0x1FF8, 0x1FF8, 0x1FF8, 0x1FF8, 0x1FF8,
  0x1FF8, 0x1FF8, 0x1FF8, 0x1FF8, 0x1FF8, 0x1FF8, 0x1FF8, 0x1FF8,
  0x1FF8, 0x1FF8, 0x1FF8, 0x1FF8, 0x1FF8, 0x1FF8, 0x1FF8, 0x1FF8,
  0x1FF8, 0x1FF8, 0x1FF8, 0x1FF8, 0x1FF8, 0x1FF8, 0x1FF8, 0x1FF8,
  0x1FF8, 0x1FF8, 0x1FF8, 0x1FF8, 0x1FF8, 0x1FF8, 0x1FF8, 0x1FF8,
  0x1FF8, 0x1FF8, 0x1FF8, 0x0752, 0x2752, 0x2752, 0x2752, 0x2752,
  0xE751, 0xF5EE, 0x33E6, 0x8DCC, 0x8DCC, 0x8ECC, 0x8ECC, 0x8ECC,
  0x8ECC, 0x8ECC, 0x8ECC, 0x8DCC, 0x91DD, 0x16EF, 0x16EF, 0x16EF,
  0x16EF, 0x16EF, 0xF6EE, 0x16F7, 0xEFAC, 0xC749, 0x2752, 0x2752,
  0x2752, 0x2752, 0x2852, 0x0752, 0x1FF8, 0x1FF8, 0x1FF8, 0x1FF8,
  0x1FF8, 0x1FF8, 0x1FF8, 0x1FF8, 0x1FF8, 0x1FF8, 0x1FF8, 0x1FF8,
  0x1FF8, 0x1FF8, 0x1FF8, 0x1FF8, 0x1FF8, 0x1FF8, 0x1FF8, 0x1FF8,
  0x1FF8, 0x1FF8, 0x1FF8, 0x1FF8, 0x1FF8, 0x1FF8, 0x1FF8, 0x1FF8,
  0x1FF8, 0x1FF8, 0x1FF8, 0x1FF8, 0x1FF8, 0x1FF8, 0x1FF8, 0x1FF8,
  0x1FF8, 0x1FF8, 0x1FF8, 0x0752, 0x2752, 0x2752, 0x2752, 0x2752,
  0xA962, 0xEEDC, 0x8DCC, 0x8ECC, 0x8ECC, 0x8ECC, 0x8ECC, 0x8ECC,
  0x8ECC, 0x8DCC, 0xEFCC, 0x16EF, 0x16EF, 0x16EF, 0x16EF, 0x16EF,
  0x16EF, 0x16EF, 0x16EF, 0x16EF, 0x92C5, 0xC649, 0x2752, 0x2752,
  0x2752, 0x2752, 0x2752, 0x0752, 0x0752, 0x1FF8, 0x1FF8, 0x1FF8,
  0x1FF8, 0x1FF8, 0x1FF8, 0x1FF8, 0x1FF8, 0x1FF8, 0x1FF8, 0x1FF8,
  0x1FF8, 0x1FF8, 0x1FF8, 0x1FF8, 0x1FF8, 0x1FF8, 0x1FF8, 0x1FF8,
  0x1FF8, 0x1FF8, 0x1FF8, 0x1FF8, 0x1FF8, 0x1FF8, 0x1FF8, 0x1FF8,
  0x1FF8, 0x1FF8, 0x1FF8, 0x1FF8, 0x1FF8, 0x1FF8, 0x1FF8, 0x1FF8,
  0x1FF8, 0x1FF8, 0x1FF8, 0x285A, 0x2752, 0x2752, 0x2752, 0x2752,
  0xC972, 0xCED4, 0x8ECC, 0x8ECC, 0x8ECC, 0x8ECC, 0x8ECC, 0x8DCC,
  0xEFCC, 0x16EF, 0x16EF, 0x16EF, 0x16EF, 0x16EF, 0x16EF, 0x16EF,
  0x16EF, 0x16EF, 0x16EF, 0xF6EE, 0xB5E6, 0x685A, 0x2752, 0x2752,
  0x2752, 0x2752, 0x2752, 0x2752, 0x485A, 0x0752, 0x1FF8, 0x1FF8,
  0x1FF8, 0x1FF8, 0x1FF8, 0x1FF8, 0x1FF8, 0x1FF8, 0x1FF8, 0x1FF8,
  0x1FF8, 0x1FF8, 0x1FF8, 0x1FF8, 0x1FF8, 0x1FF8, 0x1FF8, 0x1FF8,
  0x1FF8, 0x1FF8, 0x1FF8, 0x1FF8, 0x1FF8, 0x1FF8, 0x1FF8, 0x1FF8,
  0x1FF8, 0x1FF8, 0x1FF8, 0x1FF8, 0x1FF8, 0x1FF8, 0x1FF8, 0x1FF8,
  0x1FF8, 0x1FF8, 0x1FF8, 0x485A, 0x2752, 0x2752, 0x2752, 0x0752,
  0xEA7A, 0xCED4, 0x8ECC, 0x8ECC, 0x8ECC, 0x8ECC, 0xEFCC, 0x36F7,
  0xF6EE, 0x16EF, 0x16EF, 0x16EF, 0x16EF, 0x16EF, 0x16EF, 0x16EF,
  0x16EF, 0x16EF, 0x16EF, 0xF6EE, 0x56F7, 0xAC83, 0x2752, 0x2752,
  0x2752, 0x2752, 0x2752, 0x2752, 0x2752, 0x2752, 0x0752, 0x1FF8,
  0x1FF8, 0x1FF8, 0x1FF8, 0x1FF8, 0x1FF8, 0x1FF8, 0x1FF8, 0x1FF8,
  0x1FF8, 0x1FF8, 0x1FF8, 0x1FF8, 0x1FF8, 0x1FF8, 0x1FF8, 0x1FF8,
  0x1FF8, 0x1FF8, 0x1FF8, 0x1FF8, 0x1FF8, 0x1FF8, 0x1FF8, 0x1FF8,
  0x1FF8, 0x1FF8, 0x1FF8, 0x1FF8, 0x1FF8, 0x1FF8, 0x1FF8, 0x1FF8,
  0x1FF8, 0x1FF8, 0x1FF8, 0x285A, 0x2752, 0x2752, 0x2752, 0x0752,
  0xEA7A, 0xAECC, 0x8DCC, 0x8ECC, 0x8DCC, 0x33E6, 0xF6EE, 0x16EF,
  0x16EF, 0x16EF, 0x16EF, 0x16EF, 0x16EF, 0x16EF, 0x16EF, 0x16EF,
  0x16EF, 0x16EF, 0x16EF, 0x16EF, 0xD2DD, 0x0CB4, 0x485A, 0x0752,
  0x2752, 0x2752, 0x2752, 0x2752, 0x2752, 0x2752, 0x2752, 0x0752,
  0x1FF8, 0x1FF8, 0x1FF8, 0x1FF8, 0x1FF8, 0x1FF8, 0x1FF8, 0x1FF8,
  0x1FF8, 0x1FF8, 0x1FF8, 0x1FF8, 0x1FF8, 0x1FF8, 0x1FF8, 0x1FF8,
  0x1FF8, 0x1FF8, 0x1FF8, 0x1FF8, 0x1FF8, 0x1FF8, 0x1FF8, 0x1FF8,
  0x1FF8, 0x1FF8, 0x1FF8, 0x1FF8, 0x1FF8, 0x1FF8, 0x1FF8, 0x1FF8,
  0x1FF8, 0x1FF8, 0x0752, 0x2852, 0x2752, 0x2752, 0x2752, 0x0752,
  0xE97A, 0xAECC, 0x8DCC, 0x6DC4, 0xF5EE, 0x16EF, 0x16EF, 0x16EF,
  0x16EF, 0x16EF, 0x16EF, 0x16EF, 0x16EF, 0x16EF, 0x16EF, 0x16EF,
  0x16EF, 0x16EF, 0x13DE, 0x6DC4, 0x8ECC, 0xAECC, 0x6B93, 0x2752,
  0x2752, 0x2752, 0x2752, 0x2752, 0x2752, 0x2752, 0x2752, 0x0752,
  0x1FF8, 0x1FF8, 0x1FF8, 0x1FF8, 0x1FF8, 0x1FF8, 0x1FF8, 0x1FF8,
  0x1FF8, 0x1FF8, 0x1FF8, 0x1FF8, 0x1FF8, 0x1FF8, 0x1FF8, 0x1FF8,
  0x1FF8, 0x1FF8, 0x1FF8, 0x1FF8, 0x1FF8, 0x1FF8, 0x1FF8, 0x1FF8,
  0x1FF8, 0x1FF8, 0x1FF8, 0x1FF8, 0x1FF8, 0x1FF8, 0x1FF8, 0x1FF8,
  0x1FF8, 0x1FF8, 0x0752, 0x2852, 0x2752, 0x2752, 0x2752, 0x0752,
  0xA96A, 0xAECC, 0x2FD5, 0x16EF, 0x16EF, 0x16EF, 0x16EF, 0x16EF,
  0x16EF, 0x16EF, 0x16EF, 0x16EF, 0x16EF, 0x16EF, 0x16EF, 0x16EF,
  0x74E6, 0x6DC4, 0x8ECC, 0x8ECC, 0x8ECC, 0x8ECC, 0xAECC, 0x4A93,
  0x074A, 0x0752, 0x2752, 0x2752, 0x2752, 0x2752, 0x2752, 0x2752,
  0x0752, 0x1FF8, 0x1FF8, 0x1FF8, 0x1FF8, 0x1FF8, 0x1FF8, 0x1FF8,
  0x1FF8, 0x1FF8, 0x1FF8, 0x1FF8, 0x1FF8, 0x1FF8, 0x1FF8, 0x1FF8,
  0x1FF8, 0x1FF8, 0x1FF8, 0x1FF8, 0x1FF8, 0x1FF8, 0x1FF8, 0x1FF8,
  0x1FF8, 0x1FF8, 0x1FF8, 0x1FF8, 0x1FF8, 0x1FF8, 0x1FF8, 0x1FF8,
  0x1FF8, 0x1FF8, 0x0752, 0x2852, 0x2752, 0x2752, 0x2752, 0x2752,
  0x6862, 0xD5E6, 0x16EF, 0x16EF, 0x16EF, 0x16EF, 0x16EF, 0x16EF,
  0x16EF, 0x16EF, 0x16EF, 0x16EF, 0x16EF, 0xF6EE, 0xF5EE, 0x6DC4,
  0x8DCC, 0x8ECC, 0x8ECC, 0x8ECC, 0x8ECC, 0x8ECC, 0x8DC4, 0xCED4,
  0xECAB, 0x485A, 0x2752, 0x2752, 0x2752, 0x2752, 0x2752, 0x2752,
  0x285A, 0x1FF8, 0x1FF8, 0x1FF8, 0x1FF8, 0x1FF8, 0x1FF8, 0x1FF8,
  0x1FF8, 0x1FF8, 0x1FF8, 0x1FF8, 0x1FF8, 0x1FF8, 0x1FF8, 0x1FF8,
  0x1FF8, 0x1FF8, 0x1FF8, 0x1FF8, 0x1FF8, 0x1FF8, 0x1FF8, 0x1FF8,
  0x1FF8, 0x1FF8, 0x1FF8, 0x1FF8, 0x1FF8, 0x1FF8, 0x1FF8, 0x1FF8,
  0x1FF8, 0x1FF8, 0x0752, 0x2752, 0x2752, 0x2752, 0x2752, 0x2752,
  0x485A, 0x92C5, 0x77FF, 0xF6EE, 0x16EF, 0x16EF, 0x16EF, 0x16EF,
  0x16EF, 0x16EF, 0x16EF, 0x16EF, 0x36F7, 0xCECC, 0x8ECC, 0x8ECC,
  0x8ECC, 0x8ECC, 0x8ECC, 0x8ECC, 0x8ECC, 0x8ECC, 0x8ECC, 0x8DCC,
  0x8DCC, 0x4A8B, 0x2752, 0x2752, 0x2752, 0x2752, 0x2752, 0x2752,
  0x285A, 0x1FF8, 0x1FF8, 0x1FF8, 0x1FF8, 0x1FF8, 0x1FF8, 0x1FF8,
  0x1FF8, 0x1FF8, 0x1FF8, 0x1FF8, 0x1FF8, 0x1FF8, 0x1FF8, 0x1FF8,
  0x1FF8, 0x1FF8, 0x1FF8, 0x1FF8, 0x1FF8, 0x1FF8, 0x1FF8, 0x1FF8,
  0x1FF8, 0x1FF8, 0x1FF8, 0x1FF8, 0x1FF8, 0x1FF8, 0x1FF8, 0x1FF8,
  0x1FF8, 0x1FF8, 0x0752, 0x2752, 0x2752, 0x2752, 0x2752, 0x2752,
  0x2752, 0xC96A, 0xD5EE, 0x16EF, 0x16EF, 0x16EF, 0x16EF, 0x16EF,
  0x16EF, 0x16EF, 0x16EF, 0x33E6, 0x8DCC, 0x8ECC, 0x8ECC, 0x8ECC,
  0x8ECC, 0x8ECC, 0x8ECC, 0x8ECC, 0x8ECC, 0x8ECC, 0x8ECC, 0x8DCC,
  0x8ECC, 0xAECC, 0xA972, 0x0752, 0x2752, 0x2752, 0x2752, 0x2752,
  0x485A, 0x1FF8, 0x1FF8, 0x1FF8, 0x1FF8, 0x1FF8, 0x1FF8, 0x1FF8,
  0x1FF8, 0x1FF8, 0x1FF8, 0x1FF8, 0x1FF8, 0x1FF8, 0x1FF8, 0x1FF8,
  0x1FF8, 0x1FF8, 0x1FF8, 0x1FF8, 0x1FF8, 0x1FF8, 0x1FF8, 0x1FF8,
  0x1FF8, 0x1FF8, 0x1FF8, 0x1FF8, 0x1FF8, 0x1FF8, 0x1FF8, 0x1FF8,
  0x1FF8, 0x1FF8, 0x1FF8, 0x0752, 0x2752, 0x2752, 0x2752, 0x2752,
  0x2752, 0xE749, 0xCFAC, 0x97FF, 0xF6EE, 0x16EF, 0x16EF, 0x16EF,
  0xF6EE, 0xF5EE, 0xAECC, 0x8DCC, 0x8ECC, 0x8ECC, 0x8ECC, 0x8ECC,
  0x8ECC, 0x8ECC, 0x8ECC, 0x8ECC, 0x8ECC, 0x8ECC, 0x8ECC, 0x8ECC,
  0x8DCC, 0x91DD, 0x51B5, 0xC649, 0x2752, 0x2752, 0x2752, 0x2752,
  0x0752, 0x1FF8, 0x1FF8, 0x1FF8, 0x1FF8, 0x1FF8, 0x1FF8, 0x1FF8,
  0x1FF8, 0x1FF8, 0x1FF8, 0x1FF8, 0x1FF8, 0x1FF8, 0x1FF8, 0x1FF8,
  0x1FF8, 0x1FF8, 0x1FF8, 0x1FF8, 0x1FF8, 0x1FF8, 0x1FF8, 0x1FF8,
  0x1FF8, 0x1FF8, 0x1FF8, 0x1FF8, 0x1FF8, 0x1FF8, 0x1FF8, 0x1FF8,
  0x1FF8, 0x1FF8, 0x1FF8, 0x0752, 0x2752, 0x2752, 0x2752, 0x2752,
  0x2752, 0x0752, 0x685A, 0xF3CD, 0x16EF, 0xF6EE, 0x16EF, 0x16EF,
  0x50D5, 0x8DCC, 0x8ECC, 0x8ECC, 0x8ECC, 0x8ECC, 0x8ECC, 0x8ECC,
  0x8ECC, 0x8ECC, 0x8ECC, 0x8ECC, 0x8ECC, 0x8ECC, 0x8DCC, 0x50D5,
  0xF6EE, 0x16EF, 0x94E6, 0x0752, 0x2752, 0x2752, 0x2752, 0x2752,
  0x0752, 0x1FF8, 0x1FF8, 0x1FF8, 0x1FF8, 0x1FF8, 0x1FF8, 0x1FF8,
  0x1FF8, 0x1FF8, 0x1FF8, 0x1FF8, 0x1FF8, 0x1FF8, 0x1FF8, 0x1FF8,
  0x1FF8, 0x1FF8, 0x1FF8, 0x1FF8, 0x1FF8, 0x1FF8, 0x1FF8, 0x1FF8,
  0x1FF8, 0x1FF8, 0x1FF8, 0x1FF8, 0x1FF8, 0x1FF8, 0x1FF8, 0x1FF8,
  0x1FF8, 0x1FF8, 0x1FF8, 0x0752, 0x2852, 0x2752, 0x2752, 0x2752,
  0x2752, 0x2752, 0x0752, 0xEA6A, 0xB5E6, 0x16F7, 0x16EF, 0x8DC4,
  0x8ECC, 0x8ECC, 0x8ECC, 0x8ECC, 0x8ECC, 0x8ECC, 0x8ECC, 0x8ECC,
  0x8ECC, 0x8ECC, 0x8ECC, 0x8ECC, 0x8DCC, 0x0FCD, 0xF6EE, 0x16EF,
  0x16EF, 0xF6EE, 0x94E6, 0xE749, 0x2752, 0x2752, 0x2752, 0x285A,
  0x0752, 0x1FF8, 0x1FF8, 0x1FF8, 0x1FF8, 0x1FF8, 0x1FF8, 0x1FF8,
  0x1FF8, 0x1FF8, 0x1FF8, 0x1FF8, 0x1FF8, 0x1FF8, 0x1FF8, 0x1FF8,
  0x1FF8, 0x1FF8, 0x1FF8, 0x1FF8, 0x1FF8, 0x1FF8, 0x1FF8, 0x1FF8,
  0x1FF8, 0x1FF8, 0x1FF8, 0x1FF8, 0x1FF8, 0x1FF8, 0x1FF8, 0x1FF8,
  0x1FF8, 0x1FF8, 0x1FF8, 0x1FF8, 0x2752, 0x2752, 0x2752, 0x2752,
  0x2752, 0x2752, 0x2752, 0x485A, 0xCFAC, 0x12E6, 0x8DCC, 0x8ECC,
  0x8ECC, 0x8ECC, 0x8ECC, 0x8ECC, 0x8ECC, 0x8ECC, 0x8ECC, 0x8ECC,
  0x8ECC, 0x8ECC, 0x8DCC, 0xAECC, 0xF5EE, 0xF6EE, 0x16EF, 0x16EF,
  0x16EF, 0xF6EE, 0xD2CD, 0x0752, 0x2752, 0x2752, 0x2752, 0x285A,
  0x1FF8, 0x1FF8, 0x1FF8, 0x1FF8, 0x1FF8, 0x1FF8, 0x1FF8, 0x1FF8,
  0x1FF8, 0x1FF8, 0x1FF8, 0x1FF8, 0x1FF8, 0x1FF8, 0x1FF8, 0x1FF8,
  0x1FF8, 0x1FF8, 0x1FF8, 0x1FF8, 0x1FF8, 0x1FF8, 0x1FF8, 0x1FF8,
  0x1FF8, 0x1FF8, 0x1FF8, 0x1FF8, 0x1FF8, 0x1FF8, 0x1FF8, 0x1FF8,
  0x1FF8, 0x1FF8, 0x1FF8, 0x1FF8, 0x0752, 0x2752, 0x2752, 0x2752,
  0x2752, 0x2752, 0x2752, 0x2752, 0x275A, 0x4DBC, 0x8ECC, 0x8ECC,
  0x8ECC, 0x8ECC, 0x8ECC, 0x8ECC, 0x8ECC, 0x8ECC, 0x8ECC, 0x8ECC,
  0x8DCC, 0x8DCC, 0xD5EE, 0xF6EE, 0x16EF, 0x16EF, 0x16EF, 0x16EF,
  0x16EF, 0x56F7, 0x8EA4, 0x2752, 0x2752, 0x2752, 0x2752, 0x0752,
  0x1FF8, 0x1FF8, 0x1FF8, 0x1FF8, 0x1FF8, 0x1FF8, 0x1FF8, 0x1FF8,
  0x1FF8, 0x1FF8, 0x1FF8, 0x1FF8, 0x1FF8, 0x1FF8, 0x1FF8, 0x1FF8,
  0x1FF8, 0x1FF8, 0x1FF8, 0x1FF8, 0x1FF8, 0x1FF8, 0x1FF8, 0x1FF8,
  0x1FF8, 0x1FF8, 0x1FF8, 0x1FF8, 0x1FF8, 0x1FF8, 0x1FF8, 0x1FF8,
  0x1FF8, 0x1FF8, 0x1FF8, 0x1FF8, 0x1FF8, 0x0752, 0x2752, 0x2752,
  0x2752, 0x2752, 0x2752, 0x2752, 0x074A, 0xCCA3, 0xAECC, 0x8ECC,
  0x8ECC, 0x8ECC, 0x8ECC, 0x8ECC, 0x8ECC, 0x8ECC, 0x8ECC, 0x6DC4,
  0x94E6, 0xF6EE, 0x16EF, 0x16EF, 0x16EF, 0x16EF, 0x16EF, 0x16EF,
  0x16EF, 0x57FF, 0xA962, 0x2752, 0x2752, 0x2752, 0x2752, 0x0752,
  0x1FF8, 0x1FF8, 0x1FF8, 0x1FF8, 0x1FF8, 0x1FF8, 0x1FF8, 0x1FF8,
  0x1FF8, 0x1FF8, 0x1FF8, 0x1FF8, 0x1FF8, 0x1FF8, 0x1FF8, 0x1FF8,
  0x1FF8, 0x1FF8, 0x1FF8, 0x1FF8, 0x1FF8, 0x1FF8, 0x1FF8, 0x1FF8,
  0x1FF8, 0x1FF8, 0x1FF8, 0x1FF8, 0x1FF8, 0x1FF8, 0x1FF8, 0x1FF8,
  0x1FF8, 0x1FF8, 0x1FF8, 0x1FF8, 0x1FF8, 0x1FF8, 0x0752, 0x2852,
  0x2752, 0x2752, 0x2752, 0x2752, 0x074A, 0x2A8B, 0xAECC, 0x8DCC,
  0x8ECC, 0x8ECC, 0x8ECC, 0x8ECC, 0x8ECC, 0x6DC4, 0x53E6, 0x16EF,
  0x16EF, 0x16EF, 0x16EF, 0x16EF, 0x16EF, 0x16EF, 0x16EF, 0x16EF,
  0x16EF, 0x94DE, 0x0752, 0x2752, 0x2752, 0x2752, 0x2752, 0x0752,
  0x1FF8, 0x1FF8, 0x1FF8, 0x1FF8, 0x1FF8, 0x1FF8, 0x1FF8, 0x1FF8,
  0x1FF8, 0x1FF8, 0x1FF8, 0x1FF8, 0x1FF8, 0x1FF8, 0x1FF8, 0x1FF8,
  0x1FF8, 0x1FF8, 0x1FF8, 0x1FF8, 0x1FF8, 0x1FF8, 0x1FF8, 0x1FF8,
  0x1FF8, 0x1FF8, 0x1FF8, 0x1FF8, 0x1FF8, 0x1FF8, 0x1FF8, 0x1FF8,
  0x1FF8, 0x1FF8, 0x1FF8, 0x1FF8, 0x1FF8, 0x1FF8, 0x0752, 0x285A,
  0x2752, 0x2752, 0x2752, 0x2752, 0x0752, 0xE97A, 0xAECC, 0x8ECC,
  0x8ECC, 0x8ECC, 0x8ECC, 0x6DC4, 0xF2DD, 0x16EF, 0x16EF, 0x16EF,
  0x16EF, 0x16EF, 0x16EF, 0x16EF, 0x16EF, 0x16EF, 0x16EF, 0x16EF,
  0x16EF, 0x13D6, 0x2752, 0x2752, 0x2752, 0x2752, 0x2752, 0x1FF8,
  0x1FF8, 0x1FF8, 0x1FF8, 0x1FF8, 0x1FF8, 0x1FF8, 0x1FF8, 0x1FF8,
  0x1FF8, 0x1FF8, 0x1FF8, 0x1FF8, 0x1FF8, 0x1FF8, 0x1FF8, 0x1FF8,
  0x1FF8, 0x1FF8, 0x1FF8, 0x1FF8, 0x1FF8, 0x1FF8, 0x1FF8, 0x1FF8,
  0x1FF8, 0x1FF8, 0x1FF8, 0x1FF8, 0x1FF8, 0x1FF8, 0x1FF8, 0x1FF8,
  0x1FF8, 0x1FF8, 0x1FF8, 0x1FF8, 0x1FF8, 0x1FF8, 0x1FF8, 0x2852,
  0x2752, 0x2752, 0x2752, 0x2752, 0x0752, 0xC97A, 0x8ECC, 0x8DCC,
  0x8ECC, 0x6DC4, 0xD2DD, 0x16EF, 0x16EF, 0x16EF, 0x16EF, 0x16EF,
  0x16EF, 0x16EF, 0x16EF, 0x16EF, 0x16EF, 0x16EF, 0x16EF, 0x16EF,
  0x36F7, 0xCFAC, 0x2752, 0x2752, 0x2752, 0x2752, 0x0752, 0x1FF8,
  0x1FF8, 0x1FF8, 0x1FF8, 0x1FF8, 0x1FF8, 0x1FF8, 0x1FF8, 0x1FF8,
  0x1FF8, 0x1FF8, 0x1FF8, 0x1FF8, 0x1FF8, 0x1FF8, 0x1FF8, 0x1FF8,
  0x1FF8, 0x1FF8, 0x1FF8, 0x1FF8, 0x1FF8, 0x1FF8, 0x1FF8, 0x1FF8,
  0x1FF8, 0x1FF8, 0x1FF8, 0x1FF8, 0x1FF8, 0x1FF8, 0x1FF8, 0x1FF8,
  0x1FF8, 0x1FF8, 0x1FF8, 0x1FF8, 0x1FF8, 0x1FF8, 0x1FF8, 0x0752,
  0x2752, 0x2752, 0x2752, 0x2752, 0x0752, 0xE97A, 0x8DCC, 0x8DC4,
  0x71D5, 0x16EF, 0x16EF, 0x16EF, 0x16EF, 0x16EF, 0x16EF, 0x16EF,
  0x16EF, 0x16EF, 0x16EF, 0x16EF, 0x16EF, 0x16EF, 0x16EF, 0x16EF,
  0x36F7, 0x2A73, 0x2752, 0x2752, 0x2752, 0x2752, 0x0752, 0x1FF8,
  0x1FF8, 0x1FF8, 0x1FF8, 0x1FF8, 0x1FF8, 0x1FF8, 0x1FF8, 0x1FF8,
  0x1FF8, 0x1FF8, 0x1FF8, 0x1FF8, 0x1FF8, 0x1FF8, 0x1FF8, 0x1FF8,
  0x1FF8, 0x1FF8, 0x1FF8, 0x1FF8, 0x1FF8, 0x1FF8, 0x1FF8, 0x1FF8,
  0x1FF8, 0x1FF8, 0x1FF8, 0x1FF8, 0x1FF8, 0x1FF8, 0x1FF8, 0x1FF8,
  0x1FF8, 0x1FF8, 0x1FF8, 0x1FF8, 0x1FF8, 0x1FF8, 0x1FF8, 0x0752,
  0x2752, 0x2752, 0x2752, 0x2752, 0x0752, 0x2A83, 0x71DD, 0x16EF,
  0xF6EE, 0x16EF, 0x16EF, 0x16EF, 0x16EF, 0x16EF, 0x16EF, 0x16EF,
  0x16EF, 0x16EF, 0x16EF, 0x16EF, 0x16EF, 0x16EF, 0x16EF, 0x16EF,
  0xB5E6, 0x685A, 0x2752, 0x2752, 0x2752, 0x2752, 0x1FF8, 0x1FF8,
  0x1FF8, 0x1FF8, 0x1FF8, 0x1FF8, 0x1FF8, 0x1FF8, 0x1FF8, 0x1FF8,
  0x1FF8, 0x1FF8, 0x1FF8, 0x1FF8, 0x1FF8, 0x1FF8, 0x1FF8, 0x1FF8,
  0x1FF8, 0x1FF8, 0x1FF8, 0x1FF8, 0x1FF8, 0x1FF8, 0x1FF8, 0x1FF8,
  0x1FF8, 0x1FF8, 0x1FF8, 0x1FF8, 0x1FF8, 0x1FF8, 0x1FF8, 0x1FF8,
  0x1FF8, 0x1FF8, 0x1FF8, 0x1FF8, 0x1FF8, 0x1FF8, 0x1FF8, 0x0752,
  0x2752, 0x2752, 0x2752, 0x2752, 0x2752, 0xD2CD, 0x16F7, 0x16EF,
  0x16EF, 0x16EF, 0x16EF, 0x16EF, 0x16EF, 0x16EF, 0x16EF, 0x16EF,
  0x16EF, 0x16EF, 0x16EF, 0x16EF, 0x16EF, 0x16EF, 0x16EF, 0x16EF,
  0x74DE, 0x2752, 0x2752, 0x2752, 0x2752, 0x0752, 0x1FF8, 0x1FF8,
  0x1FF8, 0x1FF8, 0x1FF8, 0x1FF8, 0x1FF8, 0x1FF8, 0x1FF8, 0x1FF8,
  0x1FF8, 0x1FF8, 0x1FF8, 0x1FF8, 0x1FF8, 0x1FF8, 0x1FF8, 0x1FF8,
  0x1FF8, 0x1FF8, 0x1FF8, 0x1FF8, 0x1FF8, 0x1FF8, 0x1FF8, 0x1FF8,
  0x1FF8, 0x1FF8, 0x1FF8, 0x1FF8, 0x1FF8, 0x1FF8, 0x1FF8, 0x1FF8,
  0x1FF8, 0x1FF8, 0x1FF8, 0x1FF8, 0x1FF8, 0x1FF8, 0x1FF8, 0x2752,
  0x2752, 0x2752, 0x2752, 0x2752, 0x685A, 0xB5E6, 0x16EF, 0x16EF,
  0x16EF, 0x16EF, 0x16EF, 0x16EF, 0x16EF, 0x16EF, 0x16EF, 0x16EF,
  0x16EF, 0x16EF, 0x16EF, 0x16EF, 0x16EF, 0x16EF, 0x16EF, 0x36F7,
  0x0A73, 0x0752, 0x2752, 0x2752, 0x2752, 0x1FF8, 0x1FF8, 0x1FF8,
  0x1FF8, 0x1FF8, 0x1FF8, 0x1FF8, 0x1FF8, 0x1FF8, 0x1FF8, 0x1FF8,
  0x1FF8, 0x1FF8, 0x1FF8, 0x1FF8, 0x1FF8, 0x1FF8, 0x1FF8, 0x1FF8,
  0x1FF8, 0x1FF8, 0x1FF8, 0x1FF8, 0x1FF8, 0x1FF8, 0x1FF8, 0x1FF8,
  0x1FF8, 0x1FF8, 0x1FF8, 0x1FF8, 0x1FF8, 0x1FF8, 0x1FF8, 0x1FF8,
  0x1FF8, 0x1FF8, 0x1FF8, 0x1FF8, 0x1FF8, 0x1FF8, 0x1FF8, 0x0752,
  0x2752, 0x2752, 0x2752, 0x0752, 0x0A73, 0x36F7, 0x16EF, 0x16EF,
  0x16EF, 0x16EF, 0x16EF, 0x16EF, 0x16EF, 0x16EF, 0x16EF, 0x16EF,
  0x16EF, 0x16EF, 0x16EF, 0x16EF, 0x16EF, 0x16EF, 0x16EF, 0x94DE,
  0x285A, 0x2752, 0x2752, 0x2752, 0x0752, 0x1FF8, 0x1FF8, 0x1FF8,
  0x1FF8, 0x1FF8, 0x1FF8, 0x1FF8, 0x1FF8, 0x1FF8, 0x1FF8, 0x1FF8,
  0x1FF8, 0x1FF8, 0x1FF8, 0x1FF8, 0x1FF8, 0x1FF8, 0x1FF8, 0x1FF8,
  0x1FF8, 0x1FF8, 0x1FF8, 0x1FF8, 0x1FF8, 0x1FF8, 0x1FF8, 0x1FF8,
  0x1FF8, 0x1FF8, 0x1FF8, 0x1FF8, 0x1FF8, 0x1FF8, 0x1FF8, 0x1FF8,
  0x1FF8, 0x1FF8, 0x1FF8, 0x1FF8, 0x1FF8, 0x1FF8, 0x1FF8, 0x0752,
  0x2752, 0x2752, 0x2752, 0x2752, 0x33D6, 0x16EF, 0x16EF, 0x16EF,
  0x16EF, 0x16EF, 0x16EF, 0x16EF, 0x16EF, 0x16EF, 0x16EF, 0x16EF,
  0x16EF, 0x16EF, 0x16EF, 0x16EF, 0x16EF, 0x16EF, 0x36F7, 0x2A73,
  0x2752, 0x2752, 0x2752, 0x2752, 0x1FF8, 0x1FF8, 0x1FF8, 0x1FF8,
  0x1FF8, 0x1FF8, 0x1FF8, 0x1FF8, 0x1FF8, 0x1FF8, 0x1FF8, 0x1FF8,
  0x1FF8, 0x1FF8, 0x1FF8, 0x1FF8, 0x1FF8, 0x1FF8, 0x1FF8, 0x1FF8,
  0x1FF8, 0x1FF8, 0x1FF8, 0x1FF8, 0x1FF8, 0x1FF8, 0x1FF8, 0x1FF8,
  0x1FF8, 0x1FF8, 0x1FF8, 0x1FF8, 0x1FF8, 0x1FF8, 0x1FF8, 0x1FF8,
  0x1FF8, 0x1FF8, 0x1FF8, 0x1FF8, 0x1FF8, 0x1FF8, 0x1FF8, 0x2752,
  0x2752, 0x2752, 0x2752, 0xA962, 0xF5EE, 0x16EF, 0x16EF, 0x16EF,
  0x16EF, 0x16EF, 0x16EF, 0x16EF, 0x16EF, 0x16EF, 0x16EF, 0x16EF,
  0x16EF, 0x16EF, 0x16EF, 0x16EF, 0x16EF, 0x16EF, 0x94DE, 0x2752,
  0x2752, 0x2752, 0x2752, 0x0752, 0x1FF8, 0x1FF8, 0x1FF8, 0x1FF8,
  0x1FF8, 0x1FF8, 0x1FF8, 0x1FF8, 0x1FF8, 0x1FF8, 0x1FF8, 0x1FF8,
  0x1FF8, 0x1FF8, 0x1FF8, 0x1FF8, 0x1FF8, 0x1FF8, 0x1FF8, 0x1FF8,
  0x1FF8, 0x1FF8, 0x1FF8, 0x1FF8, 0x1FF8, 0x1FF8, 0x1FF8, 0x1FF8,
  0x1FF8, 0x1FF8, 0x1FF8, 0x1FF8, 0x1FF8, 0x1FF8, 0x1FF8, 0x1FF8,
  0x1FF8, 0x1FF8, 0x1FF8, 0x1FF8, 0x1FF8, 0x1FF8, 0x0752, 0x2752,
  0x2752, 0x2752, 0x2752, 0xB2C5, 0x16EF, 0x16EF, 0x16EF, 0x16EF,
  0x16EF, 0x16EF, 0x16EF, 0x16EF, 0x16EF, 0x16EF, 0x16EF, 0x16EF,
  0x16EF, 0x16EF, 0x16EF, 0x16EF, 0x57F7, 0x91DD, 0x8862, 0x2752,
  0x2752, 0x2752, 0x2752, 0x1FF8, 0x1FF8, 0x1FF8, 0x1FF8, 0x1FF8,
  0x1FF8, 0x1FF8, 0x1FF8, 0x1FF8, 0x1FF8, 0x1FF8, 0x1FF8, 0x1FF8,
  0x1FF8, 0x1FF8, 0x1FF8, 0x1FF8, 0x1FF8, 0x1FF8, 0x1FF8, 0x1FF8,
  0x1FF8, 0x1FF8, 0x1FF8, 0x1FF8, 0x1FF8, 0x1FF8, 0x1FF8, 0x1FF8,
  0x1FF8, 0x1FF8, 0x1FF8, 0x1FF8, 0x1FF8, 0x1FF8, 0x1FF8, 0x1FF8,
  0x1FF8, 0x1FF8, 0x1FF8, 0x1FF8, 0x1FF8, 0x1FF8, 0x2752, 0x2752,
  0x2752, 0x2752, 0xA962, 0xF5EE, 0x16EF, 0x16EF, 0x16EF, 0x16EF,
  0x16EF, 0x16EF, 0x16EF, 0x16EF, 0x16EF, 0x16EF, 0x16EF, 0xF6EE,
  0x36F7, 0xF6EE, 0xF2DD, 0x4DC4, 0x8DCC, 0x2DB4, 0x2752, 0x2752,
  0x2752, 0x2852, 0x1FF8, 0x1FF8, 0x1FF8, 0x1FF8, 0x1FF8, 0x1FF8,
  0x1FF8, 0x1FF8, 0x1FF8, 0x1FF8, 0x1FF8, 0x1FF8, 0x1FF8, 0x1FF8,
  0x1FF8, 0x1FF8, 0x1FF8, 0x1FF8, 0x1FF8, 0x1FF8, 0x1FF8, 0x1FF8,
  0x1FF8, 0x1FF8, 0x1FF8, 0x1FF8, 0x1FF8, 0x1FF8, 0x1FF8, 0x1FF8,
  0x1FF8, 0x1FF8, 0x1FF8, 0x1FF8, 0x1FF8, 0x1FF8, 0x1FF8, 0x1FF8,
  0x1FF8, 0x1FF8, 0x1FF8, 0x1FF8, 0x1FF8, 0x0752, 0x2752, 0x2752,
  0x2752, 0x0752, 0x33D6, 0x16EF, 0x16EF, 0x16EF, 0x16EF, 0xF6EE,
  0x16EF, 0x16EF, 0xF5EE, 0x16EF, 0xF6EE, 0xB1DD, 0x70D5, 0xAECC,
  0x6DC4, 0x8DCC, 0x8ECC, 0x8ECC, 0xAECC, 0x0752, 0x2752, 0x2752,
  0x2752, 0x0752, 0x1FF8, 0x1FF8, 0x1FF8, 0x1FF8, 0x1FF8, 0x1FF8,
  0x1FF8, 0x1FF8, 0x1FF8, 0x1FF8, 0x1FF8, 0x1FF8, 0x1FF8, 0x1FF8,
  0x1FF8, 0x1FF8, 0x1FF8, 0x1FF8, 0x1FF8, 0x1FF8, 0x1FF8, 0x1FF8,
  0x1FF8, 0x1FF8, 0x1FF8, 0x1FF8, 0x1FF8, 0x1FF8, 0x1FF8, 0x1FF8,
  0x1FF8, 0x1FF8, 0x1FF8, 0x1FF8, 0x1FF8, 0x1FF8, 0x1FF8, 0x1FF8,
  0x1FF8, 0x1FF8, 0x1FF8, 0x1FF8, 0x1FF8, 0x2752, 0x2752, 0x2752,
  0x2752, 0x0A73, 0x16EF, 0x16EF, 0x56F7, 0xB5EE, 0x74E6, 0x0FD5,
  0x8DC4, 0xAECC, 0x8DCC, 0x8DC4, 0x8DCC, 0x8DCC, 0x8ECC, 0x8ECC,
  0x8ECC, 0x8ECC, 0x8ECC, 0xAECC, 0xC972, 0x2752, 0x2752, 0x2752,
  0x2852, 0x1FF8, 0x1FF8, 0x1FF8, 0x1FF8, 0x1FF8, 0x1FF8, 0x1FF8,
  0x1FF8, 0x1FF8, 0x1FF8, 0x1FF8, 0x1FF8, 0x1FF8, 0x1FF8, 0x1FF8,
  0x1FF8, 0x1FF8, 0x1FF8, 0x1FF8, 0x1FF8, 0x1FF8, 0x1FF8, 0x1FF8,
  0x1FF8, 0x1FF8, 0x1FF8, 0x1FF8, 0x1FF8, 0x1FF8, 0x1FF8, 0x1FF8,
  0x1FF8, 0x1FF8, 0x1FF8, 0x1FF8, 0x1FF8, 0x1FF8, 0x1FF8, 0x1FF8,
  0x1FF8, 0x1FF8, 0x1FF8, 0x1FF8, 0x2752, 0x2752, 0x2752, 0x2752,
  0x0752, 0x94EE, 0x91DD, 0x4DC4, 0x8DC4, 0x8DCC, 0x8DCC, 0x8DCC,
  0x8ECC, 0x8ECC, 0x8ECC, 0x8ECC, 0x8ECC, 0x8ECC, 0x8ECC, 0x8ECC,
  0x8ECC, 0x8ECC, 0x8ECC, 0xECAB, 0x2752, 0x2752, 0x2752, 0x285A,
  0x1FF8, 0x1FF8, 0x1FF8, 0x1FF8, 0x1FF8, 0x1FF8, 0x1FF8, 0x1FF8,
  0x1FF8, 0x1FF8, 0x1FF8, 0x1FF8, 0x1FF8, 0x1FF8, 0x1FF8, 0x1FF8,
  0x1FF8, 0x1FF8, 0x1FF8, 0x1FF8, 0x1FF8, 0x1FF8, 0x1FF8, 0x1FF8,
  0x1FF8, 0x1FF8, 0x1FF8, 0x1FF8, 0x1FF8, 0x1FF8, 0x1FF8, 0x1FF8,
  0x1FF8, 0x1FF8, 0x1FF8, 0x1FF8, 0x1FF8, 0x1FF8, 0x1FF8, 0x1FF8,
  0x1FF8, 0x1FF8, 0x1FF8, 0x1FF8, 0x2752, 0x2752, 0x2752, 0x0752,
  0xC97A, 0x8ECC, 0x8ECC, 0x8ECC, 0x8ECC, 0x8ECC, 0x8ECC, 0x8ECC,
  0x8ECC, 0x8ECC, 0x8ECC, 0x8ECC, 0x8ECC, 0x8ECC, 0x8ECC, 0x8ECC,
  0x8ECC, 0x8ECC, 0x8DC4, 0xE749, 0x2752, 0x2752, 0x2752, 0x1FF8,
  0x1FF8, 0x1FF8, 0x1FF8, 0x1FF8, 0x1FF8, 0x1FF8, 0x1FF8, 0x1FF8,
  0x1FF8, 0x1FF8, 0x1FF8, 0x1FF8, 0x1FF8, 0x1FF8, 0x1FF8, 0x1FF8,
  0x1FF8, 0x1FF8, 0x1FF8, 0x1FF8, 0x1FF8, 0x1FF8, 0x1FF8, 0x1FF8,
  0x1FF8, 0x1FF8, 0x1FF8, 0x1FF8, 0x1FF8, 0x1FF8, 0x1FF8, 0x1FF8,
  0x1FF8, 0x1FF8, 0x1FF8, 0x1FF8, 0x1FF8, 0x1FF8, 0x1FF8, 0x1FF8,
  0x1FF8, 0x1FF8, 0x1FF8, 0x0752, 0x2752, 0x2752, 0x2752, 0x275A,
  0xAECC, 0x8ECC, 0x8ECC, 0x8ECC, 0x8ECC, 0x8ECC, 0x8ECC, 0x8ECC,
  0x8ECC, 0x8ECC, 0x8ECC, 0x8ECC, 0x8ECC, 0x8ECC, 0x8ECC, 0x8ECC,
  0x8ECC, 0xCED4, 0x485A, 0x2752, 0x2752, 0x2752, 0x0752, 0x1FF8,
  0x1FF8, 0x1FF8, 0x1FF8, 0x1FF8, 0x1FF8, 0x1FF8, 0x1FF8, 0x1FF8,
  0x1FF8, 0x1FF8, 0x1FF8, 0x1FF8, 0x1FF8, 0x1FF8, 0x1FF8, 0x1FF8,
  0x1FF8, 0x1FF8, 0x1FF8, 0x1FF8, 0x1FF8, 0x1FF8, 0x1FF8, 0x1FF8,
  0x1FF8, 0x1FF8, 0x1FF8, 0x1FF8, 0x1FF8, 0x1FF8, 0x1FF8, 0x1FF8,
  0x1FF8, 0x1FF8, 0x1FF8, 0x1FF8, 0x1FF8, 0x1FF8, 0x1FF8, 0x1FF8,
  0x1FF8, 0x1FF8, 0x1FF8, 0x2752, 0x2752, 0x2752, 0x0752, 0x6B93,
  0x8ECC, 0x8ECC, 0x8ECC, 0x8ECC, 0x8ECC, 0x8ECC, 0x8ECC, 0x8ECC,
  0x8ECC, 0x8ECC, 0x8ECC, 0x8ECC, 0x8ECC, 0x8ECC, 0x8ECC, 0x8ECC,
  0x8ECC, 0x0A83, 0x2752, 0x2752, 0x2752, 0x285A, 0x1FF8, 0x1FF8,
  0x1FF8, 0x1FF8, 0x1FF8, 0x1FF8, 0x1FF8, 0x1FF8, 0x1FF8, 0x1FF8,
  0x1FF8, 0x1FF8, 0x1FF8, 0x1FF8, 0x1FF8, 0x1FF8, 0x1FF8, 0x1FF8,
  0x1FF8, 0x1FF8, 0x1FF8, 0x1FF8, 0x1FF8, 0x1FF8, 0x1FF8, 0x1FF8,
  0x1FF8, 0x1FF8, 0x1FF8, 0x1FF8, 0x1FF8, 0x1FF8, 0x1FF8, 0x1FF8,
  0x1FF8, 0x1FF8, 0x1FF8, 0x1FF8, 0x1FF8, 0x1FF8, 0x1FF8, 0x1FF8,
  0x1FF8, 0x1FF8, 0x2752, 0x2752, 0x2752, 0x2752, 0x8862, 0xAECC,
  0x8ECC, 0x8ECC, 0x8ECC, 0x8ECC, 0x8ECC, 0x8ECC, 0x8ECC, 0x8ECC,
  0x8ECC, 0x8ECC, 0x8ECC, 0x8ECC, 0x8ECC, 0x8ECC, 0x8ECC, 0x8ECC,
  0x6B93, 0x2752, 0x2752, 0x2752, 0x285A, 0x1FF8, 0x1FF8, 0x1FF8,
  0x1FF8, 0x1FF8, 0x1FF8, 0x1FF8, 0x1FF8, 0x1FF8, 0x1FF8, 0x1FF8,
  0x1FF8, 0x1FF8, 0x1FF8, 0x1FF8, 0x1FF8, 0x1FF8, 0x1FF8, 0x1FF8,
  0x1FF8, 0x1FF8, 0x1FF8, 0x1FF8, 0x1FF8, 0x1FF8, 0x1FF8, 0x1FF8,
  0x1FF8, 0x1FF8, 0x1FF8, 0x1FF8, 0x1FF8, 0x1FF8, 0x1FF8, 0x1FF8,
  0x1FF8, 0x1FF8, 0x1FF8, 0x1FF8, 0x1FF8, 0x1FF8, 0x1FF8, 0x1FF8,
  0x1FF8, 0x0752, 0x2752, 0x2752, 0x2752, 0x074A, 0xCED4, 0x8ECC,
  0x8ECC, 0x8ECC, 0x8ECC, 0x8ECC, 0x8ECC, 0x8ECC, 0x8ECC, 0x8ECC,
  0x8ECC, 0x8ECC, 0x8ECC, 0x8ECC, 0x8ECC, 0x8ECC, 0x8ECC, 0xCCAB,
  0x0752, 0x2752, 0x2752, 0x2752, 0x1FF8, 0x1FF8, 0x1FF8, 0x1FF8,
  0x1FF8, 0x1FF8, 0x1FF8, 0x1FF8, 0x1FF8, 0x1FF8, 0x1FF8, 0x1FF8,
  0x1FF8, 0x1FF8, 0x1FF8, 0x1FF8, 0x1FF8, 0x1FF8, 0x1FF8, 0x1FF8,
  0x1FF8, 0x1FF8, 0x1FF8, 0x1FF8, 0x1FF8, 0x1FF8, 0x1FF8, 0x1FF8,
  0x1FF8, 0x1FF8, 0x1FF8, 0x1FF8, 0x1FF8, 0x1FF8, 0x1FF8, 0x1FF8,
  0x1FF8, 0x1FF8, 0x1FF8, 0x1FF8, 0x1FF8, 0x1FF8, 0x1FF8, 0x1FF8,
  0x1FF8, 0x285A, 0x2752, 0x2752, 0x0752, 0x8B9B, 0x8ECC, 0x8ECC,
  0x8ECC, 0x8ECC, 0x8ECC, 0x8ECC, 0x8ECC, 0x8DCC, 0x8DCC, 0x8DCC,
  0x8DCC, 0x6DC4, 0x4DC4, 0x6DC4, 0x8ECC, 0xAECC, 0x8DC4, 0x0752,
  0x2752, 0x2752, 0x2752, 0x1FF8, 0x1FF8, 0x1FF8, 0x1FF8, 0x1FF8,
  0x1FF8, 0x1FF8, 0x1FF8, 0x1FF8, 0x1FF8, 0x1FF8, 0x1FF8, 0x1FF8,
  0x1FF8, 0x1FF8, 0x1FF8, 0x1FF8, 0x1FF8, 0x1FF8, 0x1FF8, 0x1FF8,
  0x1FF8, 0x1FF8, 0x1FF8, 0x1FF8, 0x1FF8, 0x1FF8, 0x1FF8, 0x1FF8,
  0x1FF8, 0x1FF8, 0x1FF8, 0x1FF8, 0x1FF8, 0x1FF8, 0x1FF8, 0x1FF8,
  0x1FF8, 0x1FF8, 0x1FF8, 0x1FF8, 0x1FF8, 0x1FF8, 0x1FF8, 0x1FF8,
  0x485A, 0x2752, 0x2752, 0x2752, 0xC972, 0xAECC, 0x8ECC, 0x8DCC,
  0x8DCC, 0x8DCC, 0x8DCC, 0x8ECC, 0x8DCC, 0xCECC, 0x91DD, 0x33E6,
  0xB5EE, 0x57F7, 0x36F7, 0x16EF, 0xF6EE, 0x36F7, 0x0752, 0x2752,
  0x2752, 0x2752, 0x1FF8, 0x1FF8, 0x1FF8, 0x1FF8, 0x1FF8, 0x1FF8,
  0x1FF8, 0x1FF8, 0x1FF8, 0x1FF8, 0x1FF8, 0x1FF8, 0x1FF8, 0x1FF8,
  0x1FF8, 0x1FF8, 0x1FF8, 0x1FF8, 0x1FF8, 0x1FF8, 0x1FF8, 0x1FF8,
  0x1FF8, 0x1FF8, 0x1FF8, 0x1FF8, 0x1FF8, 0x1FF8, 0x1FF8, 0x1FF8,
  0x1FF8, 0x1FF8, 0x1FF8, 0x1FF8, 0x1FF8, 0x1FF8, 0x1FF8, 0x1FF8,
  0x1FF8, 0x1FF8, 0x1FF8, 0x1FF8, 0x1FF8, 0x1FF8, 0x1FF8, 0x0752,
  0x2752, 0x2752, 0x2752, 0x0752, 0xAED4, 0x8DCC, 0xEFCC, 0x50D5,
  0xB1DD, 0x94E6, 0xD5EE, 0x16EF, 0x36F7, 0x16EF, 0xF6EE, 0x16EF,
  0x16EF, 0x16EF, 0x16EF, 0x16EF, 0xD5EE, 0x2752, 0x2752, 0x2752,
  0x2752, 0x1FF8, 0x1FF8, 0x1FF8, 0x1FF8, 0x1FF8, 0x1FF8, 0x1FF8,
  0x1FF8, 0x1FF8, 0x1FF8, 0x1FF8, 0x1FF8, 0x1FF8, 0x1FF8, 0x1FF8,
  0x1FF8, 0x1FF8, 0x1FF8, 0x1FF8, 0x1FF8, 0x1FF8, 0x1FF8, 0x1FF8,
  0x1FF8, 0x1FF8, 0x1FF8, 0x1FF8, 0x1FF8, 0x1FF8, 0x1FF8, 0x1FF8,
  0x1FF8, 0x1FF8, 0x1FF8, 0x1FF8, 0x1FF8, 0x1FF8, 0x1FF8, 0x1FF8,
  0x1FF8, 0x1FF8, 0x1FF8, 0x1FF8, 0x1FF8, 0x1FF8, 0x1FF8, 0x2752,
  0x2752, 0x2752, 0xE749, 0x97FF, 0x36F7, 0x16EF, 0xF6EE, 0x16EF,
  0xF6EE, 0x16EF, 0x16EF, 0x16EF, 0x16EF, 0x16EF, 0x16EF, 0x16EF,
  0x16EF, 0x16EF, 0x16EF, 0x94E6, 0x0752, 0x2752, 0x2752, 0x2852,
  0x1FF8, 0x1FF8, 0x1FF8, 0x1FF8, 0x1FF8, 0x1FF8, 0x1FF8, 0x1FF8,
  0x1FF8, 0x1FF8, 0x1FF8, 0x1FF8, 0x1FF8, 0x1FF8, 0x1FF8, 0x1FF8,
  0x1FF8, 0x1FF8, 0x1FF8, 0x1FF8, 0x1FF8, 0x1FF8, 0x1FF8, 0x1FF8,
  0x1FF8, 0x1FF8, 0x1FF8, 0x1FF8, 0x1FF8, 0x1FF8, 0x1FF8, 0x1FF8,
  0x1FF8, 0x1FF8, 0x1FF8, 0x1FF8, 0x1FF8, 0x1FF8, 0x1FF8, 0x1FF8,
  0x1FF8, 0x1FF8, 0x1FF8, 0x1FF8, 0x1FF8, 0x1FF8, 0x285A, 0x2752,
  0x2752, 0x0752, 0x74DE, 0x16EF, 0x16EF, 0x16EF, 0x16EF, 0x16EF,
  0x16EF, 0x16EF, 0x16EF, 0x16EF, 0x16EF, 0x16EF, 0x16EF, 0x16EF,
  0x16EF, 0x16EF, 0x94E6, 0x0752, 0x2752, 0x2752, 0x2852, 0x1FF8,
  0x1FF8, 0x1FF8, 0x1FF8, 0x1FF8, 0x1FF8, 0x1FF8, 0x1FF8, 0x1FF8,
  0x1FF8, 0x1FF8, 0x1FF8, 0x1FF8, 0x1FF8, 0x1FF8, 0x1FF8, 0x1FF8,
  0x1FF8, 0x1FF8, 0x1FF8, 0x1FF8, 0x1FF8, 0x1FF8, 0x1FF8, 0x1FF8,
  0x1FF8, 0x1FF8, 0x1FF8, 0x1FF8, 0x1FF8, 0x1FF8, 0x1FF8, 0x1FF8,
  0x1FF8, 0x1FF8, 0x1FF8, 0x1FF8, 0x1FF8, 0x1FF8, 0x1FF8, 0x1FF8,
  0x1FF8, 0x1FF8, 0x1FF8, 0x1FF8, 0x1FF8, 0x285A, 0x2752, 0x2752,
  0x2752, 0x33D6, 0xF6EE, 0x16EF, 0x16EF, 0x16EF, 0x16EF, 0x16EF,
  0x16EF, 0x16EF, 0x16EF, 0x16EF, 0x16EF, 0x16EF, 0x16EF, 0x16EF,
  0x16EF, 0x94DE, 0xE751, 0x2752, 0x2752, 0x2852, 0x1FF8, 0x1FF8,
  0x1FF8, 0x1FF8, 0x1FF8, 0x1FF8, 0x1FF8, 0x1FF8, 0x1FF8, 0x1FF8,
  0x1FF8, 0x1FF8, 0x1FF8, 0x1FF8, 0x1FF8, 0x1FF8, 0x1FF8, 0x1FF8,
  0x1FF8, 0x1FF8, 0x1FF8, 0x1FF8, 0x1FF8, 0x1FF8, 0x1FF8, 0x1FF8,
  0x1FF8, 0x1FF8, 0x1FF8, 0x1FF8, 0x1FF8, 0x1FF8, 0x1FF8, 0x1FF8,
  0x1FF8, 0x1FF8, 0x1FF8, 0x1FF8, 0x1FF8, 0x1FF8, 0x1FF8, 0x1FF8,
  0x1FF8, 0x1FF8, 0x1FF8, 0x1FF8, 0x285A, 0x2752, 0x2752, 0x2752,
  0x33D6, 0xF6EE, 0x16EF, 0x16EF, 0x16EF, 0x16EF, 0x16EF, 0x16EF,
  0x16EF, 0x16EF, 0x16EF, 0x16EF, 0x16EF, 0x16EF, 0x16EF, 0x16EF,
  0x74DE, 0xE751, 0x2752, 0x2752, 0x2852, 0x1FF8, 0x1FF8, 0x1FF8,
  0x1FF8, 0x1FF8, 0x1FF8, 0x1FF8, 0x1FF8, 0x1FF8, 0x1FF8, 0x1FF8,
  0x1FF8, 0x1FF8, 0x1FF8, 0x1FF8, 0x1FF8, 0x1FF8, 0x1FF8, 0x1FF8,
  0x1FF8, 0x1FF8, 0x1FF8, 0x1FF8, 0x1FF8, 0x1FF8, 0x1FF8, 0x1FF8,
  0x1FF8, 0x1FF8, 0x1FF8, 0x1FF8, 0x1FF8, 0x1FF8, 0x1FF8, 0x1FF8,
  0x1FF8, 0x1FF8, 0x1FF8, 0x1FF8, 0x1FF8, 0x1FF8, 0x1FF8, 0x1FF8,
  0x1FF8, 0x1FF8, 0x1FF8, 0x2752, 0x2752, 0x2752, 0x0752, 0x94DE,
  0xF6EE, 0x16EF, 0x16EF, 0x16EF, 0x16EF, 0x16EF, 0x16EF, 0x16EF,
  0x16EF, 0x16EF, 0x16EF, 0x16EF, 0x16EF, 0x16EF, 0x16EF, 0xD2CD,
  0x0752, 0x2752, 0x2752, 0x2752, 0x1FF8, 0x1FF8, 0x1FF8, 0x1FF8,
  0x1FF8, 0x1FF8, 0x1FF8, 0x1FF8, 0x1FF8, 0x1FF8, 0x1FF8, 0x1FF8,
  0x1FF8, 0x1FF8, 0x1FF8, 0x1FF8, 0x1FF8, 0x1FF8, 0x1FF8, 0x1FF8,
  0x1FF8, 0x1FF8, 0x1FF8, 0x1FF8, 0x1FF8, 0x1FF8, 0x1FF8, 0x1FF8,
  0x1FF8, 0x1FF8, 0x1FF8, 0x1FF8, 0x1FF8, 0x1FF8, 0x1FF8, 0x1FF8,
  0x1FF8, 0x1FF8, 0x1FF8, 0x1FF8, 0x1FF8, 0x1FF8, 0x1FF8, 0x1FF8,
  0x1FF8, 0x1FF8, 0x2752, 0x2752, 0x2752, 0xE751, 0x36F7, 0xF6EE,
  0x16EF, 0x16EF, 0x16EF, 0x16EF, 0x16EF, 0x16EF, 0x16EF, 0x16EF,
  0x16EF, 0x16EF, 0x16EF, 0x16EF, 0x16EF, 0x16EF, 0xAC8B, 0x2752,
  0x2752, 0x2752, 0x2752, 0x1FF8, 0x1FF8, 0x1FF8, 0x1FF8, 0x1FF8,
  0x1FF8, 0x1FF8, 0x1FF8, 0x1FF8, 0x1FF8, 0x1FF8, 0x1FF8, 0x1FF8,
  0x1FF8, 0x1FF8, 0x1FF8, 0x1FF8, 0x1FF8, 0x1FF8, 0x1FF8, 0x1FF8,
  0x1FF8, 0x1FF8, 0x1FF8, 0x1FF8, 0x1FF8, 0x1FF8, 0x1FF8, 0x1FF8,
  0x1FF8, 0x1FF8, 0x1FF8, 0x1FF8, 0x1FF8, 0x1FF8, 0x1FF8, 0x1FF8,
  0x1FF8, 0x1FF8, 0x1FF8, 0x1FF8, 0x1FF8, 0x1FF8, 0x1FF8, 0x1FF8,
  0x1FF8, 0x2752, 0x2752, 0x2752, 0x0752, 0x97FF, 0x16EF, 0x16EF,
  0x16EF, 0x16EF, 0x16EF, 0x16EF, 0x16EF, 0x16EF, 0x16EF, 0x16EF,
  0x16EF, 0x16EF, 0x16EF, 0x16EF, 0x16F7, 0x485A, 0x2752, 0x2752,
  0x2752, 0x0752, 0x1FF8, 0x1FF8, 0x1FF8, 0x1FF8, 0x1FF8, 0x1FF8,
  0x1FF8, 0x1FF8, 0x1FF8, 0x1FF8, 0x1FF8, 0x1FF8, 0x1FF8, 0x1FF8,
  0x1FF8, 0x1FF8, 0x1FF8, 0x1FF8, 0x1FF8, 0x1FF8, 0x1FF8, 0x1FF8,
  0x1FF8, 0x1FF8, 0x1FF8, 0x1FF8, 0x1FF8, 0x1FF8, 0x1FF8, 0x1FF8,
  0x1FF8, 0x1FF8, 0x1FF8, 0x1FF8, 0x1FF8, 0x1FF8, 0x1FF8, 0x1FF8,
  0x1FF8, 0x1FF8, 0x1FF8, 0x1FF8, 0x1FF8, 0x1FF8, 0x1FF8, 0x0752,
  0x2752, 0x2752, 0x2752, 0x485A, 0x36F7, 0x16EF, 0x16EF, 0x16EF,
  0x16EF, 0x16EF, 0x16EF, 0x16EF, 0x16EF, 0x16EF, 0x16EF, 0x16EF,
  0x16EF, 0x16EF, 0xF6EE, 0x94DE, 0x0752, 0x2752, 0x2752, 0x2752,
  0x0752, 0x1FF8, 0x1FF8, 0x1FF8, 0x1FF8, 0x1FF8, 0x1FF8, 0x1FF8,
  0x1FF8, 0x1FF8, 0x1FF8, 0x1FF8, 0x1FF8, 0x1FF8, 0x1FF8, 0x1FF8,
  0x1FF8, 0x1FF8, 0x1FF8, 0x1FF8, 0x1FF8, 0x1FF8, 0x1FF8, 0x1FF8,
  0x1FF8, 0x1FF8, 0x1FF8, 0x1FF8, 0x1FF8, 0x1FF8, 0x1FF8, 0x1FF8,
  0x1FF8, 0x1FF8, 0x1FF8, 0x1FF8, 0x1FF8, 0x1FF8, 0x1FF8, 0x1FF8,
  0x1FF8, 0x1FF8, 0x1FF8, 0x1FF8, 0x1FF8, 0x1FF8, 0x485A, 0x2752,
  0x2752, 0x2752, 0x2A73, 0x16F7, 0x16EF, 0x16EF, 0x16EF, 0x16EF,
  0x16EF, 0x16EF, 0x16EF, 0x16EF, 0x16EF, 0x16EF, 0x16EF, 0x16EF,
  0x16EF, 0x16EF, 0x10AD, 0x2752, 0x2752, 0x2752, 0x485A, 0x1FF8,
  0x1FF8, 0x1FF8, 0x1FF8, 0x1FF8, 0x1FF8, 0x1FF8, 0x1FF8, 0x1FF8,
  0x1FF8, 0x1FF8, 0x1FF8, 0x1FF8, 0x1FF8, 0x1FF8, 0x1FF8, 0x1FF8,
  0x1FF8, 0x1FF8, 0x1FF8, 0x1FF8, 0x1FF8, 0x1FF8, 0x1FF8, 0x1FF8,
  0x1FF8, 0x1FF8, 0x1FF8, 0x1FF8, 0x1FF8, 0x1FF8, 0x1FF8, 0x1FF8,
  0x1FF8, 0x1FF8, 0x1FF8, 0x1FF8, 0x1FF8, 0x1FF8, 0x1FF8, 0x1FF8,
  0x1FF8, 0x1FF8, 0x1FF8, 0x1FF8, 0x1FF8, 0x2752, 0x2752, 0x2752,
  0x2752, 0xABA3, 0xF2DD, 0x56F7, 0xF6EE, 0x16EF, 0x16EF, 0x16EF,
  0x16EF, 0x16EF, 0x16EF, 0x16EF, 0x16EF, 0x16EF, 0x16EF, 0x16EF,
  0x36F7, 0x8962, 0x2752, 0x2752, 0x2752, 0x0752, 0x1FF8, 0x1FF8,
  0x1FF8, 0x1FF8, 0x1FF8, 0x1FF8, 0x1FF8, 0x1FF8, 0x1FF8, 0x1FF8,
  0x1FF8, 0x1FF8, 0x1FF8, 0x1FF8, 0x1FF8, 0x1FF8, 0x1FF8, 0x1FF8,
  0x1FF8, 0x1FF8, 0x1FF8, 0x1FF8, 0x1FF8, 0x1FF8, 0x1FF8, 0x1FF8,
  0x1FF8, 0x1FF8, 0x1FF8, 0x1FF8, 0x1FF8, 0x1FF8, 0x1FF8, 0x1FF8,
  0x1FF8, 0x1FF8, 0x1FF8, 0x1FF8, 0x1FF8, 0x1FF8, 0x1FF8, 0x1FF8,
  0x1FF8, 0x1FF8, 0x1FF8, 0x0752, 0x2752, 0x2752, 0x2752, 0x0752,
  0xAED4, 0x8DCC, 0xCECC, 0xF6EE, 0xF6EE, 0x16EF, 0x16EF, 0x16EF,
  0x16EF, 0x16EF, 0x16EF, 0x16EF, 0x16EF, 0x16EF, 0xF6EE, 0x74DE,
  0xE749, 0x2752, 0x2752, 0x2752, 0x0752, 0x1FF8, 0x1FF8, 0x1FF8,
  0x1FF8, 0x1FF8, 0x1FF8, 0x1FF8, 0x1FF8, 0x1FF8, 0x1FF8, 0x1FF8,
  0x1FF8, 0x1FF8, 0x1FF8, 0x1FF8, 0x1FF8, 0x1FF8, 0x1FF8, 0x1FF8,
  0x1FF8, 0x1FF8, 0x1FF8, 0x1FF8, 0x1FF8, 0x1FF8, 0x1FF8, 0x1FF8,
  0x1FF8, 0x1FF8, 0x1FF8, 0x1FF8, 0x1FF8, 0x1FF8, 0x1FF8, 0x1FF8,
  0x1FF8, 0x1FF8, 0x1FF8, 0x1FF8, 0x1FF8, 0x1FF8, 0x1FF8, 0x1FF8,
  0x1FF8, 0x1FF8, 0x2752, 0x2752, 0x2752, 0x2752, 0xE97A, 0x8DCC,
  0x8ECC, 0x8DCC, 0x8DC4, 0x13E6, 0x16EF, 0xF6EE, 0x16EF, 0x16EF,
  0x16EF, 0x16EF, 0x16EF, 0x16EF, 0x16EF, 0x57FF, 0xC96A, 0x2752,
  0x2752, 0x2752, 0x2752, 0x1FF8, 0x1FF8, 0x1FF8, 0x1FF8, 0x1FF8,
  0x1FF8, 0x1FF8, 0x1FF8, 0x1FF8, 0x1FF8, 0x1FF8, 0x1FF8, 0x1FF8,
  0x1FF8, 0x1FF8, 0x1FF8, 0x1FF8, 0x1FF8, 0x1FF8, 0x1FF8, 0x1FF8,
  0x1FF8, 0x1FF8, 0x1FF8, 0x1FF8, 0x1FF8, 0x1FF8, 0x1FF8, 0x1FF8,
  0x1FF8, 0x1FF8, 0x1FF8, 0x1FF8, 0x1FF8, 0x1FF8, 0x1FF8, 0x1FF8,
  0x1FF8, 0x1FF8, 0x1FF8, 0x1FF8, 0x1FF8, 0x1FF8, 0x1FF8, 0x1FF8,
  0x2752, 0x2752, 0x2752, 0x2752, 0x0752, 0x8ECC, 0x8ECC, 0x8ECC,
  0x8ECC, 0x8ECC, 0x8DC4, 0x30D5, 0xF6EE, 0x16EF, 0x16EF, 0x16EF,
  0x16EF, 0x16EF, 0x16EF, 0xF6EE, 0x71BD, 0x0752, 0x2752, 0x2752,
  0x2752, 0x0752, 0x1FF8, 0x1FF8, 0x1FF8, 0x1FF8, 0x1FF8, 0x1FF8,
  0x1FF8, 0x1FF8, 0x1FF8, 0x1FF8, 0x1FF8, 0x1FF8, 0x1FF8, 0x1FF8,
  0x1FF8, 0x1FF8, 0x1FF8, 0x1FF8, 0x1FF8, 0x1FF8, 0x1FF8, 0x1FF8,
  0x1FF8, 0x1FF8, 0x1FF8, 0x1FF8, 0x1FF8, 0x1FF8, 0x1FF8, 0x1FF8,
  0x1FF8, 0x1FF8, 0x1FF8, 0x1FF8, 0x1FF8, 0x1FF8, 0x1FF8, 0x1FF8,
  0x1FF8, 0x1FF8, 0x1FF8, 0x1FF8, 0x1FF8, 0x1FF8, 0x0752, 0x2752,
  0x2752, 0x2752, 0x2752, 0xC97A, 0x8ECC, 0x8ECC, 0x8ECC, 0x8ECC,
  0x8ECC, 0x8ECC, 0x8DCC, 0xCECC, 0xD5EE, 0x16EF, 0x16EF, 0x16EF,
  0x16EF, 0x16EF, 0xF6EE, 0xE749, 0x2752, 0x2752, 0x2752, 0x285A,
  0x1FF8, 0x1FF8, 0x1FF8, 0x1FF8, 0x1FF8, 0x1FF8, 0x1FF8, 0x1FF8,
  0x1FF8, 0x1FF8, 0x1FF8, 0x1FF8, 0x1FF8, 0x1FF8, 0x1FF8, 0x1FF8,
  0x1FF8, 0x1FF8, 0x1FF8, 0x1FF8, 0x1FF8, 0x1FF8, 0x1FF8, 0x1FF8,
  0x1FF8, 0x1FF8, 0x1FF8, 0x1FF8, 0x1FF8, 0x1FF8, 0x1FF8, 0x1FF8,
  0x1FF8, 0x1FF8, 0x1FF8, 0x1FF8, 0x1FF8, 0x1FF8, 0x1FF8, 0x1FF8,
  0x1FF8, 0x1FF8, 0x1FF8, 0x1FF8, 0x0752, 0x2852, 0x2752, 0x2752,
  0x2752, 0x485A, 0x8DC4, 0x8DCC, 0x8ECC, 0x8ECC, 0x8ECC, 0x8ECC,
  0x8ECC, 0x8ECC, 0x8DCC, 0x8ECC, 0x74E6, 0x16EF, 0xF6EE, 0x16EF,
  0x16F7, 0x0D94, 0x2752, 0x2752, 0x2752, 0x2752, 0x0752, 0x1FF8,
  0x1FF8, 0x1FF8, 0x1FF8, 0x1FF8, 0x1FF8, 0x1FF8, 0x1FF8, 0x1FF8,
  0x1FF8, 0x1FF8, 0x1FF8, 0x1FF8, 0x1FF8, 0x1FF8, 0x1FF8, 0x1FF8,
  0x1FF8, 0x1FF8, 0x1FF8, 0x1FF8, 0x1FF8, 0x1FF8, 0x1FF8, 0x1FF8,
  0x1FF8, 0x1FF8, 0x1FF8, 0x1FF8, 0x1FF8, 0x1FF8, 0x1FF8, 0x1FF8,
  0x1FF8, 0x1FF8, 0x1FF8, 0x1FF8, 0x1FF8, 0x1FF8, 0x1FF8, 0x1FF8,
  0x1FF8, 0x1FF8, 0x0752, 0x2752, 0x2752, 0x2752, 0x2752, 0x0752,
  0x2DB4, 0x8ECC, 0x8ECC, 0x8ECC, 0x8ECC, 0x8ECC, 0x8ECC, 0x8ECC,
  0x8ECC, 0x8ECC, 0x8DCC, 0x8DCC, 0xB1DD, 0x94E6, 0x16EF, 0xF5EE,
  0x285A, 0x2752, 0x2752, 0x2752, 0x2752, 0x1FF8, 0x1FF8, 0x1FF8,
  0x1FF8, 0x1FF8, 0x1FF8, 0x1FF8, 0x1FF8, 0x1FF8, 0x1FF8, 0x1FF8,
  0x1FF8, 0x1FF8, 0x1FF8, 0x1FF8, 0x1FF8, 0x1FF8, 0x1FF8, 0x1FF8,
  0x1FF8, 0x1FF8, 0x1FF8, 0x1FF8, 0x1FF8, 0x1FF8, 0x1FF8, 0x1FF8,
  0x1FF8, 0x1FF8, 0x1FF8, 0x1FF8, 0x1FF8, 0x1FF8, 0x1FF8, 0x1FF8,
  0x1FF8, 0x1FF8, 0x1FF8, 0x1FF8, 0x1FF8, 0x1FF8, 0x1FF8, 0x1FF8,
  0x485A, 0x2752, 0x2752, 0x2752, 0x2752, 0x0752, 0x8B93, 0xAECC,
  0x8ECC, 0x8ECC, 0x8ECC, 0x8ECC, 0x8ECC, 0x8ECC, 0x8ECC, 0x8ECC,
  0x8ECC, 0x8ECC, 0x8ECC, 0x8ECC, 0x8DCC, 0xCECC, 0xEA6A, 0x2752,
  0x2752, 0x2752, 0x2852, 0x1FF8, 0x1FF8, 0x1FF8, 0x1FF8, 0x1FF8,
  0x1FF8, 0x1FF8, 0x1FF8, 0x1FF8, 0x1FF8, 0x1FF8, 0x1FF8, 0x1FF8,
  0x1FF8, 0x1FF8, 0x1FF8, 0x1FF8, 0x1FF8, 0x1FF8, 0x1FF8, 0x1FF8,
  0x1FF8, 0x1FF8, 0x1FF8, 0x1FF8, 0x1FF8, 0x1FF8, 0x1FF8, 0x1FF8,
  0x1FF8, 0x1FF8, 0x1FF8, 0x1FF8, 0x1FF8, 0x1FF8, 0x1FF8, 0x1FF8,
  0x1FF8, 0x1FF8, 0x1FF8, 0x1FF8, 0x1FF8, 0x0752, 0x285A, 0x2752,
  0x2752, 0x2752, 0x2752, 0xE749, 0xCC9B, 0xAED4, 0x8ECC, 0x8ECC,
  0x8ECC, 0x8ECC, 0x8ECC, 0x8ECC, 0x8ECC, 0x8ECC, 0x8ECC, 0x8ECC,
  0x8ECC, 0x8ECC, 0x8ECC, 0x8DCC, 0xECAB, 0x0752, 0x2752, 0x2752,
  0x2752, 0x0752, 0x1FF8, 0x1FF8, 0x1FF8, 0x1FF8, 0x1FF8, 0x1FF8,
  0x1FF8, 0x1FF8, 0x1FF8, 0x1FF8, 0x1FF8, 0x1FF8, 0x1FF8, 0x1FF8,
  0x1FF8, 0x1FF8, 0x1FF8, 0x1FF8, 0x1FF8, 0x1FF8, 0x1FF8, 0x1FF8,
  0x1FF8, 0x1FF8, 0x1FF8, 0x1FF8, 0x1FF8, 0x1FF8, 0x1FF8, 0x1FF8,
  0x1FF8, 0x1FF8, 0x1FF8, 0x1FF8, 0x1FF8, 0x1FF8, 0x1FF8, 0x1FF8,
  0x1FF8, 0x1FF8, 0x1FF8, 0x2752, 0x2752, 0x2752, 0x2752, 0x2752,
  0x2752, 0xC649, 0x71BD, 0x56F7, 0x53E6, 0x8DC4, 0x8DCC, 0x8ECC,
  0x8ECC, 0x8ECC, 0x8ECC, 0x8ECC, 0x8ECC, 0x8ECC, 0x8ECC, 0x8ECC,
  0x8ECC, 0x8DCC, 0xEED4, 0x2752, 0x2752, 0x2752, 0x2752, 0x2752,
  0x1FF8, 0x1FF8, 0x1FF8, 0x1FF8, 0x1FF8, 0x1FF8, 0x1FF8, 0x1FF8,
  0x1FF8, 0x1FF8, 0x1FF8, 0x1FF8, 0x1FF8, 0x1FF8, 0x1FF8, 0x1FF8,
  0x1FF8, 0x1FF8, 0x1FF8, 0x1FF8, 0x1FF8, 0x1FF8, 0x1FF8, 0x1FF8,
  0x1FF8, 0x1FF8, 0x1FF8, 0x1FF8, 0x1FF8, 0x1FF8, 0x1FF8, 0x1FF8,
  0x1FF8, 0x1FF8, 0x1FF8, 0x1FF8, 0x1FF8, 0x1FF8, 0x1FF8, 0x1FF8,
  0x0752, 0x485A, 0x2752, 0x2752, 0x2752, 0x2752, 0x0752, 0x685A,
  0x94DE, 0xF6EE, 0x16EF, 0xF6EE, 0x16EF, 0xEFCC, 0x8DCC, 0x8ECC,
  0x8ECC, 0x8ECC, 0x8ECC, 0x8ECC, 0x8ECC, 0x8ECC, 0x8ECC, 0x8ECC,
  0xAECC, 0xE97A, 0x2752, 0x2752, 0x2752, 0x2752, 0x0752, 0x1FF8,
  0x1FF8, 0x1FF8, 0x1FF8, 0x1FF8, 0x1FF8, 0x1FF8, 0x1FF8, 0x1FF8,
  0x1FF8, 0x1FF8, 0x1FF8, 0x1FF8, 0x1FF8, 0x1FF8, 0x1FF8, 0x1FF8,
  0x1FF8, 0x1FF8, 0x1FF8, 0x1FF8, 0x1FF8, 0x1FF8, 0x1FF8, 0x1FF8,
  0x1FF8, 0x1FF8, 0x1FF8, 0x1FF8, 0x1FF8, 0x1FF8, 0x1FF8, 0x1FF8,
  0x1FF8, 0x1FF8, 0x1FF8, 0x1FF8, 0x1FF8, 0x1FF8, 0x285A, 0x2752,
  0x2752, 0x2752, 0x2752, 0x2752, 0xE749, 0xCC8B, 0x97FF, 0x16EF,
  0x16EF, 0x16EF, 0x16EF, 0xF6EE, 0x36F7, 0x13E6, 0x6DC4, 0x8DCC,
  0x8ECC, 0x8ECC, 0x8ECC, 0x8ECC, 0x8ECC, 0x8ECC, 0x8ECC, 0xECAB,
  0x0752, 0x2752, 0x2752, 0x2752, 0x2852, 0x1FF8, 0x1FF8, 0x1FF8,
  0x1FF8, 0x1FF8, 0x1FF8, 0x1FF8, 0x1FF8, 0x1FF8, 0x1FF8, 0x1FF8,
  0x1FF8, 0x1FF8, 0x1FF8, 0x1FF8, 0x1FF8, 0x1FF8, 0x1FF8, 0x1FF8,
  0x1FF8, 0x1FF8, 0x1FF8, 0x1FF8, 0x1FF8, 0x1FF8, 0x1FF8, 0x1FF8,
  0x1FF8, 0x1FF8, 0x1FF8, 0x1FF8, 0x1FF8, 0x1FF8, 0x1FF8, 0x1FF8,
  0x1FF8, 0x1FF8, 0x1FF8, 0x2752, 0x285A, 0x2752, 0x2752, 0x2752,
  0x2752, 0x2752, 0xC749, 0x10B5, 0x57FF, 0x16EF, 0x16EF, 0x16EF,
  0x16EF, 0x16EF, 0x16EF, 0x16EF, 0x16EF, 0xF5EE, 0x50D5, 0x8DCC,
  0x8ECC, 0x8ECC, 0x8ECC, 0x8ECC, 0x8DCC, 0x6DC4, 0x0752, 0x2752,
  0x2752, 0x2752, 0x2752, 0x1FF8, 0x1FF8, 0x1FF8, 0x1FF8, 0x1FF8,
  0x1FF8, 0x1FF8, 0x1FF8, 0x1FF8, 0x1FF8, 0x1FF8, 0x1FF8, 0x1FF8,
  0x1FF8, 0x1FF8, 0x1FF8, 0x1FF8, 0x1FF8, 0x1FF8, 0x1FF8, 0x1FF8,
  0x1FF8, 0x1FF8, 0x1FF8, 0x1FF8, 0x1FF8, 0x1FF8, 0x1FF8, 0x1FF8,
  0x1FF8, 0x1FF8, 0x1FF8, 0x1FF8, 0x1FF8, 0x1FF8, 0x1FF8, 0x0752,
  0x485A, 0x2852, 0x2752, 0x2752, 0x2752, 0x2752, 0x2752, 0x0752,
  0x886A, 0x33DE, 0xF6EE, 0x16EF, 0x16EF, 0x16EF, 0x16EF, 0x16EF,
  0x16EF, 0x16EF, 0x16EF, 0x16EF, 0x16EF, 0x16EF, 0xD5EE, 0xCECC,
  0x6DC4, 0x8ECC, 0x8DCC, 0x8ECC, 0x886A, 0x2752, 0x2752, 0x2752,
  0x2752, 0x0752, 0x1FF8, 0x1FF8, 0x1FF8, 0x1FF8, 0x1FF8, 0x1FF8,
  0x1FF8, 0x1FF8, 0x1FF8, 0x1FF8, 0x1FF8, 0x1FF8, 0x1FF8, 0x1FF8,
  0x1FF8, 0x1FF8, 0x1FF8, 0x1FF8, 0x1FF8, 0x1FF8, 0x1FF8, 0x1FF8,
  0x1FF8, 0x1FF8, 0x1FF8, 0x1FF8, 0x1FF8, 0x1FF8, 0x1FF8, 0x1FF8,
  0x1FF8, 0x0752, 0x0752, 0x0752, 0x285A, 0x2852, 0x2752, 0x2752,
  0x2752, 0x2752, 0x2752, 0x2752, 0x0752, 0x0752, 0x8B9B, 0xCED4,
  0x8DCC, 0x36F7, 0x16EF, 0x16EF, 0x16EF, 0x16EF, 0x16EF, 0x16EF,
  0x16EF, 0x16EF, 0x16EF, 0x16EF, 0x16EF, 0x16EF, 0x16EF, 0x94E6,
  0xAECC, 0x8DCC, 0x4A8B, 0x2752, 0x2752, 0x2752, 0x2752, 0x2752,
  0x1FF8, 0x1FF8, 0x1FF8, 0x1FF8, 0x1FF8, 0x1FF8, 0x1FF8, 0x1FF8,
  0x1FF8, 0x1FF8, 0x1FF8, 0x1FF8, 0x1FF8, 0x1FF8, 0x1FF8, 0x1FF8,
  0x1FF8, 0x1FF8, 0x1FF8, 0x1FF8, 0x1FF8, 0x1FF8, 0x1FF8, 0x1FF8,
  0x1FF8, 0x1FF8, 0x1FF8, 0x1FF8, 0x1FF8, 0x0752, 0x0752, 0x2752,
  0x2752, 0x2752, 0x2752, 0x2752, 0x2752, 0x2752, 0x2752, 0x2752,
  0x2752, 0x0752, 0x074A, 0x2A8B, 0xCED4, 0x8ECC, 0x8ECC, 0x8DCC,
  0xF2DD, 0x16EF, 0x16EF, 0x16EF, 0x16EF, 0x16EF, 0x16EF, 0x16EF,
  0x16EF, 0x16EF, 0x16EF, 0x16EF, 0x16EF, 0x16EF, 0xF6EE, 0x16EF,
  0xD2CD, 0x0752, 0x2752, 0x2752, 0x2752, 0x2852, 0x1FF8, 0x1FF8,
  0x1FF8, 0x1FF8, 0x1FF8, 0x1FF8, 0x1FF8, 0x1FF8, 0x1FF8, 0x1FF8,
  0x1FF8, 0x1FF8, 0x1FF8, 0x1FF8, 0x1FF8, 0x1FF8, 0x1FF8, 0x1FF8,
  0x1FF8, 0x1FF8, 0x1FF8, 0x1FF8, 0x1FF8, 0x1FF8, 0x1FF8, 0x1FF8,
  0x1FF8, 0x0752, 0x285A, 0x2752, 0x2752, 0x2752, 0x2752, 0x2752,
  0x2752, 0x2752, 0x2752, 0x2752, 0x2752, 0x2752, 0xE751, 0x0752,
  0x4A8B, 0xAECC, 0xAECC, 0x8ECC, 0x8ECC, 0x8ECC, 0x8ECC, 0x6DC4,
  0xB4EE, 0x16EF, 0x16EF, 0x16EF, 0x16EF, 0x16EF, 0x16EF, 0x16EF,
  0x16EF, 0x16EF, 0x16EF, 0x16EF, 0x16EF, 0xF6EE, 0x94E6, 0x0752,
  0x2752, 0x2752, 0x2752, 0x2752, 0x0752, 0x1FF8, 0x1FF8, 0x1FF8,
  0x1FF8, 0x1FF8, 0x1FF8, 0x1FF8, 0x1FF8, 0x1FF8, 0x1FF8, 0x1FF8,
  0x1FF8, 0x1FF8, 0x1FF8, 0x1FF8, 0x1FF8, 0x1FF8, 0x1FF8, 0x1FF8,
  0x1FF8, 0x1FF8, 0x1FF8, 0x1FF8, 0x1FF8, 0x0752, 0x285A, 0x2752,
  0x2752, 0x2752, 0x2752, 0x2752, 0x2752, 0x2752, 0x2752, 0x2752,
  0x2752, 0x2752, 0x0752, 0xE749, 0xAC83, 0x92C5, 0x94EE, 0x8DCC,
  0x8ECC, 0x8ECC, 0x8ECC, 0x8ECC, 0x8ECC, 0x8ECC, 0x8DCC, 0xEECC,
  0x36F7, 0x16EF, 0x16EF, 0x16EF, 0x16EF, 0x16EF, 0x16EF, 0x16EF,
  0x16EF, 0x16EF, 0x16EF, 0x16EF, 0x13D6, 0x0752, 0x2752, 0x2752,
  0x2752, 0x2752, 0x0752, 0x1FF8, 0x1FF8, 0x1FF8, 0x1FF8, 0x1FF8,
  0x1FF8, 0x1FF8, 0x1FF8, 0x1FF8, 0x1FF8, 0x1FF8, 0x1FF8, 0x1FF8,
  0x1FF8, 0x1FF8, 0x1FF8, 0x1FF8, 0x1FF8, 0x1FF8, 0x1FF8, 0x1FF8,
  0x1FF8, 0x0752, 0x485A, 0x285A, 0x2752, 0x2752, 0x2752, 0x2752,
  0x2752, 0x2752, 0x2752, 0x2752, 0x0752, 0x2752, 0x685A, 0x6B7B,
  0xD2C5, 0x53D6, 0x77FF, 0x36F7, 0x16EF, 0x36F7, 0x6DC4, 0x8ECC,
  0x8ECC, 0x8ECC, 0x8ECC, 0x8ECC, 0x8ECC, 0x8ECC, 0x8DCC, 0x12DE,
  0x16EF, 0x16EF, 0x16EF, 0x16EF, 0x16EF, 0x16EF, 0x16EF, 0x16EF,
  0x16EF, 0x16F7, 0x51BD, 0xC649, 0x2752, 0x2752, 0x2752, 0x2752,
  0x0752, 0x1FF8, 0x1FF8, 0x1FF8, 0x1FF8, 0x1FF8, 0x1FF8, 0x1FF8,
  0x1FF8, 0x1FF8, 0x1FF8, 0x1FF8, 0x1FF8, 0x1FF8, 0x1FF8, 0x1FF8,
  0x1FF8, 0x1FF8, 0x1FF8, 0x1FF8, 0x1FF8, 0x1FF8, 0x0752, 0x485A,
  0x2752, 0x2752, 0x2752, 0x2752, 0x2752, 0x2752, 0x2752, 0x2752,
  0x0752, 0x2752, 0xA96A, 0x8B93, 0x6DC4, 0x50D5, 0x36F7, 0xF6EE,
  0x16EF, 0x16EF, 0x16EF, 0x16EF, 0x16EF, 0x71D5, 0x8DCC, 0x8ECC,
  0x8ECC, 0x8ECC, 0x8ECC, 0x8ECC, 0x8ECC, 0x8ECC, 0x6DC4, 0x94E6,
  0x16EF, 0x16EF, 0x16EF, 0x16EF, 0x16EF, 0x16EF, 0x16EF, 0x56F7,
  0x10B5, 0xC649, 0x2752, 0x2752, 0x2752, 0x2752, 0x285A, 0x1FF8,
  0x1FF8, 0x1FF8, 0x1FF8, 0x1FF8, 0x1FF8, 0x1FF8, 0x1FF8, 0x1FF8,
  0x1FF8, 0x1FF8, 0x1FF8, 0x1FF8, 0x1FF8, 0x1FF8, 0x1FF8, 0x1FF8,
  0x1FF8, 0x1FF8, 0x1FF8, 0x0752, 0x2852, 0x2752, 0x2752, 0x2752,
  0x2752, 0x2752, 0x2752, 0x2752, 0x0752, 0x2752, 0x0A7B, 0xECAB,
  0xAECC, 0x8DCC, 0x8ECC, 0x8ECC, 0xAECC, 0x16EF, 0x16EF, 0x16EF,
  0x16EF, 0x16EF, 0x16EF, 0x16EF, 0xB5EE, 0x6DC4, 0x8ECC, 0x8ECC,
  0x8ECC, 0x8ECC, 0x8ECC, 0x8ECC, 0x8ECC, 0x8DCC, 0xAECC, 0x56F7,
  0x16EF, 0x16EF, 0x16EF, 0x16EF, 0x16EF, 0x97FF, 0x4E9C, 0xE749,
  0x2752, 0x2752, 0x2752, 0x2752, 0x285A, 0x1FF8, 0x1FF8, 0x1FF8,
  0x1FF8, 0x1FF8, 0x1FF8, 0x1FF8, 0x1FF8, 0x1FF8, 0x1FF8, 0x1FF8,
  0x1FF8, 0x1FF8, 0x1FF8, 0x1FF8, 0x1FF8, 0x1FF8, 0x1FF8, 0x1FF8,
  0x1FF8, 0x285A, 0x2752, 0x2752, 0x2752, 0x2752, 0x2752, 0x2752,
  0x0752, 0x074A, 0xA972, 0xCCA3, 0xCED4, 0x8ECC, 0x8ECC, 0x8ECC,
  0x8ECC, 0x8ECC, 0x8ECC, 0x6DC4, 0xF5EE, 0x16EF, 0x16EF, 0x16EF,
  0x16EF, 0x16EF, 0x16EF, 0x36F7, 0x0FCD, 0x8DCC, 0x8ECC, 0x8ECC,
  0x8ECC, 0x8ECC, 0x8ECC, 0x8ECC, 0x8ECC, 0x8DCC, 0x70D5, 0x36F7,
  0x16EF, 0x16EF, 0x16EF, 0x77FF, 0x4B7B, 0x0752, 0x2752, 0x2752,
  0x2752, 0x2752, 0x285A, 0x1FF8, 0x1FF8, 0x1FF8, 0x1FF8, 0x1FF8,
  0x1FF8, 0x1FF8, 0x1FF8, 0x1FF8, 0x1FF8, 0x1FF8, 0x1FF8, 0x1FF8,
  0x1FF8, 0x1FF8, 0x1FF8, 0x1FF8, 0x1FF8, 0x1FF8, 0x1FF8, 0x285A,
  0x2752, 0x2752, 0x2752, 0x2752, 0x2752, 0xE751, 0xE749, 0xF0AC,
  0xF2E5, 0xAECC, 0x8ECC, 0x8ECC, 0x8ECC, 0x8ECC, 0x8ECC, 0x8ECC,
  0x8ECC, 0x8ECC, 0x8DCC, 0xB1DD, 0xF6EE, 0x16EF, 0x16EF, 0x16EF,
  0x16EF, 0x16EF, 0x16EF, 0x13E6, 0x8DC4, 0x8ECC, 0x8ECC, 0x8ECC,
  0x8ECC, 0x8ECC, 0x8ECC, 0x8ECC, 0x8ECC, 0x6DC4, 0x12DE, 0x16EF,
  0xF6EE, 0xF6EE, 0xA96A, 0x0752, 0x2752, 0x2752, 0x2752, 0x2752,
  0x0752, 0x1FF8, 0x1FF8, 0x1FF8, 0x1FF8, 0x1FF8, 0x1FF8, 0x1FF8,
  0x1FF8, 0x1FF8, 0x1FF8, 0x1FF8, 0x1FF8, 0x1FF8, 0x1FF8, 0x1FF8,
  0x1FF8, 0x1FF8, 0x1FF8, 0x1FF8, 0x1FF8, 0x285A, 0x2752, 0x2752,
  0x2752, 0x2752, 0xE749, 0xCC8B, 0xF2CD, 0x97FF, 0x16EF, 0x94E6,
  0x6DC4, 0x8ECC, 0x8ECC, 0x8ECC, 0x8ECC, 0x8ECC, 0x8ECC, 0x8ECC,
  0x8ECC, 0x8ECC, 0xCECC, 0x36F7, 0x16EF, 0x16EF, 0x16EF, 0x16EF,
  0x16EF, 0x16EF, 0x36F7, 0xAECC, 0x8ECC, 0x8ECC, 0x8ECC, 0x8ECC,
  0x8ECC, 0x8ECC, 0x8ECC, 0x8ECC, 0x8ECC, 0x6DC4, 0x12E6, 0x33D6,
  0x0752, 0x2752, 0x2752, 0x2752, 0x2752, 0x285A, 0x0752, 0x1FF8,
  0x1FF8, 0x1FF8, 0x1FF8, 0x1FF8, 0x1FF8, 0x1FF8, 0x1FF8, 0x1FF8,
  0x1FF8, 0x1FF8, 0x1FF8, 0x1FF8, 0x1FF8, 0x1FF8, 0x1FF8, 0x1FF8,
  0x1FF8, 0x1FF8, 0x1FF8, 0x285A, 0x2752, 0x2752, 0x2752, 0x2752,
  0x2752, 0x13D6, 0x36F7, 0x16EF, 0x16EF, 0x16EF, 0x36F7, 0xAECC,
  0x8ECC, 0x8ECC, 0x8ECC, 0x8ECC, 0x8ECC, 0x8ECC, 0x8ECC, 0x8ECC,
  0x8ECC, 0x6DC4, 0xF6EE, 0x16EF, 0x16EF, 0x16EF, 0x16EF, 0x16EF,
  0x16EF, 0x16EF, 0xB1DD, 0x8DCC, 0x8ECC, 0x8ECC, 0x8ECC, 0x8ECC,
  0x8ECC, 0x8ECC, 0x8ECC, 0xAECC, 0xAECC, 0xCC9B, 0xE751, 0x2752,
  0x2752, 0x2752, 0x2752, 0x285A, 0x0752, 0x1FF8, 0x1FF8, 0x1FF8,
  0x1FF8, 0x1FF8, 0x1FF8, 0x1FF8, 0x1FF8, 0x1FF8, 0x1FF8, 0x1FF8,
  0x1FF8, 0x1FF8, 0x1FF8, 0x1FF8, 0x1FF8, 0x1FF8, 0x1FF8, 0x1FF8,
  0x1FF8, 0x0752, 0x2752, 0x2752, 0x2752, 0x2752, 0x8862, 0x36F7,
  0xF6EE, 0x16EF, 0x16EF, 0x16EF, 0x16EF, 0x16EF, 0x91DD, 0x8DCC,
  0x8ECC, 0x8ECC, 0x8ECC, 0x8ECC, 0x8ECC, 0x8ECC, 0x8ECC, 0x8ECC,
  0x8DCC, 0xF2DD, 0xF6EE, 0x16EF, 0x16EF, 0x16EF, 0x16EF, 0x16EF,
  0x16EF, 0x36F7, 0x8DCC, 0x8ECC, 0x8ECC, 0x8ECC, 0x8ECC, 0x8DCC,
  0xCED4, 0x4DBC, 0x8B9B, 0x0752, 0x2752, 0x2752, 0x2752, 0x2752,
  0x2752, 0x285A, 0x0752, 0x1FF8, 0x1FF8, 0x1FF8, 0x1FF8, 0x1FF8,
  0x1FF8, 0x1FF8, 0x1FF8, 0x1FF8, 0x1FF8, 0x1FF8, 0x1FF8, 0x1FF8,
  0x1FF8, 0x1FF8, 0x1FF8, 0x1FF8, 0x1FF8, 0x1FF8, 0x1FF8, 0x1FF8,
  0x0752, 0x2752, 0x2752, 0x2752, 0xE649, 0x56F7, 0x16EF, 0x16EF,
  0x16EF, 0x16EF, 0x16EF, 0x16EF, 0x16EF, 0x36F7, 0x8DC4, 0x8ECC,
  0x8ECC, 0x8ECC, 0x8ECC, 0x8ECC, 0x8ECC, 0x8ECC, 0x8ECC, 0x8ECC,
  0x8ECC, 0x56F7, 0x16EF, 0x16EF, 0x16EF, 0x16EF, 0x16EF, 0x16EF,
  0x16EF, 0x50D5, 0x8DCC, 0x8DCC, 0xCED4, 0x4DBC, 0x8B9B, 0x485A,
  0x074A, 0x2752, 0x2752, 0x2752, 0x2752, 0x2752, 0x2752, 0x285A,
  0x1FF8, 0x1FF8, 0x1FF8, 0x1FF8, 0x1FF8, 0x1FF8, 0x1FF8, 0x1FF8,
  0x1FF8, 0x1FF8, 0x1FF8, 0x1FF8, 0x1FF8, 0x1FF8, 0x1FF8, 0x1FF8,
  0x1FF8, 0x1FF8, 0x1FF8, 0x1FF8, 0x1FF8, 0x1FF8, 0x1FF8, 0x2752,
  0x2752, 0x2752, 0x2752, 0x2D94, 0xF6EE, 0x16EF, 0x16EF, 0x16EF,
  0x16EF, 0x16EF, 0x16EF, 0x16EF, 0x16EF, 0x30D5, 0x8DCC, 0x8ECC,
  0x8ECC, 0x8ECC, 0x8ECC, 0x8ECC, 0x8ECC, 0x8ECC, 0x8ECC, 0x8DCC,
  0x50D5, 0x16EF, 0x16EF, 0x16EF, 0x16EF, 0x16EF, 0x16EF, 0x16EF,
  0x56FF, 0x2DB4, 0x2A8B, 0x485A, 0x074A, 0x2752, 0x2752, 0x2752,
  0x2752, 0x2752, 0x2752, 0x2752, 0x2852, 0x0752, 0x1FF8, 0x1FF8,
  0x1FF8, 0x1FF8, 0x1FF8, 0x1FF8, 0x1FF8, 0x1FF8, 0x1FF8, 0x1FF8,
  0x1FF8, 0x1FF8, 0x1FF8, 0x1FF8, 0x1FF8, 0x1FF8, 0x1FF8, 0x1FF8,
  0x1FF8, 0x1FF8, 0x1FF8, 0x1FF8, 0x1FF8, 0x1FF8, 0x0752, 0x2752,
  0x2752, 0x2752, 0x0D94, 0x16F7, 0x16EF, 0x16EF, 0x16EF, 0x16EF,
  0x16EF, 0x16EF, 0x16EF, 0x16EF, 0xD5EE, 0x8DC4, 0x8ECC, 0x8ECC,
  0x8ECC, 0x8ECC, 0x8ECC, 0x8ECC, 0x8ECC, 0x8ECC, 0x8ECC, 0x8DCC,
  0x91D5, 0x16EF, 0x16EF, 0x16EF, 0xF6EE, 0x13CE, 0xCC8B, 0x685A,
  0x074A, 0x2752, 0x2752, 0x2752, 0x2752, 0x2752, 0x2752, 0x2752,
  0x2752, 0x2852, 0x2752, 0x0752, 0x1FF8, 0x1FF8, 0x1FF8, 0x1FF8,
  0x1FF8, 0x1FF8, 0x1FF8, 0x1FF8, 0x1FF8, 0x1FF8, 0x1FF8, 0x1FF8,
  0x1FF8, 0x1FF8, 0x1FF8, 0x1FF8, 0x1FF8, 0x1FF8, 0x1FF8, 0x1FF8,
  0x1FF8, 0x1FF8, 0x1FF8, 0x1FF8, 0x1FF8, 0x0752, 0x2752, 0x2752,
  0x2752, 0xC96A, 0x16F7, 0x16EF, 0x16EF, 0x16EF, 0x16EF, 0x16EF,
  0x16EF, 0x16EF, 0x16EF, 0xF6EE, 0x0FD5, 0x8DCC, 0x8ECC, 0x8ECC,
  0x8ECC, 0x8ECC, 0x8ECC, 0x8ECC, 0x8DCC, 0xAECC, 0xCED4, 0x30CD,
  0x94DE, 0xAFA4, 0xEA6A, 0x485A, 0x0752, 0x0752, 0x2752, 0x2752,
  0x2752, 0x2752, 0x2752, 0x2752, 0x2752, 0x2752, 0x285A, 0x0752,
  0x0752, 0x1FF8, 0x1FF8, 0x1FF8, 0x1FF8, 0x1FF8, 0x1FF8, 0x1FF8,
  0x1FF8, 0x1FF8, 0x1FF8, 0x1FF8, 0x1FF8, 0x1FF8, 0x1FF8, 0x1FF8,
  0x1FF8, 0x1FF8, 0x1FF8, 0x1FF8, 0x1FF8, 0x1FF8, 0x1FF8, 0x1FF8,
  0x1FF8, 0x1FF8, 0x1FF8, 0x1FF8, 0x0752, 0x2752, 0x2752, 0x2752,
  0x285A, 0xF5EE, 0x36F7, 0x36F7, 0x36F7, 0x16EF, 0x16EF, 0xF6EE,
  0x16EF, 0x16EF, 0x16EF, 0xF5EE, 0x8DCC, 0x8ECC, 0x8ECC, 0x8ECC,
  0xCED4, 0x8DCC, 0xCCA3, 0x8B93, 0xA972, 0x0752, 0x0752, 0x2752,
  0x2752, 0x2752, 0x2752, 0x2752, 0x2752, 0x2752, 0x2752, 0x2752,
  0x2752, 0x2752, 0x485A, 0x2752, 0x0752, 0x1FF8, 0x1FF8, 0x1FF8,
  0x1FF8, 0x1FF8, 0x1FF8, 0x1FF8, 0x1FF8, 0x1FF8, 0x1FF8, 0x1FF8,
  0x1FF8, 0x1FF8, 0x1FF8, 0x1FF8, 0x1FF8, 0x1FF8, 0x1FF8, 0x1FF8,
  0x1FF8, 0x1FF8, 0x1FF8, 0x1FF8, 0x1FF8, 0x1FF8, 0x1FF8, 0x1FF8,
  0x1FF8, 0x1FF8, 0x1FF8, 0x1FF8, 0x2752, 0x2752, 0x2752, 0x0752,
  0xED8B, 0x6E9C, 0xA962, 0xC96A, 0xCC8B, 0xAFA4, 0x50B5, 0x13D6,
  0x74DE, 0x74DE, 0x54DE, 0xAEBC, 0x4A8B, 0xC972, 0x8862, 0x0752,
  0x074A, 0x0752, 0x2752, 0x2752, 0x2752, 0x2752, 0x2752, 0x2752,
  0x2752, 0x2752, 0x2752, 0x2752, 0x2752, 0x2752, 0x275A, 0x2752,
  0x1FF8, 0x1FF8, 0x1FF8, 0x1FF8, 0x1FF8, 0x1FF8, 0x1FF8, 0x1FF8,
  0x1FF8, 0x1FF8, 0x1FF8, 0x1FF8, 0x1FF8, 0x1FF8, 0x1FF8, 0x1FF8,
  0x1FF8, 0x1FF8, 0x1FF8, 0x1FF8, 0x1FF8, 0x1FF8, 0x1FF8, 0x1FF8,
  0x1FF8, 0x1FF8, 0x1FF8, 0x1FF8, 0x1FF8, 0x1FF8, 0x1FF8, 0x1FF8,
  0x1FF8, 0x1FF8, 0x1FF8, 0x0752, 0x2752, 0x2752, 0x2752, 0x2752,
  0x0752, 0x2752, 0x2752, 0x2752, 0x0752, 0x0752, 0x0752, 0x0752,
  0x0752, 0x2752, 0x2752, 0x2752, 0x2752, 0x2752, 0x2752, 0x2752,
  0x2752, 0x2752, 0x2752, 0x2752, 0x2752, 0x2752, 0x2752, 0x2752,
  0x2752, 0x2752, 0x0752, 0x0752, 0x1FF8, 0x1FF8, 0x1FF8, 0x1FF8,
  0x1FF8, 0x1FF8, 0x1FF8, 0x1FF8, 0x1FF8, 0x1FF8, 0x1FF8, 0x1FF8,
  0x1FF8, 0x1FF8, 0x1FF8, 0x1FF8, 0x1FF8, 0x1FF8, 0x1FF8, 0x1FF8,
  0x1FF8, 0x1FF8, 0x1FF8, 0x1FF8, 0x1FF8, 0x1FF8, 0x1FF8, 0x1FF8,
  0x1FF8, 0x1FF8, 0x1FF8, 0x1FF8, 0x1FF8, 0x1FF8, 0x1FF8, 0x1FF8,
  0x1FF8, 0x1FF8, 0x1FF8, 0x2752, 0x2752, 0x2752, 0x2752, 0x2752,
  0x2752, 0x2752, 0x2752, 0x2752, 0x2752, 0x2752, 0x2752, 0x2752,
  0x2752, 0x2752, 0x2752, 0x2752, 0x2752, 0x2752, 0x2752, 0x2752,
  0x2752, 0x2752, 0x2752, 0x2752, 0x2852, 0x2752, 0x0752, 0x0752,
  0x1FF8, 0x1FF8, 0x1FF8, 0x1FF8, 0x1FF8, 0x1FF8, 0x1FF8, 0x1FF8,
  0x1FF8, 0x1FF8, 0x1FF8, 0x1FF8, 0x1FF8, 0x1FF8, 0x1FF8, 0x1FF8,
  0x1FF8, 0x1FF8, 0x1FF8, 0x1FF8, 0x1FF8, 0x1FF8, 0x1FF8, 0x1FF8,
  0x1FF8, 0x1FF8, 0x1FF8, 0x1FF8, 0x1FF8, 0x1FF8, 0x1FF8, 0x1FF8,
  0x1FF8, 0x1FF8, 0x1FF8, 0x1FF8, 0x1FF8, 0x1FF8, 0x1FF8, 0x1FF8,
  0x1FF8, 0x1FF8, 0x0752, 0x2752, 0x2752, 0x2752, 0x2752, 0x2752,
  0x2752, 0x2752, 0x2752, 0x2752, 0x2752, 0x2752, 0x2752, 0x2752,
  0x2752, 0x2752, 0x2752, 0x2752, 0x2752, 0x2752, 0x285A, 0x485A,
  0x0752, 0x0752, 0x0752, 0x1FF8, 0x1FF8, 0x1FF8, 0x1FF8, 0x1FF8,
  0x1FF8, 0x1FF8, 0x1FF8, 0x1FF8, 0x1FF8, 0x1FF8, 0x1FF8, 0x1FF8,
  0x1FF8, 0x1FF8, 0x1FF8, 0x1FF8, 0x1FF8, 0x1FF8, 0x1FF8, 0x1FF8,
  0x1FF8, 0x1FF8, 0x1FF8, 0x1FF8, 0x1FF8, 0x1FF8, 0x1FF8, 0x1FF8,
  0x1FF8, 0x1FF8, 0x1FF8, 0x1FF8, 0x1FF8, 0x1FF8, 0x1FF8, 0x1FF8,
  0x1FF8, 0x1FF8, 0x1FF8, 0x1FF8, 0x1FF8, 0x1FF8, 0x1FF8, 0x1FF8,
  0x1FF8, 0x1FF8, 0x2752, 0x2752, 0x2752, 0x2752, 0x2752, 0x2752,
  0x2752, 0x2752, 0x2752, 0x2752, 0x2752, 0x2752, 0x2752, 0x2752,
  0x2752, 0x2752, 0x0752, 0x0752, 0x1FF8, 0x1FF8, 0x1FF8, 0x1FF8,
  0x1FF8, 0x1FF8, 0x1FF8, 0x1FF8, 0x1FF8, 0x1FF8, 0x1FF8, 0x1FF8,
  0x1FF8, 0x1FF8, 0x1FF8, 0x1FF8, 0x1FF8, 0x1FF8, 0x1FF8, 0x1FF8,
  0x1FF8, 0x1FF8, 0x1FF8, 0x1FF8, 0x1FF8, 0x1FF8, 0x1FF8, 0x1FF8,
  0x1FF8, 0x1FF8, 0x1FF8, 0x1FF8, 0x1FF8, 0x1FF8, 0x1FF8, 0x1FF8,
  0x1FF8, 0x1FF8, 0x1FF8, 0x1FF8, 0x1FF8, 0x1FF8, 0x1FF8, 0x1FF8,
  0x1FF8, 0x1FF8, 0x1FF8, 0x1FF8, 0x1FF8, 0x1FF8, 0x1FF8, 0x1FF8,
  0x1FF8, 0x1FF8, 0x0752, 0x2752, 0x2752, 0x2752, 0x2752, 0x2752,
  0x2752, 0x2752, 0x2752, 0x2752, 0x2752, 0x2752, 0x2752, 0x2752,
  0x0752, 0x1FF8, 0x1FF8, 0x1FF8, 0x1FF8, 0x1FF8, 0x1FF8, 0x1FF8,
  0x1FF8, 0x1FF8, 0x1FF8, 0x1FF8, 0x1FF8, 0x1FF8, 0x1FF8, 0x1FF8,
  0x1FF8, 0x1FF8, 0x1FF8, 0x1FF8, 0x1FF8, 0x1FF8, 0x1FF8, 0x1FF8,
  0x1FF8, 0x1FF8, 0x1FF8, 0x1FF8, 0x1FF8, 0x1FF8, 0x1FF8, 0x1FF8,
  0x1FF8, 0x1FF8, 0x1FF8, 0x1FF8, 0x1FF8, 0x1FF8, 0x1FF8, 0x1FF8,
  0x1FF8, 0x1FF8, 0x1FF8, 0x1FF8, 0x1FF8, 0x1FF8, 0x1FF8, 0x1FF8,
  0x1FF8, 0x1FF8, 0x1FF8, 0x1FF8, 0x1FF8, 0x1FF8, 0x1FF8, 0x1FF8,
  0x1FF8, 0x1FF8, 0x0752, 0x2752, 0x2852, 0x2752, 0x2752, 0x2752,
  0x2752, 0x2752, 0x2752, 0x2752, 0x2752, 0x2752, 0x0752, 0x1FF8,
  0x1FF8, 0x1FF8, 0x1FF8, 0x1FF8, 0x1FF8, 0x1FF8, 0x1FF8, 0x1FF8,
  0x1FF8, 0x1FF8, 0x1FF8, 0x1FF8, 0x1FF8, 0x1FF8, 0x1FF8, 0x1FF8,
  0x1FF8, 0x1FF8, 0x1FF8, 0x1FF8, 0x1FF8, 0x1FF8, 0x1FF8, 0x1FF8,
  0x1FF8, 0x1FF8, 0x1FF8, 0x1FF8, 0x1FF8, 0x1FF8, 0x1FF8, 0x1FF8,
  0x1FF8, 0x1FF8, 0x1FF8, 0x1FF8, 0x1FF8, 0x1FF8, 0x1FF8, 0x1FF8,
  0x1FF8, 0x1FF8, 0x1FF8, 0x1FF8, 0x1FF8, 0x1FF8, 0x1FF8, 0x1FF8,
  0x1FF8, 0x1FF8, 0x1FF8, 0x1FF8, 0x1FF8, 0x1FF8, 0x1FF8, 0x1FF8,
  0x1FF8, 0x1FF8, 0x1FF8, 0x1FF8, 0x0752, 0x0752, 0x0752, 0x0752,
  0x0752, 0x0752, 0x2752, 0x1FF8, 0x1FF8, 0x1FF8, 0x1FF8, 0x1FF8,
  0x1FF8, 0x1FF8, 0x1FF8, 0x1FF8, 0x1FF8, 0x1FF8, 0x1FF8, 0x1FF8,
  0x1FF8, 0x1FF8, 0x1FF8, 0x1FF8, 0x1FF8, 0x1FF8, 0x1FF8, 0x1FF8,
  0x1FF8, 0x1FF8, 0x1FF8, 0x1FF8, 0x1FF8, 0x1FF8, 0x1FF8, 0x1FF8,
  0x1FF8, 0x1FF8, 0x1FF8, 0x1FF8, 0x1FF8, 0x1FF8, 0x1FF8, 0x1FF8,
  0x1FF8, 0x1FF8, 0x1FF8, 0x1FF8, 0x1FF8, 0x1FF8, 0x1FF8, 0x1FF8,
  0x1FF8, 0x1FF8, 0x1FF8, 0x1FF8, 0x1FF8, 0x1FF8, 0x1FF8, 0x1FF8,
  0x1FF8, 0x1FF8, 0x1FF8, 0x1FF8, 0x1FF8, 0x1FF8, 0x1FF8, 0x1FF8,
  0x1FF8, 0x1FF8, 0x1FF8, 0x1FF8, 0x1FF8, 0x1FF8, 0x1FF8, 0x1FF8,
  0x1FF8, 0x1FF8, 0x1FF8, 0x1FF8, 0x1FF8, 0x1FF8, 0x1FF8, 0x1FF8,
  0x1FF8, 0x1FF8, 0x1FF8, 0x1FF8, 0x1FF8, 0x1FF8, 0x1FF8, 0x1FF8,
  0x1FF8, 0x1FF8, 0x1FF8, 0x1FF8, 0x1FF8, 0x1FF8, 0x1FF8, 0x1FF8,
  0x1FF8, 0x1FF8, 0x1FF8, 0x1FF8, 0x1FF8, 0x1FF8, 0x1FF8, 0x1FF8,
  0x1FF8, 0x1FF8, 0x1FF8, 0x1FF8, 0x1FF8, 0x1FF8, 0x1FF8, 0x1FF8,
  0x1FF8, 0x1FF8, 0x1FF8, 0x1FF8, 0x1FF8, 0x1FF8, 0x1FF8, 0x1FF8,
  0x1FF8, 0x1FF8, 0x1FF8, 0x1FF8, 0x1FF8, 0x1FF8, 0x1FF8, 0x1FF8,
  0x1FF8,
};
static const shapoco::gfx2d::Texture tex_tail = {
  shapoco::gfx2d::PixelFormat::RGB565_SWAPPED, 71, 143, 142, tex_tailData,
};

alignas(4) static const uint16_t tex_bodyData[] = {
  0x1FF8, 0x1FF8, 0x1FF8, 0x1FF8, 0x1FF8, 0x1FF8, 0x1FF8, 0x1FF8,
  0x1FF8, 0x1FF8, 0x1FF8, 0x1FF8, 0x1FF8, 0x1FF8, 0x1FF8, 0x1FF8,
  0x1FF8, 0x1FF8, 0x1FF8, 0x1FF8, 0x1FF8, 0x1FF8, 0x1FF8, 0x1FF8,
  0x1FF8, 0x1FF8, 0x1FF8, 0x1FF8, 0x1FF8, 0x1FF8, 0x1FF8, 0x1FF8,
  0x1FF8, 0x1FF8, 0x1FF8, 0x1FF8, 0x1FF8, 0x1FF8, 0x1FF8, 0x1FF8,
  0x1FF8, 0x1FF8, 0x1FF8, 0x1FF8, 0x1FF8, 0x1FF8, 0x1FF8, 0x0752,
  0x0752, 0x0752, 0x2752, 0x0752, 0x0752, 0x1FF8, 0x1FF8, 0x1FF8,
  0x1FF8, 0x1FF8, 0x1FF8, 0x1FF8, 0x1FF8, 0x1FF8, 0x1FF8, 0x1FF8,
  0x1FF8, 0x1FF8, 0x1FF8, 0x1FF8, 0x1FF8, 0x1FF8, 0x1FF8, 0x1FF8,
  0x1FF8, 0x1FF8, 0x1FF8, 0x1FF8, 0x1FF8, 0x1FF8, 0x1FF8, 0x1FF8,
  0x1FF8, 0x1FF8, 0x1FF8, 0x1FF8, 0x1FF8, 0x1FF8, 0x1FF8, 0x1FF8,
  0x1FF8, 0x1FF8, 0x1FF8, 0x1FF8, 0x1FF8, 0x1FF8, 0x1FF8, 0x1FF8,
  0x1FF8, 0x1FF8, 0x1FF8, 0x1FF8, 0x1FF8, 0x1FF8, 0x1FF8, 0x1FF8,
  0x1FF8, 0x1FF8, 0x1FF8, 0x1FF8, 0x1FF8, 0x1FF8, 0x1FF8, 0x1FF8,
  0x1FF8, 0x1FF8, 0x1FF8, 0x1FF8, 0x1FF8, 0x1FF8, 0x1FF8, 0x1FF8,
  0x1FF8, 0x1FF8, 0x1FF8, 0x1FF8, 0x1FF8, 0x1FF8, 0x1FF8, 0x1FF8,
  0x1FF8, 0x1FF8, 0x1FF8, 0x1FF8, 0x1FF8, 0x1FF8, 0x1FF8, 0x0752,
  0x0752, 0x2752, 0x2752, 0x2752, 0x285A, 0x485A, 0x485A, 0x485A,
  0x485A, 0x485A, 0x485A, 0x485A, 0x485A, 0x285A, 0x2752, 0x2752,
  0x0752, 0x1FF8, 0x1FF8, 0x1FF8, 0x1FF8, 0x1FF8, 0x1FF8, 0x1FF8,
  0x1FF8, 0x1FF8, 0x1FF8, 0x1FF8, 0x1FF8, 0x1FF8, 0x1FF8, 0x1FF8,
  0x1FF8, 0x1FF8, 0x1FF8, 0x1FF8, 0x1FF8, 0x1FF8, 0x1FF8, 0x1FF8,
  0x1FF8, 0x1FF8, 0x1FF8, 0x1FF8, 0x1FF8, 0x1FF8, 0x1FF8, 0x1FF8,
  0x1FF8, 0x1FF8, 0x1FF8, 0x1FF8, 0x1FF8, 0x1FF8, 0x1FF8, 0x1FF8,
  0x1FF8, 0x1FF8, 0x1FF8, 0x1FF8, 0x1FF8, 0x1FF8, 0x1FF8, 0x1FF8,
  0x1FF8, 0x1FF8, 0x1FF8, 0x1FF8, 0x1FF8, 0x1FF8, 0x1FF8, 0x1FF8,
  0x1FF8, 0x1FF8, 0x1FF8, 0x1FF8, 0x1FF8, 0x1FF8, 0x1FF8, 0x1FF8,
  0x1FF8, 0x1FF8, 0x1FF8, 0x1FF8, 0x1FF8, 0x1FF8, 0x1FF8, 0x1FF8,
  0x1FF8, 0x1FF8, 0x1FF8, 0x0752, 0x0752, 0x285A, 0x485A, 0x485A,
  0x285A, 0x2852, 0x2752, 0x2752, 0x2752, 0x2752, 0x2752, 0x2752,
  0x2752, 0x2752, 0x2752, 0x2752, 0x2752, 0x2752, 0x285A, 0x485A,
  0x485A, 0x2752, 0x0752, 0x1FF8, 0x1FF8, 0x1FF8, 0x1FF8, 0x1FF8,
  0x1FF8, 0x1FF8, 0x1FF8, 0x1FF8, 0x1FF8, 0x1FF8, 0x1FF8, 0x1FF8,
  0x1FF8, 0x1FF8, 0x1FF8, 0x1FF8, 0x1FF8, 0x1FF8, 0x1FF8, 0x1FF8,
  0x1FF8, 0x1FF8, 0x1FF8, 0x1FF8, 0x1FF8, 0x1FF8, 0x1FF8, 0x1FF8,
  0x1FF8, 0x1FF8, 0x1FF8, 0x1FF8, 0x1FF8, 0x1FF8, 0x1FF8, 0x1FF8,
  0x1FF8, 0x1FF8, 0x1FF8, 0x1FF8, 0x1FF8, 0x1FF8, 0x1FF8, 0x1FF8,
  0x1FF8, 0x1FF8, 0x1FF8, 0x1FF8, 0x1FF8, 0x1FF8, 0x1FF8, 0x1FF8,
  0x1FF8, 0x1FF8, 0x1FF8, 0x1FF8, 0x1FF8, 0x1FF8, 0x1FF8, 0x1FF8,
  0x1FF8, 0x1FF8, 0x1FF8, 0x1FF8, 0x1FF8, 0x1FF8, 0x1FF8, 0x2752,
  0x2752, 0x485A, 0x485A, 0x2852, 0x2752, 0x2752, 0x2752, 0x2752,
  0x2752, 0x2752, 0x2752, 0x285A, 0x285A, 0x285A, 0x285A, 0x285A,
  0x285A, 0x285A, 0x2852, 0x2752, 0x2752, 0x2752, 0x2752, 0x2752,
  0x285A, 0x485A, 0x2752, 0x1FF8, 0x1FF8, 0x1FF8, 0x1FF8, 0x1FF8,
  0x1FF8, 0x1FF8, 0x1FF8, 0x1FF8, 0x1FF8, 0x1FF8, 0x1FF8, 0x1FF8,
  0x1FF8, 0x1FF8, 0x1FF8, 0x1FF8, 0x1FF8, 0x1FF8, 0x1FF8, 0x1FF8,
  0x1FF8, 0x1FF8, 0x1FF8, 0x1FF8, 0x1FF8, 0x1FF8, 0x1FF8, 0x1FF8,
  0x1FF8, 0x1FF8, 0x1FF8, 0x1FF8, 0x1FF8, 0x1FF8, 0x1FF8, 0x1FF8,
  0x1FF8, 0x1FF8, 0x1FF8, 0x1FF8, 0x1FF8, 0x1FF8, 0x1FF8, 0x1FF8,
  0x1FF8, 0x1FF8, 0x1FF8, 0x1FF8, 0x1FF8, 0x1FF8, 0x1FF8, 0x1FF8,
  0x1FF8, 0x1FF8, 0x1FF8, 0x1FF8, 0x1FF8, 0x1FF8, 0x1FF8, 0x1FF8,
  0x1FF8, 0x1FF8, 0x1FF8, 0x2752, 0x0752, 0x285A, 0x485A, 0x2852,
  0x2752, 0x2752, 0x2752, 0x2752, 0x285A, 0x285A, 0x485A, 0x485A,
  0x2752, 0x2752, 0x2752, 0x2752, 0x2752, 0x2752, 0x0752, 0x2752,
  0x2752, 0x2752, 0x2752, 0x285A, 0x485A, 0x285A, 0x2752, 0x2752,
  0x2752, 0x285A, 0x285A, 0x2752, 0x1FF8, 0x1FF8, 0x1FF8, 0x1FF8,
  0x1FF8, 0x1FF8, 0x1FF8, 0x1FF8, 0x1FF8, 0x1FF8, 0x1FF8, 0x1FF8,
  0x1FF8, 0x1FF8, 0x1FF8, 0x1FF8, 0x1FF8, 0x1FF8, 0x1FF8, 0x1FF8,
  0x1FF8, 0x1FF8, 0x1FF8, 0x1FF8, 0x1FF8, 0x1FF8, 0x1FF8, 0x1FF8,
  0x1FF8, 0x1FF8, 0x1FF8, 0x1FF8, 0x1FF8, 0x1FF8, 0x1FF8, 0x1FF8,
  0x1FF8, 0x1FF8, 0x1FF8, 0x1FF8, 0x1FF8, 0x1FF8, 0x1FF8, 0x1FF8,
  0x1FF8, 0x1FF8, 0x1FF8, 0x1FF8, 0x1FF8, 0x1FF8, 0x1FF8, 0x1FF8,
  0x1FF8, 0x1FF8, 0x1FF8, 0x1FF8, 0x1FF8, 0x1FF8, 0x1FF8, 0x1FF8,
  0x2752, 0x2752, 0x485A, 0x285A, 0x2752, 0x2752, 0x2752, 0x2752,
  0x285A, 0x485A, 0x285A, 0x2752, 0x0752, 0x0752, 0x1FF8, 0x1FF8,
  0x1FF8, 0x1FF8, 0x1FF8, 0x1FF8, 0x1FF8, 0x1FF8, 0x1FF8, 0x1FF8,
  0x1FF8, 0x1FF8, 0x1FF8, 0x0752, 0x0752, 0x485A, 0x2852, 0x2752,
  0x2752, 0x2752, 0x485A, 0x2752, 0x1FF8, 0x1FF8, 0x1FF8, 0x1FF8,
  0x1FF8, 0x1FF8, 0x1FF8, 0x1FF8, 0x1FF8, 0x1FF8, 0x1FF8, 0x1FF8,
  0x1FF8, 0x1FF8, 0x1FF8, 0x1FF8, 0x1FF8, 0x1FF8, 0x1FF8, 0x1FF8,
  0x1FF8, 0x1FF8, 0x1FF8, 0x1FF8, 0x1FF8, 0x1FF8, 0x1FF8, 0x1FF8,
  0x1FF8, 0x1FF8, 0x1FF8, 0x1FF8, 0x1FF8, 0x1FF8, 0x1FF8, 0x1FF8,
  0x1FF8, 0x1FF8, 0x1FF8, 0x1FF8, 0x1FF8, 0x1FF8, 0x1FF8, 0x1FF8,
  0x1FF8, 0x1FF8, 0x1FF8, 0x1FF8, 0x1FF8, 0x1FF8, 0x1FF8, 0x1FF8,
  0x1FF8, 0x1FF8, 0x1FF8, 0x1FF8, 0x1FF8, 0x2752, 0x485A, 0x285A,
  0x2752, 0x2752, 0x2752, 0x2752, 0x2852, 0x485A, 0x2852, 0x2752,
  0x2752, 0x1FF8, 0x1FF8, 0x1FF8, 0x1FF8, 0x1FF8, 0x1FF8, 0x1FF8,
  0x1FF8, 0x1FF8, 0x1FF8, 0x1FF8, 0x1FF8, 0x1FF8, 0x1FF8, 0x1FF8,
  0x1FF8, 0x1FF8, 0x1FF8, 0x1FF8, 0x1FF8, 0x2752, 0x485A, 0x2752,
  0x2752, 0x2752, 0x285A, 0x2752, 0x1FF8, 0x1FF8, 0x1FF8, 0x1FF8,
  0x1FF8, 0x1FF8, 0x1FF8, 0x1FF8, 0x1FF8, 0x1FF8, 0x1FF8, 0x1FF8,
  0x1FF8, 0x1FF8, 0x1FF8, 0x1FF8, 0x1FF8, 0x1FF8, 0x1FF8, 0x1FF8,
  0x1FF8, 0x1FF8, 0x1FF8, 0x1FF8, 0x1FF8, 0x1FF8, 0x1FF8, 0x1FF8,
  0x1FF8, 0x1FF8, 0x1FF8, 0x1FF8, 0x1FF8, 0x1FF8, 0x1FF8, 0x1FF8,
  0x1FF8, 0x1FF8, 0x1FF8, 0x1FF8, 0x1FF8, 0x1FF8, 0x1FF8, 0x1FF8,
  0x1FF8, 0x1FF8, 0x1FF8, 0x1FF8, 0x1FF8, 0x1FF8, 0x1FF8, 0x1FF8,
  0x1FF8, 0x1FF8, 0x0752, 0x2852, 0x285A, 0x2752, 0x2752, 0x2752,
  0x2752, 0x485A, 0x485A, 0x2752, 0x0752, 0x1FF8, 0x1FF8, 0x1FF8,
  0x1FF8, 0x1FF8, 0x1FF8, 0x1FF8, 0x1FF8, 0x1FF8, 0x1FF8, 0x1FF8,
  0x1FF8, 0x1FF8, 0x1FF8, 0x1FF8, 0x1FF8, 0x1FF8, 0x1FF8, 0x1FF8,
  0x1FF8, 0x1FF8, 0x1FF8, 0x1FF8, 0x1FF8, 0x2752, 0x485A, 0x285A,
  0x2752, 0x2752, 0x2852, 0x285A, 0x1FF8, 0x1FF8, 0x1FF8, 0x1FF8,
  0x1FF8, 0x1FF8, 0x1FF8, 0x1FF8, 0x1FF8, 0x1FF8, 0x1FF8, 0x1FF8,
  0x1FF8, 0x1FF8, 0x1FF8, 0x1FF8, 0x1FF8, 0x1FF8, 0x1FF8, 0x1FF8,
  0x1FF8, 0x1FF8, 0x1FF8, 0x1FF8, 0x1FF8, 0x1FF8, 0x1FF8, 0x1FF8,
  0x1FF8, 0x1FF8, 0x1FF8, 0x1FF8, 0x1FF8, 0x1FF8, 0x1FF8, 0x1FF8,
  0x1FF8, 0x1FF8, 0x1FF8, 0x1FF8, 0x1FF8, 0x1FF8, 0x1FF8, 0x1FF8,
  0x1FF8, 0x1FF8, 0x1FF8, 0x1FF8, 0x1FF8, 0x1FF8, 0x1FF8, 0x1FF8,
  0x0752, 0x485A, 0x2752, 0x2752, 0x2752, 0x285A, 0x485A, 0x2852,
  0x2752, 0x1FF8, 0x1FF8, 0x1FF8, 0x1FF8, 0x1FF8, 0x1FF8, 0x1FF8,
  0x1FF8, 0x1FF8, 0x1FF8, 0x1FF8, 0x1FF8, 0x1FF8, 0x1FF8, 0x1FF8,
  0x1FF8, 0x1FF8, 0x1FF8, 0x1FF8, 0x1FF8, 0x1FF8, 0x1FF8, 0x1FF8,
  0x1FF8, 0x1FF8, 0x1FF8, 0x1FF8, 0x1FF8, 0x1FF8, 0x2752, 0x485A,
  0x2852, 0x2752, 0x2752, 0x285A, 0x1FF8, 0x1FF8, 0x1FF8, 0x1FF8,
  0x1FF8, 0x1FF8, 0x1FF8, 0x1FF8, 0x1FF8, 0x1FF8, 0x1FF8, 0x1FF8,
  0x1FF8, 0x1FF8, 0x1FF8, 0x1FF8, 0x1FF8, 0x1FF8, 0x1FF8, 0x1FF8,
  0x1FF8, 0x1FF8, 0x1FF8, 0x1FF8, 0x1FF8, 0x1FF8, 0x1FF8, 0x1FF8,
  0x1FF8, 0x1FF8, 0x1FF8, 0x1FF8, 0x1FF8, 0x1FF8, 0x1FF8, 0x1FF8,
  0x1FF8, 0x1FF8, 0x1FF8, 0x1FF8, 0x1FF8, 0x1FF8, 0x1FF8, 0x1FF8,
  0x1FF8, 0x1FF8, 0x1FF8, 0x1FF8, 0x1FF8, 0x0752, 0x0752, 0x285A,
  0x2752, 0x2752, 0x2752, 0x485A, 0x0752, 0xC649, 0x1FF8, 0x1FF8,
  0x1FF8, 0x1FF8, 0x1FF8, 0x1FF8, 0x1FF8, 0x1FF8, 0x1FF8, 0x1FF8,
  0xF6EE, 0xF6EE, 0xF6EE, 0xF5EE, 0xF5EE, 0xF5EE, 0x16EF, 0x16EF,
  0x16EF, 0x16EF, 0x16EF, 0x16EF, 0xF5EE, 0x16F7, 0x1FF8, 0x1FF8,
  0x1FF8, 0x1FF8, 0x1FF8, 0x1FF8, 0x1FF8, 0x1FF8, 0xA649, 0x0752,
  0x2852, 0x2752, 0x2852, 0x275A, 0x1FF8, 0x1FF8, 0x1FF8, 0x1FF8,
  0x1FF8, 0x1FF8, 0x1FF8, 0x1FF8, 0x1FF8, 0x1FF8, 0x1FF8, 0x1FF8,
  0x1FF8, 0x1FF8, 0x1FF8, 0x1FF8, 0x1FF8, 0x1FF8, 0x1FF8, 0x1FF8,
  0x1FF8, 0x1FF8, 0x1FF8, 0x1FF8, 0x1FF8, 0x1FF8, 0x1FF8, 0x1FF8,
  0x1FF8, 0x1FF8, 0x1FF8, 0x1FF8, 0x1FF8, 0x1FF8, 0x1FF8, 0x1FF8,
  0x1FF8, 0x1FF8, 0x1FF8, 0x1FF8, 0x1FF8, 0x1FF8, 0x1FF8, 0x1FF8,
  0x1FF8, 0x1FF8, 0x1FF8, 0x285A, 0x485A, 0x485A, 0x2752, 0x2752,
  0x285A, 0x2752, 0x8641, 0x1FF8, 0x1FF8, 0x1FF8, 0x16F7, 0xF5EE,
  0xF5EE, 0x16EF, 0x16EF, 0x16F7, 0x56F7, 0x77FF, 0x97FF, 0x97FF,
  0x77FF, 0x77FF, 0x77FF, 0x77FF, 0x57FF, 0x56F7, 0x56F7, 0x56F7,
  0x56F7, 0x56F7, 0x57FF, 0x77FF, 0x97FF, 0x77FF, 0x56FF, 0x36F7,
  0xF6EE, 0x16EF, 0x16EF, 0xF5EE, 0x56F7, 0x54DE, 0xC96A, 0xE751,
  0x285A, 0x2752, 0x2852, 0x2752, 0x1FF8, 0x1FF8, 0x1FF8, 0x1FF8,
  0x1FF8, 0x1FF8, 0x1FF8, 0x1FF8, 0x1FF8, 0x1FF8, 0x1FF8, 0x1FF8,
  0x1FF8, 0x1FF8, 0x1FF8, 0x1FF8, 0x1FF8, 0x1FF8, 0x1FF8, 0x1FF8,
  0x1FF8, 0x1FF8, 0x1FF8, 0x1FF8, 0x1FF8, 0x1FF8, 0x1FF8, 0x1FF8,
  0x1FF8, 0x1FF8, 0x1FF8, 0x1FF8, 0x1FF8, 0x1FF8, 0x1FF8, 0x1FF8,
  0x1FF8, 0x1FF8, 0x1FF8, 0x1FF8, 0x1FF8, 0x1FF8, 0x1FF8, 0x1FF8,
  0x1FF8, 0x0752, 0x285A, 0x2752, 0x2752, 0x2752, 0x285A, 0xE749,
  0x8962, 0x1FF8, 0x56F7, 0x16EF, 0x77FF, 0x97FF, 0x57FF, 0x36F7,
  0x36F7, 0x16F7, 0x16EF, 0xF6EE, 0x16EF, 0x16EF, 0xF6EE, 0x16EF,
  0x16EF, 0xF6EE, 0xF6EE, 0xF6EE, 0xF6EE, 0xF6EE, 0xF6EE, 0xF6EE,
  0xF6EE, 0x16EF, 0xF6EE, 0x16EF, 0x16EF, 0xF6EE, 0x16EF, 0x16EF,
  0x16F7, 0x36F7, 0x36F7, 0x57FF, 0x97FF, 0xB5E6, 0xEA72, 0xE751,
  0x285A, 0x2752, 0x485A, 0x2752, 0x1FF8, 0x1FF8, 0x1FF8, 0x1FF8,
  0x1FF8, 0x1FF8, 0x1FF8, 0x1FF8, 0x1FF8, 0x1FF8, 0x1FF8, 0x1FF8,
  0x1FF8, 0x1FF8, 0x1FF8, 0x1FF8, 0x1FF8, 0x1FF8, 0x1FF8, 0x1FF8,
  0x1FF8, 0x1FF8, 0x1FF8, 0x1FF8, 0x1FF8, 0x1FF8, 0x1FF8, 0x1FF8,
  0x1FF8, 0x1FF8, 0x1FF8, 0x1FF8, 0x1FF8, 0x1FF8, 0x1FF8, 0x1FF8,
  0x1FF8, 0x1FF8, 0x1FF8, 0x1FF8, 0x1FF8, 0x1FF8, 0x1FF8, 0x1FF8,
  0x485A, 0x2752, 0x2752, 0x2752, 0x285A, 0xE749, 0x6B7B, 0xF6EE,
  0x77FF, 0x57FF, 0x16F7, 0xF6EE, 0xF6EE, 0x16EF, 0x16EF, 0xF6EE,
  0xF6EE, 0x16EF, 0x16EF, 0x16EF, 0x16EF, 0x16EF, 0x16EF, 0x16EF,
  0x16EF, 0x16EF, 0x16EF, 0x16EF, 0x16EF, 0x16EF, 0x16EF, 0x16EF,
  0x16EF, 0x16EF, 0x16EF, 0x16EF, 0x16EF, 0x16EF, 0xF6EE, 0xF6EE,
  0xF6EE, 0x16EF, 0x16EF, 0xF5EE, 0x36F7, 0x54DE, 0x8962, 0x0752,
  0x2852, 0x2752, 0x485A, 0x2752, 0x1FF8, 0x1FF8, 0x1FF8, 0x1FF8,
  0x1FF8, 0x1FF8, 0x1FF8, 0x1FF8, 0x1FF8, 0x1FF8, 0x1FF8, 0x1FF8,
  0x1FF8, 0x1FF8, 0x1FF8, 0x1FF8, 0x1FF8, 0x1FF8, 0x1FF8, 0x1FF8,
  0x1FF8, 0x1FF8, 0x1FF8, 0x1FF8, 0x1FF8, 0x1FF8, 0x1FF8, 0x1FF8,
  0x1FF8, 0x1FF8, 0x1FF8, 0x1FF8, 0x1FF8, 0x1FF8, 0x1FF8, 0x1FF8,
  0x1FF8, 0x1FF8, 0x1FF8, 0x1FF8, 0x1FF8, 0x1FF8, 0x2752, 0x285A,
  0x2752, 0x2752, 0x485A, 0xE749, 0x0A73, 0xF5EE, 0x36F7, 0xF5EE,
  0xF6EE, 0xF6EE, 0x16EF, 0x16EF, 0x16EF, 0x16EF, 0x16EF, 0x16EF,
  0x16EF, 0x16EF, 0x16EF, 0x16EF, 0x16EF, 0x16EF, 0x16EF, 0x16EF,
  0x16EF, 0x16EF, 0x16EF, 0x16EF, 0x16EF, 0x16EF, 0x16EF, 0x16EF,
  0x16EF, 0x16EF, 0x16EF, 0x16EF, 0x16EF, 0x16EF, 0x16EF, 0x16EF,
  0x16EF, 0x16EF, 0x16EF, 0xF5EE, 0x56F7, 0xB2C5, 0x485A, 0x0752,
  0x2852, 0x2752, 0x285A, 0x1FF8, 0x1FF8, 0x1FF8, 0x1FF8, 0x1FF8,
  0x1FF8, 0x1FF8, 0x1FF8, 0x1FF8, 0x1FF8, 0x1FF8, 0x1FF8, 0x1FF8,
  0x1FF8, 0x1FF8, 0x1FF8, 0x1FF8, 0x1FF8, 0x1FF8, 0x1FF8, 0x1FF8,
  0x1FF8, 0x1FF8, 0x1FF8, 0x1FF8, 0x1FF8, 0x1FF8, 0x1FF8, 0x1FF8,
  0x1FF8, 0x1FF8, 0x1FF8, 0x1FF8, 0x1FF8, 0x1FF8, 0x1FF8, 0x1FF8,
  0x1FF8, 0x1FF8, 0x1FF8, 0x1FF8, 0x2752, 0x485A, 0x2752, 0x2752,
  0x285A, 0xE749, 0xC96A, 0x74DE, 0x36F7, 0xF5EE, 0x16EF, 0x16EF,
  0x16EF, 0x16EF, 0x16EF, 0x16EF, 0x16EF, 0x16EF, 0x16EF, 0x16EF,
  0x16EF, 0x16EF, 0x16EF, 0x16EF, 0x16EF, 0x16EF, 0x16EF, 0x16EF,
  0x16EF, 0x16EF, 0x16EF, 0x16EF, 0x16EF, 0x16EF, 0x16EF, 0x16EF,
  0x16EF, 0x16EF, 0x16EF, 0x16EF, 0x16EF, 0x16EF, 0x16EF, 0x16EF,
  0x16EF, 0x16EF, 0x16EF, 0xF5EE, 0x57FF, 0x30B5, 0x0752, 0x2752,
  0x2752, 0x285A, 0x2752, 0x1FF8, 0x1FF8, 0x1FF8, 0x1FF8, 0x1FF8,
  0x1FF8, 0x1FF8, 0x1FF8, 0x1FF8, 0x1FF8, 0x1FF8, 0x1FF8, 0x1FF8,
  0x1FF8, 0x1FF8, 0x1FF8, 0x1FF8, 0x1FF8, 0x1FF8, 0x1FF8, 0x1FF8,
  0x1FF8, 0x1FF8, 0x1FF8, 0x1FF8, 0x1FF8, 0x1FF8, 0x1FF8, 0x1FF8,
  0x1FF8, 0x1FF8, 0x1FF8, 0x1FF8, 0x1FF8, 0x1FF8, 0x1FF8, 0x1FF8,
  0x1FF8, 0x1FF8, 0x1FF8, 0x2752, 0x2752, 0x2752, 0x285A, 0xE749,
  0x0A73, 0x74DE, 0x36F7, 0xF6EE, 0x16EF, 0x16EF, 0x16EF, 0x16EF,
  0x16EF, 0x16EF, 0x16EF, 0x16EF, 0x16EF, 0x16EF, 0x16EF, 0x16EF,
  0x16EF, 0x16EF, 0x16EF, 0x16EF, 0x16EF, 0x16EF, 0x16EF, 0x16EF,
  0x16EF, 0x16EF, 0x16EF, 0x16EF, 0x16EF, 0x16EF, 0x16EF, 0x16EF,
  0x16EF, 0x16EF, 0x16EF, 0x16EF, 0x16EF, 0x16EF, 0x16EF, 0x16EF,
  0x16EF, 0x16EF, 0x16EF, 0xF6EE, 0x56F7, 0x0D94, 0xE749, 0x2852,
  0x2752, 0x285A, 0x1FF8, 0x1FF8, 0x1FF8, 0x1FF8, 0x1FF8, 0x1FF8,
  0x1FF8, 0x1FF8, 0x1FF8, 0x1FF8, 0x1FF8, 0x1FF8, 0x1FF8, 0x1FF8,
  0x1FF8, 0x1FF8, 0x1FF8, 0x1FF8, 0x1FF8, 0x1FF8, 0x1FF8, 0x1FF8,
  0x1FF8, 0x1FF8, 0x1FF8, 0x1FF8, 0x1FF8, 0x1FF8, 0x1FF8, 0x1FF8,
  0x1FF8, 0x1FF8, 0x1FF8, 0x1FF8, 0x1FF8, 0x1FF8, 0x1FF8, 0x1FF8,
  0x1FF8, 0x2752, 0x485A, 0x2752, 0x2852, 0x0752, 0xEA6A, 0xD5E6,
  0x36F7, 0xF5EE, 0x16EF, 0x16EF, 0x16EF, 0x16EF, 0x16EF, 0x16EF,
  0x16EF, 0x16EF, 0x16EF, 0x16EF, 0x16EF, 0x16EF, 0x16EF, 0x16EF,
  0x16EF, 0x16EF, 0x16EF, 0x16EF, 0x16EF, 0x16EF, 0x16EF, 0x16EF,
  0x16EF, 0x16EF, 0x16EF, 0x16EF, 0x16EF, 0x16EF, 0x16EF, 0x16EF,
  0x16EF, 0x16EF, 0x16EF, 0x16EF, 0x16EF, 0x16EF, 0x16EF, 0x16EF,
  0x16EF, 0x16EF, 0xF6EE, 0x36F7, 0x54DE, 0x485A, 0x2752, 0x2752,
  0x485A, 0x2752, 0x1FF8, 0x1FF8, 0x1FF8, 0x1FF8, 0x1FF8, 0x1FF8,
  0x1FF8, 0x1FF8, 0x1FF8, 0x1FF8, 0x1FF8, 0x1FF8, 0x1FF8, 0x1FF8,
  0x1FF8, 0x1FF8, 0x1FF8, 0x1FF8, 0x1FF8, 0x1FF8, 0x1FF8, 0x1FF8,
  0x1FF8, 0x1FF8, 0x1FF8, 0x1FF8, 0x1FF8, 0x1FF8, 0x1FF8, 0x1FF8,
  0x1FF8, 0x1FF8, 0x1FF8, 0x1FF8, 0x1FF8, 0x1FF8, 0x1FF8, 0x0752,
  0x485A, 0x2752, 0x2752, 0x2852, 0xE749, 0x30B5, 0x77FF, 0xF5EE,
  0x16EF, 0x16EF, 0x16EF, 0x16EF, 0x16EF, 0x16EF, 0x16EF, 0x16EF,
  0x16EF, 0x16EF, 0x16EF, 0x16EF, 0x16EF, 0x16EF, 0x16EF, 0x16EF,
  0x16EF, 0x16EF, 0x16EF, 0x16EF, 0x16EF, 0x16EF, 0x16EF, 0x16EF,
  0x16EF, 0x16EF, 0x16EF, 0x16EF, 0x16EF, 0x16EF, 0x16EF, 0x16EF,
  0x16EF, 0x16EF, 0x16EF, 0x16EF, 0x16EF, 0x16EF, 0x16EF, 0x16EF,
  0x16EF, 0x16EF, 0xF6EE, 0x36F7, 0xAC83, 0xE749, 0x2852, 0x2852,
  0x2752, 0x1FF8, 0x1FF8, 0x1FF8, 0x1FF8, 0x1FF8, 0x1FF8, 0x1FF8,
  0x1FF8, 0x1FF8, 0x1FF8, 0x1FF8, 0x1FF8, 0x1FF8, 0x1FF8, 0x1FF8,
  0x1FF8, 0x1FF8, 0x1FF8, 0x1FF8, 0x1FF8, 0x1FF8, 0x1FF8, 0x1FF8,
  0x1FF8, 0x1FF8, 0x1FF8, 0x1FF8, 0x1FF8, 0x1FF8, 0x1FF8, 0x1FF8,
  0x1FF8, 0x1FF8, 0x1FF8, 0x1FF8, 0x1FF8, 0x1FF8, 0x2752, 0x2852,
  0x2752, 0x2752, 0x0752, 0x8962, 0x94DE, 0x16F7, 0xF6EE, 0x16EF,
  0x16EF, 0x16EF, 0x16EF, 0x16EF, 0x16EF, 0x16EF, 0x16EF, 0x16EF,
  0x16EF, 0x16EF, 0x16EF, 0x16EF, 0x16EF, 0x16EF, 0x16EF, 0x16EF,
  0x16EF, 0x16EF, 0x16EF, 0x16EF, 0x16EF, 0x16EF, 0x16EF, 0x16EF,
  0x16EF, 0x16EF, 0x16EF, 0x16EF, 0x16EF, 0x16EF, 0x16EF, 0x16EF,
  0x16EF, 0x16EF, 0x16EF, 0x16EF, 0x16EF, 0x16EF, 0x16EF, 0x16EF,
  0x16EF, 0xF5EE, 0x56F7, 0x51BD, 0xE751, 0x2852, 0x2752, 0x485A,
  0x2752, 0x1FF8, 0x1FF8, 0x1FF8, 0x1FF8, 0x1FF8, 0x1FF8, 0x1FF8,
  0x1FF8, 0x1FF8, 0x1FF8, 0x1FF8, 0x1FF8, 0x1FF8, 0x1FF8, 0x1FF8,
  0x1FF8, 0x1FF8, 0x1FF8, 0x1FF8, 0x1FF8, 0x1FF8, 0x1FF8, 0x1FF8,
  0x1FF8, 0x1FF8, 0x1FF8, 0x1FF8, 0x1FF8, 0x1FF8, 0x1FF8, 0x1FF8,
  0x1FF8, 0x1FF8, 0x1FF8, 0x1FF8, 0x1FF8, 0x485A, 0x2752, 0x2752,
  0x285A, 0xE749, 0xED8B, 0x36F7, 0xF6EE, 0x16EF, 0x16EF, 0x16EF,
  0x16EF, 0x16EF, 0x16EF, 0x16EF, 0x16EF, 0x16EF, 0x16EF, 0x16EF,
  0x16EF, 0x16EF, 0x16EF, 0x16EF, 0x16EF, 0x16EF, 0x16EF, 0x16EF,
  0x16EF, 0x16EF, 0x16EF, 0x16EF, 0x16EF, 0x16EF, 0x16EF, 0x16EF,
  0x16EF, 0x16EF, 0x16EF, 0x16EF, 0x16EF, 0x16EF, 0x16EF, 0x16EF,
  0x16EF, 0x16EF, 0x16EF, 0x16EF, 0x16EF, 0x16EF, 0x16EF, 0x16EF,
  0x16EF, 0x16EF, 0xD5E6, 0xEA6A, 0x0752, 0x2752, 0x285A, 0x2752,
  0x1FF8, 0x1FF8, 0x1FF8, 0x1FF8, 0x1FF8, 0x1FF8, 0x1FF8, 0x1FF8,
  0x1FF8, 0x1FF8, 0x1FF8, 0x1FF8, 0x1FF8, 0x1FF8, 0x1FF8, 0x1FF8,
  0x1FF8, 0x1FF8, 0x1FF8, 0x1FF8, 0x1FF8, 0x1FF8, 0x1FF8, 0x1FF8,
  0x1FF8, 0x1FF8, 0x1FF8, 0x1FF8, 0x1FF8, 0x1FF8, 0x1FF8, 0x1FF8,
  0x1FF8, 0x1FF8, 0x1FF8, 0x2752, 0x485A, 0x2752, 0x2752, 0x2752,
  0x0752, 0x92C5, 0x56F7, 0xF6EE, 0x16EF, 0x16EF, 0x16EF, 0x16EF,
  0x16EF, 0x16EF, 0x16EF, 0x16EF, 0x16EF, 0x16EF, 0x16EF, 0x16EF,
  0x16EF, 0x16EF, 0x16EF, 0x16EF, 0x16EF, 0x16EF, 0x16EF, 0x16EF,
  0x16EF, 0x16EF, 0x16EF, 0x16EF, 0x16EF, 0x16EF, 0x16EF, 0x16EF,
  0x16EF, 0x16EF, 0x16EF, 0x16EF, 0x16EF, 0x16EF, 0x16EF, 0x16EF,
  0x16EF, 0x16EF, 0x16EF, 0x16EF, 0x16EF, 0x16EF, 0x16EF, 0x16EF,
  0xF5EE, 0x56FF, 0xAFA4, 0xE749, 0x285A, 0x2752, 0x485A, 0x1FF8,
  0x1FF8, 0x1FF8, 0x1FF8, 0x1FF8, 0x1FF8, 0x1FF8, 0x1FF8, 0x1FF8,
  0x1FF8, 0x1FF8, 0x1FF8, 0x1FF8, 0x1FF8, 0x1FF8, 0x1FF8, 0x1FF8,
  0x1FF8, 0x1FF8, 0x1FF8, 0x1FF8, 0x1FF8, 0x1FF8, 0x1FF8, 0x1FF8,
  0x1FF8, 0x1FF8, 0x1FF8, 0x1FF8, 0x1FF8, 0x1FF8, 0x1FF8, 0x1FF8,
  0x1FF8, 0x1FF8, 0x2852, 0x2752, 0x2752, 0x2852, 0x0752, 0xEA6A,
  0xD5EE, 0x16EF, 0x16EF, 0x16EF, 0x16EF, 0x16EF, 0x16EF, 0x16EF,
  0x16EF, 0x16EF, 0x16EF, 0x16EF, 0x16EF, 0x16EF, 0x16EF, 0x16EF,
  0x16EF, 0x16EF, 0x16EF, 0x16EF, 0x16EF, 0x16EF, 0x16EF, 0x16EF,
  0x16EF, 0x16EF, 0x16EF, 0x16EF, 0x16EF, 0x16EF, 0x16EF, 0x16EF,
  0x16EF, 0x16EF, 0x16EF, 0x16EF, 0x16EF, 0x16EF, 0x16EF, 0x16EF,
  0x16EF, 0x16EF, 0x16EF, 0x16EF, 0x16EF, 0x16EF, 0x16EF, 0xF6EE,
  0x36F7, 0x74DE, 0x8962, 0x0752, 0x2752, 0x285A, 0x0752, 0x1FF8,
  0x1FF8, 0x1FF8, 0x1FF8, 0x1FF8, 0x1FF8, 0x1FF8, 0x1FF8, 0x1FF8,
  0x1FF8, 0x1FF8, 0x1FF8, 0x1FF8, 0x1FF8, 0x1FF8, 0x1FF8, 0x1FF8,
  0x1FF8, 0x1FF8, 0x1FF8, 0x1FF8, 0x1FF8, 0x1FF8, 0x1FF8, 0x1FF8,
  0x1FF8, 0x1FF8, 0x1FF8, 0x1FF8, 0x1FF8, 0x1FF8, 0x1FF8, 0x1FF8,
  0x0752, 0x485A, 0x2752, 0x2752, 0x285A, 0xE749, 0x6E9C, 0x56F7,
  0xF5EE, 0x16EF, 0x16EF, 0x16EF, 0x16EF, 0x16EF, 0x16EF, 0x16EF,
  0x16EF, 0x16EF, 0x16EF, 0x16EF, 0x16EF, 0x16EF, 0x16EF, 0x16EF,
  0x16EF, 0x16EF, 0x16EF, 0x16EF, 0x16EF, 0x16EF, 0x16EF, 0x16EF,
  0x16EF, 0x16EF, 0x16EF, 0x16EF, 0x16EF, 0x16EF, 0x16EF, 0x16EF,
  0x16EF, 0x16EF, 0x16EF, 0x16EF, 0x16EF, 0x16EF, 0x16EF, 0x16EF,
  0x16EF, 0x16EF, 0x16EF, 0x16EF, 0x16EF, 0x16EF, 0x16EF, 0xF6EE,
  0x56F7, 0x2D94, 0xE749, 0x285A, 0x2752, 0x485A, 0x1FF8, 0x1FF8,
  0x1FF8, 0x1FF8, 0x1FF8, 0x1FF8, 0x1FF8, 0x1FF8, 0x1FF8, 0x1FF8,
  0x1FF8, 0x1FF8, 0x1FF8, 0x1FF8, 0x1FF8, 0x1FF8, 0x1FF8, 0x1FF8,
  0x1FF8, 0x1FF8, 0x1FF8, 0x1FF8, 0x1FF8, 0x1FF8, 0x1FF8, 0x1FF8,
  0x1FF8, 0x1FF8, 0x1FF8, 0x1FF8, 0x1FF8, 0x1FF8, 0x1FF8, 0x0752,
  0x485A, 0x2752, 0x2752, 0x2752, 0x285A, 0x13CE, 0x36F7, 0xF6EE,
  0x16EF, 0x16EF, 0x16EF, 0x16EF, 0x16EF, 0x16EF, 0x16EF, 0x16EF,
  0x16EF, 0x16EF, 0x16EF, 0x16EF, 0x16EF, 0x16EF, 0x16EF, 0x16EF,
  0x16EF, 0x16EF, 0x16EF, 0x16EF, 0x16EF, 0x16EF, 0x16EF, 0x16EF,
  0x16EF, 0x16EF, 0x16EF, 0x16EF, 0x16EF, 0x16EF, 0x16EF, 0x16EF,
  0x16EF, 0x16EF, 0x16EF, 0x16EF, 0x16EF, 0x16EF, 0x16EF, 0x16EF,
  0x16EF, 0x16EF, 0x16EF, 0x16EF, 0x16EF, 0x16EF, 0xF6EE, 0x36F7,
  0x13D6, 0x485A, 0x2752, 0x2752, 0x285A, 0x0752, 0x1FF8, 0x1FF8,
  0x1FF8, 0x1FF8, 0x1FF8, 0x1FF8, 0x1FF8, 0x1FF8, 0x1FF8, 0x1FF8,
  0x1FF8, 0x1FF8, 0x1FF8, 0x1FF8, 0x1FF8, 0x1FF8, 0x1FF8, 0x1FF8,
  0x1FF8, 0x1FF8, 0x1FF8, 0x1FF8, 0x1FF8, 0x1FF8, 0x1FF8, 0x1FF8,
  0x1FF8, 0x1FF8, 0x1FF8, 0x1FF8, 0x1FF8, 0x1FF8, 0x1FF8, 0x2752,
  0x2752, 0x285A, 0xE751, 0x2B7B, 0x16EF, 0x16EF, 0xF6EE, 0x16EF,
  0x16EF, 0x16EF, 0x16EF, 0x16EF, 0x16EF, 0x16EF, 0x16EF, 0x16EF,
  0x16EF, 0x16EF, 0x16EF, 0x16EF, 0x16EF, 0x16EF, 0x16EF, 0x16EF,
  0x16EF, 0x16EF, 0x16EF, 0x16EF, 0x16EF, 0x16EF, 0x16EF, 0x16EF,
  0x16EF, 0x16EF, 0x16EF, 0x16EF, 0x16EF, 0x16EF, 0x16EF, 0x16EF,
  0x16EF, 0x16EF, 0x16EF, 0x16EF, 0x16EF, 0x16EF, 0x16EF, 0x16EF,
  0x16EF, 0x16EF, 0x16EF, 0x16EF, 0x16EF, 0x16EF, 0xF5EE, 0x36F7,
  0x0D94, 0xE749, 0x285A, 0x2752, 0x485A, 0x0752, 0x1FF8, 0x1FF8,
  0x1FF8, 0x1FF8, 0x1FF8, 0x1FF8, 0x1FF8, 0x1FF8, 0x1FF8, 0x1FF8,
  0x1FF8, 0x1FF8, 0x1FF8, 0x1FF8, 0x1FF8, 0x1FF8, 0x1FF8, 0x1FF8,
  0x1FF8, 0x1FF8, 0x1FF8, 0x1FF8, 0x1FF8, 0x1FF8, 0x1FF8, 0x1FF8,
  0x1FF8, 0x1FF8, 0x1FF8, 0x1FF8, 0x1FF8, 0x1FF8, 0x2852, 0x2752,
  0x285A, 0xE749, 0xCFAC, 0x56FF, 0xF5EE, 0x16EF, 0x16EF, 0x16EF,
  0x16EF, 0x16EF, 0x16EF, 0x16EF, 0x16EF, 0x16EF, 0x16EF, 0x16EF,
  0x16EF, 0x16EF, 0x16EF, 0x16EF, 0x16EF, 0x16EF, 0x16EF, 0x16EF,
  0x16EF, 0x16EF, 0x16EF, 0x16EF, 0x16EF, 0x16EF, 0x16EF, 0x16EF,
  0x16EF, 0x16EF, 0x16EF, 0x16EF, 0x16EF, 0x16EF, 0x16EF, 0x16EF,
  0x16EF, 0x16EF, 0x16EF, 0x16EF, 0x16EF, 0x16EF, 0x16EF, 0x16EF,
  0x16EF, 0x16EF, 0x16EF, 0x16EF, 0x16EF, 0xF6EE, 0x36F7, 0x74DE,
  0x6862, 0x0752, 0x2752, 0x2852, 0x2752, 0x1FF8, 0x1FF8, 0x1FF8,
  0x1FF8, 0x1FF8, 0x1FF8, 0x1FF8, 0x1FF8, 0x1FF8, 0x1FF8, 0x1FF8,
  0x1FF8, 0x1FF8, 0x1FF8, 0x1FF8, 0x1FF8, 0x1FF8, 0x1FF8, 0x1FF8,
  0x1FF8, 0x1FF8, 0x1FF8, 0x1FF8, 0x1FF8, 0x1FF8, 0x1FF8, 0x1FF8,
  0x1FF8, 0x1FF8, 0x1FF8, 0x1FF8, 0x0752, 0x485A, 0x2752, 0x2752,
  0x485A, 0x33D6, 0x36F7, 0xF6EE, 0x16EF, 0x16EF, 0x16EF, 0x16EF,
  0x16EF, 0x16EF, 0x16EF, 0x16EF, 0x16EF, 0x16EF, 0x16EF, 0x16EF,
  0x16EF, 0x16EF, 0x16EF, 0x16EF, 0x16EF, 0x16EF, 0x16EF, 0x16EF,
  0x16EF, 0x16EF, 0x16EF, 0x16EF, 0x16EF, 0x16EF, 0x16EF, 0x16EF,
  0x16EF, 0x16EF, 0x16EF, 0x16EF, 0x16EF, 0x16EF, 0x16EF, 0x16EF,
  0x16EF, 0x16EF, 0x16EF, 0x16EF, 0x16EF, 0x16EF, 0x16EF, 0x16EF,
  0x16EF, 0x16EF, 0x16EF, 0x16EF, 0x16EF, 0xF5EE, 0x56FF, 0x8FA4,
  0xE749, 0x285A, 0x2752, 0x485A, 0x0752, 0x1FF8, 0x1FF8, 0x1FF8,
  0x1FF8, 0x1FF8, 0x1FF8, 0x1FF8, 0x1FF8, 0x1FF8, 0x1FF8, 0x1FF8,
  0x1FF8, 0x1FF8, 0x1FF8, 0x1FF8, 0x1FF8, 0x1FF8, 0x1FF8, 0x1FF8,
  0x1FF8, 0x1FF8, 0x1FF8, 0x1FF8, 0x1FF8, 0x1FF8, 0x1FF8, 0x1FF8,
  0x1FF8, 0x1FF8, 0x1FF8, 0x0752, 0x285A, 0x2852, 0xE749, 0x6B7B,
  0x36F7, 0x16EF, 0xF6EE, 0x16EF, 0x16EF, 0x16EF, 0x16EF, 0x16EF,
  0x16EF, 0x16EF, 0x16EF, 0x16EF, 0x16EF, 0x16EF, 0x16EF, 0x16EF,
  0x16EF, 0x16EF, 0x16EF, 0x16EF, 0x16EF, 0x16EF, 0x16EF, 0x16EF,
  0x16EF, 0x16EF, 0x16EF, 0x16EF, 0x16EF, 0x16EF, 0x16EF, 0x16EF,
  0x16EF, 0x16EF, 0x16EF, 0x16EF, 0x16EF, 0x16EF, 0x16EF, 0x16EF,
  0x16EF, 0x16EF, 0x16EF, 0x16EF, 0x16EF, 0x16EF, 0x16EF, 0x16EF,
  0x16EF, 0x16EF, 0x16EF, 0x16EF, 0xF6EE, 0x16F7, 0xB5E6, 0xA96A,
  0x0752, 0x2752, 0x285A, 0x2752, 0x1FF8, 0x1FF8, 0x1FF8, 0x1FF8,
  0x1FF8, 0x1FF8, 0x1FF8, 0x1FF8, 0x1FF8, 0x1FF8, 0x1FF8, 0x1FF8,
  0x1FF8, 0x1FF8, 0x1FF8, 0x1FF8, 0x1FF8, 0x1FF8, 0x1FF8, 0x1FF8,
  0x1FF8, 0x1FF8, 0x1FF8, 0x1FF8, 0x1FF8, 0x1FF8, 0x1FF8, 0x1FF8,
  0x1FF8, 0x1FF8, 0x2752, 0x2752, 0x2852, 0x074A, 0xAB93, 0x53E6,
  0x16EF, 0x16EF, 0xF6EE, 0x16EF, 0x16EF, 0x16EF, 0x16EF, 0x16EF,
  0x16EF, 0x16EF, 0x16EF, 0x16EF, 0x16EF, 0x16EF, 0x16EF, 0x16EF,
  0x16EF, 0x16EF, 0x16EF, 0x16EF, 0x16EF, 0x16EF, 0x16EF, 0x16EF,
  0x16EF, 0x16EF, 0x16EF, 0x16EF, 0x16EF, 0x16EF, 0x16EF, 0x16EF,
  0x16EF, 0x16EF, 0x16EF, 0x16EF, 0x16EF, 0x16EF, 0x16EF, 0x16EF,
  0x16EF, 0x16EF, 0x16EF, 0x16EF, 0x16EF, 0x16EF, 0x16EF, 0x16EF,
  0x16EF, 0x16EF, 0x16EF, 0x16EF, 0xF5EE, 0x56FF, 0xAFA4, 0xE749,
  0x285A, 0x2752, 0x285A, 0x1FF8, 0x1FF8, 0x1FF8, 0x1FF8, 0x1FF8,
  0x1FF8, 0x1FF8, 0x1FF8, 0x1FF8, 0x1FF8, 0x1FF8, 0x1FF8, 0x1FF8,
  0x1FF8, 0x1FF8, 0x1FF8, 0x1FF8, 0x1FF8, 0x1FF8, 0x1FF8, 0x1FF8,
  0x1FF8, 0x1FF8, 0x1FF8, 0x1FF8, 0x1FF8, 0x1FF8, 0x1FF8, 0x1FF8,
  0x0752, 0x485A, 0x2752, 0x2752, 0x285A, 0x2CB4, 0x8DCC, 0xB1DD,
  0x16EF, 0x16EF, 0xF6EE, 0x16EF, 0x16EF, 0x16EF, 0x16EF, 0x16EF,
  0x16EF, 0x16EF, 0x16EF, 0x16EF, 0x16EF, 0x16EF, 0x16EF, 0x16EF,
  0x16EF, 0x16EF, 0x16EF, 0x16EF, 0x16EF, 0x16EF, 0x16EF, 0x16EF,
  0x16EF, 0x16EF, 0x16EF, 0x16EF, 0x16EF, 0x16EF, 0x16EF, 0x16EF,
  0x16EF, 0x16EF, 0x16EF, 0x16EF, 0x16EF, 0x16EF, 0x16EF, 0x16EF,
  0x16EF, 0x16EF, 0x16EF, 0x16EF, 0x16EF, 0x16EF, 0x16EF, 0x16EF,
  0x16EF, 0x16EF, 0x16EF, 0xF6EE, 0x36F7, 0x91CD, 0x275A, 0x2752,
  0x2752, 0x485A, 0x0752, 0x1FF8, 0x1FF8, 0x1FF8, 0x1FF8, 0x1FF8,
  0x1FF8, 0x1FF8, 0x1FF8, 0x1FF8, 0x1FF8, 0x1FF8, 0x1FF8, 0x1FF8,
  0x1FF8, 0x1FF8, 0x1FF8, 0x1FF8, 0x1FF8, 0x1FF8, 0x1FF8, 0x1FF8,
  0x1FF8, 0x1FF8, 0x1FF8, 0x1FF8, 0x1FF8, 0x1FF8, 0x1FF8, 0x0752,
  0x485A, 0x2752, 0x0752, 0xA96A, 0x8ECC, 0xAECC, 0x6DC4, 0x50D5,
  0xD5EE, 0x36F7, 0xF6EE, 0x16EF, 0x16EF, 0x16EF, 0x16EF, 0x16EF,
  0x16EF, 0x16EF, 0x16EF, 0x16EF, 0x16EF, 0x16EF, 0x16EF, 0x16EF,
  0x16EF, 0x16EF, 0x16EF, 0x16EF, 0x16EF, 0x16EF, 0x16EF, 0xF6EE,
  0xF6EE, 0xF6EE, 0x16EF, 0x16EF, 0x16EF, 0x16EF, 0x16EF, 0x16EF,
  0x16EF, 0x16EF, 0x16EF, 0x16EF, 0x16EF, 0x16EF, 0x16EF, 0x16EF,
  0x16EF, 0x16EF, 0x16EF, 0x16EF, 0x16EF, 0x16EF, 0x16EF, 0x16EF,
  0x16EF, 0xF6EE, 0x16EF, 0x74E6, 0xAECC, 0xC972, 0x0752, 0x2752,
  0x285A, 0x2752, 0x1FF8, 0x1FF8, 0x1FF8, 0x1FF8, 0x1FF8, 0x1FF8,
  0x1FF8, 0x1FF8, 0x1FF8, 0x1FF8, 0x1FF8, 0x1FF8, 0x1FF8, 0x1FF8,
  0x1FF8, 0x1FF8, 0x1FF8, 0x1FF8, 0x1FF8, 0x1FF8, 0x1FF8, 0x1FF8,
  0x1FF8, 0x1FF8, 0x1FF8, 0x1FF8, 0x1FF8, 0x1FF8, 0x2752, 0x2852,
  0x2752, 0x074A, 0x4A8B, 0xCED4, 0x8DC4, 0xAECC, 0x6DC4, 0xEFCC,
  0x74E6, 0x36F7, 0x16EF, 0x16EF, 0x16EF, 0x16EF, 0x16EF, 0x16EF,
  0x16EF, 0x16EF, 0x16EF, 0x16EF, 0x16EF, 0x16EF, 0x16EF, 0x16EF,
  0x16EF, 0x16EF, 0x16EF, 0xF5EE, 0xF5EE, 0x16EF, 0x16EF, 0x16EF,
  0x16EF, 0x16EF, 0xF5EE, 0xF5EE, 0xF5EE, 0x16EF, 0x16EF, 0x16EF,
  0x16EF, 0x16EF, 0x16EF, 0x16EF, 0x16EF, 0x16EF, 0x16EF, 0x16EF,
  0x16EF, 0x16EF, 0x16EF, 0x16EF, 0x16EF, 0x16EF, 0x16EF, 0x16EF,
  0x16EF, 0xF6EE, 0x0FCD, 0xAECC, 0xAB9B, 0x0752, 0x2752, 0x2752,
  0x285A, 0x1FF8, 0x1FF8, 0x1FF8, 0x1FF8, 0x1FF8, 0x1FF8, 0x1FF8,
  0x1FF8, 0x1FF8, 0x1FF8, 0x1FF8, 0x1FF8, 0x1FF8, 0x1FF8, 0x1FF8,
  0x1FF8, 0x1FF8, 0x1FF8, 0x1FF8, 0x1FF8, 0x1FF8, 0x1FF8, 0x1FF8,
  0x1FF8, 0x1FF8, 0x1FF8, 0x1FF8, 0x1FF8, 0x485A, 0x2752, 0x2752,
  0x2752, 0xECAB, 0xAECC, 0x8DCC, 0x8ECC, 0xAECC, 0x8DCC, 0xAECC,
  0x12DE, 0x16F7, 0x16EF, 0x16EF, 0x16EF, 0x16EF, 0x16EF, 0x16EF,
  0x16EF, 0x16EF, 0x16EF, 0x16EF, 0x16EF, 0x16EF, 0x16EF, 0x16EF,
  0xF5EE, 0x16EF, 0x59F7, 0xBCF7, 0xDEFF, 0xDEFF, 0xDEFF, 0xDEFF,
  0xDEFF, 0xBDFF, 0x7AF7, 0x58F7, 0x16EF, 0xF5EE, 0x16EF, 0x16EF,
  0x16EF, 0x16EF, 0x16EF, 0x16EF, 0x16EF, 0x16EF, 0x16EF, 0x16EF,
  0x16EF, 0x16EF, 0x16EF, 0x16EF, 0x16EF, 0x16EF, 0xF6EE, 0x36F7,
  0xD2DD, 0x6DC4, 0xAECC, 0x4DBC, 0x485A, 0x2752, 0x2752, 0x485A,
  0x0752, 0x1FF8, 0x1FF8, 0x1FF8, 0x1FF8, 0x1FF8, 0x1FF8, 0x1FF8,
  0x1FF8, 0x1FF8, 0x1FF8, 0x1FF8, 0x1FF8, 0x1FF8, 0x1FF8, 0x1FF8,
  0x1FF8, 0x1FF8, 0x1FF8, 0x1FF8, 0x1FF8, 0x1FF8, 0x1FF8, 0x1FF8,
  0x1FF8, 0x1FF8, 0x1FF8, 0x2752, 0x485A, 0x2752, 0x0752, 0x6862,
  0x6DC4, 0xAECC, 0x8ECC, 0x8ECC, 0x8ECC, 0xAECC, 0x8DCC, 0x8DC4,
  0xB2DD, 0x16EF, 0x16EF, 0x16EF, 0x16EF, 0x16EF, 0x16EF, 0x16EF,
  0x16EF, 0x16EF, 0x16EF, 0x16EF, 0x16EF, 0x16EF, 0xF5EE, 0x38F7,
  0xBDFF, 0xFFFF, 0xFFFF, 0xFFFF, 0xFFFF, 0xFFFF, 0xFFFF, 0xFFFF,
  0xFFFF, 0xFFFF, 0xFFFF, 0xDEFF, 0x9BF7, 0x16EF, 0x16EF, 0x16EF,
  0x16EF, 0x16EF, 0x16EF, 0x16EF, 0x16EF, 0x16EF, 0x16EF, 0x16EF,
  0x16EF, 0x16EF, 0x16EF, 0x16EF, 0x16EF, 0x16EF, 0xB5EE, 0xCECC,
  0x8DCC, 0x8ECC, 0xAECC, 0xE97A, 0x0752, 0x2752, 0x2852, 0x2752,
  0x1FF8, 0x1FF8, 0x1FF8, 0x1FF8, 0x1FF8, 0x1FF8, 0x1FF8, 0x1FF8,
  0x1FF8, 0x1FF8, 0x1FF8, 0x1FF8, 0x1FF8, 0x1FF8, 0x1FF8, 0x1FF8,
  0x1FF8, 0x1FF8, 0x1FF8, 0x1FF8, 0x1FF8, 0x1FF8, 0x1FF8, 0x1FF8,
  0x1FF8, 0x1FF8, 0x0752, 0x285A, 0x2752, 0x074A, 0x0A7B, 0x8DCC,
  0x8DCC, 0xAECC, 0x8ECC, 0x8ECC, 0x8ECC, 0x8ECC, 0x8ECC, 0x6DC4,
  0x12DE, 0x16F7, 0xF6EE, 0x16EF, 0x16EF, 0x16EF, 0x16EF, 0x16EF,
  0x16EF, 0x16EF, 0x16EF, 0xF5EE, 0x16EF, 0x9AF7, 0xFFFF, 0xFFFF,
  0xFFFF, 0xFFFF, 0xFFFF, 0xFFFF, 0xFFFF, 0xFFFF, 0xFFFF, 0xFFFF,
  0xFFFF, 0xFFFF, 0xFFFF, 0xDDFF, 0x16EF, 0x16EF, 0x16EF, 0x16EF,
  0x16EF, 0x16EF, 0x16EF, 0x16EF, 0x16EF, 0x16EF, 0x16EF, 0x16EF,
  0x16EF, 0x16EF, 0x16EF, 0xF6EE, 0x16EF, 0x70D5, 0x6DC4, 0xAECC,
  0x8DC4, 0xAED4, 0xCCA3, 0x0752, 0x2752, 0x2752, 0x485A, 0x2752,
  0x1FF8, 0x1FF8, 0x1FF8, 0x1FF8, 0x1FF8, 0x1FF8, 0x1FF8, 0x1FF8,
  0x1FF8, 0x1FF8, 0x1FF8, 0x1FF8, 0x1FF8, 0x1FF8, 0x1FF8, 0x1FF8,
  0x1FF8, 0x1FF8, 0x1FF8, 0x1FF8, 0x1FF8, 0x1FF8, 0x1FF8, 0x1FF8,
  0x1FF8, 0x2752, 0x2752, 0x2752, 0x0752, 0xAFAC, 0xB1DD, 0x8DC4,
  0x6DC4, 0x8DCC, 0xAECC, 0xAECC, 0x8ECC, 0xAECC, 0x8DCC, 0x2FD5,
  0xF6EE, 0x16EF, 0x16EF, 0x16EF, 0x16EF, 0x16EF, 0x16EF, 0x16EF,
  0x16EF, 0xF6EE, 0x16EF, 0xBDFF, 0xFFFF, 0xFFFF, 0xFFFF, 0xFFFF,
  0xFFFF, 0xFFFF, 0xFFFF, 0xFFFF, 0xFFFF, 0xFFFF, 0xFFFF, 0xFFFF,
  0xFFFF, 0xFFFF, 0x9BF7, 0xF5EE, 0x16EF, 0x16EF, 0x16EF, 0x16EF,
  0x16EF, 0x16EF, 0x16EF, 0x16EF, 0x16EF, 0x16EF, 0x16EF, 0x16EF,
  0x16EF, 0xF6EE, 0x36EF, 0x53E6, 0x8DCC, 0xAECC, 0x8ECC, 0x8ECC,
  0xAECC, 0x8DC4, 0x896A, 0x0752, 0x2752, 0x2852, 0x0752, 0x1FF8,
  0x1FF8, 0x1FF8, 0x1FF8, 0x1FF8, 0x1FF8, 0x1FF8, 0x1FF8, 0x1FF8,
  0x1FF8, 0x1FF8, 0x1FF8, 0x1FF8, 0x1FF8, 0x1FF8, 0x1FF8, 0x1FF8,
  0x1FF8, 0x1FF8, 0x1FF8, 0x1FF8, 0x1FF8, 0x1FF8, 0x1FF8, 0x0752,
  0x485A, 0x2752, 0x2752, 0x485A, 0x54DE, 0x36F7, 0x74E6, 0x71D5,
  0xAECC, 0x6DC4, 0x8DCC, 0x8ECC, 0xAECC, 0x6DC4, 0x50D5, 0xF6EE,
  0x16EF, 0x16EF, 0x16EF, 0x16EF, 0x16EF, 0x16EF, 0x16EF, 0x16EF,
  0xF5EE, 0x59F7, 0xFFFF, 0xFFFF, 0xFFFF, 0xFFFF, 0xFFFF, 0xFFFF,
  0xFFFF, 0xFFFF, 0xFFFF, 0xFFFF, 0xFFFF, 0xFFFF, 0xFFFF, 0xFFFF,
  0xFFFF, 0x59F7, 0xF5EE, 0x16EF, 0x16EF, 0x16EF, 0x16EF, 0x16EF,
  0x16EF, 0x16EF, 0x16EF, 0x16EF, 0x16EF, 0x16EF, 0x16EF, 0x16EF,
  0x16EF, 0xF6EE, 0x2FD5, 0x8DC4, 0xAECC, 0x8ECC, 0x8ECC, 0x8ECC,
  0xAECC, 0x8B9B, 0x0752, 0x2752, 0x2752, 0x485A, 0x1FF8, 0x1FF8,
  0x1FF8, 0x1FF8, 0x1FF8, 0x1FF8, 0x1FF8, 0x1FF8, 0x1FF8, 0x1FF8,
  0x1FF8, 0x1FF8, 0x1FF8, 0x1FF8, 0x1FF8, 0x1FF8, 0x1FF8, 0x1FF8,
  0x1FF8, 0x1FF8, 0x1FF8, 0x1FF8, 0x1FF8, 0x1FF8, 0x0752, 0x485A,
  0x2752, 0xE751, 0x2A73, 0xF5EE, 0x16EF, 0x16EF, 0x36F7, 0xB5EE,
  0xD2DD, 0x0FD5, 0xAECC, 0x8DCC, 0xEFCC, 0x53E6, 0x16EF, 0xF6EE,
  0x16EF, 0x16EF, 0x16EF, 0x16EF, 0x16EF, 0x16EF, 0x16EF, 0xF5EE,
  0x37F7, 0xFFFF, 0xFFFF, 0xFFFF, 0xFFFF, 0xFFFF, 0xFFFF, 0xFFFF,
  0xFFFF, 0xFFFF, 0xFFFF, 0xFFFF, 0xFFFF, 0xFFFF, 0xFFFF, 0xFFFF,
  0x37F7, 0xF5EE, 0x16EF, 0x16EF, 0x16EF, 0x16EF, 0x16EF, 0x16EF,
  0x16EF, 0x16EF, 0x16EF, 0x16EF, 0x16EF, 0x16EF, 0xF6EE, 0x16EF,
  0x94E6, 0xAECC, 0x8ECC, 0x8ECC, 0x8ECC, 0xAECC, 0x6DC4, 0xEECC,
  0x13DE, 0xA96A, 0x0752, 0x2752, 0x285A, 0x0752, 0x1FF8, 0x1FF8,
  0x1FF8, 0x1FF8, 0x1FF8, 0x1FF8, 0x1FF8, 0x1FF8, 0x1FF8, 0x1FF8,
  0x1FF8, 0x1FF8, 0x1FF8, 0x1FF8, 0x1FF8, 0x1FF8, 0x1FF8, 0x1FF8,
  0x1FF8, 0x1FF8, 0x1FF8, 0x1FF8, 0x1FF8, 0x2752, 0x2852, 0x285A,
  0xC749, 0x6E9C, 0x57F7, 0xF5EE, 0xF6EE, 0xF6EE, 0x16EF, 0x36F7,
  0xF5EE, 0x94E6, 0x53E6, 0xB5EE, 0x16EF, 0x16EF, 0x16EF, 0x16EF,
  0x16EF, 0x16EF, 0x16EF, 0x16EF, 0x16EF, 0x16EF, 0xF6EE, 0x16EF,
  0xDEFF, 0xFFFF, 0xFFFF, 0xFFFF, 0xFFFF, 0xFFFF, 0xFFFF, 0xFFFF,
  0xFFFF, 0xFFFF, 0xFFFF, 0xFFFF, 0xFFFF, 0xFFFF, 0xDEFF, 0x16EF,
  0x16EF, 0x16EF, 0x16EF, 0x16EF, 0x16EF, 0x16EF, 0x16EF, 0x16EF,
  0x16EF, 0x16EF, 0x16EF, 0x16EF, 0x16EF, 0xF6EE, 0x16EF, 0x94EE,
  0xAECC, 0x8DCC, 0xAECC, 0x8DCC, 0x6DC4, 0xEFCC, 0x74E6, 0x77FF,
  0x2D94, 0xE749, 0x285A, 0x2752, 0x2752, 0x1FF8, 0x1FF8, 0x1FF8,
  0x1FF8, 0x1FF8, 0x1FF8, 0x1FF8, 0x1FF8, 0x1FF8, 0x1FF8, 0x1FF8,
  0x1FF8, 0x1FF8, 0x1FF8, 0x1FF8, 0x1FF8, 0x1FF8, 0x1FF8, 0x1FF8,
  0x1FF8, 0x1FF8, 0x1FF8, 0x1FF8, 0x485A, 0x2752, 0x2752, 0x2752,
  0xB2C5, 0x36F7, 0xF6EE, 0x16EF, 0x16EF, 0xF6EE, 0xF6EE, 0x16EF,
  0x16EF, 0x36F7, 0x16EF, 0x16EF, 0x16EF, 0x16EF, 0x16EF, 0x16EF,
  0x16EF, 0x16EF, 0x16EF, 0x16EF, 0x16EF, 0x16EF, 0x16EF, 0xDEFF,
  0xFFFF, 0xFFFF, 0xFFFF, 0xFFFF, 0xFFFF, 0xFFFF, 0xFFFF, 0xFFFF,
  0xFFFF, 0xFFFF, 0xFFFF, 0xFFFF, 0xFFFF, 0x9CF7, 0xF5EE, 0x16EF,
  0x16EF, 0x16EF, 0x16EF, 0x16EF, 0x16EF, 0x16EF, 0x16EF, 0x16EF,
  0x16EF, 0x16EF, 0x16EF, 0x16EF, 0x16EF, 0x16EF, 0x16EF, 0xB1DD,
  0x8DCC, 0x8DCC, 0xAECC, 0x91DD, 0xD5EE, 0x16EF, 0x36F7, 0xF3CD,
  0x2752, 0x2752, 0x2752, 0x485A, 0x0752, 0x1FF8, 0x1FF8, 0x1FF8,
  0x1FF8, 0x1FF8, 0x1FF8, 0x1FF8, 0x1FF8, 0x1FF8, 0x1FF8, 0x1FF8,
  0x1FF8, 0x1FF8, 0x1FF8, 0x1FF8, 0x1FF8, 0x1FF8, 0x1FF8, 0x1FF8,
  0x1FF8, 0x1FF8, 0x0752, 0x485A, 0x2752, 0x0752, 0x6862, 0x33DE,
  0x36F7, 0xF6EE, 0x16EF, 0x16EF, 0x16EF, 0x16EF, 0x16EF, 0xF6EE,
  0xF6EE, 0x16EF, 0x16EF, 0x16EF, 0x16EF, 0x16EF, 0x16EF, 0x16EF,
  0x16EF, 0x16EF, 0x16EF, 0x16EF, 0x16EF, 0x16EF, 0xDDFF, 0xFFFF,
  0xFFFF, 0xFFFF, 0xFFFF, 0xFFFF, 0xFFFF, 0xFFFF, 0xFFFF, 0xFFFF,
  0xFFFF, 0xFFFF, 0xFFFF, 0xFFFF, 0x7AF7, 0xF5EE, 0x16EF, 0x16EF,
  0x16EF, 0x16EF, 0x16EF, 0x16EF, 0x16EF, 0x16EF, 0x16EF, 0x16EF,
  0x16EF, 0x16EF, 0x16EF, 0x16EF, 0x16EF, 0x16EF, 0xF6EE, 0x53E6,
  0x13E6, 0x94E6, 0x16F7, 0x16EF, 0xF6EE, 0x16EF, 0x16EF, 0x4B7B,
  0xE751, 0x2852, 0x285A, 0x2752, 0x1FF8, 0x1FF8, 0x1FF8, 0x1FF8,
  0x1FF8, 0x1FF8, 0x1FF8, 0x1FF8, 0x1FF8, 0x1FF8, 0x1FF8, 0x1FF8,
  0x1FF8, 0x1FF8, 0x1FF8, 0x1FF8, 0x1FF8, 0x1FF8, 0x1FF8, 0x1FF8,
  0x1FF8, 0x2752, 0x285A, 0x2752, 0x0752, 0x0A7B, 0xCECC, 0x13DE,
  0x36EF, 0xF6EE, 0x16EF, 0x16EF, 0x16EF, 0x16EF, 0x16EF, 0x16EF,
  0x16EF, 0x16EF, 0x16EF, 0x16EF, 0x16EF, 0x16EF, 0x16EF, 0x16EF,
  0x16EF, 0x16EF, 0x16EF, 0x16EF, 0xF5EE, 0xBCFF, 0xFFFF, 0xFFFF,
  0xFFFF, 0xFFFF, 0xFFFF, 0xFFFF, 0xFFFF, 0xFFFF, 0xFFFF, 0xFFFF,
  0xFFFF, 0xFFFF, 0xFFFF, 0x58F7, 0xF5EE, 0x16EF, 0x16EF, 0x16EF,
  0x16EF, 0x16EF, 0x16EF, 0x16EF, 0x16EF, 0x16EF, 0x16EF, 0x16EF,
  0x16EF, 0x16EF, 0x16EF, 0x16EF, 0x16EF, 0x16EF, 0x16F7, 0x36F7,
  0x16EF, 0xF6EE, 0xF6EE, 0x16EF, 0xF5EE, 0x77FF, 0x10B5, 0xE749,
  0x285A, 0x2752, 0x485A, 0x1FF8, 0x1FF8, 0x1FF8, 0x1FF8, 0x1FF8,
  0x1FF8, 0x1FF8, 0x1FF8, 0x1FF8, 0x1FF8, 0x1FF8, 0x1FF8, 0x1FF8,
  0x1FF8, 0x1FF8, 0x1FF8, 0x1FF8, 0x1FF8, 0x1FF8, 0x1FF8, 0x1FF8,
  0x285A, 0x2752, 0x2752, 0x0752, 0xAB9B, 0xAED4, 0x8DC4, 0xF2DD,
  0x16EF, 0x16EF, 0x16EF, 0x16EF, 0x16EF, 0x16EF, 0x16EF, 0x16EF,
  0x16EF, 0x16EF, 0x16EF, 0x16EF, 0x16EF, 0x16EF, 0x16EF, 0x16EF,
  0x16EF, 0x16EF, 0x16EF, 0xF5EE, 0xBCF7, 0xFFFF, 0xFFFF, 0xFFFF,
  0xFFFF, 0xFFFF, 0xFFFF, 0xFFFF, 0xFFFF, 0xFFFF, 0xFFFF, 0xFFFF,
  0xFFFF, 0xFEFF, 0x37F7, 0xF5EE, 0x16EF, 0x16EF, 0x16EF, 0x16EF,
  0x16EF, 0x16EF, 0x16EF, 0x16EF, 0x16EF, 0x16EF, 0x16EF, 0x16EF,
  0x16EF, 0x16EF, 0x16EF, 0x16EF, 0x16EF, 0xF6EE, 0xF6EE, 0xF6EE,
  0x16EF, 0x16EF, 0x16EF, 0x16EF, 0x94EE, 0xEFC4, 0x485A, 0x2752,
  0x2752, 0x485A, 0x0752, 0x1FF8, 0x1FF8, 0x1FF8, 0x1FF8, 0x1FF8,
  0x1FF8, 0x1FF8, 0x1FF8, 0x1FF8, 0x1FF8, 0x1FF8, 0x1FF8, 0x1FF8,
  0x1FF8, 0x1FF8, 0x1FF8, 0x1FF8, 0x1FF8, 0x1FF8, 0x0752, 0x485A,
  0x2752, 0x2752, 0x485A, 0x4DBC, 0xAECC, 0x8DCC, 0x8DCC, 0x33E6,
  0x36EF, 0xF6EE, 0x16EF, 0x16EF, 0x16EF, 0x16EF, 0x16EF, 0x16EF,
  0x16EF, 0x16EF, 0x16EF, 0x16EF, 0x16EF, 0x16EF, 0x16EF, 0x16EF,
  0x16EF, 0x16EF, 0xF5EE, 0x9BF7, 0xFFFF, 0xFFFF, 0xFFFF, 0xFFFF,
  0xFFFF, 0xFFFF, 0xFFFF, 0xFFFF, 0xFFFF, 0xFFFF, 0xFFFF, 0xFFFF,
  0xDDFF, 0x16EF, 0x16EF, 0x16EF, 0x16EF, 0x16EF, 0x16EF, 0x16EF,
  0x16EF, 0x16EF, 0x16EF, 0x16EF, 0x16EF, 0x16EF, 0x16EF, 0x16EF,
  0x16EF, 0x16EF, 0x16EF, 0x16EF, 0x16EF, 0x16EF, 0x16EF, 0x16EF,
  0xF6EE, 0x36F7, 0x53E6, 0xAECC, 0x8DCC, 0xE97A, 0x0752, 0x2752,
  0x285A, 0x0752, 0x1FF8, 0x1FF8, 0x1FF8, 0x1FF8, 0x1FF8, 0x1FF8,
  0x1FF8, 0x1FF8, 0x1FF8, 0x1FF8, 0x1FF8, 0x1FF8, 0x1FF8, 0x1FF8,
  0x1FF8, 0x1FF8, 0x1FF8, 0x1FF8, 0x1FF8, 0x2752, 0x285A, 0x2752,
  0x0752, 0xC972, 0x8ECC, 0x8ECC, 0xAECC, 0x8DCC, 0x30D5, 0x16EF,
  0x16EF, 0x16EF, 0x16EF, 0x16EF, 0x16EF, 0x16EF, 0x16EF, 0x16EF,
  0x16EF, 0x16EF, 0x16EF, 0x16EF, 0x16EF, 0x16EF, 0x16EF, 0x16EF,
  0x16EF, 0xF5EE, 0x9BF7, 0xFFFF, 0xFFFF, 0xFFFF, 0xFFFF, 0xFFFF,
  0xFFFF, 0xFFFF, 0xFFFF, 0xFFFF, 0xFFFF, 0xFFFF, 0xFFFF, 0xBCF7,
  0xF5EE, 0x16EF, 0x16EF, 0x16EF, 0x16EF, 0x16EF, 0x16EF, 0x16EF,
  0x16EF, 0x16EF, 0x16EF, 0x16EF, 0x16EF, 0x16EF, 0x16EF, 0x16EF,
  0x16EF, 0x16EF, 0x16EF, 0x16EF, 0x16EF, 0x16EF, 0x16EF, 0x16EF,
  0xB4EE, 0xCECC, 0x8DC4, 0xCED4, 0x8B93, 0x0752, 0x2752, 0x2752,
  0x2752, 0x1FF8, 0x1FF8, 0x1FF8, 0x1FF8, 0x1FF8, 0x1FF8, 0x1FF8,
  0x1FF8, 0x1FF8, 0x1FF8, 0x1FF8, 0x1FF8, 0x1FF8, 0x1FF8, 0x1FF8,
  0x1FF8, 0x1FF8, 0x1FF8, 0x1FF8, 0x0752, 0x2852, 0x2752, 0x074A,
  0x4A8B, 0xCED4, 0x8EC4, 0xAECC, 0x6DC4, 0x30D5, 0xF6EE, 0x16EF,
  0x16EF, 0x16EF, 0x16EF, 0x16EF, 0x16EF, 0x16EF, 0x16EF, 0x16EF,
  0x16EF, 0x16EF, 0x16EF, 0x16EF, 0x16EF, 0x16EF, 0x16EF, 0x16EF,
  0xF5EE, 0x7AF7, 0xFFFF, 0xFFFF, 0xFFFF, 0xFFFF, 0xFFFF, 0xFFFF,
  0xFFFF, 0xFFFF, 0xFFFF, 0xFFFF, 0xFFFF, 0xFFFF, 0x7AF7, 0xF5EE,
  0x16EF, 0x16EF, 0x16EF, 0x16EF, 0x16EF, 0x16EF, 0x16EF, 0x16EF,
  0x16EF, 0x16EF, 0x16EF, 0x16EF, 0x16EF, 0x16EF, 0x16EF, 0x16EF,
  0x16EF, 0x16EF, 0x16EF, 0x16EF, 0x16EF, 0x16EF, 0x16EF, 0x30D5,
  0x6DC4, 0xAECC, 0xAECC, 0x2DB4, 0x285A, 0x2752, 0x2752, 0x485A,
  0x0752, 0x1FF8, 0x1FF8, 0x1FF8, 0x1FF8, 0x1FF8, 0x1FF8, 0x1FF8,
  0x1FF8, 0x1FF8, 0x1FF8, 0x1FF8, 0x1FF8, 0x1FF8, 0x1FF8, 0x1FF8,
  0x1FF8, 0x1FF8, 0x1FF8, 0x485A, 0x2752, 0x2752, 0x2852, 0x6DB4,
  0xCECC, 0x6DC4, 0x8DCC, 0xCECC, 0x53E6, 0x16EF, 0xF6EE, 0x16EF,
  0x16EF, 0x16EF, 0x16EF, 0x16EF, 0x16EF, 0x16EF, 0x16EF, 0x16EF,
  0x16EF, 0x16EF, 0x16EF, 0x16EF, 0x16EF, 0x16EF, 0x16EF, 0xF5EE,
  0x7AF7, 0xFFFF, 0xFFFF, 0xFFFF, 0xFFFF, 0xFFFF, 0xFFFF, 0xFFFF,
  0xFFFF, 0xFFFF, 0xFFFF, 0xFFFF, 0xFFFF, 0x59F7, 0xF5EE, 0x16EF,
  0x16EF, 0x16EF, 0x16EF, 0x16EF, 0x16EF, 0x16EF, 0x16EF, 0x16EF,
  0x16EF, 0x16EF, 0x16EF, 0x16EF, 0x16EF, 0x16EF, 0x16EF, 0x16EF,
  0x16EF, 0x16EF, 0x16EF, 0xF6EE, 0x36F7, 0x12DE, 0x8DCC, 0xAECC,
  0x8ECC, 0xAECC, 0x8DCC, 0xA96A, 0x0752, 0x2752, 0x285A, 0x0752,
  0x1FF8, 0x1FF8, 0x1FF8, 0x1FF8, 0x1FF8, 0x1FF8, 0x1FF8, 0x1FF8,
  0x1FF8, 0x1FF8, 0x1FF8, 0x1FF8, 0x1FF8, 0x1FF8, 0x1FF8, 0x1FF8,
  0x1FF8, 0x0752, 0x485A, 0x2752, 0x0752, 0xA962, 0x94E6, 0x94EE,
  0x12DE, 0x12DE, 0xB4EE, 0x16EF, 0x16EF, 0x16EF, 0x16EF, 0x16EF,
  0x16EF, 0x16EF, 0x16EF, 0x16EF, 0x16EF, 0x16EF, 0x16EF, 0x16EF,
  0x16EF, 0x16EF, 0x16EF, 0x16EF, 0x16EF, 0x16EF, 0xF5EE, 0x59F7,
  0xFFFF, 0xFFFF, 0xFFFF, 0xFFFF, 0xFFFF, 0xFFFF, 0xFFFF, 0xFFFF,
  0xFFFF, 0xFFFF, 0xFFFF, 0xFFFF, 0x38F7, 0xF5EE, 0x16EF, 0x16EF,
  0x16EF, 0x16EF, 0x16EF, 0x16EF, 0x16EF, 0x16EF, 0x16EF, 0x16EF,
  0x16EF, 0x16EF, 0x16EF, 0x16EF, 0x16EF, 0x16EF, 0x16EF, 0x16EF,
  0x16EF, 0x16EF, 0x16EF, 0xF6EE, 0x2FD5, 0x8DC4, 0xAECC, 0x8ECC,
  0x8EC4, 0xAED4, 0x4A8B, 0x074A, 0x2752, 0x2752, 0x2752, 0x1FF8,
  0x1FF8, 0x1FF8, 0x1FF8, 0x1FF8, 0x1FF8, 0x1FF8, 0x1FF8, 0x1FF8,
  0x1FF8, 0x1FF8, 0x1FF8, 0x1FF8, 0x1FF8, 0x1FF8, 0x1FF8, 0x1FF8,
  0x2752, 0x285A, 0x2852, 0xE749, 0x8B83, 0x16F7, 0x16EF, 0x36F7,
  0x36F7, 0x16EF, 0x16EF, 0x16EF, 0x16EF, 0x16EF, 0x16EF, 0x16EF,
  0x16EF, 0x16EF, 0x16EF, 0x16EF, 0x16EF, 0x16EF, 0x16EF, 0x16EF,
  0x16EF, 0x16EF, 0x16EF, 0x16EF, 0x16EF, 0x36F7, 0xBAFF, 0xFFFF,
  0xFFFF, 0xFFFF, 0xFFFF, 0xFFFF, 0xFFFF, 0xFFFF, 0xFFFF, 0xFFFF,
  0xFFFF, 0xFFFF, 0xDEFF, 0x37F7, 0xF5EE, 0x16EF, 0x16EF, 0x16EF,
  0x16EF, 0x16EF, 0x16EF, 0x16EF, 0x16EF, 0x16EF, 0x16EF, 0x16EF,
  0x16EF, 0x16EF, 0x16EF, 0x16EF, 0x16EF, 0x16EF, 0x16EF, 0x16EF,
  0x16EF, 0x16EF, 0xF5EE, 0x0FCD, 0x8DCC, 0xAECC, 0xAECC, 0x6DC4,
  0xEED4, 0x30C5, 0x485A, 0x2752, 0x2752, 0x485A, 0x0752, 0x1FF8,
  0x1FF8, 0x1FF8, 0x1FF8, 0x1FF8, 0x1FF8, 0x1FF8, 0x1FF8, 0x1FF8,
  0x1FF8, 0x1FF8, 0x1FF8, 0x1FF8, 0x1FF8, 0x1FF8, 0x1FF8, 0x0752,
  0x2852, 0x285A, 0xE749, 0xAFA4, 0x57FF, 0xF5EE, 0xF6EE, 0xF6EE,
  0xF6EE, 0x16EF, 0x16EF, 0x16EF, 0x16EF, 0x16EF, 0x16EF, 0x16EF,
  0x16EF, 0x16EF, 0x16EF, 0x16EF, 0x16EF, 0x16EF, 0x16EF, 0x16EF,
  0x16EF, 0x16EF, 0x16EF, 0xF6EE, 0x30B5, 0xF1AC, 0x5DEF, 0xFFFF,
  0xFFFF, 0xFFFF, 0xFFFF, 0xFFFF, 0xFFFF, 0xFFFF, 0xFFFF, 0xFFFF,
  0xFFFF, 0xFEFF, 0x16EF, 0x36F7, 0x16EF, 0x16EF, 0x16EF, 0x16EF,
  0x16EF, 0x16EF, 0x16EF, 0x16EF, 0x16EF, 0x16EF, 0x16EF, 0x16EF,
  0x16EF, 0x16EF, 0x16EF, 0x16EF, 0x16EF, 0x16EF, 0x16EF, 0x16EF,
  0x16EF, 0x16EF, 0xD2DD, 0x8DCC, 0x6DC4, 0x8DCC, 0x2FD5, 0x94EE,
  0x16EF, 0x0A73, 0xE751, 0x2752, 0x485A, 0x2752, 0x1FF8, 0x1FF8,
  0x1FF8, 0x1FF8, 0x1FF8, 0x1FF8, 0x1FF8, 0x1FF8, 0x1FF8, 0x1FF8,
  0x1FF8, 0x1FF8, 0x1FF8, 0x1FF8, 0x1FF8, 0x1FF8, 0x285A, 0x2752,
  0x2752, 0x0752, 0x91BD, 0x56F7, 0xF6EE, 0x16EF, 0x16EF, 0x16EF,
  0x16EF, 0x16EF, 0x16EF, 0x16EF, 0x16EF, 0x16EF, 0x16EF, 0x16EF,
  0x16EF, 0x16EF, 0x16EF, 0x16EF, 0x16EF, 0x16EF, 0x16EF, 0x16EF,
  0xF6EE, 0x36F7, 0x10B5, 0x0752, 0xC649, 0xAE83, 0xBEF7, 0xFFFF,
  0xFFFF, 0xFFFF, 0xFFFF, 0xFFFF, 0xFFFF, 0xFFFF, 0xFFFF, 0x7DEF,
  0xB19C, 0xCC8B, 0xF3CD, 0x36F7, 0xF6EE, 0x16EF, 0x16EF, 0x16EF,
  0x16EF, 0x16EF, 0x16EF, 0x16EF, 0x16EF, 0x16EF, 0x16EF, 0x16EF,
  0x16EF, 0x16EF, 0x16EF, 0xF6EE, 0x16EF, 0xF6EE, 0xF6EE, 0x16EF,
  0x16EF, 0xF6EE, 0x33E6, 0xB1DD, 0x33E6, 0xF6EE, 0x16EF, 0x56F7,
  0x8E9C, 0xC649, 0x285A, 0x2852, 0x0752, 0x1FF8, 0x1FF8, 0x1FF8,
  0x1FF8, 0x1FF8, 0x1FF8, 0x1FF8, 0x1FF8, 0x1FF8, 0x1FF8, 0x1FF8,
  0x1FF8, 0x1FF8, 0x1FF8, 0x1FF8, 0x1FF8, 0x485A, 0x2752, 0x0752,
  0x6862, 0x94DE, 0x16F7, 0xF6EE, 0x16EF, 0x16EF, 0x16EF, 0x16EF,
  0x16EF, 0x16EF, 0x16EF, 0x16EF, 0x16EF, 0x16EF, 0x16EF, 0x16EF,
  0x16EF, 0x16EF, 0x16EF, 0x16EF, 0x16EF, 0x16EF, 0x16EF, 0xF6EE,
  0x36F7, 0xAC83, 0xE749, 0x485A, 0x0752, 0x99D6, 0xFFFF, 0xFFFF,
  0xFFFF, 0xFFFF, 0xFFFF, 0xFFFF, 0xFFFF, 0xFFFF, 0xF3A4, 0xC649,
  0xC749, 0x2B73, 0xD5E6, 0x16EF, 0xF6EE, 0x16EF, 0x16EF, 0x16EF,
  0x16EF, 0x16EF, 0x16EF, 0x16EF, 0x16EF, 0x16EF, 0x16EF, 0x16EF,
  0x16EF, 0x16EF, 0x36F7, 0x16F7, 0x36F7, 0x36F7, 0xF6EE, 0x16EF,
  0x16EF, 0x36F7, 0x36F7, 0x36F7, 0x16EF, 0x16EF, 0xF5F6, 0x8EB4,
  0x0752, 0x2752, 0x2752, 0x485A, 0x1FF8, 0x1FF8, 0x1FF8, 0x1FF8,
  0x1FF8, 0x1FF8, 0x1FF8, 0x1FF8, 0x1FF8, 0x1FF8, 0x1FF8, 0x1FF8,
  0x1FF8, 0x1FF8, 0x1FF8, 0x0752, 0x485A, 0x2752, 0x0752, 0x0A73,
  0xF5EE, 0x16EF, 0xF6EE, 0x16EF, 0x16EF, 0x16EF, 0x16EF, 0x16EF,
  0x16EF, 0x16EF, 0x16EF, 0x16EF, 0x16EF, 0x16EF, 0x16EF, 0x16EF,
  0x16EF, 0x16EF, 0x16EF, 0x16EF, 0x16EF, 0x16EF, 0xF6EE, 0x36F7,
  0x6B7B, 0xE749, 0x485A, 0xE649, 0x54B5, 0xFFFF, 0xFFFF, 0xFFFF,
  0xFFFF, 0xFFFF, 0xFFFF, 0xFFFF, 0xFFFF, 0x8D7B, 0xE751, 0x285A,
  0x485A, 0x33D6, 0x36F7, 0xF6EE, 0x16EF, 0x16EF, 0x16EF, 0x16EF,
  0x16EF, 0x16EF, 0x16EF, 0x16EF, 0x16EF, 0x16EF, 0x16EF, 0xF6EE,
  0x36F7, 0xD2C5, 0xAC83, 0xED93, 0x54DE, 0x36F7, 0xF6EE, 0x16EF,
  0xF6EE, 0xF6EE, 0xF6EE, 0xF6EE, 0x16EF, 0x70DD, 0x4DBC, 0x6862,
  0x0752, 0x2752, 0x485A, 0x2752, 0x1FF8, 0x1FF8, 0x1FF8, 0x1FF8,
  0x1FF8, 0x1FF8, 0x1FF8, 0x1FF8, 0x1FF8, 0x1FF8, 0x1FF8, 0x1FF8,
  0x1FF8, 0x1FF8, 0x0752, 0x285A, 0x2852, 0xE749, 0x0D94, 0x56F7,
  0xF6EE, 0x16EF, 0x16EF, 0x16EF, 0x16EF, 0x16EF, 0x16EF, 0x16EF,
  0x16EF, 0x16EF, 0x16EF, 0x16EF, 0x16EF, 0x16EF, 0x16EF, 0x16EF,
  0x16EF, 0x16EF, 0x16EF, 0x16EF, 0x16EF, 0xF6EE, 0x36F7, 0x6B83,
  0xE749, 0x485A, 0xC649, 0xB29C, 0xFFFF, 0xFFFF, 0xFFFF, 0xFFFF,
  0xFFFF, 0xFFFF, 0xFFFF, 0xBEF7, 0x0B73, 0x0752, 0x2852, 0x2852,
  0x13D6, 0x36F7, 0xF6EE, 0x16EF, 0x16EF, 0x16EF, 0x16EF, 0x16EF,
  0x16EF, 0x16EF, 0x16EF, 0x16EF, 0x16EF, 0xF6EE, 0x16F7, 0x94DE,
  0xA96A, 0xE749, 0xC649, 0x6B83, 0xF5EE, 0x16EF, 0x16EF, 0x16EF,
  0x16EF, 0xF6EE, 0x16EF, 0x94E6, 0x8ECC, 0xAECC, 0xE97A, 0x0752,
  0x2752, 0x285A, 0x2752, 0x1FF8, 0x1FF8, 0x1FF8, 0x1FF8, 0x1FF8,
  0x1FF8, 0x1FF8, 0x1FF8, 0x1FF8, 0x1FF8, 0x1FF8, 0x1FF8, 0x1FF8,
  0x1FF8, 0x2752, 0x2852, 0x2852, 0xE749, 0xCC9B, 0x94EE, 0x16EF,
  0xF6EE, 0x16EF, 0x16EF, 0x16EF, 0xF6EE, 0xF6EE, 0xF6EE, 0x16EF,
  0x16EF, 0x16EF, 0x16EF, 0x16EF, 0x16EF, 0x16EF, 0x16EF, 0x16EF,
  0x16EF, 0x16EF, 0x16EF, 0x16EF, 0xF6EE, 0x36F7, 0x8C83, 0xE749,
  0x485A, 0xC649, 0x5094, 0xFFFF, 0xDFFF, 0xFFFF, 0xFFFF, 0xFFFF,
  0xFFFF, 0xFFFF, 0x7DEF, 0xCA6A, 0x0752, 0x2852, 0x2752, 0xF3CD,
  0x36F7, 0xF6EE, 0x16EF, 0x16EF, 0x16EF, 0x16EF, 0x16EF, 0x16EF,
  0x16EF, 0x16EF, 0x16EF, 0x16EF, 0xF6EE, 0x36F7, 0x71BD, 0x0752,
  0x485A, 0x2752, 0x685A, 0x33D6, 0x36F7, 0xF6EE, 0x16EF, 0x16EF,
  0xF6EE, 0x36F7, 0x91DD, 0x6DC4, 0xCED4, 0x6B93, 0x074A, 0x2752,
  0x2852, 0x2752, 0x1FF8, 0x1FF8, 0x1FF8, 0x1FF8, 0x1FF8, 0x1FF8,
  0x1FF8, 0x1FF8, 0x1FF8, 0x1FF8, 0x1FF8, 0x1FF8, 0x1FF8, 0x1FF8,
  0x485A, 0x2752, 0x2752, 0x2852, 0xECAB, 0x0FD5, 0xD5EE, 0x16EF,
  0x16EF, 0x16EF, 0xF6EE, 0x36F7, 0x56F7, 0x36F7, 0x16EF, 0x16EF,
  0x16EF, 0x16EF, 0x16EF, 0x16EF, 0x16EF, 0x16EF, 0x16EF, 0x16EF,
  0x16EF, 0x16EF, 0x16EF, 0xF6EE, 0x36F7, 0xAC83, 0xE749, 0x485A,
  0xC649, 0xEF8B, 0xFFFF, 0xFFFF, 0xFFFF, 0xFFFF, 0xFFFF, 0xFFFF,
  0xFFFF, 0x5CEF, 0xA962, 0x0752, 0x2852, 0x0752, 0xF2CD, 0x56F7,
  0xF6EE, 0x16EF, 0x16EF, 0x16EF, 0x16EF, 0x16EF, 0x16EF, 0x16EF,
  0x16EF, 0x16EF, 0x16EF, 0xF6EE, 0x56F7, 0x30B5, 0xE751, 0x285A,
  0x2752, 0x485A, 0x13D6, 0x36F7, 0xF6EE, 0x16EF, 0x16EF, 0x16EF,
  0xD5EE, 0xCECC, 0x8DC4, 0xAECC, 0xECAB, 0x2752, 0x2752, 0x2752,
  0x485A, 0x1FF8, 0x1FF8, 0x1FF8, 0x1FF8, 0x1FF8, 0x1FF8, 0x1FF8,
  0x1FF8, 0x1FF8, 0x1FF8, 0x1FF8, 0x1FF8, 0x1FF8, 0x0752, 0x485A,
  0x2752, 0x2752, 0x6862, 0x6DC4, 0xAECC, 0x74E6, 0x16F7, 0xF6EE,
  0xF6EE, 0x36F7, 0x33D6, 0x6E9C, 0x92C5, 0x36F7, 0xF6EE, 0x16EF,
  0x16EF, 0x16EF, 0x16EF, 0x16EF, 0x16EF, 0x16EF, 0x16EF, 0x16EF,
  0x16EF, 0x16EF, 0xF6EE, 0x36F7, 0xED8B, 0xE749, 0x485A, 0xE649,
  0x6D7B, 0xFFFF, 0xFFFF, 0xFFFF, 0xFFFF, 0xFFFF, 0xFFFF, 0xFFFF,
  0x3CE7, 0x8962, 0x0752, 0x2852, 0x0752, 0xF2CD, 0x56F7, 0xF6EE,
  0x16EF, 0x16EF, 0x16EF, 0x16EF, 0x16EF, 0x16EF, 0x16EF, 0x16EF,
  0x16EF, 0x16EF, 0xF5EE, 0x56F7, 0xEFAC, 0xE749, 0x285A, 0x0752,
  0x8862, 0x54DE, 0x36F7, 0xF6EE, 0x16EF, 0xF6EE, 0x36F7, 0x33E6,
  0x8DCC, 0x8ECC, 0xAECC, 0x6DC4, 0x6862, 0x0752, 0x2752, 0x485A,
  0x0752, 0x1FF8, 0x1FF8, 0x1FF8, 0x1FF8, 0x1FF8, 0x1FF8, 0x1FF8,
  0x1FF8, 0x1FF8, 0x1FF8, 0x1FF8, 0x1FF8, 0x0752, 0x285A, 0x2752,
  0x0752, 0xC972, 0x8DC4, 0xAECC, 0x94E6, 0x16EF, 0xF6EE, 0x16F7,
  0xB5E6, 0x2A73, 0xC649, 0x685A, 0x13D6, 0x36F7, 0xF6EE, 0x16EF,
  0x16EF, 0x16EF, 0x16EF, 0x16EF, 0x16EF, 0x16EF, 0x16EF, 0x16EF,
  0x16EF, 0xF6EE, 0x56F7, 0x4E9C, 0xE749, 0x485A, 0xE751, 0x0B6B,
  0x9EF7, 0xFFFF, 0xFFFF, 0xFFFF, 0xFFFF, 0xFFFF, 0xFFFF, 0x3CE7,
  0x8962, 0x0752, 0x285A, 0x0752, 0xD2CD, 0x56F7, 0xF6EE, 0x16EF,
  0x16EF, 0x16EF, 0x16EF, 0x16EF, 0x16EF, 0x16EF, 0x16EF, 0x16EF,
  0x16EF, 0xF5EE, 0x56FF, 0xAFA4, 0xE749, 0x485A, 0x0752, 0xA962,
  0x94DE, 0x16F7, 0xF6EE, 0x16EF, 0xF6EE, 0x36F7, 0x53E6, 0x8DCC,
  0x8ECC, 0x8ECC, 0xAECC, 0x0A83, 0x074A, 0x2752, 0x285A, 0x0752,
  0x1FF8, 0x1FF8, 0x1FF8, 0x1FF8, 0x1FF8, 0x1FF8, 0x1FF8, 0x1FF8,
  0x1FF8, 0x1FF8, 0x1FF8, 0x1FF8, 0x2752, 0x285A, 0x2752, 0x074A,
  0x2A8B, 0xCED4, 0xD2DD, 0x16EF, 0x16EF, 0xF6EE, 0x36F7, 0xD2CD,
  0x2752, 0x485A, 0xE749, 0xCFAC, 0x56F7, 0xF5EE, 0xF6EE, 0xF6EE,
  0xF6EE, 0xF6EE, 0xF6EE, 0x16EF, 0x16EF, 0xF6EE, 0x16EF, 0x16EF,
  0xF6EE, 0x56F7, 0xAFA4, 0xE749, 0x485A, 0x0752, 0xA962, 0x5CEF,
  0xFFFF, 0xFFFF, 0xFFFF, 0xFFFF, 0xFFFF, 0xFFFF, 0x3CE7, 0x8962,
  0x0752, 0x285A, 0x0752, 0xB2C5, 0x56F7, 0xF6EE, 0x16EF, 0x16EF,
  0x16EF, 0xF6EE, 0xF6EE, 0xF6EE, 0xF6EE, 0xF6EE, 0x16EF, 0x16EF,
  0xF5EE, 0x57FF, 0x6E9C, 0xE749, 0x485A, 0x0752, 0xC96A, 0xD5E6,
  0x16F7, 0xF6EE, 0x16EF, 0x16EF, 0x16EF, 0xF6EE, 0x71D5, 0x8DCC,
  0x6DC4, 0xAED4, 0xECA3, 0x0752, 0x2752, 0x2752, 0x285A, 0x1FF8,
  0x1FF8, 0x1FF8, 0x1FF8, 0x1FF8, 0x1FF8, 0x1FF8, 0x1FF8, 0x1FF8,
  0x1FF8, 0x1FF8, 0x1FF8, 0x2752, 0x2752, 0x2852, 0x0752, 0xCFAC,
  0xD5F6, 0xF6EE, 0x16EF, 0x16EF, 0xF6EE, 0x56F7, 0x92C5, 0x0752,
  0x485A, 0xE749, 0x6E9C, 0x77FF, 0x16EF, 0x36F7, 0x36F7, 0x36F7,
  0x36F7, 0x36F7, 0xF5EE, 0xF6EE, 0x16EF, 0x16EF, 0x16EF, 0xF6EE,
  0x56F7, 0x30B5, 0xE749, 0x285A, 0x2752, 0x685A, 0x1BE7, 0xFFFF,
  0xFFFF, 0xFFFF, 0xFFFF, 0xFFFF, 0xFFFF, 0x3CE7, 0x8962, 0x0752,
  0x285A, 0xE751, 0x71BD, 0x56F7, 0xF6EE, 0x16EF, 0x16EF, 0x16EF,
  0x16EF, 0x16EF, 0x16EF, 0x36F7, 0x16F7, 0x16EF, 0xF6EE, 0xF5EE,
  0x56FF, 0x4E9C, 0xC749, 0x485A, 0x0752, 0xEA6A, 0xF5EE, 0x16EF,
  0x16EF, 0x16EF, 0x16EF, 0x16EF, 0x16EF, 0xF5EE, 0x53E6, 0xF2DD,
  0x74E6, 0x74DE, 0x8962, 0x0752, 0x2752, 0x485A, 0x0752, 0x1FF8,
  0x1FF8, 0x1FF8, 0x1FF8, 0x1FF8, 0x1FF8, 0x1FF8, 0x1FF8, 0x1FF8,
  0x1FF8, 0x1FF8, 0x485A, 0x2752, 0x2752, 0x485A, 0x54DE, 0x56F7,
  0xF6EE, 0x16EF, 0x16EF, 0xF5EE, 0x56F7, 0x91C5, 0x0752, 0x285A,
  0xE749, 0x6B83, 0xD2DD, 0x71D5, 0x70D5, 0x50D5, 0x50D5, 0x50D5,
  0x50D5, 0x0FD5, 0x30D5, 0x13E6, 0x16EF, 0x16EF, 0xF6EE, 0x56F7,
  0x92C5, 0xE751, 0x285A, 0x2752, 0x2752, 0xDBDE, 0xFFFF, 0xFFFF,
  0xFFFF, 0xFFFF, 0xFFFF, 0xFFFF, 0x3CE7, 0x8962, 0x0752, 0x285A,
  0xE751, 0x51BD, 0x56F7, 0xF6EE, 0x16EF, 0x16EF, 0x16EF, 0x94E6,
  0x71D5, 0x70D5, 0xD2DD, 0x94E6, 0xF6EE, 0x36F7, 0x16EF, 0x77FF,
  0x6E9C, 0xC749, 0x485A, 0xE751, 0x0A73, 0xF6EE, 0x16EF, 0x16EF,
  0x16EF, 0x16EF, 0x16EF, 0x16EF, 0x16EF, 0x16F7, 0x36F7, 0x16EF,
  0x36F7, 0xAC83, 0xE749, 0x2852, 0x285A, 0x0752, 0x1FF8, 0x1FF8,
  0x1FF8, 0x1FF8, 0x1FF8, 0x1FF8, 0x1FF8, 0x1FF8, 0x1FF8, 0x1FF8,
  0x2752, 0x485A, 0x2752, 0x0752, 0xEA6A, 0xD5EE, 0x16EF, 0xF6EE,
  0x16EF, 0x16EF, 0xF6EE, 0x56F7, 0x92C5, 0x0752, 0x285A, 0x0752,
  0x896A, 0x6DC4, 0x8DCC, 0x6DC4, 0x6DC4, 0x6DC4, 0x6DC4, 0x6DC4,
  0x8DCC, 0x6DC4, 0xAECC, 0x74E6, 0x16EF, 0xF5EE, 0x56F7, 0xD2CD,
  0x0752, 0x2852, 0x2852, 0x0752, 0x79D6, 0xFFFF, 0xFFFF, 0xFFFF,
  0xFFFF, 0xFFFF, 0xFFFF, 0x3CE7, 0x695A, 0x0752, 0x285A, 0xE749,
  0x51BD, 0x56F7, 0xF6EE, 0x16EF, 0x16EF, 0xD5EE, 0x0FD5, 0x6DC4,
  0x8DC4, 0x6DC4, 0xAECC, 0x0FD5, 0x91DD, 0x12DE, 0xD5F6, 0x0D94,
  0xE749, 0x485A, 0xE751, 0x0A73, 0x16EF, 0x16EF, 0x16EF, 0x16EF,
  0x16EF, 0x16EF, 0x16EF, 0x16EF, 0xF6EE, 0xF6EE, 0xF5EE, 0x56FF,
  0xEFAC, 0xE749, 0x285A, 0x2752, 0x2752, 0x1FF8, 0x1FF8, 0x1FF8,
  0x1FF8, 0x1FF8, 0x1FF8, 0x1FF8, 0x1FF8, 0x1FF8, 0x1FF8, 0x2752,
  0x285A, 0x2852, 0xE749, 0xED93, 0x36F7, 0xF6EE, 0x16EF, 0x16EF,
  0x16EF, 0xF6EE, 0x36F7, 0xD2CD, 0x2852, 0x2752, 0x2752, 0x485A,
  0x6DBC, 0xAECC, 0xAECC, 0xAECC, 0xAECC, 0xAECC, 0xAECC, 0xAECC,
  0xAECC, 0x8ECC, 0x53E6, 0x16F7, 0xF5EE, 0x36F7, 0x13D6, 0x485A,
  0x2752, 0x285A, 0xE751, 0xB6BD, 0xFFFF, 0xFFFF, 0xFFFF, 0xFFFF,
  0xFFFF, 0xFFFF, 0x1BE7, 0x685A, 0x0752, 0x285A, 0xE751, 0x51BD,
  0x56F7, 0xF6EE, 0xF6EE, 0x16EF, 0xD5EE, 0xCECC, 0x8ECC, 0xAECC,
  0xAECC, 0x8ECC, 0x8DC4, 0x6DC4, 0x6DC4, 0xAED4, 0x2A8B, 0x074A,
  0x285A, 0xE751, 0x0A73, 0x16EF, 0x16EF, 0x16EF, 0x16EF, 0x16EF,
  0x16EF, 0x16EF, 0x16EF, 0x16EF, 0x16EF, 0xF6EE, 0x36F7, 0x13D6,
  0x485A, 0x2752, 0x2752, 0x485A, 0x1FF8, 0x1FF8, 0x1FF8, 0x1FF8,
  0x1FF8, 0x1FF8, 0x1FF8, 0x1FF8, 0x1FF8, 0x1FF8, 0x2752, 0x2752,
  0x2852, 0xE749, 0x10AD, 0x57FF, 0xF5EE, 0x16EF, 0x16EF, 0x16EF,
  0xF6EE, 0x16F7, 0x95DE, 0xA962, 0x0752, 0x2852, 0x2752, 0xCCAB,
  0xADCC, 0x6DC4, 0x6DC4, 0x6DC4, 0x6DC4, 0x6DC4, 0x6DC4, 0x6DC4,
  0x70D5, 0xF5EE, 0x16EF, 0xF6EE, 0x36F7, 0x54DE, 0x685A, 0x0752,
  0x485A, 0xE649, 0x34AD, 0xFFFF, 0xFFFF, 0xFFFF, 0xFFFF, 0xFFFF,
  0xFFFF, 0xFBDE, 0x485A, 0x2752, 0x285A, 0xE751, 0x71BD, 0x56F7,
  0xF6EE, 0x16EF, 0xF6EE, 0x16EF, 0xD2DD, 0x8DCC, 0x8DC4, 0x8ECC,
  0xAECC, 0xAECC, 0xAECC, 0x8EC4, 0xCED4, 0x2A8B, 0x074A, 0x285A,
  0xE751, 0x0A73, 0xF6EE, 0x16EF, 0x16EF, 0x16EF, 0x16EF, 0x16EF,
  0x16EF, 0x16EF, 0x16EF, 0x16EF, 0xF6EE, 0x16F7, 0xD5EE, 0xC96A,
  0x0752, 0x2752, 0x485A, 0x0752, 0x1FF8, 0x1FF8, 0x1FF8, 0x1FF8,
  0x1FF8, 0x1FF8, 0x1FF8, 0x1FF8, 0x1FF8, 0x485A, 0x2752, 0x2752,
  0x485A, 0x13D6, 0x36F7, 0xF6EE, 0x16EF, 0x16EF, 0x16EF, 0x16EF,
  0xF5EE, 0x7AF7, 0x4D73, 0xE649, 0x485A, 0xE749, 0xAB93, 0x50DD,
  0x2FD5, 0x30D5, 0x50D5, 0x50D5, 0x50D5, 0x71D5, 0x12DE, 0xF5EE,
  0x16EF, 0x16EF, 0xF6EE, 0x16F7, 0x94DE, 0xA962, 0x0752, 0x485A,
  0xC649, 0xD2A4, 0xFFFF, 0xFFFF, 0xFFFF, 0xFFFF, 0xFFFF, 0xFFFF,
  0xDBDE, 0x2852, 0x2752, 0x285A, 0x0752, 0x92C5, 0x56F7, 0xF6EE,
  0x16EF, 0x16EF, 0x16EF, 0x16EF, 0x33E6, 0x2FD5, 0x8ECC, 0x6DC4,
  0x6DC4, 0x8DCC, 0x8DC4, 0xCED4, 0x4A8B, 0x074A, 0x285A, 0x0752,
  0xEA72, 0xF6EE, 0x16EF, 0x16EF, 0x16EF, 0x16EF, 0x16EF, 0x16EF,
  0x16EF, 0x16EF, 0x16EF, 0x16EF, 0xF6EE, 0x36F7, 0xCC8B, 0xE749,
  0x2852, 0x285A, 0x0752, 0x1FF8, 0x1FF8, 0x1FF8, 0x1FF8, 0x1FF8,
  0x1FF8, 0x1FF8, 0x1FF8, 0x0752, 0x485A, 0x2752, 0x0752, 0xEA6A,
  0xD5EE, 0x16F7, 0xF6EE, 0x16EF, 0x16EF, 0x16EF, 0x16EF, 0xF5EE,
  0xDDFF, 0x308C, 0xE649, 0x485A, 0xE749, 0xCC8B, 0x36F7, 0x16EF,
  0x16EF, 0x16EF, 0x16EF, 0x16F7, 0x36F7, 0x36F7, 0x16EF, 0x16EF,
  0x16EF, 0xF6EE, 0x16EF, 0xD5EE, 0xEA6A, 0x0752, 0x485A, 0xC649,
  0x7194, 0xFFFF, 0xDFFF, 0xFFFF, 0xFFFF, 0xFFFF, 0xFFFF, 0xBADE,
  0x0752, 0x2852, 0x2852, 0x0752, 0xD2CD, 0x56F7, 0xF6EE, 0x16EF,
  0x16EF, 0x16EF, 0x16EF, 0x36F7, 0xF6EE, 0x74E6, 0xB1DD, 0x30D5,
  0xCECC, 0x8ECC, 0xAED4, 0x2A8B, 0x074A, 0x285A, 0x0752, 0x0A73,
  0xF6EE, 0x16EF, 0x16EF, 0x16EF, 0x16EF, 0x16EF, 0x16EF, 0x16EF,
  0x16EF, 0x16EF, 0x16EF, 0xF5EE, 0x57FF, 0xCFAC, 0xE749, 0x285A,
  0x2852, 0x2752, 0x1FF8, 0x1FF8, 0x1FF8, 0x1FF8, 0x1FF8, 0x1FF8,
  0x1FF8, 0x1FF8, 0x0752, 0x285A, 0x285A, 0xE749, 0x0D94, 0x36F7,
  0xF6EE, 0x16EF, 0x16EF, 0x16EF, 0x16EF, 0x16EF, 0x16EF, 0xFFFF,
  0x55B5, 0xC649, 0x485A, 0x0752, 0xEA6A, 0xD5E6, 0x16F7, 0xF6EE,
  0xF6EE, 0xF6EE, 0xF6EE, 0xF6EE, 0xF6EE, 0x16EF, 0x16EF, 0x16EF,
  0x16EF, 0x16EF, 0x16F7, 0x2B7B, 0xE749, 0x485A, 0xC649, 0x3094,
  0xFFFF, 0xDFFF, 0xFFFF, 0xFFFF, 0xFFFF, 0xFFFF, 0x79CE, 0x0752,
  0x2852, 0x2852, 0x0752, 0xF2CD, 0x56F7, 0xF6EE, 0x16EF, 0x16EF,
  0x16EF, 0x16EF, 0xF6EE, 0x16EF, 0x16F7, 0x36F7, 0x16EF, 0xB5EE,
  0x94E6, 0xD5F6, 0x0D94, 0xE749, 0x485A, 0xE751, 0x0B73, 0x17EF,
  0x15EF, 0x16EF, 0x16EF, 0x16EF, 0x16EF, 0x16EF, 0x16EF, 0x16EF,
  0x16EF, 0x16EF, 0xF6EE, 0x36F7, 0xB2C5, 0x2752, 0x2752, 0x2752,
  0x285A, 0x1FF8, 0x1FF8, 0x1FF8, 0x1FF8, 0x1FF8, 0x1FF8, 0x1FF8,
  0x1FF8, 0x2752, 0x2752, 0x2852, 0xE749, 0x30B5, 0x56FF, 0xF5EE,
  0x16EF, 0x16EF, 0x16EF, 0x16EF, 0xF5EE, 0x38F7, 0xFFFF, 0x38CE,
  0xE751, 0x285A, 0x0752, 0x685A, 0x74DE, 0x36F7, 0xF6EE, 0x16EF,
  0x16EF, 0x16EF, 0x16EF, 0x16EF, 0x16EF, 0x16EF, 0x16EF, 0x16EF,
  0xF6EE, 0x36F7, 0x6B7B, 0xE749, 0x485A, 0xC649, 0x0F8C, 0xFFFF,
  0xFFFF, 0xFFFF, 0xFFFF, 0xFFFF, 0xFFFF, 0xF7C5, 0xE751, 0x285A,
  0x2752, 0x2852, 0x13D6, 0x36F7, 0xF6EE, 0x16EF, 0x16EF, 0x16EF,
  0x16EF, 0x16EF, 0x16EF, 0xF6EE, 0xF6EE, 0x16EF, 0x16EF, 0x16EF,
  0x77FF, 0x6E9C, 0xC749, 0x485A, 0xE651, 0x2C73, 0x5AF7, 0xF5EE,
  0x16EF, 0x16EF, 0x16EF, 0x16EF, 0x16EF, 0x16EF, 0x16EF, 0x16EF,
  0x16EF, 0xF6EE, 0x16F7, 0x94E6, 0x8962, 0x0752, 0x2752, 0x485A,
  0x0752, 0x1FF8, 0x1FF8, 0x1FF8, 0x1FF8, 0x1FF8, 0x1FF8, 0x1FF8,
  0x485A, 0x2752, 0x0752, 0x685A, 0x53D6, 0x36F7, 0xF6EE, 0x16EF,
  0x16EF, 0x16EF, 0x16EF, 0xF5EE, 0x7AF7, 0xFFFF, 0x9AD6, 0x485A,
  0x2752, 0x2852, 0x2752, 0xD2CD, 0x36F7, 0xF6EE, 0x16EF, 0x16EF,
  0x16EF, 0x16EF, 0x16EF, 0x16EF, 0x16EF, 0x16EF, 0x16EF, 0xF6EE,
  0x36F7, 0x8C83, 0xE749, 0x485A, 0xE649, 0xCE83, 0xFFFF, 0xFFFF,
  0xFFFF, 0xFFFF, 0xFFFF, 0xFFFF, 0x75B5, 0xE649, 0x285A, 0x2752,
  0x485A, 0x33D6, 0x36F7, 0xF6EE, 0x16EF, 0x16EF, 0x16EF, 0x16EF,
  0x16EF, 0x16EF, 0x16EF, 0x16EF, 0x16EF, 0xF6EE, 0xF5EE, 0x56FF,
  0x4E9C, 0xC749, 0x485A, 0xE751, 0x2C73, 0xBCF7, 0x15EF, 0x16EF,
  0x16EF, 0x16EF, 0x16EF, 0x16EF, 0x16EF, 0x16EF, 0x16EF, 0x16EF,
  0x16EF, 0x16EF, 0xF5EE, 0x0A73, 0xE751, 0x2752, 0x485A, 0x2752,
  0x1FF8, 0x1FF8, 0x1FF8, 0x1FF8, 0x1FF8, 0x1FF8, 0x2752, 0x285A,
  0x2752, 0x0752, 0x0A73, 0xF5EE, 0x16EF, 0xF6EE, 0x16EF, 0x16EF,
  0x16EF, 0x16EF, 0xF5EE, 0xBCF7, 0xFFFF, 0x3CE7, 0x8962, 0x0752,
  0x285A, 0xE751, 0x30B5, 0x56F7, 0xF6EE, 0xF6EE, 0xF6EE, 0xF6EE,
  0xF6EE, 0xF6EE, 0x16EF, 0x16EF, 0x16EF, 0x16EF, 0xF6EE, 0x36F7,
  0xAC83, 0xE749, 0x485A, 0xE649, 0x8D7B, 0xFFFF, 0xFFFF, 0xFFFF,
  0xFFFF, 0xFFFF, 0xFFFF, 0x13AD, 0xE649, 0x485A, 0x0752, 0x8862,
  0x54DE, 0x36F7, 0xF6EE, 0x16EF, 0x16EF, 0x16EF, 0x16EF, 0x16EF,
  0x16EF, 0x16EF, 0x16EF, 0x16EF, 0x16EF, 0xF5EE, 0x57FF, 0x4E9C,
  0xC749, 0x485A, 0xE751, 0x2C73, 0xDEFF, 0x16F7, 0xF5EE, 0x16EF,
  0x16EF, 0x16EF, 0x16EF, 0x16EF, 0x16EF, 0x16EF, 0x16EF, 0x16EF,
  0xF6EE, 0x36F7, 0x0D94, 0xE749, 0x285A, 0x285A, 0x0752, 0x1FF8,
  0x1FF8, 0x1FF8, 0x1FF8, 0x1FF8, 0x1FF8, 0x2752, 0x285A, 0x285A,
  0xC749, 0x2D94, 0x56F7, 0xF6EE, 0x16EF, 0x16EF, 0x16EF, 0x16EF,
  0x16EF, 0x16EF, 0xDEFF, 0xFFFF, 0xBEF7, 0xEB6A, 0x0752, 0x485A,
  0xE749, 0xAFA4, 0x56F7, 0xF5EE, 0x16EF, 0x36F7, 0x36F7, 0x36F7,
  0x16EF, 0x16EF, 0x16EF, 0x16EF, 0x16EF, 0xF6EE, 0x36F7, 0xCC8B,
  0xE749, 0x485A, 0xE649, 0x4C7B, 0xDFFF, 0xFFFF, 0xFFFF, 0xFFFF,
  0xFFFF, 0xFFFF, 0xB29C, 0xC649, 0x485A, 0x0752, 0xA96A, 0x94E6,
  0x16F7, 0xF6EE, 0x16EF, 0x16EF, 0x16EF, 0x16EF, 0x16EF, 0x16EF,
  0xF6EE, 0x16EF, 0x16EF, 0x16EF, 0xF5EE, 0x57FF, 0x4E94, 0xC749,
  0x485A, 0xE751, 0x2C73, 0xFFFF, 0x38F7, 0xF5EE, 0x16EF, 0x16EF,
  0x16EF, 0x16EF, 0x16EF, 0x16EF, 0x16EF, 0x16EF, 0x16EF, 0xF5EE,
  0x57FF, 0xF0AC, 0xE749, 0x2852, 0x2852, 0x0752, 0x1FF8, 0x1FF8,
  0x1FF8, 0x1FF8, 0x1FF8, 0x1FF8, 0x2852, 0x2752, 0x2852, 0x0752,
  0x51B5, 0x56F7, 0xF5EE, 0x16EF, 0x16EF, 0x16EF, 0x16EF, 0xF5EE,
  0x38F7, 0xFFFF, 0xFFFF, 0xFFFF, 0x2C73, 0xE751, 0x485A, 0xC749,
  0x6E9C, 0x77FF, 0xF5EE, 0xB5EE, 0x53E6, 0xB1DD, 0xB1DD, 0x53E6,
  0x16EF, 0x16EF, 0x16EF, 0x16EF, 0xF6EE, 0x36F7, 0xEC8B, 0xE749,
  0x485A, 0xE751, 0x4C73, 0xDEF7, 0xFFFF, 0xFFFF, 0xFFFF, 0xFFFF,
  0xFFFF, 0x7194, 0xC649, 0x485A, 0x0752, 0xEA6A, 0xD5E6, 0x16EF,
  0xF6EE, 0x16EF, 0x16EF, 0x16EF, 0x16EF, 0x16EF, 0x16EF, 0x16EF,
  0x16EF, 0x16EF, 0xF6EE, 0xF5EE, 0x56FF, 0x2D94, 0xC749, 0x485A,
  0xE649, 0x4C73, 0xFFFF, 0x59F7, 0xF5EE, 0x16EF, 0x16EF, 0x16EF,
  0x16EF, 0x16EF, 0x16EF, 0x16EF, 0x16EF, 0x16EF, 0xF6EE, 0x36F7,
  0xD2CD, 0x2852, 0x2752, 0x2752, 0x485A, 0x1FF8, 0x1FF8, 0x1FF8,
  0x1FF8, 0x1FF8, 0x2752, 0x485A, 0x2752, 0x0752, 0x685A, 0x74DE,
  0x36F7, 0xF6EE, 0x16EF, 0x16EF, 0x16EF, 0x16EF, 0xF5EE, 0x59F7,
  0xFFFF, 0xFFFF, 0xFFFF, 0x6C7B, 0xE649, 0x485A, 0xE749, 0x8B8B,
  0x91DD, 0x0FCD, 0xCECC, 0x8DCC, 0x6DC4, 0x6DC4, 0xCECC, 0x74E6,
  0x16EF, 0xF6EE, 0x16EF, 0xF6EE, 0x56F7, 0xED8B, 0xE749, 0x485A,
  0xE751, 0x2C73, 0xBEF7, 0xFFFF, 0xFFFF, 0xFFFF, 0xFFFF, 0xFFFF,
  0x3094, 0xC649, 0x485A, 0xE751, 0x2A73, 0xF6EE, 0x16EF, 0x16EF,
  0x16EF, 0x16EF, 0x16EF, 0x16EF, 0x16EF, 0xD5EE, 0xB5EE, 0xD5EE,
  0x16EF, 0x36F7, 0x16EF, 0x77FF, 0x2D94, 0xC749, 0x485A, 0xE649,
  0x6C7B, 0xFFFF, 0x9BF7, 0xF5EE, 0x16EF, 0x16EF, 0x16EF, 0x16EF,
  0x16EF, 0x16EF, 0x16EF, 0x16EF, 0x16EF, 0xF6EE, 0x16F7, 0xB5E6,
  0xA962, 0x0752, 0x2752, 0x485A, 0x2752, 0x1FF8, 0x1FF8, 0x1FF8,
  0x1FF8, 0x0752, 0x285A, 0x2752, 0xE751, 0x2A73, 0xF6EE, 0x16EF,
  0x16EF, 0x16EF, 0x16EF, 0x16EF, 0x16EF, 0xF5EE, 0x9BF7, 0xFFFF,
  0xFFFF, 0xFFFF, 0x8D7B, 0xE649, 0x485A, 0x074A, 0xE982, 0x8DCC,
  0x6DC4, 0x8DCC, 0x8ECC, 0xAECC, 0xAECC, 0x8DC4, 0x12DE, 0x36F7,
  0xF6EE, 0x16EF, 0xF6EE, 0x56F7, 0x0D94, 0xE749, 0x485A, 0xE751,
  0x0B73, 0xBEF7, 0xFFFF, 0xFFFF, 0xFFFF, 0xFFFF, 0xFFFF, 0x0F8C,
  0xC649, 0x485A, 0xE749, 0x4B7B, 0x36F7, 0xF6EE, 0x16EF, 0x16EF,
  0x16EF, 0x16EF, 0x16EF, 0xF2DD, 0xEFCC, 0xAECC, 0xEECC, 0x30D5,
  0x71D5, 0x91DD, 0x12E6, 0x8B8B, 0xE749, 0x485A, 0xE649, 0x6D7B,
  0xFFFF, 0xBCF7, 0xF5EE, 0x16EF, 0x16EF, 0x16EF, 0x16EF, 0x16EF,
  0x16EF, 0x16EF, 0x16EF, 0x16EF, 0x16EF, 0x16EF, 0x16EF, 0x6B7B,
  0xE749, 0x2852, 0x285A, 0x2752, 0x1FF8, 0x1FF8, 0x1FF8, 0x1FF8,
  0x2752, 0x285A, 0x285A, 0xC749, 0x4E9C, 0x56F7, 0xF5EE, 0x16EF,
  0x16EF, 0x16EF, 0x16EF, 0x16EF, 0xF5EE, 0x9CF7, 0xFFFF, 0xFFFF,
  0xFFFF, 0xAE83, 0xE649, 0x485A, 0x0752, 0xE97A, 0xAECC, 0xAECC,
  0xAECC, 0xAECC, 0x8DCC, 0x6DC4, 0xEFCC, 0xB4EE, 0x16EF, 0xF6EE,
  0x16EF, 0xF6EE, 0x56F7, 0x0D94, 0xE749, 0x485A, 0xE751, 0x0B6B,
  0x9EF7, 0xFFFF, 0xFFFF, 0xFFFF, 0xFFFF, 0xFFFF, 0xEF8B, 0xC649,
  0x485A, 0xE749, 0x8B83, 0x36F7, 0xF6EE, 0x16EF, 0x16EF, 0xF6EE,
  0x16EF, 0x94EE, 0xCECC, 0x8DCC, 0x8DCC, 0x8DCC, 0x6DC4, 0x6DC4,
  0x6DC4, 0x8DCC, 0xE97A, 0x074A, 0x485A, 0xE649, 0x8D7B, 0xFFFF,
  0xDEFF, 0x16EF, 0x16EF, 0x16EF, 0x16EF, 0x16EF, 0x16EF, 0x16EF,
  0x16EF, 0x16EF, 0x16EF, 0x16EF, 0xF5EE, 0x56FF, 0x6E9C, 0xC649,
  0x285A, 0x285A, 0x2752, 0x1FF8, 0x1FF8, 0x1FF8, 0x1FF8, 0x2752,
  0x2752, 0x2852, 0xE751, 0x30B5, 0x57FF, 0xF5EE, 0x16EF, 0x16EF,
  0x16EF, 0x16EF, 0x16EF, 0x16EF, 0xBDFF, 0xFFFF, 0xFFFF, 0xFFFF,
  0xCE83, 0xE649, 0x485A, 0x0752, 0xC972, 0x8DCC, 0x6DC4, 0x6DC4,
  0x8DC4, 0xAECC, 0x50D5, 0x74E6, 0x16EF, 0x16EF, 0x16EF, 0x16EF,
  0xF6EE, 0x56F7, 0x0D94, 0xE749, 0x485A, 0x0752, 0xEB6A, 0x9EF7,
  0xFFFF, 0xFFFF, 0xFFFF, 0xFFFF, 0xFFFF, 0xCE83, 0xC649, 0x485A,
  0xE749, 0x8C83, 0x36F7, 0xF6EE, 0x16EF, 0x16EF, 0xF6EE, 0x16EF,
  0x94EE, 0xCECC, 0x8DCC, 0xAECC, 0xAECC, 0xAECC, 0xAECC, 0xAECC,
  0xAECC, 0xC97A, 0x0752, 0x485A, 0xE649, 0xCE83, 0xFFFF, 0xFFFF,
  0x37F7, 0xF5EE, 0x16EF, 0x16EF, 0x16EF, 0x16EF, 0x16EF, 0x16EF,
  0x16EF, 0x16EF, 0x16EF, 0xF5EE, 0x56FF, 0x30B5, 0xE751, 0x2852,
  0x2752, 0x2752, 0x1FF8, 0x1FF8, 0x1FF8, 0x1FF8, 0x485A, 0x2752,
  0x2752, 0x485A, 0x13D6, 0x36F7, 0xF6EE, 0x16EF, 0x16EF, 0x16EF,
  0x16EF, 0x16EF, 0x16EF, 0xDEFF, 0xFFFF, 0xFFFF, 0xFFFF, 0x0F8C,
  0xE649, 0x485A, 0x0752, 0xC972, 0x50D5, 0x70D5, 0xB1DD, 0x33E6,
  0xB5EE, 0x16EF, 0x16EF, 0x16EF, 0x16EF, 0x16EF, 0x16EF, 0xF6EE,
  0x56F7, 0x0D94, 0xE749, 0x485A, 0x0752, 0xEB6A, 0x9DF7, 0xFFFF,
  0xFFFF, 0xFFFF, 0xFFFF, 0xFFFF, 0xCE83, 0xC649, 0x485A, 0xE749,
  0x8C83, 0x56F7, 0xF6EE, 0x16EF, 0x16EF, 0x16EF, 0x16EF, 0x16EF,
  0xF2DD, 0xAECC, 0x8DC4, 0x6DC4, 0x6DC4, 0x8DCC, 0x8DCC, 0x8DC4,
  0xA972, 0x0752, 0x485A, 0xE649, 0x0F8C, 0xFFFF, 0xFFFF, 0x59F7,
  0xF5EE, 0x16EF, 0x16EF, 0x16EF, 0x16EF, 0x16EF, 0x16EF, 0x16EF,
  0x16EF, 0x16EF, 0xF6EE, 0x36F7, 0xF3CD, 0x485A, 0x2752, 0x2752,
  0x485A, 0x1FF8, 0x1FF8, 0x1FF8, 0x2752, 0x485A, 0x2752, 0x0752,
  0xA96A, 0xD5EE, 0x16F7, 0xF6EE, 0x16EF, 0x16EF, 0x16EF, 0x16EF,
  0x16EF, 0x16EF, 0xDEFF, 0xFFFF, 0xFFFF, 0xFFFF, 0x5094, 0xC649,
  0x485A, 0x0752, 0x0A73, 0xF5EE, 0x36F7, 0x16EF, 0x36F7, 0x16EF,
  0x16EF, 0xF6EE, 0x16EF, 0x16EF, 0x16EF, 0x16EF, 0xF6EE, 0x56F7,
  0x0D94, 0xE749, 0x485A, 0x0752, 0xEB6A, 0x9DF7, 0xFFFF, 0xFFFF,
  0xFFFF, 0xFFFF, 0xFFFF, 0xCE83, 0xE649, 0x485A, 0xE749, 0x8C83,
  0x56F7, 0xF6EE, 0x16EF, 0x16EF, 0x16EF, 0x16EF, 0x16EF, 0x16EF,
  0xB4EE, 0x13E6, 0x91DD, 0x50D5, 0x0FD5, 0xEFCC, 0xAECC, 0xA96A,
  0x0752, 0x485A, 0xC649, 0x5094, 0xFFFF, 0xFFFF, 0x9BF7, 0xF5EE,
  0x16EF, 0x16EF, 0x16EF, 0x16EF, 0x16EF, 0x16EF, 0x16EF, 0x16EF,
  0x16EF, 0xF6EE, 0x16F7, 0xB5E6, 0x8962, 0x0752, 0x2752, 0x485A,
  0x1FF8, 0x1FF8, 0x1FF8, 0x2752, 0x285A, 0x2852, 0xE749, 0x8C83,
  0x16F7, 0x16EF, 0x16EF, 0x16EF, 0x16EF, 0x16EF, 0x16EF, 0xF5EE,
  0x37F7, 0xFEFF, 0xFFFF, 0xFFFF, 0xFFFF, 0x919C, 0xC649, 0x485A,
  0x0752, 0xC96A, 0xB5E6, 0x16F7, 0xF5EE, 0xF6EE, 0xF6EE, 0x16EF,
  0x16EF, 0x16EF, 0x16EF, 0x16EF, 0x16EF, 0xF6EE, 0x56F7, 0x2D94,
  0xE749, 0x485A, 0x0752, 0xEB6A, 0x9DF7, 0xFFFF, 0xFFFF, 0xFFFF,
  0xFFFF, 0xFFFF, 0xAE83, 0xE649, 0x485A, 0xE749, 0x8C83, 0x56F7,
  0xF6EE, 0x16EF, 0x16EF, 0xF6EE, 0x16EF, 0x38F7, 0xF6EE, 0x16EF,
  0x36F7, 0x36F7, 0x16F7, 0xF6EE, 0xF5EE, 0x74E6, 0xA96A, 0x0752,
  0x485A, 0xC649, 0xB2A4, 0xFFFF, 0xFFFF, 0xBCFF, 0xF5EE, 0x16EF,
  0x16EF, 0x16EF, 0x16EF, 0x16EF, 0x16EF, 0x16EF, 0x16EF, 0x16EF,
  0x16EF, 0x16EF, 0xF5EE, 0xEA6A, 0x0752, 0x2752, 0x485A, 0x0752,
  0x1FF8, 0x1FF8, 0x2752, 0x2852, 0x285A, 0xC749, 0x8FA4, 0x57FF,
  0xF5EE, 0x16EF, 0x16EF, 0x16EF, 0x16EF, 0x16EF, 0xF5EE, 0x37F7,
  0xFFFF, 0xFFFF, 0xFFFF, 0xFFFF, 0xF3A4, 0xC649, 0x485A, 0x0752,
  0xA962, 0x94E6, 0x16F7, 0xF6EE, 0x16EF, 0x16EF, 0x16EF, 0x16EF,
  0x16EF, 0x16EF, 0x16EF, 0x16EF, 0xF6EE, 0x56F7, 0x2D94, 0xE749,
  0x485A, 0x0752, 0xEB6A, 0x9DF7, 0xFFFF, 0xFFFF, 0xFFFF, 0xFFFF,
  0xFFFF, 0xAE83, 0xE649, 0x485A, 0xE749, 0xAC83, 0x56F7, 0xF6EE,
  0x16EF, 0x16EF, 0xF5EE, 0x37F7, 0x38F7, 0xF5EE, 0xF6EE, 0xF6EE,
  0xF6EE, 0xF6EE, 0xF6EE, 0x36F7, 0xB5E6, 0xA962, 0x0752, 0x485A,
  0xC649, 0x34AD, 0xFFFF, 0xFFFF, 0xDEFF, 0x16EF, 0x16EF, 0x16EF,
  0x16EF, 0x16EF, 0x16EF, 0x16EF, 0x16EF, 0x16EF, 0x16EF, 0x16EF,
  0x16EF, 0x16EF, 0x8B83, 0xE749, 0x2852, 0x485A, 0x2752, 0x1FF8,
  0x1FF8, 0x2852, 0x2752, 0x2852, 0x0752, 0x51BD, 0x56F7, 0xF6EE,
  0x16EF, 0x16EF, 0x16EF, 0x16EF, 0x16EF, 0xF5EE, 0x58F7, 0xFFFF,
  0xFFFF, 0xFFFF, 0xFFFF, 0x54B5, 0xC649, 0x485A, 0x0752, 0x6862,
  0x94DE, 0x36F7, 0xF6EE, 0x16EF, 0x16EF, 0x16EF, 0x16EF, 0x16EF,
  0x16EF, 0x16EF, 0x16EF, 0xF6EE, 0x56F7, 0x2D94, 0xE749, 0x485A,
  0x0752, 0xEB6A, 0x9DF7, 0xFFFF, 0xFFFF, 0xFFFF, 0xFFFF, 0xFFFF,
  0xAE83, 0xE649, 0x485A, 0xE749, 0xAC83, 0x56F7, 0xF6EE, 0x16EF,
  0x16EF, 0xF5EE, 0x37F7, 0x37F7, 0xF5EE, 0x16EF, 0xF6EE, 0x16EF,
  0x16EF, 0xF6EE, 0x36F7, 0x94DE, 0x8962, 0x0752, 0x485A, 0xC649,
  0x95B5, 0xFFFF, 0xFFFF, 0xFFFF, 0x37F7, 0xF5EE, 0x16EF, 0x16EF,
  0x16EF, 0x16EF, 0x16EF, 0x16EF, 0x16EF, 0x16EF, 0x16EF, 0xF6EE,
  0x56F7, 0x4E9C, 0xC749, 0x285A, 0x285A, 0x0752, 0x1FF8, 0x1FF8,
  0x485A, 0x2752, 0x0752, 0x685A, 0x54DE, 0x36F7, 0xF6EE, 0x16EF,
  0x16EF, 0x16EF, 0x16EF, 0x16EF, 0xF5EE, 0x59F7, 0xFFFF, 0xFFFF,
  0xDFFF, 0xFFFF, 0xB6BD, 0xC649, 0x485A, 0x2752, 0x485A, 0x74DE,
  0x36F7, 0xF6EE, 0x16EF, 0x16EF, 0xF6EE, 0xF6EE, 0xF6EE, 0x16EF,
  0x16EF, 0x16EF, 0xF6EE, 0x56F7, 0x2D94, 0xE749, 0x485A, 0x0752,
  0xEB6A, 0x9DEF, 0xFFFF, 0xFFFF, 0xFFFF, 0xFFFF, 0xFFFF, 0xAE83,
  0xE649, 0x485A, 0xE749, 0xAC83, 0x56F7, 0xF6EE, 0x16EF, 0x16EF,
  0x16EF, 0x16EF, 0x16EF, 0xF5EE, 0x16EF, 0x16EF, 0x16EF, 0xF6EE,
  0xF5EE, 0x36F7, 0x74DE, 0x695A, 0x2752, 0x485A, 0xE649, 0xF7C5,
  0xFFFF, 0xDFFF, 0xFFFF, 0x59F7, 0xF5EE, 0x16EF, 0x16EF, 0x16EF,
  0x16EF, 0x16EF, 0x16EF, 0x16EF, 0x16EF, 0x16EF, 0xF5EE, 0x57FF,
  0xEFAC, 0xE749, 0x285A, 0x2852, 0x2752, 0x1FF8, 0x0752, 0x485A,
  0x2752, 0x0752, 0xEA6A, 0xF5EE, 0x16EF, 0xF6EE, 0x16EF, 0x16EF,
  0x16EF, 0x16EF, 0x16EF, 0xF5EE, 0x7AF7, 0xFFFF, 0xFFFF, 0xDFFF,
  0xFFFF, 0xF7C5, 0xC649, 0x485A, 0x2752, 0x485A, 0x54DE, 0x36F7,
  0xF5EE, 0xF6EE, 0x16EF, 0x16EF, 0x36F7, 0x16F7, 0x16EF, 0x16EF,
  0x16EF, 0xF6EE, 0x56F7, 0x4E9C, 0xE749, 0x485A, 0x0752, 0xCA6A,
  0x7DEF, 0xFFFF, 0xFFFF, 0xFFFF, 0xFFFF, 0xFFFF, 0xAD83, 0xE649,
  0x485A, 0xE749, 0xAC83, 0x56F7, 0xF6EE, 0x16EF, 0x16EF, 0x16EF,
  0x16EF, 0x16EF, 0x16EF, 0xD5EE, 0xB5EE, 0xF5EE, 0x36F7, 0x36F7,
  0x56F7, 0x33D6, 0x485A, 0x2752, 0x285A, 0xE649, 0x38CE, 0xFFFF,
  0xDFFF, 0xFFFF, 0x7AF7, 0xF5EE, 0x16EF, 0x16EF, 0x16EF, 0x16EF,
  0x16EF, 0x16EF, 0x16EF, 0x16EF, 0x16EF, 0xF6EE, 0x56F7, 0x71BD,
  0x0752, 0x2752, 0x2752, 0x2752, 0x1FF8, 0x2752, 0x285A, 0x2852,
  0xE749, 0xCC8B, 0x36F7, 0xF6EE, 0x16EF, 0x16EF, 0x16EF, 0x16EF,
  0x16EF, 0x16EF, 0xF5EE, 0x9BF7, 0xFFFF, 0xFFFF, 0xDFFF, 0xFFFF,
  0x17C6, 0xE649, 0x285A, 0x2752, 0x2852, 0x33D6, 0x57F7, 0x36EF,
  0x36F7, 0xF5EE, 0x94E6, 0x13E6, 0x53E6, 0xF5EE, 0x16EF, 0x16EF,
  0xF6EE, 0x56F7, 0x6E9C, 0xE749, 0x485A, 0x0752, 0xAA6A, 0x7DEF,
  0xFFFF, 0xFFFF, 0xFFFF, 0xFFFF, 0xFFFF, 0x8D83, 0xE649, 0x485A,
  0xE749, 0xAC83, 0x56F7, 0xF6EE, 0x16EF, 0x16EF, 0x16EF, 0x16EF,
  0x16EF, 0xF2DD, 0xCECC, 0xCECC, 0x0FD5, 0x71D5, 0x91D5, 0x70DD,
  0x6EB4, 0x2852, 0x2752, 0x2852, 0x0752, 0x58CE, 0xFFFF, 0xDFFF,
  0xFFFF, 0x9BF7, 0xF5EE, 0x16EF, 0x16EF, 0x16EF, 0x16EF, 0x16EF,
  0x16EF, 0x16EF, 0x16EF, 0x16EF, 0xF6EE, 0x36F7, 0x33D6, 0x485A,
  0x0752, 0x2752, 0x285A, 0x1FF8, 0x2752, 0x285A, 0x285A, 0xC749,
  0xCFAC, 0x57FF, 0xF5EE, 0x16EF, 0x16EF, 0x16EF, 0x16EF, 0x16EF,
  0x16EF, 0xF5EE, 0x9CF7, 0xFFFF, 0xFFFF, 0xFFFF, 0xFFFF, 0x38CE,
  0x0752, 0x2852, 0x2752, 0x2752, 0xAFB4, 0xD2DD, 0xB1DD, 0x71D5,
  0xEFCC, 0xAECC, 0x8DCC, 0x8DCC, 0x70D5, 0xF5EE, 0x16EF, 0xF5EE,
  0x56F7, 0x8EA4, 0xE749, 0x485A, 0x0752, 0xA962, 0x5CEF, 0xFFFF,
  0xFFFF, 0xFFFF, 0xFFFF, 0xFFFF, 0x8D7B, 0xE649, 0x485A, 0xE749,
  0xAC8B, 0x56F7, 0xF6EE, 0x16EF, 0x16EF, 0xF6EE, 0x16EF, 0xB5EE,
  0xCECC, 0x8DC4, 0x8DCC, 0x8DCC, 0x6DC4, 0x6DC4, 0x8DCC, 0xCCAB,
  0x2752, 0x2852, 0x2752, 0x0752, 0x79D6, 0xFFFF, 0xDFFF, 0xFFFF,
  0xBCF7, 0xF5EE, 0x16EF, 0x16EF, 0x16EF, 0x16EF, 0x16EF, 0x16EF,
  0x16EF, 0x16EF, 0x16EF, 0xF6EE, 0x16F7, 0xB5E6, 0xA962, 0x0752,
  0x2752, 0x485A, 0x0752, 0x2752, 0x2752, 0x2852, 0x0752, 0x51BD,
  0x56F7, 0xF5EE, 0x16EF, 0x16EF, 0x16EF, 0x16EF, 0x16EF, 0x16EF,
  0xF5EE, 0xBCFF, 0xFFFF, 0xFFFF, 0xFFFF, 0xFFFF, 0x79D6, 0x0752,
  0x2852, 0x2852, 0x0752, 0xCBA3, 0x8DCC, 0x6DC4, 0x6DC4, 0x8DCC,
  0x8ECC, 0xAECC, 0x8ECC, 0x8ECC, 0x74E6, 0x16F7, 0xF5EE, 0x56F7,
  0xAFA4, 0xE749, 0x485A, 0x0752, 0x8962, 0x3CE7, 0xFFFF, 0xFFFF,
  0xFFFF, 0xFFFF, 0xFFFF, 0x6D7B, 0xE649, 0x485A, 0xE749, 0xCC8B,
  0x56F7, 0xF6EE, 0x16EF, 0x16EF, 0x16EF, 0x16EF, 0xB5EE, 0xCECC,
  0x8DCC, 0xAECC, 0xAECC, 0xAECC, 0xAECC, 0xCED4, 0xCCA3, 0x0752,
  0x2852, 0x2752, 0x2852, 0x99D6, 0xFFFF, 0xFFFF, 0xFFFF, 0xBCFF,
  0xF5EE, 0x16EF, 0x16EF, 0x16EF, 0x16EF, 0x16EF, 0x16EF, 0x16EF,
  0x16EF, 0x16EF, 0xF6EE, 0x16EF, 0xD5EE, 0xCA6A, 0x0752, 0x2752,
  0x485A, 0x0752, 0x2752, 0x2752, 0x2752, 0x285A, 0xF2CD, 0x36F7,
  0xF6EE, 0x16EF, 0x16EF, 0x16EF, 0x16EF, 0x16EF, 0x16EF, 0x16EF,
  0xBDFF, 0xFFFF, 0xFFFF, 0xFFFF, 0xFFFF, 0x99D6, 0x2852, 0x2752,
  0x2852, 0x0752, 0xABA3, 0xCED4, 0x8ECC, 0xAECC, 0xAECC, 0xAECC,
  0x8ECC, 0x8DC4, 0xCECC, 0x94EE, 0x16EF, 0xF5EE, 0x56F7, 0xF0AC,
  0xE749, 0x285A, 0x0752, 0x685A, 0x1BE7, 0xFFFF, 0xFFFF, 0xFFFF,
  0xFFFF, 0xDFFF, 0x4C7B, 0xE649, 0x485A, 0xE749, 0xCC8B, 0x56F7,
  0xF6EE, 0x16EF, 0x16EF, 0x16EF, 0xF6EE, 0x16EF, 0x12DE, 0xAECC,
  0x6DC4, 0x6DC4, 0x8DC4, 0x6DC4, 0x8ECC, 0x8B9B, 0x0752, 0x285A,
  0x2752, 0x485A, 0xDADE, 0xFFFF, 0xFFFF, 0xFFFF, 0xDDFF, 0x16EF,
  0x16EF, 0x16EF, 0x16EF, 0x16EF, 0x16EF, 0x16EF, 0x16EF, 0x16EF,
  0x16EF, 0x16EF, 0x16EF, 0xF5EE, 0x0A73, 0xE751, 0x2852, 0x285A,
  0x0752, 0x285A, 0x2752, 0x0752, 0x685A, 0x74DE, 0x36F7, 0xF6EE,
  0x16EF, 0x16EF, 0x16EF, 0x16EF, 0x16EF, 0x16EF, 0x16EF, 0xDDFF,
  0xFFFF, 0xFFFF, 0xFFFF, 0xFFFF, 0xDADE, 0x485A, 0x2752, 0x285A,
  0x0752, 0x8B9B, 0xAECC, 0x8DC4, 0x8DCC, 0x6DC4, 0x6DC4, 0x8DCC,
  0xEFCC, 0x33E6, 0x16EF, 0xF6EE, 0xF6EE, 0x56F7, 0x50B5, 0xE749,
  0x285A, 0x2752, 0x485A, 0xFBE6, 0xFFFF, 0xFFFF, 0xFFFF, 0xFFFF,
  0xDEF7, 0x2C73, 0xE751, 0x485A, 0xE749, 0xED8B, 0x56F7, 0xF6EE,
  0x16EF, 0x16EF, 0x16EF, 0x16EF, 0x16EF, 0x16EF, 0x94EE, 0xD2DD,
  0x50D5, 0x2FD5, 0x0FCD, 0x70DD, 0x0DA4, 0x0752, 0x285A, 0x0752,
  0x695A, 0x1BE7, 0xFFFF, 0xFFFF, 0xFFFF, 0xDEFF, 0x16EF, 0x16EF,
  0x16EF, 0x16EF, 0x16EF, 0x16EF, 0x16EF, 0x16EF, 0x16EF, 0x16EF,
  0x16EF, 0x16EF, 0x16EF, 0x6B7B, 0xE749, 0x2852, 0x285A, 0x0752,
  0x485A, 0x2752, 0x0752, 0x8862, 0x94E6, 0x16F7, 0xF6EE, 0x16EF,
  0x16EF, 0x16EF, 0x16EF, 0x16EF, 0x16EF, 0x16EF, 0xDEFF, 0xFFFF,
  0xFFFF, 0xFFFF, 0xFFFF, 0x1CE7, 0x8962, 0x0752, 0x285A, 0x0752,
  0xAB93, 0x0FD5, 0xCECC, 0x0FD5, 0x50D5, 0xF2DD, 0x74E6, 0xD5EE,
  0x16EF, 0x16EF, 0x16EF, 0xF6EE, 0x56F7, 0x91BD, 0xE751, 0x285A,
  0x2752, 0x2852, 0xFBDE, 0xFFFF, 0xFFFF, 0xFFFF, 0xFFFF, 0xBEF7,
  0x0B73, 0xE751, 0x485A, 0xE749, 0xED93, 0x56F7, 0xF6EE, 0x16EF,
  0x16EF, 0x16EF, 0x16EF, 0x16EF, 0x16EF, 0x16EF, 0x36F7, 0x16EF,
  0x16EF, 0xF6EE, 0x77FF, 0x11AD, 0xE749, 0x285A, 0x0752, 0xA962,
  0x3CE7, 0xFFFF, 0xFFFF, 0xFFFF, 0xFEFF, 0x17F7, 0xF5EE, 0x16EF,
  0x16EF, 0x16EF, 0x16EF, 0x16EF, 0x16EF, 0x16EF, 0x16EF, 0x16EF,
  0xF6EE, 0x16F7, 0xAC83, 0xE749, 0x2852, 0x285A, 0x0752, 0x485A,
  0x2752, 0x0752, 0x8862, 0x94E6, 0x16F7, 0xF6EE, 0x16EF, 0x16EF,
  0x16EF, 0x16EF, 0x16EF, 0x16EF, 0x16EF, 0xDEFF, 0xFFFF, 0xFFFF,
  0xFFFF, 0xFFFF, 0x9DEF, 0xCA6A, 0x0752, 0x485A, 0xE749, 0x6E9C,
  0x36F7, 0xB5EE, 0xF6EE, 0x16EF, 0x36F7, 0x36F7, 0x16EF, 0xF6EE,
  0x16EF, 0x16EF, 0xF6EE, 0x56F7, 0xB2C5, 0x0752, 0x2852, 0x2752,
  0x0752, 0xDADE, 0xFFFF, 0xFFFF, 0xFFFF, 0xFFFF, 0x9EF7, 0x0B6B,
  0xE751, 0x485A, 0xE749, 0x0D94, 0x56F7, 0xF6EE, 0x16EF, 0x16EF,
  0x16EF, 0x16EF, 0x16EF, 0x16EF, 0xF6EE, 0xF6EE, 0xF6EE, 0x16EF,
  0xF5EE, 0x57FF, 0xF1A4, 0xE749, 0x485A, 0x0752, 0xAA62, 0x7DEF,
  0xFFFF, 0xFFFF, 0xFFFF, 0xFFFF, 0x38F7, 0xF5EE, 0x16EF, 0x16EF,
  0x16EF, 0x16EF, 0x16EF, 0x16EF, 0x16EF, 0x16EF, 0x16EF, 0xF6EE,
  0x36F7, 0xED8B, 0xE749, 0x285A, 0x285A, 0x0752, 0x285A, 0x2752,
  0x0752, 0x685A, 0x74DE, 0x36F7, 0xF6EE, 0x16EF, 0x16EF, 0x16EF,
  0x16EF, 0x16EF, 0x16EF, 0x16EF, 0xDEFF, 0xFFFF, 0xFFFF, 0xFFFF,
  0xFFFF, 0xDFFF, 0x0B73, 0xE751, 0x485A, 0xC649, 0x2D94, 0x77FF,
  0xF6EE, 0x16EF, 0xF6EE, 0xF6EE, 0xF6EE, 0x16EF, 0x16EF, 0x16EF,
  0x16EF, 0xF6EE, 0x56F7, 0xD2CD, 0x0752, 0x2852, 0x2852, 0x0752,
  0x99D6, 0xFFFF, 0xFFFF, 0xFFFF, 0xFFFF, 0x9DF7, 0xEB6A, 0x0752,
  0x485A, 0xE749, 0x0D94, 0x56F7, 0xF6EE, 0x16EF, 0x16EF, 0x16EF,
  0x16EF, 0x16EF, 0x16EF, 0x16EF, 0x16EF, 0x16EF, 0x16EF, 0xF5EE,
  0x78FF, 0xD1A4, 0xE649, 0x485A, 0x0752, 0xCA6A, 0x9DF7, 0xFFFF,
  0xFFFF, 0xFFFF, 0xFFFF, 0x58F7, 0xF5EE, 0x16EF, 0x16EF, 0x16EF,
  0x16EF, 0x16EF, 0x16EF, 0x16EF, 0x16EF, 0x16EF, 0xF6EE, 0x36F7,
  0x0D94, 0xE749, 0x285A, 0x2852, 0x0752, 0x2852, 0x2752, 0x2752,
  0x285A, 0xF2CD, 0x36F7, 0xF6EE, 0x16EF, 0x16EF, 0x16EF, 0x16EF,
  0x16EF, 0x16EF, 0x16EF, 0xDDFF, 0xFFFF, 0xFFFF, 0xFFFF, 0xFFFF,
  0xFFFF, 0x4C7B, 0xE649, 0x485A, 0xE749, 0xED8B, 0x36F7, 0xF5EE,
  0x16EF, 0x16EF, 0x16EF, 0x16EF, 0x16EF, 0x16EF, 0x16EF, 0x16EF,
  0xF6EE, 0x56F7, 0xF2CD, 0x2752, 0x2752, 0x2852, 0xE751, 0x38CE,
  0xFFFF, 0xFFFF, 0xFFFF, 0xFFFF, 0x9DF7, 0xEB6A, 0x0752, 0x485A,
  0xE749, 0x2D94, 0x56F7, 0xF6EE, 0x16EF, 0x16EF, 0x16EF, 0x16EF,
  0x16EF, 0x16EF, 0xF6EE, 0xF6EE, 0xF6EE, 0xF6EE, 0xF5EE, 0x77FF,
  0x909C, 0xC649, 0x485A, 0x0752, 0xEB6A, 0xBEF7, 0xFFFF, 0xFFFF,
  0xFFFF, 0xFFFF, 0x79F7, 0xF5EE, 0x16EF, 0x16EF, 0x16EF, 0x16EF,
  0x16EF, 0x16EF, 0x16EF, 0x16EF, 0x16EF, 0xF6EE, 0x36F7, 0x0D94,
  0xE749, 0x285A, 0x2852, 0x2752, 0x2752, 0x2752, 0x2752, 0x0752,
  0x71BD, 0x56F7, 0xF6EE, 0x16EF, 0x16EF, 0x16EF, 0x16EF, 0x16EF,
  0x16EF, 0x16EF, 0xDDFF, 0xFFFF, 0xFFFF, 0xFFFF, 0xFFFF, 0xFFFF,
  0xAE83, 0xE649, 0x485A, 0xE749, 0x6B7B, 0x16EF, 0x16EF, 0xF6EE,
  0xF6EE, 0xF6EE, 0x16EF, 0x16EF, 0x16EF, 0x16EF, 0x16EF, 0xF6EE,
  0x36F7, 0xF3CD, 0x2752, 0x2752, 0x285A, 0xE751, 0xF7C5, 0xFFFF,
  0xFFFF, 0xFFFF, 0xFFFF, 0x7DEF, 0xEA6A, 0x0752, 0x485A, 0xE749,
  0x2D94, 0x56F7, 0xF6EE, 0x16EF, 0x16EF, 0x16EF, 0x16EF, 0x16EF,
  0xF5EE, 0x16F7, 0x36F7, 0x16EF, 0x16EF, 0x16EF, 0x97FF, 0x6E9C,
  0xC749, 0x485A, 0xE751, 0x0B73, 0xDFFF, 0xFFFF, 0xFFFF, 0xFFFF,
  0xFFFF, 0x7AF7, 0xF5EE, 0x16EF, 0x16EF, 0x16EF, 0x16EF, 0x16EF,
  0x16EF, 0x16EF, 0x16EF, 0x16EF, 0xF6EE, 0x36F7, 0x0D94, 0xE749,
  0x285A, 0x2852, 0x2752, 0x0752, 0x2852, 0x2852, 0xE749, 0x30B5,
  0x56FF, 0xF5EE, 0x16EF, 0x16EF, 0x16EF, 0x16EF, 0x16EF, 0x16EF,
  0xF6EE, 0xBDFF, 0xFFFF, 0xFFFF, 0xFFFF, 0xFFFF, 0xFFFF, 0x0F8C,
  0xE649, 0x485A, 0x0752, 0x0A73, 0xD5EE, 0x16F7, 0x16EF, 0x16F7,
  0x36F7, 0xD5EE, 0xB5EE, 0xF6EE, 0x16EF, 0x16EF, 0xF6EE, 0x36F7,
  0x13D6, 0x485A, 0x2752, 0x285A, 0xE649, 0xD6BD, 0xFFFF, 0xFFFF,
  0xFFFF, 0xFFFF, 0x7DEF, 0xCA6A, 0x0752, 0x485A, 0xE749, 0x4E9C,
  0x56F7, 0xF6EE, 0x16EF, 0x16EF, 0x16EF, 0xD5EE, 0x91D5, 0x0FD5,
  0x71D5, 0x33E6, 0x94EE, 0xB5EE, 0x54E6, 0x33E6, 0xAC93, 0xE749,
  0x485A, 0xE751, 0x2C73, 0xFFFF, 0xFFFF, 0xFFFF, 0xFFFF, 0xFFFF,
  0x9BF7, 0xF5EE, 0x16EF, 0x16EF, 0x16EF, 0x16EF, 0x16EF, 0x16EF,
  0x16EF, 0x16EF, 0x16EF, 0xF6EE, 0x36F7, 0x0D94, 0xE749, 0x285A,
  0x285A, 0x0752, 0x0752, 0x285A, 0x2852, 0xE749, 0xF0AC, 0x57FF,
  0xF5EE, 0x16EF, 0x16EF, 0x16EF, 0x16EF, 0x16EF, 0x16EF, 0xF5EE,
  0xBCF7, 0xFFFF, 0xFFFF, 0xFFFF, 0xFFFF, 0xFFFF, 0xB19C, 0xC649,
  0x485A, 0x0752, 0xA96A, 0xB5E6, 0x16F7, 0xD5EE, 0x94E6, 0xB1DD,
  0xEFCC, 0xCECC, 0xB1DD, 0xD5EE, 0x16EF, 0xF6EE, 0x36F7, 0x33D6,
  0x485A, 0x2752, 0x285A, 0xE649, 0x95B5, 0xFFFF, 0xFFFF, 0xFFFF,
  0xFFFF, 0x5CEF, 0xA962, 0x0752, 0x485A, 0xE749, 0x6E9C, 0x56F7,
  0xF6EE, 0x16EF, 0xF6EE, 0x36F7, 0xD2DD, 0x6DC4, 0x8DCC, 0x6DC4,
  0x8DCC, 0xAECC, 0xAECC, 0x8DC4, 0xAECC, 0x0A83, 0x074A, 0x485A,
  0xE649, 0x4C7B, 0xFFFF, 0xFFFF, 0xFFFF, 0xFFFF, 0xFFFF, 0x9BF7,
  0xF5EE, 0x16EF, 0x16EF, 0x16EF, 0x16EF, 0x16EF, 0x16EF, 0x16EF,
  0x16EF, 0x16EF, 0xF6EE, 0x36F7, 0xCC8B, 0xE749, 0x2852, 0x285A,
  0x2752, 0x2752, 0x285A, 0x2852, 0xE749, 0xF0AC, 0x57FF, 0xF5EE,
  0x16EF, 0x16EF, 0x16EF, 0x16EF, 0x16EF, 0x16EF, 0xF5EE, 0x9BF7,
  0xFFFF, 0xFFFF, 0xFFFF, 0xFFFF, 0xFFFF, 0x34AD, 0xC649, 0x485A,
  0x2752, 0x485A, 0x0FCD, 0x50D5, 0xCECC, 0x8ECC, 0x6DC4, 0x8DCC,
  0x8DCC, 0x8DCC, 0x33E6, 0x16F7, 0xF5EE, 0x36F7, 0x53D6, 0x685A,
  0x0752, 0x485A, 0xE649, 0x54B5, 0xFFFF, 0xFFFF, 0xFFFF, 0xFFFF,
  0x3CE7, 0x8962, 0x0752, 0x485A, 0xE749, 0xCFAC, 0x56F7, 0xF6EE,
  0x16EF, 0xF6EE, 0x36F7, 0xB1DD, 0x6DC4, 0xAECC, 0xAECC, 0xAECC,
  0x8ECC, 0x8ECC, 0x8DC4, 0xCED4, 0x0A83, 0x074A, 0x485A, 0xE649,
  0x6D7B, 0xFFFF, 0xFFFF, 0xFFFF, 0xFFFF, 0xFFFF, 0x9BF7, 0xF5EE,
  0x16EF, 0x16EF, 0x16EF, 0x16EF, 0x16EF, 0x16EF, 0x16EF, 0x16EF,
  0x16EF, 0x16EF, 0x16F7, 0xAC83, 0xE749, 0x2852, 0x285A, 0x0752,
  0x2752, 0x285A, 0x2852, 0xE749, 0x10AD, 0x57FF, 0xF5EE, 0x16EF,
  0x16EF, 0x16EF, 0x16EF, 0x16EF, 0x16EF, 0xF5EE, 0x7AF7, 0xFFFF,
  0xFFFF, 0xFFFF, 0xDFFF, 0xFFFF, 0xB6BD, 0xC649, 0x485A, 0x2752,
  0x285A, 0x2CBC, 0x8DCC, 0x8DC4, 0x8ECC, 0xAECC, 0xAECC, 0xAECC,
  0x8DCC, 0x13E6, 0x36F7, 0xF5EE, 0x36F7, 0x74DE, 0x8962, 0x0752,
  0x485A, 0xC649, 0x13AD, 0xFFFF, 0xFFFF, 0xFFFF, 0xFFFF, 0xFBDE,
  0x485A, 0x2752, 0x285A, 0xE749, 0x10B5, 0x56F7, 0xF6EE, 0x16EF,
  0xF6EE, 0x16EF, 0x74E6, 0xCECC, 0x6DC4, 0x8DCC, 0x8ECC, 0xAECC,
  0xAECC, 0x8ECC, 0xAECC, 0xE97A, 0x074A, 0x485A, 0xE649, 0x8D7B,
  0xFFFF, 0xFFFF, 0xFFFF, 0xFFFF, 0xFFFF, 0xBCFF, 0xF5EE, 0x16EF,
  0x16EF, 0x16EF, 0x16EF, 0x16EF, 0x16EF, 0x16EF, 0x16EF, 0x16EF,
  0x16EF, 0x16EF, 0x6B7B, 0xE749, 0x2852, 0x285A, 0x0752, 0x0752,
  0x2852, 0x2852, 0xE751, 0x30B5, 0x56F7, 0xF5EE, 0x16EF, 0x16EF,
  0x16EF, 0x16EF, 0x16EF, 0x16EF, 0xF5EE, 0x59F7, 0xFFFF, 0xFFFF,
  0xFFFF, 0xDFFF, 0xFFFF, 0x17CE, 0xE649, 0x285A, 0x2752, 0x2752,
  0x2DB4, 0xCECC, 0x8ECC, 0xAECC, 0x8ECC, 0x8DCC, 0x6DC4, 0x30D5,
  0xD5EE, 0x16EF, 0xF6EE, 0x16F7, 0x94E6, 0xA96A, 0x0752, 0x485A,
  0xC649, 0xD2A4, 0xFFFF, 0xFFFF, 0xFFFF, 0xFFFF, 0xDADE, 0x0752,
  0x2852, 0x2852, 0x0752, 0x91C5, 0x56F7, 0xF6EE, 0x16EF, 0x16EF,
  0x16EF, 0x16EF, 0x94E6, 0x50D5, 0xCECC, 0x8DCC, 0x8DCC, 0x8DC4,
  0x8DC4, 0xAECC, 0xE97A, 0x0752, 0x485A, 0xE649, 0xAE83, 0xFFFF,
  0xFFFF, 0xFFFF, 0xFFFF, 0xFFFF, 0xBDFF, 0xF5EE, 0x16EF, 0x16EF,
  0x16EF, 0x16EF, 0x16EF, 0x16EF, 0x16EF, 0x16EF, 0x16EF, 0x16EF,
  0x16EF, 0x4B7B, 0xE751, 0x2852, 0x285A, 0x0752, 0x2752, 0x2752,
  0x2752, 0x2752, 0xB2C5, 0x36F7, 0xF6EE, 0x16EF, 0x16EF, 0x16EF,
  0x16EF, 0x16EF, 0x16EF, 0xF5EE, 0x37F7, 0xFFFF, 0xFFFF, 0xFFFF,
  0xFFFF, 0xFFFF, 0x59CE, 0x0752, 0x2852, 0x2852, 0x2752, 0xCCA3,
  0x8DCC, 0x6DC4, 0x6DC4, 0x8ECC, 0x0FCD, 0xD2DD, 0xD5EE, 0x16EF,
  0xF6EE, 0xF6EE, 0x16F7, 0xD5E6, 0xEA6A, 0x0752, 0x485A, 0xC649,
  0x919C, 0xFFFF, 0xFFFF, 0xFFFF, 0xFFFF, 0x38CE, 0xE751, 0x285A,
  0x2752, 0x0752, 0xF2CD, 0x36F7, 0xF6EE, 0x16EF, 0x16EF, 0x16EF,
  0x16EF, 0x16EF, 0x16EF, 0xB5EE, 0x53E6, 0x53E6, 0x33E6, 0x53E6,
  0x94E6, 0x4B7B, 0xE749, 0x485A, 0xE649, 0xEF8B, 0xFFFF, 0xFFFF,
  0xFFFF, 0xFFFF, 0xFFFF, 0xDDFF, 0x16EF, 0x16EF, 0x16EF, 0x16EF,
  0x16EF, 0x16EF, 0x16EF, 0x16EF, 0x16EF, 0x16EF, 0x16EF, 0xF6EE,
  0x4B7B, 0xE751, 0x2852, 0x285A, 0x0752, 0x285A, 0x2752, 0x0752,
  0x685A, 0x54DE, 0x36F7, 0xF6EE, 0x16EF, 0x16EF, 0x16EF, 0x16EF,
  0x16EF, 0x16EF, 0x16EF, 0x16EF, 0xDEFF, 0xFFFF, 0xFFFF, 0xFFFF,
  0xFFFF, 0xBAD6, 0x485A, 0x2752, 0x285A, 0x0752, 0x0CA4, 0x70DD,
  0x71D5, 0x12DE, 0x74E6, 0xF5EE, 0x36F7, 0x16EF, 0xF6EE, 0x16EF,
  0x16EF, 0x16EF, 0xF6EE, 0x2A73, 0xE751, 0x485A, 0xC649, 0x5094,
  0xFFFF, 0xFFFF, 0xFFFF, 0xFFFF, 0x54B5, 0xE649, 0x485A, 0x2752,
  0x485A, 0x33D6, 0x36F7, 0xF6EE, 0x16EF, 0x16EF, 0x16EF, 0x16EF,
  0xF6EE, 0x16EF, 0x16EF, 0x36F7, 0x36F7, 0x36EF, 0x36F7, 0xF6EE,
  0x2A73, 0xE751, 0x485A, 0xE649, 0x3094, 0xFFFF, 0xFFFF, 0xFFFF,
  0xFFFF, 0xFFFF, 0xDEFF, 0x16EF, 0x16EF, 0x16EF, 0x16EF, 0x16EF,
  0x16EF, 0x16EF, 0x16EF, 0x16EF, 0x16EF, 0x16EF, 0xF6EE, 0x2A73,
  0xE751, 0x2852, 0x285A, 0x0752, 0x485A, 0x2752, 0x0752, 0x8962,
  0xB5E6, 0x16F7, 0xF6EE, 0x16EF, 0x16EF, 0x16EF, 0x16EF, 0x16EF,
  0x16EF, 0x16EF, 0xF5EE, 0xBDFF, 0xFFFF, 0xFFFF, 0xFFFF, 0xFFFF,
  0x1BE7, 0x8962, 0x0752, 0x485A, 0xE749, 0xCFAC, 0x77FF, 0x16EF,
  0x36F7, 0x36F7, 0x16EF, 0xF6EE, 0x16EF, 0x16EF, 0x16EF, 0x16EF,
  0xF6EE, 0x36F7, 0x6B7B, 0xE749, 0x485A, 0xC649, 0x0F8C, 0xFFFF,
  0xFFFF, 0xFFFF, 0xFFFF, 0x919C, 0xC649, 0x485A, 0x0752, 0xA96A,
  0x94E6, 0x16F7, 0xF6EE, 0x16EF, 0x16EF, 0x16EF, 0x16EF, 0x16EF,
  0x16EF, 0xF6EE, 0xF6EE, 0xF6EE, 0xF5EE, 0x16F7, 0xB5E6, 0xEA6A,
  0x0752, 0x485A, 0xC649, 0x719C, 0xFFFF, 0xFFFF, 0xFFFF, 0xFFFF,
  0xFFFF, 0xDEFF, 0x16EF, 0x16EF, 0x16EF, 0x16EF, 0x16EF, 0x16EF,
  0x16EF, 0x16EF, 0x16EF, 0x16EF, 0x16EF, 0xF5EE, 0x0A73, 0xE751,
  0x2752, 0x285A, 0x0752, 0x485A, 0x2752, 0x0752, 0xA962, 0xD5E6,
  0x16F7, 0xF6EE, 0x16EF, 0x16EF, 0x16EF, 0x16EF, 0x16EF, 0x16EF,
  0x16EF, 0xF5EE, 0x9BF7, 0xFFFF, 0xFFFF, 0xFFFF, 0xFFFF, 0x9DEF,
  0xCA6A, 0x0752, 0x485A, 0xC749, 0x6E9C, 0x57FF, 0xF5EE, 0xF6EE,
  0xF6EE, 0x16EF, 0x16EF, 0x16EF, 0x16EF, 0x16EF, 0x16EF, 0xF6EE,
  0x36F7, 0xAC83, 0xE749, 0x485A, 0xE649, 0xAD83, 0xFFFF, 0xFFFF,
  0xFFFF, 0xFFFF, 0xCE83, 0xE649, 0x485A, 0xE749, 0x4B7B, 0x16F7,
  0x16EF, 0x16EF, 0x16EF, 0x16EF, 0x16EF, 0x16EF, 0x16EF, 0x16EF,
  0x16EF, 0x16EF, 0x16EF, 0xF6EE, 0x16F7, 0xB5E6, 0xA96A, 0x0752,
  0x485A, 0xC649, 0xF2A4, 0xFFFF, 0xFFFF, 0xFFFF, 0xFFFF, 0xFFFF,
  0xDEFF, 0x16EF, 0x16EF, 0x16EF, 0x16EF, 0x16EF, 0x16EF, 0x16EF,
  0x16EF, 0x16EF, 0x16EF, 0x16EF, 0xF5EE, 0x0A73, 0x0752, 0x2752,
  0x285A, 0x0752, 0x485A, 0x2752, 0x0752, 0xA962, 0xD5E6, 0x16F7,
  0xF6EE, 0x16EF, 0x16EF, 0x16EF, 0x16EF, 0x16EF, 0x16EF, 0x16EF,
  0xF5EE, 0x59F7, 0xFFFF, 0xFFFF, 0xFFFF, 0xFFFF, 0xFFFF, 0x2C73,
  0xE751, 0x485A, 0xC749, 0x0D94, 0x56FF, 0xF5EE, 0x16EF, 0x16EF,
  0x16EF, 0xF6EE, 0xF6EE, 0x16EF, 0x16EF, 0x16EF, 0xF6EE, 0x56F7,
  0xED8B, 0xE749, 0x485A, 0xE751, 0x2B73, 0xBEF7, 0xFFFF, 0xFFFF,
  0x7DEF, 0xEA6A, 0x0752, 0x485A, 0xE749, 0xED8B, 0x56F7, 0xF6EE,
  0x16EF, 0x16EF, 0x16EF, 0x16EF, 0x16EF, 0x16EF, 0x16EF, 0x16EF,
  0x16EF, 0x16EF, 0x16EF, 0x36F7, 0x94DE, 0x8962, 0x0752, 0x485A,
  0xC649, 0x54AD, 0xFFFF, 0xFFFF, 0xFFFF, 0xFFFF, 0xFFFF, 0xBDFF,
  0xF6EE, 0x16EF, 0x16EF, 0x16EF, 0x16EF, 0x16EF, 0x16EF, 0x16EF,
  0x16EF, 0xF6EE, 0x16EF, 0xD5EE, 0xEA6A, 0x0752, 0x2752, 0x485A,
  0x0752, 0x485A, 0x2752, 0x0752, 0xA962, 0xB5E6, 0x16F7, 0xF6EE,
  0x16EF, 0x16EF, 0x16EF, 0x16EF, 0x16EF, 0x16EF, 0x16EF, 0xF5EE,
  0x38F7, 0xFFFF, 0xFFFF, 0xFFFF, 0xFFFF, 0xFFFF, 0x8D7B, 0xE649,
  0x485A, 0xE749, 0xAC83, 0x16F7, 0xF5EE, 0xF6EE, 0xF6EE, 0x16EF,
  0x36F7, 0x16EF, 0x16EF, 0x16EF, 0x16EF, 0xF6EE, 0x56F7, 0x4E9C,
  0xE749, 0x485A, 0x0752, 0xAA62, 0x5DEF, 0xFFFF, 0xFFFF, 0xDBDE,
  0x2852, 0x2752, 0x285A, 0xE749, 0xCFAC, 0x56F7, 0xF6EE, 0x16EF,
  0x16EF, 0x16EF, 0x16EF, 0x16EF, 0x16EF, 0xF6EE, 0xD5EE, 0xD5EE,
  0xF5EE, 0xF5EE, 0x36F7, 0x74DE, 0x485A, 0x2752, 0x485A, 0xC649,
  0xB6BD, 0xFFFF, 0xDFFF, 0xFFFF, 0xFFFF, 0xFFFF, 0x9BF7, 0xF5EE,
  0x16EF, 0x16EF, 0x16EF, 0x16EF, 0x16EF, 0x16EF, 0x16EF, 0x16EF,
  0xF6EE, 0x16F7, 0xD5EE, 0xC96A, 0x0752, 0x2752, 0x485A, 0x0752,
  0x285A, 0x2752, 0x0752, 0x685A, 0x74DE, 0x36F7, 0xF6EE, 0x16EF,
  0x16EF, 0x16EF, 0x16EF, 0x16EF, 0x16EF, 0x16EF, 0x16EF, 0x16EF,
  0xDEFF, 0xFFFF, 0xFFFF, 0xFFFF, 0xFFFF, 0xEF8B, 0xE649, 0x485A,
  0xE751, 0x0A73, 0xF6EE, 0x36F7, 0x36F7, 0x36F7, 0xD5EE, 0x53E6,
  0x74E6, 0xF6EE, 0x16EF, 0x16EF, 0xF6EE, 0x56F7, 0xEFAC, 0xE749,
  0x285A, 0x2752, 0x685A, 0x1BE7, 0xFFFF, 0xFFFF, 0xD6BD, 0xE649,
  0x285A, 0x2752, 0x0752, 0xD2CD, 0x56F7, 0xF6EE, 0x16EF, 0x16EF,
  0x16EF, 0xF6EE, 0x16EF, 0xB5EE, 0x50D5, 0xCECC, 0xCECC, 0xEFCC,
  0x0FCD, 0x50D5, 0xAEBC, 0x285A, 0x2752, 0x285A, 0xE649, 0x18C6,
  0xFFFF, 0xDFFF, 0xFFFF, 0xFFFF, 0xFFFF, 0x7AF7, 0xF5EE, 0x16EF,
  0x16EF, 0x16EF, 0x16EF, 0x16EF, 0x16EF, 0x16EF, 0x16EF, 0xF6EE,
  0x16F7, 0xD5E6, 0xA962, 0x0752, 0x2752, 0x485A, 0x2752, 0x2752,
  0x2752, 0x2752, 0x0752, 0x92C5, 0x36F7, 0xF6EE, 0x16EF, 0x16EF,
  0x16EF, 0x16EF, 0x16EF, 0x16EF, 0x16EF, 0x16EF, 0x16EF, 0xDDFF,
  0xFFFF, 0xFFFF, 0xFFFF, 0xFFFF, 0x919C, 0xC649, 0x485A, 0x0752,
  0x6862, 0x50CD, 0xD2DD, 0xB2DD, 0x71D5, 0xCECC, 0x8ECC, 0xAECC,
  0xD2DD, 0x16EF, 0x16EF, 0xF5EE, 0x56F7, 0x71BD, 0xE751, 0x285A,
  0x2752, 0x2852, 0xFBDE, 0xFFFF, 0xFFFF, 0x719C, 0xC649, 0x485A,
  0x0752, 0x8962, 0x74DE, 0x36F7, 0xF6EE, 0x16EF, 0x16EF, 0x16EF,
  0xF6EE, 0x36F7, 0xD2DD, 0x6DC4, 0x8ECC, 0x8DCC, 0x8DCC, 0x6DC4,
  0x8DCC, 0xECAB, 0x2752, 0x2752, 0x2852, 0x0752, 0x58CE, 0xFFFF,
  0xFFFF, 0xFFFF, 0xFFFF, 0xFFFF, 0x38F7, 0xF5EE, 0x16EF, 0x16EF,
  0x16EF, 0x16EF, 0x16EF, 0x16EF, 0x16EF, 0x16EF, 0xF6EE, 0x36F7,
  0x74DE, 0x685A, 0x0752, 0x2752, 0x485A, 0x1FF8, 0x2752, 0x2852,
  0x285A, 0xE749, 0xCFAC, 0x57FF, 0xF5EE, 0x16EF, 0x16EF, 0x16EF,
  0x16EF, 0x16EF, 0x16EF, 0x16EF, 0x16EF, 0xF5EE, 0xBCF7, 0xFFFF,
  0xFFFF, 0xFFFF, 0xFFFF, 0x95B5, 0xC649, 0x485A, 0x2752, 0x285A,
  0x2CB4, 0x8DCC, 0x6DC4, 0x6DC4, 0x8DCC, 0x8ECC, 0x8DCC, 0xEFCC,
  0xD5EE, 0x16EF, 0xF5EE, 0x56F7, 0xD2CD, 0x0752, 0x2852, 0x2852,
  0x0752, 0x99D6, 0xFFFF, 0xFFFF, 0x8D7B, 0xE649, 0x485A, 0xE749,
  0x4B7B, 0x16F7, 0x16EF, 0x16EF, 0x16EF, 0x16EF, 0x16EF, 0xF6EE,
  0x36F7, 0x12DE, 0x6DC4, 0x8ECC, 0xAECC, 0xAECC, 0x8ECC, 0xCECC,
  0xCCA3, 0x0752, 0x2852, 0x2752, 0x2752, 0x99D6, 0xFFFF, 0xFFFF,
  0xFFFF, 0xFFFF, 0xDEFF, 0x16EF, 0x16EF, 0x16EF, 0x16EF, 0x16EF,
  0x16EF, 0x16EF, 0x16EF, 0x16EF, 0x16EF, 0xF6EE, 0x36F7, 0x92C5,
  0x0752, 0x2752, 0x2752, 0x2752, 0x1FF8, 0x2752, 0x285A, 0x2852,
  0xE749, 0x4B7B, 0x16F7, 0x16EF, 0x16EF, 0x16EF, 0x16EF, 0x16EF,
  0x16EF, 0x16EF, 0x16EF, 0x16EF, 0xF5EE, 0x9BF7, 0xFFFF, 0xFFFF,
  0xFFFF, 0xFFFF, 0x38CE, 0xE749, 0x2852, 0x2752, 0x2752, 0xECAB,
  0xCECC, 0xAECC, 0xAECC, 0xAECC, 0xAECC, 0x6DC4, 0x2FD5, 0xF5EE,
  0x16EF, 0xF6EE, 0x36F7, 0xF3CD, 0x2752, 0x2752, 0x285A, 0xE751,
  0x17C6, 0xFFFF, 0x5CEF, 0xAA62, 0x0752, 0x485A, 0xE749, 0x0D94,
  0x56F7, 0xF6EE, 0x16EF, 0x16EF, 0x16EF, 0x16EF, 0x16EF, 0x16EF,
  0xF5EE, 0x91DD, 0xAECC, 0x6DC4, 0x6DC4, 0x6DC4, 0xAECC, 0x8B9B,
  0x0752, 0x285A, 0x0752, 0x685A, 0xDBDE, 0xFFFF, 0xFFFF, 0xFFFF,
  0xFFFF, 0xBCF7, 0xF5EE, 0x16EF, 0x16EF, 0x16EF, 0x16EF, 0x16EF,
  0x16EF, 0x16EF, 0x16EF, 0x16EF, 0xF5EE, 0x57FF, 0xEFAC, 0xE749,
  0x285A, 0x2852, 0x0752, 0x1FF8, 0x0752, 0x485A, 0x2752, 0x2752,
  0x2752, 0xF3CD, 0x36F7, 0xF6EE, 0x16EF, 0x16EF, 0x16EF, 0x16EF,
  0x16EF, 0x16EF, 0x16EF, 0xF5EE, 0x59F7, 0xFFFF, 0xFFFF, 0xFFFF,
  0xFFFF, 0x9AD6, 0x285A, 0x2752, 0x285A, 0x0752, 0x8B9B, 0xAECC,
  0x8DC4, 0x8DCC, 0x8DC4, 0x6DC4, 0xEFCC, 0x74E6, 0x16EF, 0xF6EE,
  0xF6EE, 0x36F7, 0x33D6, 0x485A, 0x2752, 0x285A, 0xE649, 0x75B5,
  0xFFFF, 0xDADE, 0x2852, 0x2752, 0x285A, 0xE749, 0x10B5, 0x56F7,
  0xF6EE, 0x16EF, 0x16EF, 0x16EF, 0x16EF, 0x16EF, 0x16EF, 0x16EF,
  0x16EF, 0x94E6, 0x12DE, 0xB1DD, 0x70D5, 0x91DD, 0xCC93, 0x074A,
  0x285A, 0x0752, 0xA962, 0x5CEF, 0xFFFF, 0xFFFF, 0xFFFF, 0xFFFF,
  0x79F7, 0xF5EE, 0x16EF, 0x16EF, 0x16EF, 0x16EF, 0x16EF, 0x16EF,
  0x16EF, 0x16EF, 0x16EF, 0xF6EE, 0x36F7, 0xAC83, 0xE749, 0x2852,
  0x285A, 0x2752, 0x1FF8, 0x1FF8, 0x2852, 0x2752, 0x285A, 0xE749,
  0xAC8B, 0x36F7, 0xF6EE, 0x16EF, 0x16EF, 0x16EF, 0x16EF, 0x16EF,
  0x16EF, 0x16EF, 0xF5EE, 0x37F7, 0xFFFF, 0xFFFF, 0xFFFF, 0xFFFF,
  0x3CE7, 0x8962, 0x0752, 0x285A, 0x074A, 0x8B93, 0x2FD5, 0xEFCC,
  0x0FCD, 0x50D5, 0xF2DD, 0xD5EE, 0x16EF, 0xF6EE, 0x16EF, 0xF6EE,
  0x36F7, 0x54DE, 0x8862, 0x0752, 0x485A, 0xC649, 0x13AD, 0xFFFF,
  0x38CE, 0xE751, 0x285A, 0x2852, 0x0752, 0xD2CD, 0x56F7, 0xF6EE,
  0x16EF, 0x16EF, 0x16EF, 0x16EF, 0x16EF, 0x16EF, 0x16EF, 0x16EF,
  0x16F7, 0x36F7, 0x16F7, 0x16EF, 0x77FF, 0x6E9C, 0xC749, 0x485A,
  0xE751, 0xEB6A, 0xBEF7, 0xFFFF, 0xFFFF, 0xFFFF, 0xFFFF, 0x37F7,
  0xF5EE, 0x16EF, 0x16EF, 0x16EF, 0x16EF, 0x16EF, 0x16EF, 0x16EF,
  0x16EF, 0xF6EE, 0x36F7, 0x33D6, 0x485A, 0x2752, 0x2752, 0x485A,
  0x2752, 0x1FF8, 0x1FF8, 0x2752, 0x485A, 0x2752, 0x2852, 0x0752,
  0x91C5, 0x56F7, 0xF5EE, 0x16EF, 0x16EF, 0x16EF, 0x16EF, 0x16EF,
  0x16EF, 0x16EF, 0x16EF, 0xDEFF, 0xFFFF, 0xFFFF, 0xFFFF, 0xDEF7,
  0x0B73, 0xE751, 0x485A, 0xC749, 0x2D94, 0x56FF, 0xD5EE, 0xF6EE,
  0x16EF, 0x36F7, 0x16EF, 0xF6EE, 0x16EF, 0x16EF, 0xF6EE, 0x16F7,
  0x94E6, 0xA96A, 0x0752, 0x485A, 0xC649, 0xB29C, 0xFFFF, 0x95B5,
  0xE649, 0x285A, 0x2752, 0x485A, 0x13D6, 0x36F7, 0xF6EE, 0x16EF,
  0x16EF, 0x16EF, 0x16EF, 0xF5EE, 0xF5EE, 0x16EF, 0x16EF, 0xF6EE,
  0xF6EE, 0xF6EE, 0xF5EE, 0x56FF, 0x0D94, 0xC749, 0x485A, 0xE649,
  0x4C73, 0xFFFF, 0xFFFF, 0xFFFF, 0xFFFF, 0xBCF7, 0xF5EE, 0x16EF,
  0x16EF, 0x16EF, 0x16EF, 0x16EF, 0x16EF, 0x16EF, 0x16EF, 0x16EF,
  0xF6EE, 0x36F7, 0xCC8B, 0xE749, 0x285A, 0x2752, 0x485A, 0x1FF8,
  0x1FF8, 0x1FF8, 0x1FF8, 0x285A, 0x2752, 0x2852, 0x0752, 0xEA6A,
  0xD5EE, 0x16F7, 0xF6EE, 0x16EF, 0x16EF, 0x16EF, 0x16EF, 0x16EF,
  0x16EF, 0xF5EE, 0x9BF7, 0xFFFF, 0xFFFF, 0xFFFF, 0xFFFF, 0x6D7B,
  0xE649, 0x485A, 0xE749, 0x8C83, 0x36F7, 0x16EF, 0x16EF, 0x16EF,
  0xF6EE, 0x16EF, 0x16EF, 0x16EF, 0x16EF, 0xF6EE, 0x16EF, 0xF5EE,
  0x0A73, 0xE751, 0x485A, 0xC649, 0x3094, 0xFFFF, 0x34AD, 0xE649,
  0x485A, 0x0752, 0x685A, 0x54D6, 0x36F7, 0xF6EE, 0x16EF, 0x16EF,
  0xF5EE, 0x16EF, 0x37F7, 0x37F7, 0xF5EE, 0x16EF, 0x16EF, 0x16EF,
  0x16EF, 0xF6EE, 0x36F7, 0xCC8B, 0xE749, 0x485A, 0xE649, 0x8D7B,
  0xFFFF, 0xFFFF, 0xFFFF, 0xFFFF, 0x58F7, 0xF5EE, 0x16EF, 0x16EF,
  0x16EF, 0x16EF, 0x16EF, 0x16EF, 0x16EF, 0x16EF, 0xF5EE, 0x57FF,
  0xF0AC, 0xE751, 0x2852, 0x2752, 0x285A, 0x0752, 0x1FF8, 0x1FF8,
  0x1FF8, 0x1FF8, 0x0752, 0x485A, 0x2752, 0x285A, 0xE749, 0x0D94,
  0x36F7, 0x16EF, 0xF5EE, 0xF6EE, 0x16EF, 0x16EF, 0x16EF, 0x16EF,
  0xF5EE, 0x59F7, 0xFFFF, 0xFFFF, 0xFFFF, 0xFFFF, 0xEF8B, 0xE649,
  0x485A, 0x0752, 0x0A73, 0xD5EE, 0x16F7, 0xF6EE, 0xF5EE, 0xF5EE,
  0x16EF, 0xF5EE, 0xF5EE, 0xF5EE, 0x16EF, 0xF6EE, 0x36F7, 0x6B7B,
  0xE749, 0x485A, 0xC649, 0xCE83, 0xFFFF, 0x13AD, 0xE649, 0x485A,
  0x0752, 0x6862, 0x53DE, 0x16F7, 0xF5EE, 0xF5EE, 0x16EF, 0x7AF7,
  0xDDFF, 0xFEFF, 0xDEFF, 0x9BF7, 0x16EF, 0x16EF, 0x16EF, 0x16EF,
  0x16EF, 0x16EF, 0x4B7B, 0xE749, 0x485A, 0xE649, 0xCE83, 0xFFFF,
  0xFFFF, 0xFFFF, 0xDDFF, 0x16EF, 0x16EF, 0x16EF, 0x16EF, 0x16EF,
  0x16EF, 0x16EF, 0x16EF, 0x16EF, 0xF5EE, 0x57FF, 0xB2C5, 0x2852,
  0x2752, 0x2852, 0x2752, 0x285A, 0x1FF8, 0x1FF8, 0x1FF8, 0x1FF8,
  0x1FF8, 0x1FF8, 0x2752, 0x2752, 0x2752, 0x2852, 0x0752, 0x2D94,
  0x16EF, 0x56F7, 0x16F7, 0x16EF, 0xF6EE, 0xF5EE, 0xF6EE, 0xF6EE,
  0x16EF, 0xDEFF, 0xFFFF, 0xFFFF, 0xFFFF, 0x919C, 0xC649, 0x485A,
  0x0752, 0xA962, 0x95E6, 0x16F7, 0xF5EE, 0x59F7, 0xBCF7, 0xBCF7,
  0x79F7, 0x59F7, 0xBCF7, 0xDDFF, 0xBDF7, 0xBBFF, 0xCD8B, 0xE749,
  0x485A, 0xE649, 0x4C73, 0xFFFF, 0x13AD, 0xC649, 0x485A, 0x0752,
  0x8962, 0xD8E6, 0x9AFF, 0x16EF, 0x38F7, 0xDDFF, 0xFFFF, 0xFFFF,
  0xFFFF, 0xFFFF, 0xFFFF, 0x9BF7, 0x16EF, 0x16EF, 0xF6EE, 0x16F7,
  0xD5E6, 0xEA72, 0x0752, 0x485A, 0xC649, 0x5094, 0xFFFF, 0xFFFF,
  0xFFFF, 0x7AF7, 0xF5EE, 0x16EF, 0x16EF, 0x16EF, 0x16EF, 0x16EF,
  0x16EF, 0x16EF, 0xF5EE, 0x56FF, 0xD2C5, 0x485A, 0x0752, 0x2852,
  0x2752, 0x485A, 0x0752, 0x1FF8, 0x1FF8, 0x1FF8, 0x1FF8, 0x1FF8,
  0x1FF8, 0x1FF8, 0x485A, 0x2752, 0x2752, 0x2852, 0xE749, 0x4B7B,
  0x71BD, 0xB5E6, 0xF5EE, 0x36F7, 0x57FF, 0x36F7, 0x16EF, 0xF5EE,
  0x7AF7, 0xFFFF, 0xDFFF, 0xFFFF, 0x75B5, 0xC649, 0x485A, 0x2752,
  0x2852, 0x53D6, 0x36F7, 0x9BF7, 0xFFFF, 0xFFFF, 0xFFFF, 0xFFFF,
  0xFFFF, 0xFFFF, 0xFFFF, 0xFFFF, 0xFFFF, 0x919C, 0xC649, 0x485A,
  0x0752, 0xAA62, 0xDEF7, 0xD2A4, 0xC649, 0x485A, 0x0752, 0xAA6A,
  0x7DEF, 0xFFFF, 0xDDFF, 0xFEFF, 0xFFFF, 0xFFFF, 0xFFFF, 0xFFFF,
  0xFFFF, 0xFFFF, 0xFFFF, 0xDDFF, 0x9CF7, 0x17EF, 0x16F7, 0x94E6,
  0xA962, 0x0752, 0x485A, 0xC649, 0xF2A4, 0xFFFF, 0xFFFF, 0xFFFF,
  0x37F7, 0x15EF, 0x16EF, 0x16EF, 0x16EF, 0x16EF, 0x16EF, 0x16EF,
  0xF5EE, 0x56FF, 0xD2CD, 0x485A, 0x0752, 0x285A, 0x2752, 0x285A,
  0x2752, 0x1FF8, 0x1FF8, 0x1FF8, 0x1FF8, 0x1FF8, 0x1FF8, 0x1FF8,
  0x1FF8, 0x0752, 0x485A, 0x2752, 0x2752, 0x2852, 0xE751, 0x0752,
  0x8962, 0x0A73, 0x0D94, 0xF0AC, 0x13CE, 0xF5EE, 0x56F7, 0x57F7,
  0xDEFF, 0xDFFF, 0xFFFF, 0x38CE, 0xE649, 0x485A, 0x0752, 0x0A73,
  0x74DE, 0x9BFF, 0xFFFF, 0xFFFF, 0xFFFF, 0xFFFF, 0xFFFF, 0xFFFF,
  0xFFFF, 0xFFFF, 0xFFFF, 0xFFFF, 0x34AD, 0xC649, 0x485A, 0x0752,
  0x685A, 0x7DEF, 0x7194, 0xC649, 0x485A, 0xE751, 0x2B73, 0xBEF7,
  0xFFFF, 0xFFFF, 0xFFFF, 0xFFFF, 0xFFFF, 0xFFFF, 0xFFFF, 0xFFFF,
  0xFFFF, 0xFFFF, 0xFFFF, 0xFFFF, 0xBDFF, 0xBCFF, 0xF8E6, 0x685A,
  0x0752, 0x485A, 0xC649, 0x75B5, 0xFFFF, 0xFFFF, 0x9BF7, 0xF5EE,
  0x16EF, 0x16EF, 0x16EF, 0x16EF, 0x16EF, 0xF6EE, 0xF5EE, 0x77FF,
  0xD2CD, 0x485A, 0x0752, 0x285A, 0x2752, 0x285A, 0x2752, 0x1FF8,
  0x1FF8, 0x1FF8, 0x1FF8, 0x1FF8, 0x1FF8, 0x1FF8, 0x1FF8, 0x1FF8,
  0x1FF8, 0x0752, 0x485A, 0x2752, 0x2752, 0x2852, 0x2852, 0x0752,
  0xE751, 0xE749, 0xE749, 0x485A, 0x0A73, 0x6E9C, 0xD2CD, 0x38EF,
  0xFFFF, 0xFFFF, 0x99D6, 0x2752, 0x2752, 0x2852, 0x91C5, 0x79FF,
  0xFFFF, 0xFFFF, 0xFFFF, 0xFFFF, 0xFFFF, 0xFFFF, 0xFFFF, 0xFFFF,
  0xFFFF, 0xFFFF, 0xFFFF, 0x38CE, 0x0752, 0x285A, 0x2752, 0x2852,
  0x5CEF, 0x5094, 0xC649, 0x485A, 0xE649, 0x8D7B, 0xFFFF, 0xFFFF,
  0xFFFF, 0xFFFF, 0xFFFF, 0xFFFF, 0xFFFF, 0xFFFF, 0xFFFF, 0xFFFF,
  0xFFFF, 0xFFFF, 0xFFFF, 0xFFFF, 0xFFFF, 0xFBE6, 0x2752, 0x2752,
  0x485A, 0xE649, 0x17C6, 0xFFFF, 0xDEFF, 0x16EF, 0xF5EE, 0xF6EE,
  0xF6EE, 0xF6EE, 0xF5EE, 0xF5EE, 0x16F7, 0x57FF, 0x92C5, 0x485A,
  0x0752, 0x285A, 0x2752, 0x285A, 0x2752, 0x1FF8, 0x1FF8, 0x1FF8,
  0x1FF8, 0x1FF8, 0x1FF8, 0x1FF8, 0x1FF8, 0x1FF8, 0x1FF8, 0x1FF8,
  0x1FF8, 0x0752, 0x2752, 0x485A, 0x2852, 0x2752, 0x2752, 0x2752,
  0x2852, 0x2852, 0x2752, 0x0752, 0xE749, 0x2752, 0xE96A, 0xB19C,
  0x38CE, 0xBADE, 0xAA62, 0xE751, 0xA962, 0x74DE, 0xFEFF, 0xFFFF,
  0xFFFF, 0xFFFF, 0xFFFF, 0xFFFF, 0xFFFF, 0xFFFF, 0xFFFF, 0xFFFF,
  0xFFFF, 0xFFFF, 0x7DEF, 0xCA6A, 0x0752, 0x2852, 0x0752, 0x1BE7,
  0x3094, 0xC649, 0x485A, 0xE649, 0x8D7B, 0xFFFF, 0xFFFF, 0xFFFF,
  0xFFFF, 0xFFFF, 0xFFFF, 0xFFFF, 0xFFFF, 0xFFFF, 0xFFFF, 0xFFFF,
  0xFFFF, 0xFFFF, 0xFFFF, 0xFFFF, 0xDBDE, 0x485A, 0x2752, 0x2852,
  0x0752, 0x79D6, 0xFFFF, 0x79F7, 0x15EF, 0x36F7, 0x36F7, 0x36F7,
  0x56F7, 0x56F7, 0x57FF, 0xB5E6, 0x6E9C, 0x2752, 0x0752, 0x285A,
  0x2752, 0x285A, 0x2752, 0x1FF8, 0x1FF8, 0x1FF8, 0x1FF8, 0x1FF8,
  0x1FF8, 0x1FF8, 0x1FF8, 0x1FF8, 0x1FF8, 0x1FF8, 0x1FF8, 0x1FF8,
  0x1FF8, 0x1FF8, 0x0752, 0x0752, 0x485A, 0x485A, 0x485A, 0x285A,
  0x2752, 0x2752, 0x2752, 0x285A, 0x2752, 0x0752, 0xC649, 0x0752,
  0xA962, 0x485A, 0x2752, 0x275A, 0x76D6, 0xFFFF, 0xFFFF, 0xFFFF,
  0xFFFF, 0xDFFF, 0xFFFF, 0xFFFF, 0xFFFF, 0xFFFF, 0xFFFF, 0xDFFF,
  0xFFFF, 0xDFFF, 0x0B6B, 0x0752, 0x0752, 0xA962, 0xFFFF, 0x5094,
  0xC649, 0x485A, 0xE649, 0xAE83, 0xFFFF, 0xDEFF, 0xFFFF, 0xFFFF,
  0x55B5, 0x7194, 0x99D6, 0xFFFF, 0xFFFF, 0xFFFF, 0xFFFF, 0x7DEF,
  0x54B5, 0x7DEF, 0xFFFF, 0xBEF7, 0x4C7B, 0xE749, 0x2752, 0x485A,
  0x79D6, 0x5AF7, 0xB4E6, 0xD5E6, 0x74DE, 0xF3CD, 0xB2C5, 0x91C5,
  0x51BD, 0x8EA4, 0xA96A, 0xE749, 0x2752, 0x2852, 0x2752, 0x285A,
  0x2752, 0x1FF8, 0x1FF8, 0x1FF8, 0x1FF8, 0x1FF8, 0x1FF8, 0x1FF8,
  0x1FF8, 0x1FF8, 0x1FF8, 0x1FF8, 0x1FF8, 0x1FF8, 0x1FF8, 0x1FF8,
  0x1FF8, 0x1FF8, 0x1FF8, 0x1FF8, 0x0752, 0x2752, 0x0752, 0x2752,
  0x485A, 0x285A, 0x2752, 0x2752, 0x2752, 0x285A, 0x2752, 0x0752,
  0x2752, 0x285A, 0xE649, 0x74B5, 0xFFFF, 0xFFFF, 0xFFFF, 0xFFFF,
  0x34AD, 0x17C6, 0xFFFF, 0xDFFF, 0xFFFF, 0xFFFF, 0xFFFF, 0xFFFF,
  0xF7C5, 0x485A, 0x2852, 0x0752, 0xCA6A, 0x34AD, 0x2C73, 0xE751,
  0x485A, 0xE649, 0xEF8B, 0xFFFF, 0xFFFF, 0xFFFF, 0xFFFF, 0xCE83,
  0x8541, 0x685A, 0xBADE, 0xFFFF, 0xDEF7, 0xFFFF, 0x79D6, 0xC649,
  0x18CE, 0xFFFF, 0x5CEF, 0xEA6A, 0x0752, 0x2852, 0x285A, 0x8962,
  0x8862, 0xA962, 0x8962, 0x685A, 0x485A, 0x2752, 0x0752, 0x0752,
  0xC749, 0x0752, 0x285A, 0x2752, 0x2752, 0x485A, 0x2752, 0x1FF8,
  0x1FF8, 0x1FF8, 0x1FF8, 0x1FF8, 0x1FF8, 0x1FF8, 0x1FF8, 0x1FF8,
  0x1FF8, 0x1FF8, 0x1FF8, 0x1FF8, 0x1FF8, 0x1FF8, 0x1FF8, 0x1FF8,
  0x1FF8, 0x1FF8, 0x1FF8, 0x1FF8, 0x1FF8, 0x1FF8, 0x1FF8, 0x0752,
  0x2752, 0x2752, 0x485A, 0x285A, 0x2852, 0x2752, 0x2752, 0x2752,
  0x285A, 0xC649, 0xCE83, 0xFFFF, 0xFFFF, 0xDFFF, 0xFFFF, 0xF3A4,
  0x0B73, 0xDEFF, 0xFFFF, 0xFFFF, 0xBEF7, 0x79CE, 0x34AD, 0x485A,
  0x0752, 0x2852, 0x2852, 0x0752, 0xC649, 0x0752, 0x2852, 0x2852,
  0xE751, 0x2C73, 0xBEF7, 0xFFFF, 0xFFFF, 0xFFFF, 0xAE83, 0x0752,
  0xC649, 0xB29C, 0xFFFF, 0xFFFF, 0xFFFF, 0x13AD, 0xC649, 0x2C73,
  0x75B5, 0xCE83, 0xE751, 0x2852, 0x2752, 0x2752, 0x0752, 0x0752,
  0x0752, 0x0752, 0x0752, 0x2752, 0x2752, 0x2752, 0x2852, 0x285A,
  0x2752, 0x2752, 0x2852, 0x485A, 0x2752, 0x1FF8, 0x1FF8, 0x1FF8,
  0x1FF8, 0x1FF8, 0x1FF8, 0x1FF8, 0x1FF8, 0x1FF8, 0x1FF8, 0x1FF8,
  0x1FF8, 0x1FF8, 0x1FF8, 0x1FF8, 0x1FF8, 0x1FF8, 0x1FF8, 0x1FF8,
  0x1FF8, 0x1FF8, 0x1FF8, 0x1FF8, 0x1FF8, 0x1FF8, 0x1FF8, 0x1FF8,
  0x1FF8, 0x0752, 0x0752, 0x2752, 0x485A, 0x485A, 0x2752, 0x2852,
  0x0752, 0xAA62, 0x7DEF, 0xFFFF, 0xDFFF, 0xFFFF, 0xD2A4, 0x8541,
  0x719C, 0x5CEF, 0x5CEF, 0xB19C, 0x0752, 0xE751, 0x0752, 0x2852,
  0x2752, 0x2752, 0x2752, 0x285A, 0x2852, 0x2752, 0x2752, 0x2752,
  0x2852, 0x13AD, 0x7DEF, 0x9EF7, 0x75B5, 0x485A, 0x2752, 0x2752,
  0x8962, 0x54B5, 0xBADE, 0x54B5, 0x695A, 0x0752, 0x0752, 0xE751,
  0xE751, 0x2752, 0x2752, 0x2752, 0x2752, 0x2752, 0x2752, 0x2752,
  0x2752, 0x2752, 0x2752, 0x2752, 0x2752, 0x2752, 0x2852, 0x285A,
  0x485A, 0x2752, 0x2752, 0x1FF8, 0x1FF8, 0x1FF8, 0x1FF8, 0x1FF8,
  0x1FF8, 0x1FF8, 0x1FF8, 0x1FF8, 0x1FF8, 0x1FF8, 0x1FF8, 0x1FF8,
  0x1FF8, 0x1FF8, 0x1FF8, 0x1FF8, 0x1FF8, 0x1FF8, 0x1FF8, 0x1FF8,
  0x1FF8, 0x1FF8, 0x1FF8, 0x1FF8, 0x1FF8, 0x1FF8, 0x1FF8, 0x1FF8,
  0x1FF8, 0x1FF8, 0x1FF8, 0x1FF8, 0x0752, 0x2752, 0x2752, 0x2852,
  0xE751, 0xF2AC, 0xFEFF, 0xFFFF, 0xFBDE, 0xCA6A, 0x0752, 0x0752,
  0xCA6A, 0xCA6A, 0x0752, 0x2752, 0x2852, 0x2852, 0x2752, 0x2752,
  0x2752, 0x285A, 0x285A, 0x285A, 0x2752, 0x2752, 0x2852, 0x0752,
  0x285A, 0x2C73, 0x4C73, 0x485A, 0x0752, 0x2752, 0x2752, 0x0752,
  0x0752, 0x685A, 0x0752, 0x0752, 0x2752, 0x2752, 0x2852, 0x2852,
  0x2752, 0x285A, 0x485A, 0x485A, 0x485A, 0x485A, 0x485A, 0x485A,
  0x485A, 0x485A, 0x2852, 0x2752, 0x2752, 0x2752, 0x0752, 0x0752,
  0x1FF8, 0x1FF8, 0x1FF8, 0x1FF8, 0x1FF8, 0x1FF8, 0x1FF8, 0x1FF8,
  0x1FF8, 0x1FF8, 0x1FF8, 0x1FF8, 0x1FF8, 0x1FF8, 0x1FF8, 0x1FF8,
  0x1FF8, 0x1FF8, 0x1FF8, 0x1FF8, 0x1FF8, 0x1FF8, 0x1FF8, 0x1FF8,
  0x1FF8, 0x1FF8, 0x1FF8, 0x1FF8, 0x1FF8, 0x1FF8, 0x1FF8, 0x1FF8,
  0x1FF8, 0x1FF8, 0x1FF8, 0x1FF8, 0x0752, 0x285A, 0x2752, 0x2752,
  0x275A, 0xED8B, 0x709C, 0xCA6A, 0x0752, 0x2752, 0x2852, 0x0752,
  0x0752, 0x2852, 0x2852, 0x2752, 0x2752, 0x485A, 0x485A, 0x285A,
  0x0752, 0x2752, 0x2752, 0x2852, 0x2752, 0x2752, 0x2752, 0x2752,
  0xE749, 0xE751, 0x485A, 0x485A, 0x485A, 0x2752, 0x2752, 0x2752,
  0x0752, 0x285A, 0x485A, 0x2852, 0x485A, 0x285A, 0x285A, 0x485A,
  0x0752, 0x1FF8, 0x1FF8, 0x1FF8, 0x1FF8, 0x1FF8, 0x1FF8, 0x1FF8,
  0x1FF8, 0x1FF8, 0x1FF8, 0x1FF8, 0x1FF8, 0x1FF8, 0x1FF8, 0x1FF8,
  0x1FF8, 0x1FF8, 0x1FF8, 0x1FF8, 0x1FF8, 0x1FF8, 0x1FF8, 0x1FF8,
  0x1FF8, 0x1FF8, 0x1FF8, 0x1FF8, 0x1FF8, 0x1FF8, 0x1FF8, 0x1FF8,
  0x1FF8, 0x1FF8, 0x1FF8, 0x1FF8, 0x1FF8, 0x1FF8, 0x1FF8, 0x1FF8,
  0x1FF8, 0x1FF8, 0x1FF8, 0x1FF8, 0x1FF8, 0x1FF8, 0x1FF8, 0x1FF8,
  0x1FF8, 0x1FF8, 0x1FF8, 0x1FF8, 0x485A, 0x2752, 0x2752, 0x2752,
  0xE749, 0xE649, 0x0752, 0x2852, 0x485A, 0x285A, 0x2752, 0x2752,
  0x2752, 0x2752, 0x2752, 0x485A, 0x2752, 0x2752, 0x1FF8, 0x1FF8,
  0x1FF8, 0x1FF8, 0x1FF8, 0x2752, 0x485A, 0x285A, 0x485A, 0x485A,
  0x2752, 0x2752, 0x1FF8, 0x2752, 0x2752, 0x485A, 0x485A, 0x485A,
  0x2752, 0x0752, 0x1FF8, 0x0752, 0x2752, 0x0752, 0x2752, 0x1FF8,
  0x1FF8, 0x1FF8, 0x1FF8, 0x1FF8, 0x1FF8, 0x1FF8, 0x1FF8, 0x1FF8,
  0x1FF8, 0x1FF8, 0x1FF8, 0x1FF8, 0x1FF8, 0x1FF8, 0x1FF8, 0x1FF8,
  0x1FF8, 0x1FF8, 0x1FF8, 0x1FF8, 0x1FF8, 0x1FF8, 0x1FF8, 0x1FF8,
  0x1FF8, 0x1FF8, 0x1FF8, 0x1FF8, 0x1FF8, 0x1FF8, 0x1FF8, 0x1FF8,
  0x1FF8, 0x1FF8, 0x1FF8, 0x1FF8, 0x1FF8, 0x1FF8, 0x1FF8, 0x1FF8,
  0x1FF8, 0x1FF8, 0x1FF8, 0x1FF8, 0x1FF8, 0x1FF8, 0x1FF8, 0x1FF8,
  0x1FF8, 0x1FF8, 0x1FF8, 0x0752, 0x485A, 0x2752, 0x2752, 0x2852,
  0x2852, 0x485A, 0x285A, 0x285A, 0x2752, 0x485A, 0x485A, 0x485A,
  0x485A, 0x2752, 0x2752, 0x1FF8, 0x1FF8, 0x1FF8, 0x1FF8, 0x1FF8,
  0x1FF8, 0x1FF8, 0x1FF8, 0x0752, 0x0752, 0x0752, 0x1FF8, 0x1FF8,
  0x1FF8, 0x1FF8, 0x1FF8, 0x1FF8, 0x0752, 0x0752, 0x1FF8, 0x1FF8,
  0x1FF8, 0x1FF8, 0x1FF8, 0x1FF8, 0x1FF8, 0x1FF8, 0x1FF8, 0x1FF8,
  0x1FF8, 0x1FF8, 0x1FF8, 0x1FF8, 0x1FF8, 0x1FF8, 0x1FF8, 0x1FF8,
  0x1FF8, 0x1FF8, 0x1FF8, 0x1FF8, 0x1FF8, 0x1FF8, 0x1FF8, 0x1FF8,
  0x1FF8, 0x1FF8, 0x1FF8, 0x1FF8, 0x1FF8, 0x1FF8, 0x1FF8, 0x1FF8,
  0x1FF8, 0x1FF8, 0x1FF8, 0x1FF8, 0x1FF8, 0x1FF8, 0x1FF8, 0x1FF8,
  0x1FF8, 0x1FF8, 0x1FF8, 0x1FF8, 0x1FF8, 0x1FF8, 0x1FF8, 0x1FF8,
  0x1FF8, 0x1FF8, 0x1FF8, 0x1FF8, 0x1FF8, 0x1FF8, 0x1FF8, 0x1FF8,
  0x1FF8, 0x1FF8, 0x1FF8, 0x2752, 0x285A, 0x285A, 0x485A, 0x285A,
  0x2752, 0x1FF8, 0x1FF8, 0x1FF8, 0x1FF8, 0x0752, 0x0752, 0x0752,
  0x1FF8, 0x1FF8, 0x1FF8, 0x1FF8, 0x1FF8, 0x1FF8, 0x1FF8, 0x1FF8,
  0x1FF8, 0x1FF8, 0x1FF8, 0x1FF8, 0x1FF8, 0x1FF8, 0x1FF8, 0x1FF8,
  0x1FF8, 0x1FF8, 0x1FF8, 0x1FF8, 0x1FF8, 0x1FF8, 0x1FF8, 0x1FF8,
  0x1FF8, 0x1FF8, 0x1FF8, 0x1FF8, 0x1FF8, 0x1FF8, 0x1FF8, 0x1FF8,
  0x1FF8, 0x1FF8, 0x1FF8, 0x1FF8, 0x1FF8, 0x1FF8, 0x1FF8, 0x1FF8,
  0x1FF8, 0x1FF8, 0x1FF8, 0x1FF8, 0x1FF8, 0x1FF8, 0x1FF8, 0x1FF8,
  0x1FF8, 0x1FF8, 0x1FF8, 0x1FF8, 0x1FF8, 0x1FF8, 0x1FF8, 0x1FF8,
  0x1FF8, 0x1FF8, 0x1FF8, 0x1FF8, 0x1FF8, 0x1FF8, 0x1FF8, 0x1FF8,
  0x1FF8, 0x1FF8, 0x1FF8, 0x1FF8, 0x1FF8, 0x1FF8, 0x1FF8, 0x1FF8,
  0x1FF8, 0x1FF8, 0x1FF8, 0x1FF8, 0x1FF8, 0x1FF8, 0x1FF8, 0x1FF8,
  0x1FF8, 0x1FF8, 0x1FF8, 0x0752, 0x0752, 0x0752, 0x1FF8, 0x1FF8,
  0x1FF8, 0x1FF8, 0x1FF8, 0x1FF8, 0x1FF8, 0x1FF8, 0x1FF8, 0x1FF8,
  0x1FF8, 0x1FF8, 0x1FF8, 0x1FF8, 0x1FF8, 0x1FF8, 0x1FF8, 0x1FF8,
  0x1FF8, 0x1FF8, 0x1FF8, 0x1FF8, 0x1FF8, 0x1FF8, 0x1FF8, 0x1FF8,
  0x1FF8, 0x1FF8, 0x1FF8, 0x1FF8, 0x1FF8, 0x1FF8, 0x1FF8, 0x1FF8,
  0x1FF8, 0x1FF8, 0x1FF8, 0x1FF8, 0x1FF8, 0x1FF8, 0x1FF8, 0x1FF8,
  0x1FF8, 0x1FF8, 0x1FF8, 0x1FF8, 0x1FF8, 0x1FF8, 0x1FF8, 0x1FF8,
  0x1FF8, 0x1FF8, 0x1FF8, 0x1FF8, 0x1FF8, 0x1FF8, 0x1FF8, 0x1FF8,
  0x1FF8, 0x1FF8, 0x1FF8, 0x1FF8, 0x1FF8, 0x1FF8, 0x1FF8, 0x1FF8,
};
static const shapoco::gfx2d::Texture tex_body = {
  shapoco::gfx2d::PixelFormat::RGB565_SWAPPED, 95, 128, 190, tex_bodyData,
};

alignas(4) static const uint16_t tex_headData[] = {
  0x1FF8, 0x1FF8, 0x1FF8, 0x0752, 0x2752, 0x2752, 0x2752, 0x2752,
  0x2752, 0x0752, 0x0752, 0x1FF8, 0x1FF8, 0x1FF8, 0x1FF8, 0x1FF8,
  0x1FF8, 0x1FF8, 0x1FF8, 0x1FF8, 0x1FF8, 0x1FF8, 0x1FF8, 0x1FF8,
  0x1FF8, 0x1FF8, 0x1FF8, 0x1FF8, 0x1FF8, 0x1FF8, 0x1FF8, 0x1FF8,
  0x1FF8, 0x1FF8, 0x1FF8, 0x1FF8, 0x1FF8, 0x1FF8, 0x1FF8, 0x1FF8,
  0x1FF8, 0x1FF8, 0x1FF8, 0x1FF8, 0x1FF8, 0x1FF8, 0x1FF8, 0x1FF8,
  0x1FF8, 0x1FF8, 0x1FF8, 0x1FF8, 0x1FF8, 0x1FF8, 0x1FF8, 0x1FF8,
  0x1FF8, 0x1FF8, 0x1FF8, 0x1FF8, 0x1FF8, 0x1FF8, 0x1FF8, 0x1FF8,
  0x1FF8, 0x1FF8, 0x1FF8, 0x1FF8, 0x1FF8, 0x1FF8, 0x1FF8, 0x1FF8,
  0x1FF8, 0x1FF8, 0x1FF8, 0x1FF8, 0x1FF8, 0x1FF8, 0x1FF8, 0x1FF8,
  0x1FF8, 0x1FF8, 0x1FF8, 0x1FF8, 0x1FF8, 0x1FF8, 0x1FF8, 0x1FF8,
  0x1FF8, 0x1FF8, 0x1FF8, 0x1FF8, 0x1FF8, 0x1FF8, 0x1FF8, 0x1FF8,
  0x0752, 0x285A, 0x285A, 0x2852, 0x285A, 0x285A, 0x285A, 0x285A,
  0x285A, 0x485A, 0x285A, 0x2752, 0x0752, 0x1FF8, 0x1FF8, 0x1FF8,
  0x1FF8, 0x1FF8, 0x1FF8, 0x1FF8, 0x1FF8, 0x1FF8, 0x1FF8, 0x1FF8,
  0x1FF8, 0x1FF8, 0x1FF8, 0x1FF8, 0x1FF8, 0x1FF8, 0x1FF8, 0x1FF8,
  0x1FF8, 0x1FF8, 0x1FF8, 0x1FF8, 0x1FF8, 0x1FF8, 0x1FF8, 0x1FF8,
  0x1FF8, 0x1FF8, 0x1FF8, 0x1FF8, 0x1FF8, 0x1FF8, 0x1FF8, 0x1FF8,
  0x1FF8, 0x1FF8, 0x1FF8, 0x1FF8, 0x1FF8, 0x1FF8, 0x1FF8, 0x1FF8,
  0x1FF8, 0x1FF8, 0x1FF8, 0x1FF8, 0x1FF8, 0x1FF8, 0x1FF8, 0x1FF8,
  0x1FF8, 0x1FF8, 0x1FF8, 0x1FF8, 0x1FF8, 0x1FF8, 0x1FF8, 0x1FF8,
  0x1FF8, 0x1FF8, 0x1FF8, 0x1FF8, 0x1FF8, 0x0752, 0x2752, 0x285A,
  0x485A, 0x485A, 0x285A, 0x0752, 0x0752, 0x2752, 0x2752, 0x2752,
  0x0752, 0x0752, 0x0752, 0x1FF8, 0x1FF8, 0x1FF8, 0x1FF8, 0x485A,
  0x2752, 0x2752, 0x2752, 0xE749, 0xE749, 0xE749, 0x0752, 0x2752,
  0x285A, 0x2752, 0x285A, 0x485A, 0x2852, 0x2752, 0x1FF8, 0x1FF8,
  0x1FF8, 0x1FF8, 0x1FF8, 0x1FF8, 0x1FF8, 0x1FF8, 0x1FF8, 0x1FF8,
  0x1FF8, 0x1FF8, 0x1FF8, 0x1FF8, 0x1FF8, 0x1FF8, 0x1FF8, 0x1FF8,
  0x1FF8, 0x1FF8, 0x1FF8, 0x1FF8, 0x1FF8, 0x1FF8, 0x1FF8, 0x1FF8,
  0x1FF8, 0x1FF8, 0x1FF8, 0x1FF8, 0x1FF8, 0x1FF8, 0x1FF8, 0x1FF8,
  0x1FF8, 0x1FF8, 0x1FF8, 0x1FF8, 0x1FF8, 0x1FF8, 0x1FF8, 0x1FF8,
  0x1FF8, 0x1FF8, 0x1FF8, 0x1FF8, 0x1FF8, 0x1FF8, 0x1FF8, 0x1FF8,
  0x1FF8, 0x1FF8, 0x1FF8, 0x1FF8, 0x1FF8, 0x1FF8, 0x1FF8, 0x1FF8,
  0x1FF8, 0x0752, 0x2752, 0x485A, 0x485A, 0x2852, 0x2752, 0x2752,
  0x2752, 0x2752, 0x2852, 0x285A, 0x285A, 0x285A, 0x285A, 0x285A,
  0x2852, 0x485A, 0x2752, 0x1FF8, 0x1FF8, 0x2752, 0x485A, 0x2752,
  0x0752, 0xA962, 0x10B5, 0x6E9C, 0x4B7B, 0xA962, 0x0752, 0xE749,
  0x0752, 0x2852, 0x285A, 0x2752, 0x285A, 0x485A, 0x2752, 0x0752,
  0x1FF8, 0x1FF8, 0x1FF8, 0x1FF8, 0x1FF8, 0x1FF8, 0x1FF8, 0x1FF8,
  0x1FF8, 0x1FF8, 0x1FF8, 0x1FF8, 0x1FF8, 0x1FF8, 0x1FF8, 0x1FF8,
  0x1FF8, 0x1FF8, 0x1FF8, 0x1FF8, 0x1FF8, 0x1FF8, 0x1FF8, 0x1FF8,
  0x1FF8, 0x1FF8, 0x1FF8, 0x1FF8, 0x1FF8, 0x1FF8, 0x1FF8, 0x1FF8,
  0x1FF8, 0x1FF8, 0x1FF8, 0x1FF8, 0x1FF8, 0x1FF8, 0x1FF8, 0x1FF8,
  0x1FF8, 0x1FF8, 0x1FF8, 0x1FF8, 0x1FF8, 0x1FF8, 0x1FF8, 0x1FF8,
  0x1FF8, 0x1FF8, 0x1FF8, 0x1FF8, 0x1FF8, 0x1FF8, 0x2752, 0x2752,
  0x485A, 0x2852, 0x2752, 0x2852, 0x2852, 0x0752, 0x0752, 0x0752,
  0x0752, 0x2752, 0x2752, 0x2852, 0x2852, 0x2852, 0x2752, 0x2752,
  0x2752, 0x0752, 0x1FF8, 0x1FF8, 0x0752, 0x485A, 0x285A, 0xE749,
  0xED93, 0x97FF, 0x36F7, 0x16EF, 0xB5E6, 0x91C5, 0x2D94, 0xA96A,
  0xE751, 0xE749, 0x2752, 0x2852, 0x2752, 0x285A, 0x485A, 0x2752,
  0x0752, 0x1FF8, 0x1FF8, 0x1FF8, 0x1FF8, 0x1FF8, 0x1FF8, 0x1FF8,
  0x1FF8, 0x1FF8, 0x1FF8, 0x1FF8, 0x1FF8, 0x1FF8, 0x1FF8, 0x1FF8,
  0x1FF8, 0x1FF8, 0x1FF8, 0x1FF8, 0x1FF8, 0x1FF8, 0x1FF8, 0x1FF8,
  0x1FF8, 0x1FF8, 0x1FF8, 0x1FF8, 0x1FF8, 0x1FF8, 0x1FF8, 0x1FF8,
  0x1FF8, 0x1FF8, 0x1FF8, 0x1FF8, 0x1FF8, 0x1FF8, 0x1FF8, 0x1FF8,
  0x1FF8, 0x1FF8, 0x1FF8, 0x1FF8, 0x1FF8, 0x1FF8, 0x1FF8, 0x1FF8,
  0x1FF8, 0x1FF8, 0x1FF8, 0x2752, 0x285A, 0x485A, 0x2752, 0x2752,
  0x285A, 0x2752, 0xE751, 0xE749, 0x685A, 0xC96A, 0xEA6A, 0x8962,
  0x2852, 0x0752, 0xE751, 0xE751, 0xE751, 0x2752, 0x2752, 0x2752,
  0x485A, 0x1FF8, 0x1FF8, 0x2752, 0x485A, 0x2852, 0xE749, 0xCFAC,
  0x56F7, 0xF5EE, 0x16EF, 0x16F7, 0x56F7, 0x56F7, 0xB5E6, 0x51B5,
  0x6B7B, 0x2752, 0xE749, 0x2752, 0x285A, 0x2752, 0x2752, 0x485A,
  0x2752, 0x0752, 0x1FF8, 0x1FF8, 0x1FF8, 0x1FF8, 0x1FF8, 0x1FF8,
  0x1FF8, 0x1FF8, 0x1FF8, 0x1FF8, 0x1FF8, 0x1FF8, 0x1FF8, 0x1FF8,
  0x1FF8, 0x1FF8, 0x1FF8, 0x1FF8, 0x1FF8, 0x1FF8, 0x1FF8, 0x1FF8,
  0x1FF8, 0x1FF8, 0x1FF8, 0x1FF8, 0x1FF8, 0x1FF8, 0x1FF8, 0x1FF8,
  0x1FF8, 0x1FF8, 0x1FF8, 0x1FF8, 0x1FF8, 0x1FF8, 0x1FF8, 0x1FF8,
  0x1FF8, 0x1FF8, 0x1FF8, 0x1FF8, 0x1FF8, 0x1FF8, 0x1FF8, 0x1FF8,
  0x0752, 0x2752, 0x485A, 0x2752, 0x2752, 0x285A, 0x2752, 0xE749,
  0x2752, 0x4B7B, 0xF0AC, 0x53DE, 0xF5EE, 0xF5EE, 0xB5E6, 0xD2CD,
  0x71BD, 0x51B5, 0x50B5, 0x30B5, 0xA962, 0x0752, 0x2752, 0x485A,
  0x0752, 0x1FF8, 0x2752, 0x285A, 0x2852, 0xE749, 0x50B5, 0x57FF,
  0xF5EE, 0x16EF, 0xF6EE, 0xF6EE, 0xF6EE, 0x16F7, 0x56F7, 0x16EF,
  0xD2CD, 0xCC8B, 0x485A, 0xE749, 0x0752, 0x285A, 0x2752, 0x2752,
  0x485A, 0x2752, 0x1FF8, 0x1FF8, 0x1FF8, 0x1FF8, 0x1FF8, 0x1FF8,
  0x1FF8, 0x1FF8, 0x1FF8, 0x1FF8, 0x1FF8, 0x1FF8, 0x1FF8, 0x1FF8,
  0x1FF8, 0x1FF8, 0x1FF8, 0x1FF8, 0x1FF8, 0x1FF8, 0x1FF8, 0x1FF8,
  0x1FF8, 0x1FF8, 0x1FF8, 0x1FF8, 0x1FF8, 0x1FF8, 0x1FF8, 0x1FF8,
  0x1FF8, 0x1FF8, 0x1FF8, 0x1FF8, 0x1FF8, 0x1FF8, 0x1FF8, 0x1FF8,
  0x1FF8, 0x1FF8, 0x1FF8, 0x1FF8, 0x1FF8, 0x1FF8, 0x2752, 0x485A,
  0x2752, 0x2752, 0x285A, 0x2752, 0xE749, 0x485A, 0xED8B, 0xD2CD,
  0x16EF, 0x57FF, 0x36F7, 0x16EF, 0x16EF, 0x16F7, 0x36F7, 0x56F7,
  0x56FF, 0x56FF, 0x57FF, 0x4B7B, 0xE751, 0x2852, 0x285A, 0x0752,
  0x1FF8, 0x2752, 0x2852, 0x2752, 0x2752, 0xD2C5, 0x36F7, 0xF6EE,
  0x16EF, 0x16EF, 0x16EF, 0x16EF, 0xF6EE, 0xF5EE, 0x16EF, 0x36F7,
  0x36F7, 0x33D6, 0x2D94, 0x6862, 0xE749, 0x0752, 0x285A, 0x2752,
  0x2852, 0x485A, 0x2752, 0x1FF8, 0x1FF8, 0x1FF8, 0x1FF8, 0x1FF8,
  0x1FF8, 0x1FF8, 0x1FF8, 0x1FF8, 0x1FF8, 0x1FF8, 0x1FF8, 0x1FF8,
  0x1FF8, 0x1FF8, 0x1FF8, 0x1FF8, 0x1FF8, 0x1FF8, 0x1FF8, 0x1FF8,
  0x1FF8, 0x1FF8, 0x1FF8, 0x1FF8, 0x1FF8, 0x1FF8, 0x1FF8, 0x1FF8,
  0x1FF8, 0x1FF8, 0x1FF8, 0x1FF8, 0x1FF8, 0x1FF8, 0x1FF8, 0x1FF8,
  0x1FF8, 0x1FF8, 0x1FF8, 0x1FF8, 0x2752, 0x485A, 0x2752, 0x2852,
  0x2852, 0xE749, 0x485A, 0x0D94, 0x33D6, 0x36F7, 0x36F7, 0x16EF,
  0xF5EE, 0xF5EE, 0xF5EE, 0xF6EE, 0x16EF, 0xF6EE, 0xF5EE, 0xF5EE,
  0xF5EE, 0x36F7, 0xCC8B, 0xE749, 0x285A, 0x285A, 0x0752, 0x1FF8,
  0x2752, 0x2852, 0x0752, 0x8962, 0x94E6, 0x16F7, 0xF6EE, 0x16EF,
  0x16EF, 0x16EF, 0x16EF, 0x16EF, 0x16EF, 0x16EF, 0xF6EE, 0xF6EE,
  0x36F7, 0x56F7, 0x74DE, 0x6E9C, 0x685A, 0xE749, 0x2852, 0x2752,
  0x2752, 0x485A, 0x2752, 0x1FF8, 0x1FF8, 0x1FF8, 0x1FF8, 0x1FF8,
  0x1FF8, 0x1FF8, 0x1FF8, 0x1FF8, 0x1FF8, 0x1FF8, 0x1FF8, 0x1FF8,
  0x1FF8, 0x1FF8, 0x1FF8, 0x1FF8, 0x1FF8, 0x1FF8, 0x1FF8, 0x1FF8,
  0x1FF8, 0x1FF8, 0x1FF8, 0x1FF8, 0x1FF8, 0x1FF8, 0x1FF8, 0x1FF8,
  0x1FF8, 0x1FF8, 0x1FF8, 0x1FF8, 0x1FF8, 0x1FF8, 0x1FF8, 0x1FF8,
  0x1FF8, 0x285A, 0x285A, 0x2852, 0x2752, 0x285A, 0x0752, 0xE751,
  0x8C83, 0x13D6, 0x56F7, 0x36F7, 0xF6EE, 0xF6EE, 0xF5EE, 0xF6EE,
  0x36F7, 0x57FF, 0x36F7, 0xF6EE, 0xF5EE, 0x16EF, 0x36F7, 0xF6EE,
  0x56F7, 0x51B5, 0xE751, 0x2852, 0x2852, 0x0752, 0x1FF8, 0x285A,
  0x2752, 0x0752, 0xEA6A, 0xF6EE, 0x16EF, 0x16EF, 0x16EF, 0x16EF,
  0xF6EE, 0xF6EE, 0xF5EE, 0xF5EE, 0xF6EE, 0x16EF, 0x16EF, 0xF6EE,
  0xF6EE, 0x36F7, 0x56F7, 0x54DE, 0xCC8B, 0xE751, 0x2752, 0x2852,
  0x2752, 0x485A, 0x0752, 0x1FF8, 0x1FF8, 0x1FF8, 0x1FF8, 0x1FF8,
  0x1FF8, 0x1FF8, 0x1FF8, 0x1FF8, 0x1FF8, 0x1FF8, 0x1FF8, 0x1FF8,
  0x1FF8, 0x1FF8, 0x1FF8, 0x1FF8, 0x1FF8, 0x1FF8, 0x1FF8, 0x1FF8,
  0x1FF8, 0x1FF8, 0x1FF8, 0x1FF8, 0x1FF8, 0x1FF8, 0x1FF8, 0x1FF8,
  0x1FF8, 0x1FF8, 0x1FF8, 0x1FF8, 0x1FF8, 0x1FF8, 0x1FF8, 0x285A,
  0x485A, 0x2752, 0x2752, 0x285A, 0xE749, 0x8962, 0x30B5, 0x36F7,
  0x36F7, 0xF6EE, 0xF6EE, 0xF6EE, 0xF6EE, 0x56F7, 0x36F7, 0x33D6,
  0xF0AC, 0xCC8B, 0x2A73, 0x0A73, 0x6B7B, 0x30B5, 0x16EF, 0x16F7,
  0xB5E6, 0xC96A, 0x0752, 0x2852, 0x2752, 0x1FF8, 0x485A, 0x2752,
  0xE751, 0x2A73, 0xF6EE, 0x16EF, 0x16EF, 0xF6EE, 0x16EF, 0x56F7,
  0x56F7, 0x56F7, 0x56F7, 0x16F7, 0xF6EE, 0xF6EE, 0x16EF, 0x16EF,
  0xF6EE, 0xF5EE, 0x36F7, 0x36F7, 0x10B5, 0x285A, 0x0752, 0x285A,
  0x2752, 0x485A, 0x2752, 0x1FF8, 0x1FF8, 0x1FF8, 0x1FF8, 0x1FF8,
  0x1FF8, 0x1FF8, 0x1FF8, 0x1FF8, 0x1FF8, 0x1FF8, 0x1FF8, 0x1FF8,
  0x1FF8, 0x1FF8, 0x1FF8, 0x1FF8, 0x1FF8, 0x1FF8, 0x1FF8, 0x1FF8,
  0x1FF8, 0x1FF8, 0x1FF8, 0x1FF8, 0x1FF8, 0x1FF8, 0x1FF8, 0x1FF8,
  0x1FF8, 0x1FF8, 0x1FF8, 0x1FF8, 0x1FF8, 0x285A, 0x2752, 0x2752,
  0x285A, 0x0752, 0xE749, 0x8C83, 0x74DE, 0x56F7, 0xF6EE, 0xF6EE,
  0xF6EE, 0xF6EE, 0x56F7, 0x16F7, 0xB2C5, 0xAC83, 0x685A, 0xE749,
  0xE749, 0xE751, 0x0752, 0xE749, 0xE749, 0x6E9C, 0x36F7, 0x16F7,
  0xAC83, 0xE749, 0x2852, 0x285A, 0x1FF8, 0x485A, 0x275A, 0xE751,
  0x4B7B, 0x16EF, 0x16EF, 0xF6EE, 0x36F7, 0xF5EE, 0x71BD, 0x8EA4,
  0xAFA4, 0x51BD, 0x94DE, 0x56F7, 0x36F7, 0xF5EE, 0xF6EE, 0x16EF,
  0x16EF, 0xF6EE, 0xF6EE, 0x77FF, 0xB2C5, 0x485A, 0x0752, 0x285A,
  0x2752, 0x485A, 0x2752, 0x1FF8, 0x1FF8, 0x1FF8, 0x1FF8, 0x1FF8,
  0x1FF8, 0x1FF8, 0x1FF8, 0x0752, 0x0752, 0x0752, 0x2752, 0x2752,
  0x285A, 0x485A, 0x485A, 0x485A, 0x485A, 0x285A, 0x2752, 0x2752,
  0x2752, 0x0752, 0x2752, 0x2752, 0x2752, 0x0752, 0x1FF8, 0x1FF8,
  0x1FF8, 0x1FF8, 0x1FF8, 0x285A, 0x2752, 0x2752, 0x285A, 0xE749,
  0x685A, 0xF0AC, 0x16F7, 0x36F7, 0xF5EE, 0xF6EE, 0xF6EE, 0x36F7,
  0x36F7, 0xB2C5, 0x6B7B, 0x0752, 0xE749, 0x0752, 0x285A, 0x485A,
  0x485A, 0x285A, 0x285A, 0x2752, 0x2752, 0xD2C5, 0x77FF, 0xED93,
  0xC649, 0x285A, 0x485A, 0x1FF8, 0x485A, 0x275A, 0xE751, 0x4B7B,
  0x16EF, 0xF6EE, 0x16F7, 0x94DE, 0x6B7B, 0x0752, 0xE749, 0xE749,
  0x0752, 0x8962, 0x2D94, 0x54DE, 0x56F7, 0x16EF, 0xF6EE, 0x16EF,
  0x16EF, 0x16EF, 0xF5EE, 0x57FF, 0xB2C5, 0x485A, 0x0752, 0x285A,
  0x2752, 0x485A, 0x2752, 0x1FF8, 0x1FF8, 0x1FF8, 0x0752, 0x2752,
  0x2752, 0x485A, 0x485A, 0x285A, 0x285A, 0x2852, 0x2752, 0x2752,
  0x2752, 0x2752, 0x2752, 0x2752, 0x2752, 0x2752, 0x2852, 0x2852,
  0x285A, 0x285A, 0x285A, 0x285A, 0x485A, 0x485A, 0x2752, 0x0752,
  0x2752, 0x2752, 0x2752, 0x2752, 0x2852, 0xC749, 0x4B7B, 0x33D6,
  0x56FF, 0x16EF, 0xF6EE, 0xF5EE, 0x16F7, 0x56F7, 0x33D6, 0xAC83,
  0x0752, 0xE749, 0x2752, 0x285A, 0x285A, 0x2752, 0x0752, 0xE649,
  0x0752, 0x2852, 0x285A, 0xE749, 0xED8B, 0x77FF, 0x2D94, 0xC649,
  0x285A, 0x485A, 0x0752, 0x485A, 0x275A, 0xE751, 0x2A73, 0xF6EE,
  0x16EF, 0x16F7, 0xCC8B, 0xC649, 0x285A, 0x285A, 0x285A, 0x2852,
  0x0752, 0xE749, 0x6862, 0xCFAC, 0xF6EE, 0x36F7, 0xF5EE, 0x16EF,
  0x16EF, 0x16EF, 0xF5EE, 0x57FF, 0x91C5, 0x2852, 0x0752, 0x285A,
  0x2752, 0x285A, 0x2752, 0x2752, 0x485A, 0x485A, 0x285A, 0x2752,
  0x2752, 0x2752, 0x2852, 0x285A, 0x2852, 0x2752, 0x2752, 0x2752,
  0x2752, 0x2752, 0x2752, 0x2752, 0x2752, 0x2852, 0x2852, 0x2852,
  0x2752, 0x2752, 0x2752, 0x2752, 0x2752, 0x2752, 0x285A, 0x285A,
  0x2752, 0x2752, 0x2752, 0x0752, 0x4E9C, 0x16EF, 0x36F7, 0xF5EE,
  0xF6EE, 0xF6EE, 0x56F7, 0xD5EE, 0x8EA4, 0x485A, 0xE749, 0x2752,
  0x285A, 0x285A, 0x2752, 0x074A, 0x2752, 0xAA6A, 0x6E93, 0xCB72,
  0x0752, 0x285A, 0x0752, 0xC96A, 0x16F7, 0x4E9C, 0xC649, 0x285A,
  0x485A, 0x2852, 0x485A, 0x2752, 0xE751, 0x0A73, 0xF5EE, 0x36F7,
  0x13D6, 0x485A, 0x2752, 0x2852, 0x2752, 0x2752, 0x2852, 0x285A,
  0x285A, 0x0752, 0xE749, 0x4B7B, 0x54DE, 0x56F7, 0xF6EE, 0xF6EE,
  0x16EF, 0x16EF, 0xF5EE, 0x56F7, 0x91C5, 0x485A, 0x0752, 0x285A,
  0x2752, 0x2752, 0x2752, 0x2752, 0x2752, 0x2752, 0x2752, 0x2752,
  0x0752, 0xE749, 0xC749, 0xE749, 0x0752, 0x285A, 0x485A, 0x485A,
  0x485A, 0x485A, 0x285A, 0x2752, 0xE751, 0xE749, 0xE749, 0x074A,
  0x074A, 0x0752, 0x0752, 0x2752, 0x2752, 0x2752, 0x2852, 0x285A,
  0x2852, 0x0752, 0x10AD, 0x57FF, 0x16EF, 0xF6EE, 0xF6EE, 0x16F7,
  0x36F7, 0xB2C5, 0xEA72, 0xE749, 0x2752, 0x285A, 0x285A, 0x2752,
  0x074A, 0x285A, 0x2C8B, 0x52C4, 0x15E5, 0x77F5, 0x31B4, 0x074A,
  0x285A, 0x0752, 0x485A, 0x94DE, 0x4E9C, 0xC649, 0x285A, 0x485A,
  0x485A, 0x285A, 0x2752, 0x0752, 0xEA6A, 0xF5EE, 0x57FF, 0x51B5,
  0x0752, 0x2852, 0x2752, 0x285A, 0x6862, 0x0752, 0x0752, 0x285A,
  0x2852, 0x285A, 0xE749, 0x8862, 0x51BD, 0x56F7, 0x16EF, 0xF6EE,
  0x16EF, 0x16EF, 0xF5EE, 0x56F7, 0xF2CD, 0xA96A, 0x0752, 0x285A,
  0x2752, 0x2752, 0x2752, 0x0752, 0x074A, 0x0752, 0x485A, 0x8862,
  0x6B83, 0x8E9C, 0x30B5, 0x30BD, 0x2CB4, 0x4DBC, 0x6DBC, 0x4DBC,
  0x2DB4, 0xECAB, 0xEFB4, 0x51BD, 0x30B5, 0xCFAC, 0x8B93, 0x4A8B,
  0xE97A, 0x886A, 0x485A, 0x0752, 0x074A, 0xE749, 0xE749, 0xC649,
  0xED93, 0x36F7, 0xF6EE, 0xF6EE, 0x16EF, 0x16F7, 0xB5E6, 0x0D94,
  0x0752, 0x0752, 0x285A, 0x285A, 0x2852, 0x074A, 0x2852, 0x2D8B,
  0x93CC, 0x36ED, 0x37ED, 0x16E5, 0x36ED, 0x52BC, 0x2752, 0x2852,
  0x2752, 0x285A, 0x33D6, 0x2D94, 0xC649, 0x285A, 0x485A, 0x485A,
  0x2752, 0x2852, 0x0752, 0xC96A, 0xD5E6, 0x57FF, 0x30B5, 0xE751,
  0x285A, 0x2752, 0x6962, 0x93CC, 0x11B4, 0xAA6A, 0x074A, 0x2752,
  0x2852, 0x285A, 0x0752, 0x0752, 0x8EA4, 0x16EF, 0x36F7, 0xF5EE,
  0x16EF, 0x16EF, 0xF5EE, 0x57FF, 0xF3CD, 0x485A, 0xE751, 0x285A,
  0x2752, 0x2752, 0xA972, 0x6B93, 0xCBA3, 0x2DB4, 0x8DC4, 0x94EE,
  0x77FF, 0x77FF, 0x94EE, 0xAECC, 0xAECC, 0xAECC, 0xAECC, 0xAECC,
  0x8DCC, 0xD2DD, 0x77FF, 0x77FF, 0xF5F6, 0xEED4, 0xAED4, 0xAECC,
  0x8DC4, 0x4DBC, 0xCCA3, 0x6B93, 0xCC93, 0xED8B, 0xAFA4, 0xB5E6,
  0x16EF, 0xF6EE, 0x16EF, 0x16EF, 0x16F7, 0x2D94, 0xC749, 0x2852,
  0x285A, 0x285A, 0x0752, 0x0752, 0xEB7A, 0x73C4, 0x56ED, 0x36ED,
  0x16E5, 0x16E5, 0x16E5, 0x57ED, 0x31BC, 0x0752, 0x2852, 0x0752,
  0x485A, 0x54DE, 0xCC8B, 0xC749, 0x285A, 0x485A, 0x485A, 0x2752,
  0x2852, 0x0752, 0x8962, 0x74DE, 0x77FF, 0x51BD, 0x0752, 0x285A,
  0x2752, 0x485A, 0xB4D4, 0x57F5, 0xF5DC, 0x8E9B, 0x2752, 0x0752,
  0x285A, 0x2852, 0x2752, 0xE749, 0x6B7B, 0x74DE, 0x56F7, 0xF6EE,
  0xF6EE, 0x16EF, 0xF6EE, 0x16F7, 0x91C5, 0xA96A, 0xE749, 0x0752,
  0xA96A, 0x6DBC, 0xCED4, 0xCED4, 0xAECC, 0x8DCC, 0x33E6, 0x16EF,
  0x16EF, 0x33E6, 0x8DC4, 0xAECC, 0x8ECC, 0x8ECC, 0x8ECC, 0x6DC4,
  0x50D5, 0xF6EE, 0x16EF, 0x94E6, 0xAECC, 0x8DCC, 0x8ECC, 0x8ECC,
  0xAECC, 0xCED4, 0xAECC, 0x12E6, 0x57F7, 0x36F7, 0x16F7, 0x16EF,
  0x16EF, 0xF6EE, 0x16F7, 0xD5E6, 0x0A73, 0xE751, 0x285A, 0x0752,
  0x074A, 0x896A, 0x11B4, 0x36ED, 0x36ED, 0x16E5, 0x16E5, 0x16E5,
  0x16E5, 0x16E5, 0x57F5, 0xF0AB, 0x074A, 0x285A, 0x0752, 0xA962,
  0x94DE, 0x0A73, 0xE751, 0x2752, 0x485A, 0x1FF8, 0x2752, 0x2852,
  0x2752, 0x485A, 0xF3CD, 0x77FF, 0xD2CD, 0x285A, 0x2752, 0x2852,
  0x0752, 0x52BC, 0x36ED, 0x16E5, 0x57ED, 0x52C4, 0x6962, 0x074A,
  0x285A, 0x2852, 0x285A, 0xE749, 0x8962, 0x30B5, 0x36F7, 0x16EF,
  0x16EF, 0x16EF, 0xF6EE, 0x56F7, 0x94DE, 0x2D9C, 0x2A8B, 0x2DB4,
  0xAECC, 0x8DC4, 0x8DC4, 0x8ECC, 0x6DC4, 0xB1DD, 0x16F7, 0x16EF,
  0x53E6, 0x8DCC, 0x8ECC, 0x8ECC, 0x8ECC, 0xAECC, 0x8DC4, 0x0FD5,
  0xF5EE, 0x16EF, 0xB5EE, 0xCECC, 0x8DCC, 0x8ECC, 0x8ECC, 0x8ECC,
  0x8EC4, 0x6DC4, 0xB1DD, 0x36EF, 0xF5EE, 0xF6EE, 0x16EF, 0x16EF,
  0x16EF, 0x16EF, 0x16F7, 0xAFA4, 0x485A, 0x2752, 0x896A, 0xAFA3,
  0xF5DC, 0x57ED, 0x16E5, 0x16E5, 0x16E5, 0x16E5, 0x16E5, 0x16E5,
  0x16E5, 0x36ED, 0x4D8B, 0x074A, 0x285A, 0xE751, 0x0A73, 0x74DE,
  0x8962, 0x0752, 0x2752, 0x285A, 0x1FF8, 0x2752, 0x285A, 0x2752,
  0x0752, 0x91BD, 0x57FF, 0x94DE, 0x8962, 0x0752, 0x285A, 0xE749,
  0xD0AB, 0x57F5, 0x16E5, 0x16E5, 0x57ED, 0xD4DC, 0xEB7A, 0x074A,
  0x2752, 0x2852, 0x285A, 0x0752, 0xE749, 0x2D94, 0xF6EE, 0x16EF,
  0xF6EE, 0x16EF, 0xF5EE, 0x36F7, 0x74EE, 0x8ECC, 0xAECC, 0x8ECC,
  0x8ECC, 0x8ECC, 0xAECC, 0x6DC4, 0x70D5, 0x16EF, 0x16EF, 0x74E6,
  0x8DCC, 0x8ECC, 0x8ECC, 0x8ECC, 0xAECC, 0x8DCC, 0xEFCC, 0xD5EE,
  0x16EF, 0xD5EE, 0xEFCC, 0x8DCC, 0x8ECC, 0x8ECC, 0x8ECC, 0xAECC,
  0x6DC4, 0xB1DD, 0x36F7, 0xF6EE, 0x16EF, 0x16EF, 0x16EF, 0x16EF,
  0x16EF, 0x16F7, 0xF5EE, 0xF2CD, 0xB2C5, 0x55DD, 0x37ED, 0x36ED,
  0x16E5, 0x16E5, 0x16E5, 0x16E5, 0x16E5, 0x16E5, 0x16E5, 0x16E5,
  0x16E5, 0xAA72, 0x0752, 0x485A, 0xC649, 0x0D94, 0x54DE, 0x285A,
  0x0752, 0x2852, 0x2752, 0x1FF8, 0x0752, 0x285A, 0x2852, 0xE749,
  0x30B5, 0x57FF, 0xF5EE, 0x2A73, 0xE751, 0x285A, 0x074A, 0x0C83,
  0x36ED, 0x16E5, 0x16E5, 0x16E5, 0x36ED, 0x36E5, 0x6E93, 0x0752,
  0x0752, 0x285A, 0x2852, 0x2852, 0xE749, 0xF0AC, 0x36F7, 0xF6EE,
  0x16EF, 0xF6EE, 0x16EF, 0x74E6, 0x8ECC, 0x8ECC, 0x8ECC, 0x8ECC,
  0x8ECC, 0xAECC, 0x6DC4, 0x50D5, 0x16EF, 0x16EF, 0x94E6, 0x8ECC,
  0x8ECC, 0x8ECC, 0x8ECC, 0x8ECC, 0x8DCC, 0xCECC, 0xD5EE, 0x16EF,
  0xF5EE, 0x0FD5, 0x8DCC, 0xAECC, 0x8ECC, 0x8ECC, 0xAECC, 0x6DC4,
  0xD2DD, 0x36F7, 0xF6EE, 0x16EF, 0x16EF, 0x16EF, 0x16EF, 0x16EF,
  0x16EF, 0x16EF, 0x36F7, 0x56F7, 0xF6EE, 0x56E5, 0x16E5, 0x36E5,
  0x16E5, 0x16E5, 0x16E5, 0x16E5, 0x16E5, 0x16E5, 0x36ED, 0x93CC,
  0x485A, 0x2752, 0x285A, 0xC749, 0x30B5, 0xB2C5, 0xE751, 0x2752,
  0x2852, 0x2752, 0x1FF8, 0x2752, 0x485A, 0x285A, 0xC749, 0x8FA4,
  0x56F7, 0x36F7, 0x6E9C, 0xC749, 0x485A, 0x0752, 0x896A, 0xF5DC,
  0x36ED, 0x16E5, 0x16E5, 0x16E5, 0x36E5, 0x36ED, 0x31BC, 0x8962,
  0x074A, 0x2852, 0x485A, 0x0752, 0xAC83, 0x16EF, 0x16EF, 0x16EF,
  0xF6EE, 0x16EF, 0xB5EE, 0xAECC, 0x8ECC, 0x8ECC, 0x8ECC, 0x8ECC,
  0xAECC, 0x6DC4, 0x30D5, 0x16EF, 0x16EF, 0x94EE, 0xAECC, 0x8ECC,
  0x8ECC, 0x8ECC, 0x8ECC, 0x8DCC, 0xCECC, 0xB5EE, 0x16EF, 0x16F7,
  0x30D5, 0x6DC4, 0xAECC, 0x8ECC, 0x8ECC, 0xAECC, 0x6DC4, 0xF2DD,
  0x36F7, 0xF6EE, 0x16EF, 0x16EF, 0x16EF, 0x16EF, 0x16EF, 0x16EF,
  0x16EF, 0xF6EE, 0xF6EE, 0x16EF, 0xB6EE, 0x36E5, 0x16E5, 0x16E5,
  0x16E5, 0x16E5, 0x16E5, 0x16E5, 0x16E5, 0x57ED, 0xF0AB, 0x074A,
  0x285A, 0x2752, 0x2852, 0x54DE, 0xAFA4, 0xC649, 0x285A, 0x285A,
  0x2752, 0x1FF8, 0x0752, 0x485A, 0x2852, 0xE749, 0xAC83, 0x16EF,
  0x36F7, 0x91C5, 0x0752, 0x2852, 0x2852, 0x0752, 0x52BC, 0x57ED,
  0x16E5, 0x16E5, 0x16E5, 0x16E5, 0x16E5, 0x57ED, 0xD5DC, 0x2C8B,
  0x0752, 0x0752, 0xE749, 0x8FA4, 0x36F7, 0xF6EE, 0x16EF, 0xF6EE,
  0x16EF, 0xD5EE, 0xCECC, 0x8DCC, 0x8ECC, 0x8ECC, 0x8ECC, 0xAECC,
  0x6DC4, 0x50D5, 0x16EF, 0x16EF, 0xB5EE, 0xCECC, 0x8DCC, 0x8ECC,
  0x8ECC, 0x8ECC, 0x8DCC, 0xAECC, 0xB5EE, 0x16EF, 0x16F7, 0x50D5,
  0x6DC4, 0xAECC, 0x8ECC, 0x8ECC, 0x8ECC, 0x8DCC, 0x13E6, 0x36F7,
  0xF6EE, 0x16EF, 0x16EF, 0x16EF, 0x16EF, 0x16EF, 0x16EF, 0x16EF,
  0x16EF, 0x16EF, 0xF6EE, 0x36EF, 0x56EE, 0x16E5, 0x36E5, 0x16E5,
  0x16E5, 0x16E5, 0x16E5, 0x16E5, 0x36ED, 0xEC7A, 0x074A, 0x285A,
  0x0752, 0xEA6A, 0x16EF, 0xCC8B, 0xE749, 0x2852, 0x485A, 0x0752,
  0x1FF8, 0x1FF8, 0x485A, 0x2752, 0x0752, 0xEA6A, 0xF5EE, 0x16F7,
  0xB5E6, 0xC96A, 0x0752, 0x285A, 0x074A, 0x6E93, 0x57ED, 0x16E5,
  0x16E5, 0x16E5, 0x16E5, 0x16E5, 0x16E5, 0x36ED, 0x36ED, 0xF0AB,
  0x2C83, 0x8EA4, 0x95E6, 0x16F7, 0xF6EE, 0x16EF, 0x16EF, 0x16EF,
  0xF6EE, 0x2FD5, 0x8DC4, 0xAECC, 0x8ECC, 0x8ECC, 0xAECC, 0x6DC4,
  0x50D5, 0x36F7, 0x16EF, 0xD5EE, 0xEFCC, 0x8DCC, 0xAECC, 0x8ECC,
  0x8ECC, 0x8DCC, 0xAECC, 0xB5EE, 0x16EF, 0x16F7, 0x91DD, 0x6DC4,
  0xAECC, 0x8ECC, 0x8ECC, 0x8ECC, 0x8ECC, 0x94E6, 0x16F7, 0xF6EE,
  0x16EF, 0x16EF, 0x16EF, 0x16EF, 0x16EF, 0x16EF, 0x16EF, 0x16EF,
  0x16EF, 0x16EF, 0xF6EE, 0x36EF, 0xF6ED, 0xF6E4, 0x36E5, 0x16E5,
  0x16E5, 0x16E5, 0x36ED, 0xD4D4, 0x4862, 0x2752, 0x485A, 0xC649,
  0x4E9C, 0x16EF, 0xC96A, 0x0752, 0x2752, 0x485A, 0x0752, 0x1FF8,
  0x1FF8, 0x2752, 0x2752, 0x0752, 0x485A, 0x33D6, 0x16F7, 0x36F7,
  0x2D94, 0xE749, 0x485A, 0x0752, 0xAA6A, 0x15E5, 0x16E5, 0x16E5,
  0x16E5, 0x16E5, 0x16E5, 0x16E5, 0x16E5, 0x36E5, 0x36ED, 0x96ED,
  0x36F7, 0x16F7, 0x16EF, 0x16EF, 0x16EF, 0x16EF, 0xF6EE, 0x36F7,
  0x71D5, 0x6DC4, 0xAECC, 0x8ECC, 0x8ECC, 0xAECC, 0x6DC4, 0x91DD,
  0x36F7, 0xF6EE, 0x16F7, 0x50D5, 0x6DC4, 0xAECC, 0x8ECC, 0x8ECC,
  0x8DCC, 0xCECC, 0xB5EE, 0x16EF, 0x36F7, 0x12DE, 0x8DC4, 0xAECC,
  0x8ECC, 0x8ECC, 0x8DCC, 0xCECC, 0xD5EE, 0x16EF, 0xF6EE, 0x16EF,
  0x16EF, 0x16EF, 0x16EF, 0x16EF, 0x16EF, 0x16EF, 0x16EF, 0x16EF,
  0x16EF, 0x16EF, 0x16EF, 0x16EF, 0x96ED, 0x16E5, 0x36E5, 0x16E5,
  0x16E5, 0x57ED, 0xF0AB, 0x074A, 0x285A, 0x2852, 0x0752, 0xB2C5,
  0x74DE, 0x2852, 0x2752, 0x2752, 0x485A, 0x1FF8, 0x1FF8, 0x1FF8,
  0x2752, 0x285A, 0x2852, 0xE749, 0x50B5, 0x56F7, 0x36F7, 0xD2CD,
  0x2752, 0x2752, 0x2752, 0x2752, 0x52C4, 0x57ED, 0x16E5, 0x16E5,
  0x16E5, 0x16E5, 0x16E5, 0x16E5, 0x36E5, 0xF6E4, 0x16EE, 0x16EF,
  0xF6EE, 0x16EF, 0x16EF, 0x16EF, 0x16EF, 0xF6EE, 0x36F7, 0xD2DD,
  0x6DC4, 0xAECC, 0x8ECC, 0x8ECC, 0xAECC, 0x6DC4, 0xD2DD, 0x36F7,
  0xF5EE, 0x36F7, 0xB1DD, 0x6DC4, 0xAECC, 0x8ECC, 0x8ECC, 0x8DCC,
  0xCECC, 0xB5EE, 0x16EF, 0x16EF, 0x94EE, 0xAECC, 0x8ECC, 0xAECC,
  0xAECC, 0x6DC4, 0x70D5, 0x16EF, 0xF6EE, 0x16EF, 0x16EF, 0x16EF,
  0x16EF, 0x16EF, 0x16EF, 0x16EF, 0x16EF, 0x16EF, 0x16EF, 0x16EF,
  0x16EF, 0xF6EE, 0x16EF, 0xD6EE, 0x36E5, 0x16E5, 0x16E5, 0x16E5,
  0x36ED, 0xEB7A, 0x0752, 0x285A, 0x0752, 0xA962, 0x16EF, 0x10B5,
  0xE749, 0x2852, 0x2752, 0x2752, 0x1FF8, 0x1FF8, 0x1FF8, 0x0752,
  0x485A, 0x285A, 0xE749, 0x0D94, 0x36F7, 0xF6EE, 0x16EF, 0x4B7B,
  0xE749, 0x485A, 0x074A, 0x6E93, 0x57ED, 0x16E5, 0x16E5, 0x16E5,
  0x36E5, 0x36E5, 0x16E5, 0xF6E4, 0x56E5, 0xD6EE, 0x16EF, 0xF6EE,
  0x16EF, 0x16EF, 0x16EF, 0x16EF, 0xF6EE, 0x36F7, 0x33E6, 0x8DCC,
  0xAECC, 0x8ECC, 0x8ECC, 0xAECC, 0x8DC4, 0x33E6, 0x36F7, 0xF6EE,
  0x36F7, 0x53E6, 0x8DCC, 0xAECC, 0x8ECC, 0x8ECC, 0x8DCC, 0xCECC,
  0xD5EE, 0x16EF, 0xF6EE, 0x16EF, 0x71D5, 0x6DC4, 0x8DCC, 0x8DC4,
  0xAECC, 0x74E6, 0x16F7, 0xF6EE, 0x16EF, 0x16EF, 0x16EF, 0x16EF,
  0x16EF, 0x16EF, 0x16EF, 0x16EF, 0x16EF, 0x16EF, 0x16EF, 0x16EF,
  0x16EF, 0xF6EE, 0x36EF, 0x76EE, 0x16E5, 0x16E5, 0x57ED, 0x93CC,
  0x285A, 0x2752, 0x285A, 0xE749, 0x2D94, 0x77FF, 0xCC8B, 0xC749,
  0x285A, 0x2852, 0x0752, 0x1FF8, 0x1FF8, 0x1FF8, 0x1FF8, 0x485A,
  0x2752, 0x0752, 0xEA6A, 0xF5EE, 0xF6EE, 0x56F7, 0x71BD, 0x0752,
  0x285A, 0x0752, 0x8A6A, 0xF5DC, 0x36ED, 0x16E5, 0x16E5, 0x16E5,
  0xF6E4, 0x36E5, 0xD6ED, 0xB6EE, 0x16EF, 0xF6EE, 0x16EF, 0x16EF,
  0x16EF, 0x16EF, 0x16EF, 0xF6EE, 0x16EF, 0xB4EE, 0xAECC, 0x8ECC,
  0x8ECC, 0x8ECC, 0x8ECC, 0x8ECC, 0x94E6, 0x36F7, 0xF6EE, 0x16EF,
  0xD5EE, 0xCECC, 0x8DCC, 0xAECC, 0xAECC, 0x8DCC, 0x0FCD, 0xF5EE,
  0x16EF, 0xF6EE, 0x16EF, 0xD5EE, 0x71D5, 0xEFCC, 0x0FD5, 0x53E6,
  0x16EF, 0xF6EE, 0x16EF, 0x16EF, 0x16EF, 0x16EF, 0x16EF, 0x16EF,
  0x16EF, 0x16EF, 0x16EF, 0x16EF, 0x16EF, 0x16EF, 0x16EF, 0x16EF,
  0x16EF, 0xF6EE, 0x36EF, 0x16EE, 0xF6E4, 0x36E5, 0xEB7A, 0x074A,
  0x285A, 0x2752, 0x2752, 0xD2CD, 0xF5EE, 0xA962, 0x0752, 0x2752,
  0x285A, 0x0752, 0x1FF8, 0x1FF8, 0x1FF8, 0x1FF8, 0x2752, 0x2752,
  0x2752, 0x285A, 0xF3CD, 0x36F7, 0xF6EE, 0x16F7, 0x6B83, 0xE749,
  0x485A, 0x2852, 0x52C4, 0x17ED, 0xF6E4, 0x16E5, 0x76E5, 0x36EE,
  0xD6EE, 0x16EF, 0x16EF, 0x16EF, 0x16EF, 0x16EF, 0x16EF, 0x16EF,
  0x16EF, 0x16EF, 0x16EF, 0x16EF, 0xF5EE, 0x0FD5, 0x8DCC, 0xAECC,
  0xAECC, 0x8DCC, 0xEFCC, 0xD5EE, 0x16EF, 0x16EF, 0xF6EE, 0x36F7,
  0xD2DD, 0x6DC4, 0xAECC, 0xAECC, 0x6DC4, 0x91DD, 0x16F7, 0xF6EE,
  0x16EF, 0x16EF, 0x16EF, 0x16EF, 0xD5EE, 0xF5EE, 0x16EF, 0x16EF,
  0x16EF, 0x16EF, 0x16EF, 0x16EF, 0x16EF, 0x16EF, 0x16EF, 0x16EF,
  0x16EF, 0x16EF, 0x16EF, 0x16EF, 0x16EF, 0x16EF, 0x16EF, 0x16EF,
  0x16EF, 0x16EF, 0x16EF, 0xF7F5, 0xAFA3, 0xE649, 0x285A, 0x285A,
  0xE751, 0x2B73, 0x56F7, 0x71BD, 0x0752, 0x2852, 0x2752, 0x485A,
  0x0752, 0x1FF8, 0x1FF8, 0x1FF8, 0x1FF8, 0x0752, 0x285A, 0x285A,
  0xC749, 0xCFA4, 0x56FF, 0xF5EE, 0x36F7, 0x33D6, 0x8962, 0xC749,
  0xE751, 0xB2C4, 0x36F6, 0x56EE, 0x96EE, 0x16EF, 0x36EF, 0x16EF,
  0xF6EE, 0xF6EE, 0x16EF, 0x16EF, 0x16EF, 0x16EF, 0x16EF, 0x16EF,
  0x16EF, 0x16EF, 0xF6EE, 0x36F7, 0xD2DD, 0x6DC4, 0xAECC, 0xAECC,
  0x6DC4, 0x91DD, 0x36F7, 0xF6EE, 0x16EF, 0x16EF, 0x16EF, 0xF5EE,
  0x70D5, 0x8DCC, 0x8DCC, 0x0FCD, 0x94EE, 0x16EF, 0x16EF, 0x16EF,
  0x16EF, 0x16EF, 0x16EF, 0x16EF, 0x16EF, 0xF6EE, 0x16EF, 0x16EF,
  0x16EF, 0x16EF, 0x16EF, 0x16EF, 0x16EF, 0x16EF, 0x16EF, 0x16EF,
  0x16EF, 0x16EF, 0x16EF, 0x16EF, 0x16EF, 0x16EF, 0x16EF, 0x16EF,
  0x16EF, 0x16EF, 0xF6EE, 0x0B7B, 0x0752, 0x285A, 0x285A, 0xE751,
  0x51B5, 0x77FF, 0xAC83, 0xE749, 0x285A, 0x2752, 0x285A, 0x1FF8,
  0x1FF8, 0x1FF8, 0x1FF8, 0x1FF8, 0x0752, 0x485A, 0x2752, 0xE751,
  0x4B7B, 0x16F7, 0x16EF, 0xF5EE, 0x36F7, 0xF3CD, 0xCC8B, 0x8FA4,
  0xF5EE, 0x36F7, 0x16EF, 0x16EF, 0x16EF, 0xF6EE, 0x16EF, 0x16EF,
  0x16EF, 0x16EF, 0x16EF, 0x16EF, 0x16EF, 0x16EF, 0x16EF, 0x16EF,
  0x16EF, 0x16EF, 0x16EF, 0xD5EE, 0x30D5, 0x8DCC, 0x8DCC, 0x0FD5,
  0xB5EE, 0x16EF, 0xF6EE, 0x16EF, 0x16EF, 0x16EF, 0x16EF, 0xF6EE,
  0x53E6, 0x33E6, 0xD5EE, 0x16EF, 0x16EF, 0x16EF, 0x16EF, 0x16EF,
  0x16EF, 0x16EF, 0x16EF, 0x16EF, 0x16EF, 0x16EF, 0x16EF, 0x16EF,
  0x16EF, 0x16EF, 0x16EF, 0x16EF, 0x16EF, 0x16EF, 0x16EF, 0x16EF,
  0x16EF, 0x16EF, 0x16EF, 0x16EF, 0x16EF, 0x16EF, 0x16EF, 0x16EF,
  0xF6EE, 0x16F7, 0x8B7B, 0xC749, 0x485A, 0xC649, 0x2A73, 0x36F7,
  0x33D6, 0x485A, 0x2752, 0x2752, 0x285A, 0x0752, 0x1FF8, 0x1FF8,
  0x1FF8, 0x1FF8, 0x1FF8, 0x1FF8, 0x285A, 0x2752, 0x0752, 0x485A,
  0x13D6, 0x36F7, 0xF6EE, 0xF6EE, 0x36F7, 0x36F7, 0x36F7, 0x16EF,
  0xF6EE, 0xF6EE, 0xF6EE, 0x16EF, 0x16EF, 0x16EF, 0x16EF, 0x16EF,
  0x16EF, 0x16EF, 0x16EF, 0x16EF, 0x16EF, 0x16EF, 0x16EF, 0x16EF,
  0x16EF, 0x16EF, 0x16EF, 0xD5EE, 0x33E6, 0x13E6, 0xD5EE, 0x16EF,
  0x16EF, 0x16EF, 0x16EF, 0x16EF, 0x16EF, 0x16EF, 0x16EF, 0x36F7,
  0x36F7, 0x16EF, 0xF6EE, 0x16EF, 0x16EF, 0x16EF, 0x16EF, 0x16EF,
  0x16EF, 0x16EF, 0x16EF, 0x16EF, 0x16EF, 0x16EF, 0x16EF, 0x16EF,
  0x16EF, 0x16EF, 0x16EF, 0x16EF, 0x16EF, 0x16EF, 0x16EF, 0x16EF,
  0x16EF, 0x16EF, 0x16EF, 0x16EF, 0x16EF, 0x16EF, 0x16EF, 0xF6EE,
  0x36F7, 0xB2C5, 0xA962, 0x2752, 0xEA72, 0x13D6, 0x77FF, 0x4E94,
  0xE749, 0x285A, 0x2752, 0x485A, 0x0752, 0x1FF8, 0x1FF8, 0x1FF8,
  0x1FF8, 0x1FF8, 0x1FF8, 0x2752, 0x285A, 0x2752, 0x0752, 0xAC8B,
  0xF5EE, 0x16EF, 0x16EF, 0xF6EE, 0xF6EE, 0xF6EE, 0x16EF, 0x16EF,
  0x16EF, 0x16EF, 0x16EF, 0x16EF, 0x16EF, 0x16EF, 0x16EF, 0x16EF,
  0x16EF, 0x16EF, 0x16EF, 0x16EF, 0x16EF, 0x16EF, 0x16EF, 0x16EF,
  0x16EF, 0x16EF, 0x16EF, 0x36F7, 0x36F7, 0x16EF, 0x16EF, 0x16EF,
  0x16EF, 0x16EF, 0x16EF, 0x16EF, 0x16EF, 0x16EF, 0xF6EE, 0xF6EE,
  0x16EF, 0x16EF, 0x16EF, 0x16EF, 0x16EF, 0x16EF, 0x16EF, 0x16EF,
  0x16EF, 0x16EF, 0x16EF, 0x16EF, 0x16EF, 0x16EF, 0x16EF, 0x16EF,
  0x16EF, 0x16EF, 0x16EF, 0x16EF, 0x16EF, 0x16EF, 0x16EF, 0x16EF,
  0x16EF, 0x16EF, 0x16EF, 0x16EF, 0x16EF, 0x16EF, 0x16EF, 0x16EF,
  0x36F7, 0x54DE, 0xB2C5, 0x95E6, 0x56F7, 0x74DE, 0x8862, 0x0752,
  0x2852, 0x2752, 0x2852, 0x1FF8, 0x1FF8, 0x1FF8, 0x1FF8, 0x1FF8,
  0x1FF8, 0x1FF8, 0x0752, 0x485A, 0x2752, 0x285A, 0x0752, 0x51BD,
  0x56F7, 0xF5EE, 0x16EF, 0x16EF, 0x16EF, 0x16EF, 0x16EF, 0x16EF,
  0x16EF, 0x16EF, 0x16EF, 0x16EF, 0x16EF, 0x16EF, 0x16EF, 0x16EF,
  0x16EF, 0x16EF, 0x16EF, 0x16EF, 0x16EF, 0x16EF, 0x16EF, 0x16EF,
  0x16EF, 0x16EF, 0xF6EE, 0xF6EE, 0x16EF, 0x16EF, 0x16EF, 0x16EF,
  0x16EF, 0x16EF, 0x16EF, 0x16EF, 0x16EF, 0x16EF, 0x16EF, 0x16EF,
  0x16EF, 0x16EF, 0x16EF, 0x16EF, 0x16EF, 0x16EF, 0x16EF, 0x16EF,
  0x16EF, 0x16EF, 0x16EF, 0x16EF, 0x16EF, 0x16EF, 0x16EF, 0x16EF,
  0x16EF, 0x16EF, 0x16EF, 0x16EF, 0x16EF, 0x16EF, 0x16EF, 0x16EF,
  0x16EF, 0x16EF, 0x16EF, 0x16EF, 0x16EF, 0x16EF, 0x16EF, 0xF6EE,
  0x36F7, 0x56F7, 0x16EF, 0x36F7, 0x8EA4, 0xC749, 0x285A, 0x2752,
  0x285A, 0x0752, 0x1FF8, 0x1FF8, 0x1FF8, 0x1FF8, 0x1FF8, 0x1FF8,
  0x1FF8, 0x1FF8, 0x2852, 0x2752, 0x285A, 0xE749, 0x6B7B, 0x16F7,
  0xF6EE, 0x16EF, 0x16EF, 0x16EF, 0x16EF, 0x16EF, 0x16EF, 0x16EF,
  0x16EF, 0x16EF, 0x16EF, 0x16EF, 0x16EF, 0x16EF, 0x16EF, 0x16EF,
  0x16EF, 0x16EF, 0x16EF, 0x16EF, 0x16EF, 0x16EF, 0x16EF, 0x16EF,
  0x16EF, 0x16EF, 0x16EF, 0x16EF, 0x16EF, 0x16EF, 0x16EF, 0x16EF,
  0x16EF, 0x16EF, 0x16EF, 0x16EF, 0x16EF, 0x16EF, 0x16EF, 0x16EF,
  0x16EF, 0x16EF, 0x16EF, 0x16EF, 0x16EF, 0x16EF, 0x16EF, 0x16EF,
  0x16EF, 0x16EF, 0x16EF, 0x16EF, 0x16EF, 0x16EF, 0x16EF, 0x16EF,
  0x16EF, 0x16EF, 0x16EF, 0x16EF, 0x16EF, 0x16EF, 0x16EF, 0x16EF,
  0x16EF, 0x16EF, 0x16EF, 0x16EF, 0x16EF, 0x16EF, 0x16EF, 0xF6EE,
  0xF5EE, 0x16F7, 0x94E6, 0xA962, 0x0752, 0x2852, 0x2752, 0x485A,
  0x0752, 0x1FF8, 0x1FF8, 0x1FF8, 0x1FF8, 0x1FF8, 0x1FF8, 0x1FF8,
  0x1FF8, 0x0752, 0x285A, 0x2752, 0x2852, 0x0752, 0xD2CD, 0x36F7,
  0xF6EE, 0x16EF, 0x16EF, 0x16EF, 0x16EF, 0x16EF, 0x16EF, 0x16EF,
  0x16EF, 0x16EF, 0x16EF, 0x16EF, 0x16EF, 0x16EF, 0x16EF, 0x16EF,
  0x16EF, 0x16EF, 0x16EF, 0x16EF, 0x16EF, 0x16EF, 0x16EF, 0x16EF,
  0x16EF, 0x16EF, 0x16EF, 0x16EF, 0x16EF, 0x16EF, 0x16EF, 0x16EF,
  0x16EF, 0x16EF, 0x16EF, 0x16EF, 0x16EF, 0x16EF, 0x16EF, 0x16EF,
  0x16EF, 0x16EF, 0x16EF, 0x16EF, 0x16EF, 0x16EF, 0x16EF, 0x16EF,
  0x16EF, 0x16EF, 0x16EF, 0x16EF, 0x16EF, 0x16EF, 0xF6EE, 0xF6EE,
  0xF6EE, 0xF6EE, 0x16EF, 0x16EF, 0x16EF, 0x16EF, 0x16EF, 0x16EF,
  0x16EF, 0x16EF, 0x16EF, 0x16EF, 0x16EF, 0x16EF, 0x16EF, 0xF6EE,
  0x56F7, 0xCFAC, 0xE749, 0x285A, 0x2752, 0x2752, 0x2752, 0x1FF8,
  0x1FF8, 0x1FF8, 0x1FF8, 0x1FF8, 0x1FF8, 0x1FF8, 0x1FF8, 0x1FF8,
  0x0752, 0x485A, 0x2752, 0x285A, 0xE749, 0xAC83, 0x36F7, 0xF6EE,
  0x16EF, 0x16EF, 0x16EF, 0x16EF, 0x16EF, 0x16EF, 0x16EF, 0x16EF,
  0x16EF, 0x16EF, 0x16EF, 0x16EF, 0x16EF, 0x16EF, 0x16EF, 0xF6EE,
  0xF6EE, 0xF6EE, 0xF6EE, 0x16EF, 0x16EF, 0x16EF, 0x16EF, 0x16EF,
  0x16EF, 0x16EF, 0x16EF, 0x16EF, 0x16EF, 0x16EF, 0x16EF, 0x16EF,
  0x16EF, 0x16EF, 0x16EF, 0x16EF, 0x16EF, 0x16EF, 0x16EF, 0x16EF,
  0x16EF, 0x16EF, 0x16EF, 0x16EF, 0x16EF, 0x16EF, 0x16EF, 0x16EF,
  0x16EF, 0x16EF, 0x16EF, 0xF6EE, 0x16EF, 0x16F7, 0x36F7, 0x36F7,
  0x16F7, 0xF6EE, 0x16EF, 0x16EF, 0x16EF, 0x16EF, 0x16EF, 0x16EF,
  0x16EF, 0x16EF, 0x16EF, 0x16EF, 0x16EF, 0xF6EE, 0x16F7, 0xD5E6,
  0xC96A, 0x0752, 0x2852, 0x2752, 0x485A, 0x0752, 0x1FF8, 0x1FF8,
  0x1FF8, 0x1FF8, 0x1FF8, 0x1FF8, 0x1FF8, 0x1FF8, 0x1FF8, 0x1FF8,
  0x2752, 0x2752, 0x2752, 0x2752, 0x2752, 0xD2CD, 0x36F7, 0xF6EE,
  0x16EF, 0x16EF, 0x16EF, 0x16EF, 0x16EF, 0x16EF, 0x16EF, 0x16EF,
  0x16EF, 0x16EF, 0x16EF, 0x16EF, 0xF6EE, 0xF6EE, 0x16F7, 0x56F7,
  0x56F7, 0x36F7, 0xF6EE, 0xF6EE, 0x16EF, 0x16EF, 0x16EF, 0x16EF,
  0x16EF, 0x16EF, 0x16EF, 0x16EF, 0x16EF, 0x16EF, 0x16EF, 0x16EF,
  0x16EF, 0x16EF, 0x16EF, 0x16EF, 0x16EF, 0x16EF, 0x16EF, 0x16EF,
  0x16EF, 0x16EF, 0x16EF, 0x16EF, 0x16EF, 0x16EF, 0x16EF, 0x16EF,
  0x16EF, 0xF6EE, 0x16F7, 0x16F7, 0x94DE, 0x54DE, 0x33D6, 0x94E6,
  0x36F7, 0x16EF, 0x16EF, 0x16EF, 0x16EF, 0x16EF, 0x16EF, 0x16EF,
  0x16EF, 0x16EF, 0x16EF, 0x16EF, 0xF6EE, 0x16F7, 0x94DE, 0x8862,
  0x0752, 0x2752, 0x285A, 0x0752, 0x1FF8, 0x1FF8, 0x1FF8, 0x1FF8,
  0x1FF8, 0x1FF8, 0x1FF8, 0x1FF8, 0x1FF8, 0x1FF8, 0x1FF8, 0x0752,
  0x485A, 0x2752, 0x285A, 0xE749, 0xCC8B, 0x36F7, 0xF6EE, 0x16EF,
  0x16EF, 0x16EF, 0x16EF, 0x16EF, 0x16EF, 0x16EF, 0x16EF, 0x16EF,
  0x16EF, 0x16EF, 0x16EF, 0x16EF, 0x36F7, 0x94DE, 0x92C5, 0x92C5,
  0x74DE, 0x36F7, 0x16EF, 0x16EF, 0x16EF, 0x16EF, 0x16EF, 0x16EF,
  0x16EF, 0x16EF, 0x16EF, 0x16EF, 0x16EF, 0x16EF, 0x16EF, 0x16EF,
  0x16EF, 0x16EF, 0x16EF, 0x16EF, 0x16EF, 0x16EF, 0x16EF, 0x16EF,
  0x16EF, 0x16EF, 0x16EF, 0x16EF, 0x16EF, 0x16EF, 0x16EF, 0xF6EE,
  0x16EF, 0xD5EE, 0x0D94, 0x8962, 0x685A, 0x685A, 0xA96A, 0x30B5,
  0x16F7, 0xF6EE, 0x16EF, 0x16EF, 0x16EF, 0x16EF, 0x16EF, 0x16EF,
  0x16EF, 0x16EF, 0x16EF, 0x16EF, 0xF6EE, 0x16F7, 0x6B7B, 0xE749,
  0x2752, 0x485A, 0x2752, 0x1FF8, 0x1FF8, 0x1FF8, 0x1FF8, 0x1FF8,
  0x1FF8, 0x1FF8, 0x1FF8, 0x1FF8, 0x1FF8, 0x1FF8, 0x1FF8, 0x2752,
  0x2752, 0x285A, 0xE749, 0xAC8B, 0x36F7, 0x16EF, 0x16EF, 0x16EF,
  0x16EF, 0x16EF, 0x16EF, 0x16EF, 0x16EF, 0x16EF, 0x16EF, 0x16EF,
  0xF6EE, 0x16EF, 0xF5EE, 0x6E9C, 0x8962, 0x2752, 0x2752, 0x8862,
  0x6E9C, 0xF5EE, 0x16EF, 0xF6EE, 0x16EF, 0x16EF, 0x16EF, 0x16EF,
  0x16EF, 0x16EF, 0x16EF, 0x16EF, 0x16EF, 0x16EF, 0x16EF, 0x16EF,
  0x16EF, 0x16EF, 0x16EF, 0x16EF, 0x16EF, 0x16EF, 0x16EF, 0x16EF,
  0x16EF, 0x16EF, 0x16EF, 0x16EF, 0x16EF, 0x16EF, 0xF6EE, 0x56F7,
  0xAFA4, 0xC649, 0x0752, 0x0752, 0x2752, 0xE749, 0x685A, 0x54DE,
  0x36F7, 0xF6EE, 0x16EF, 0x16EF, 0x16EF, 0x16EF, 0x16EF, 0x16EF,
  0x16EF, 0x16EF, 0x16EF, 0xF6EE, 0x56F7, 0xCFAC, 0xE749, 0x285A,
  0x2852, 0x2752, 0x1FF8, 0x1FF8, 0x1FF8, 0x1FF8, 0x1FF8, 0x1FF8,
  0x1FF8, 0x1FF8, 0x1FF8, 0x1FF8, 0x1FF8, 0x1FF8, 0x2752, 0x2852,
  0x285A, 0xE749, 0xEFAC, 0x57FF, 0xF5EE, 0x16EF, 0x16EF, 0x16EF,
  0x16EF, 0x16EF, 0x16EF, 0x16EF, 0x16EF, 0x16EF, 0x16EF, 0xF6EE,
  0x36F7, 0xAFA4, 0xC649, 0x0752, 0x2752, 0x2752, 0x0752, 0xC649,
  0xAFA4, 0x56F7, 0xF6EE, 0x16EF, 0x16EF, 0x16EF, 0x16EF, 0x16EF,
  0x16EF, 0x16EF, 0x16EF, 0x16EF, 0x16EF, 0x16EF, 0x16EF, 0x16EF,
  0x16EF, 0x16EF, 0x16EF, 0x16EF, 0x16EF, 0x16EF, 0x16EF, 0x16EF,
  0x16EF, 0x16EF, 0x16EF, 0x16EF, 0xF6EE, 0x36F7, 0x54DE, 0x8962,
  0x0752, 0x285A, 0x2752, 0x2752, 0x285A, 0x0752, 0x71BD, 0x56F7,
  0xF6EE, 0x16EF, 0x16EF, 0x16EF, 0x16EF, 0x16EF, 0x16EF, 0x16EF,
  0x16EF, 0x16EF, 0xF6EE, 0x36F7, 0x13D6, 0x485A, 0x2752, 0x2752,
  0x485A, 0x0752, 0x1FF8, 0x1FF8, 0x1FF8, 0x1FF8, 0x1FF8, 0x1FF8,
  0x1FF8, 0x1FF8, 0x1FF8, 0x1FF8, 0x1FF8, 0x2752, 0x2852, 0x2852,
  0x0752, 0x71BD, 0x56F7, 0xF5EE, 0x16EF, 0x16EF, 0x16EF, 0x16EF,
  0x16EF, 0x16EF, 0x16EF, 0x16EF, 0x16EF, 0xF6EE, 0x16F7, 0xD5E6,
  0xC96A, 0x0752, 0x285A, 0x2752, 0x2752, 0x285A, 0x0752, 0xEA72,
  0xD5EE, 0x16EF, 0x16EF, 0x16EF, 0x16EF, 0x16EF, 0x16EF, 0x16EF,
  0x16EF, 0x16EF, 0x16EF, 0x16EF, 0x16EF, 0x16EF, 0x16EF, 0x16EF,
  0x16EF, 0x16EF, 0x16EF, 0x16EF, 0x16EF, 0x16EF, 0x16EF, 0x16EF,
  0x16EF, 0x16EF, 0x16EF, 0xF6EE, 0x56F7, 0x6E9C, 0xE749, 0x285A,
  0x2752, 0x2752, 0x2752, 0x2852, 0x0752, 0x51BD, 0x56F7, 0xF6EE,
  0x16EF, 0x16EF, 0x16EF, 0x16EF, 0x16EF, 0x16EF, 0x16EF, 0x16EF,
  0x16EF, 0x16EF, 0x16EF, 0x16EF, 0x2A73, 0xE751, 0x2752, 0x485A,
  0x0752, 0x1FF8, 0x1FF8, 0x1FF8, 0x1FF8, 0x1FF8, 0x1FF8, 0x1FF8,
  0x1FF8, 0x1FF8, 0x1FF8, 0x1FF8, 0x485A, 0x2752, 0x0752, 0x685A,
  0x33D6, 0x36F7, 0xF6EE, 0x16EF, 0x16EF, 0x16EF, 0x16EF, 0x16EF,
  0x16EF, 0x16EF, 0x16EF, 0x16EF, 0xF6EE, 0x36F7, 0x94DE, 0x6862,
  0x0752, 0x2752, 0x2752, 0x2752, 0x2852, 0x0752, 0xA962, 0x74DE,
  0x36F7, 0xF6EE, 0x16EF, 0x16EF, 0x16EF, 0x16EF, 0x16EF, 0x16EF,
  0x16EF, 0x16EF, 0x16EF, 0x16EF, 0x16EF, 0x16EF, 0x16EF, 0x16EF,
  0x16EF, 0x16EF, 0x16EF, 0x16EF, 0x16EF, 0x16EF, 0x16EF, 0x16EF,
  0x16EF, 0x16EF, 0xF6EE, 0x36F7, 0x8C83, 0xE749, 0x285A, 0x2752,
  0x2752, 0x2752, 0x2852, 0x0752, 0x51BD, 0x56F7, 0xF6EE, 0x16EF,
  0x16EF, 0x16EF, 0x16EF, 0x16EF, 0x16EF, 0x16EF, 0x16EF, 0x16EF,
  0x16EF, 0xF5EE, 0x56F7, 0xAFA4, 0xC749, 0x285A, 0x2752, 0x2752,
  0x1FF8, 0x1FF8, 0x1FF8, 0x1FF8, 0x1FF8, 0x1FF8, 0x1FF8, 0x1FF8,
  0x1FF8, 0x1FF8, 0x0752, 0x485A, 0x2752, 0x0752, 0xEA6A, 0xF5EE,
  0x16EF, 0x16EF, 0x16EF, 0x16EF, 0x16EF, 0x16EF, 0x16EF, 0x16EF,
  0x16EF, 0x16EF, 0x16EF, 0xF6EE, 0x36F7, 0x74DE, 0x685A, 0x0752,
  0x2752, 0x2752, 0x2752, 0x2852, 0x0752, 0xC96A, 0xB5E6, 0x16F7,
  0xF6EE, 0x16EF, 0x16EF, 0x16EF, 0x16EF, 0x16EF, 0x16EF, 0x16EF,
  0x16EF, 0x16EF, 0x16EF, 0x16EF, 0x16EF, 0x16EF, 0x16EF, 0x16EF,
  0x16EF, 0x16EF, 0x16EF, 0x16EF, 0x16EF, 0x16EF, 0x16EF, 0x16EF,
  0x16EF, 0xF6EE, 0x16F7, 0x4B7B, 0xE751, 0x2852, 0x2752, 0x2752,
  0x2752, 0x2852, 0x0752, 0x30B5, 0x56F7, 0xF6EE, 0x16EF, 0x16EF,
  0x16EF, 0x16EF, 0x16EF, 0x16EF, 0xF6EE, 0xF6EE, 0xF6EE, 0xF6EE,
  0xF6EE, 0x56F7, 0x13D6, 0x485A, 0x2752, 0x2752, 0x485A, 0x1FF8,
  0x1FF8, 0x1FF8, 0x1FF8, 0x1FF8, 0x1FF8, 0x1FF8, 0x1FF8, 0x1FF8,
  0x1FF8, 0x0752, 0x485A, 0x2752, 0xE749, 0x8B83, 0x16F7, 0xF6EE,
  0x16EF, 0x16EF, 0x16EF, 0x16EF, 0x16EF, 0x16EF, 0x16EF, 0x16EF,
  0x16EF, 0x16EF, 0xF6EE, 0x36F7, 0x94DE, 0x685A, 0x0752, 0x2752,
  0x2752, 0x2752, 0x2852, 0xE751, 0x0A73, 0xF5EE, 0x16EF, 0x16EF,
  0x16EF, 0x16EF, 0x16EF, 0x16EF, 0x16EF, 0x16EF, 0x16EF, 0x16EF,
  0x16EF, 0x16EF, 0x16EF, 0x16EF, 0x16EF, 0x16EF, 0x16EF, 0x16EF,
  0x16EF, 0x16EF, 0x16EF, 0x16EF, 0x16EF, 0x16EF, 0x16EF, 0x16EF,
  0x16EF, 0xF6EE, 0x0A73, 0xE751, 0x2852, 0x2752, 0x2752, 0x2752,
  0x2852, 0xE751, 0x10B5, 0x56F7, 0xF5EE, 0x16EF, 0x16EF, 0x16EF,
  0xF6EE, 0x16EF, 0x16EF, 0x16EF, 0x36F7, 0x36F7, 0x36F7, 0x16EF,
  0xF5EE, 0xB4EE, 0x0A73, 0x0752, 0x2752, 0x485A, 0x0752, 0x1FF8,
  0x1FF8, 0x1FF8, 0x1FF8, 0x1FF8, 0x1FF8, 0x1FF8, 0x1FF8, 0x1FF8,
  0x2752, 0x285A, 0x2852, 0xE749, 0x8EA4, 0x36F7, 0xF5EE, 0x16EF,
  0x16EF, 0x16EF, 0x16EF, 0x16EF, 0x16EF, 0x16EF, 0x16EF, 0x16EF,
  0x16EF, 0xF6EE, 0x36F7, 0x94E6, 0x8862, 0x0752, 0x2752, 0x2752,
  0x2752, 0x2852, 0xE749, 0x2A73, 0x16F7, 0xF6EE, 0x16EF, 0x16EF,
  0x16EF, 0x16EF, 0x16EF, 0x16EF, 0x16EF, 0x16EF, 0x16EF, 0x16EF,
  0x16EF, 0x16EF, 0x16EF, 0x16EF, 0x16EF, 0x16EF, 0x16EF, 0x16EF,
  0x16EF, 0x16EF, 0x16EF, 0x16EF, 0x16EF, 0x16EF, 0x16EF, 0x16EF,
  0xF6EE, 0x0A73, 0xE751, 0x2852, 0x2752, 0x2752, 0x2752, 0x2852,
  0xE749, 0xEFAC, 0x56F7, 0xF5EE, 0x16EF, 0x16EF, 0x16EF, 0x36F7,
  0x16EF, 0xD5EE, 0x94E6, 0x33E6, 0x12DE, 0xD2DD, 0x50D5, 0xEFCC,
  0xEED4, 0x6B8B, 0x074A, 0x2752, 0x2852, 0x2752, 0x1FF8, 0x1FF8,
  0x1FF8, 0x1FF8, 0x1FF8, 0x1FF8, 0x1FF8, 0x1FF8, 0x1FF8, 0x2752,
  0x2752, 0x2852, 0xE751, 0x71BD, 0x97FF, 0x16EF, 0x16EF, 0x16EF,
  0xF6EE, 0xF6EE, 0xF6EE, 0x16EF, 0x16EF, 0x16EF, 0x16EF, 0x16EF,
  0xF6EE, 0x16F7, 0x94E6, 0xA962, 0x0752, 0x2852, 0x2752, 0x2752,
  0x285A, 0xE749, 0x2A73, 0x36F7, 0xF6EE, 0x16EF, 0x16EF, 0x16EF,
  0x16EF, 0x16EF, 0x16EF, 0x16EF, 0x16EF, 0x16EF, 0x16EF, 0x16EF,
  0x16EF, 0x16EF, 0x16EF, 0x16EF, 0x16EF, 0x16EF, 0x16EF, 0x16EF,
  0x16EF, 0x16EF, 0x16EF, 0x16EF, 0x16EF, 0x16EF, 0x16EF, 0x16EF,
  0x2A73, 0xE751, 0x2852, 0x2752, 0x2752, 0x2752, 0x285A, 0xE749,
  0xAFA4, 0x56FF, 0xF5EE, 0x16EF, 0x16EF, 0x16EF, 0x33E6, 0x50D5,
  0xCECC, 0xAECC, 0x8DCC, 0x6DC4, 0x6DC4, 0x6DC4, 0x8DC4, 0xAECC,
  0xECAB, 0x2752, 0x2752, 0x2752, 0x285A, 0x1FF8, 0x1FF8, 0x1FF8,
  0x1FF8, 0x1FF8, 0x1FF8, 0x1FF8, 0x1FF8, 0x1FF8, 0x485A, 0x2752,
  0x2752, 0x285A, 0xAEBC, 0xF2E5, 0x33E6, 0xB5EE, 0xF6EE, 0x16F7,
  0x36F7, 0x36F7, 0x16EF, 0x16EF, 0x16EF, 0x16EF, 0x16EF, 0xF6EE,
  0x16F7, 0xB5E6, 0xA96A, 0x0752, 0x2852, 0x2752, 0x2752, 0x285A,
  0xE749, 0x2A73, 0x36F7, 0xF6EE, 0x16EF, 0x16EF, 0x16EF, 0x16EF,
  0x16EF, 0x16EF, 0x16EF, 0x16EF, 0x16EF, 0x16EF, 0x16EF, 0x16EF,
  0x16EF, 0x16EF, 0x16EF, 0x16EF, 0x16EF, 0x16EF, 0x16EF, 0x16EF,
  0x16EF, 0x16EF, 0x16EF, 0x16EF, 0x16EF, 0xF6EE, 0x16F7, 0x4B7B,
  0xE749, 0x285A, 0x2752, 0x2752, 0x2752, 0x285A, 0xC749, 0x6E9C,
  0x57FF, 0xF5EE, 0xF6EE, 0x36F7, 0x13E6, 0x6DC4, 0x6DC4, 0x8DCC,
  0x8ECC, 0x8ECC, 0xAECC, 0xAECC, 0xAECC, 0x8ECC, 0xAECC, 0x6DC4,
  0x6862, 0x2752, 0x2752, 0x485A, 0x0752, 0x1FF8, 0x1FF8, 0x1FF8,
  0x1FF8, 0x1FF8, 0x1FF8, 0x1FF8, 0x0752, 0x485A, 0x2752, 0x0752,
  0x8862, 0x6DC4, 0x6DC4, 0x8DC4, 0xAECC, 0x0FD5, 0x91DD, 0xF2DD,
  0x33E6, 0xB5EE, 0x16EF, 0x16EF, 0x16EF, 0x16EF, 0xF6EE, 0x16F7,
  0xD5E6, 0xEA6A, 0x0752, 0x2852, 0x2752, 0x2752, 0x2852, 0xE749,
  0x0A73, 0x36F7, 0xF6EE, 0x16EF, 0x16EF, 0x16EF, 0x16EF, 0x16EF,
  0x16EF, 0x16EF, 0x16EF, 0x16EF, 0x16EF, 0x16EF, 0x16EF, 0x16EF,
  0x16EF, 0x16EF, 0x16EF, 0x16EF, 0x16EF, 0x16EF, 0x16EF, 0x16EF,
  0x16EF, 0x16EF, 0x16EF, 0x16EF, 0xF6EE, 0x36F7, 0x6B7B, 0xE749,
  0x285A, 0x2752, 0x2752, 0x2752, 0x285A, 0xC649, 0x2D94, 0x56FF,
  0xF5EE, 0x16EF, 0x16EF, 0x2FD5, 0x8DC4, 0xAECC, 0x8ECC, 0x8ECC,
  0x8ECC, 0x8ECC, 0x8ECC, 0x8ECC, 0x8ECC, 0x8ECC, 0xAECC, 0xC972,
  0x0752, 0x2752, 0x485A, 0x0752, 0x1FF8, 0x1FF8, 0x1FF8, 0x1FF8,
  0x1FF8, 0x1FF8, 0x1FF8, 0x0752, 0x485A, 0x2752, 0x0752, 0xC972,
  0xAECC, 0xAECC, 0x8ECC, 0x8DCC, 0x8DCC, 0x6DC4, 0x6DC4, 0x8DCC,
  0xAECC, 0xB1DD, 0x16EF, 0x16EF, 0x16EF, 0xF6EE, 0x16EF, 0xF5EE,
  0x0A73, 0xE751, 0x2852, 0x2752, 0x2752, 0x2852, 0xE751, 0xEA72,
  0x16F7, 0x16EF, 0x16EF, 0x16EF, 0x16EF, 0x16EF, 0x16EF, 0x16EF,
  0x16EF, 0x16EF, 0x16EF, 0x16EF, 0x16EF, 0x16EF, 0x16EF, 0x16EF,
  0x16EF, 0x16EF, 0x16EF, 0x16EF, 0x16EF, 0x16EF, 0x16EF, 0x16EF,
  0x16EF, 0x16EF, 0x16EF, 0xF6EE, 0x36F7, 0x6B83, 0xE749, 0x285A,
  0x2752, 0x2752, 0x2752, 0x285A, 0xE749, 0xAC83, 0x36F7, 0x16EF,
  0x16EF, 0x16EF, 0x2FD5, 0x8DC4, 0xAECC, 0x8ECC, 0x8ECC, 0x8ECC,
  0x8ECC, 0x8ECC, 0x8ECC, 0x8ECC, 0x8DCC, 0xCED4, 0x6B93, 0x074A,
  0x2752, 0x285A, 0x2752, 0x1FF8, 0x1FF8, 0x1FF8, 0x1FF8, 0x1FF8,
  0x1FF8, 0x1FF8, 0x2752, 0x285A, 0x2752, 0x074A, 0x4A8B, 0xAECC,
  0x8ECC, 0xAECC, 0xAECC, 0xAECC, 0xAECC, 0xAECC, 0xAECC, 0x8DCC,
  0x8DCC, 0x53E6, 0x16EF, 0xF6EE, 0x16EF, 0x16EF, 0x16EF, 0x4B7B,
  0xE749, 0x285A, 0x2752, 0x2752, 0x2852, 0xE751, 0xEA6A, 0xF6EE,
  0x16EF, 0x16EF, 0x16EF, 0x16EF, 0x16EF, 0x16EF, 0x16EF, 0x16EF,
  0x16EF, 0x16EF, 0x16EF, 0x16EF, 0x16EF, 0x16EF, 0x16EF, 0x16EF,
  0x16EF, 0x16EF, 0x16EF, 0x16EF, 0x16EF, 0x16EF, 0x16EF, 0x16EF,
  0x16EF, 0x16EF, 0xF6EE, 0x36F7, 0x8C83, 0xE749, 0x285A, 0x2752,
  0x285A, 0x2752, 0x2852, 0xE751, 0x0A73, 0xF5EE, 0x16EF, 0xF6EE,
  0x36F7, 0x12DE, 0x6DC4, 0x8ECC, 0xAECC, 0x8ECC, 0x8ECC, 0x8ECC,
  0x8ECC, 0x8ECC, 0xAECC, 0x8EC4, 0xAED4, 0xABA3, 0x0752, 0x2752,
  0x2752, 0x2752, 0x1FF8, 0x1FF8, 0x1FF8, 0x1FF8, 0x1FF8, 0x1FF8,
  0x1FF8, 0x2752, 0x2752, 0x2752, 0x0752, 0xECA3, 0xEED4, 0x6DC4,
  0x6DC4, 0x8DCC, 0x8DCC, 0x8ECC, 0xAECC, 0xAECC, 0xAECC, 0x8DCC,
  0x33E6, 0x36F7, 0xF6EE, 0x16EF, 0xF6EE, 0x36F7, 0x8C83, 0xE749,
  0x285A, 0x2752, 0x2752, 0x2852, 0x0752, 0xA962, 0xB5E6, 0x16F7,
  0xF6EE, 0x16EF, 0x16EF, 0x16EF, 0x16EF, 0x16EF, 0x16EF, 0x16EF,
  0x16EF, 0x16EF, 0x16EF, 0x16EF, 0x16EF, 0x16EF, 0x16EF, 0x16EF,
  0x16EF, 0x16EF, 0x16EF, 0x16EF, 0x16EF, 0x16EF, 0x16EF, 0x16EF,
  0x16EF, 0xF6EE, 0x36F7, 0xCC8B, 0xE749, 0x285A, 0x2752, 0x485A,
  0x2752, 0x2852, 0x0752, 0xA962, 0xB5E6, 0x16F7, 0xF6EE, 0x16EF,
  0x16EF, 0xB1DD, 0x8DCC, 0x6DC4, 0x8DCC, 0x8DCC, 0x8ECC, 0x8ECC,
  0x8DCC, 0x8DCC, 0x6DC4, 0xCECC, 0xEFC4, 0x685A, 0x0752, 0x2752,
  0x485A, 0x1FF8, 0x1FF8, 0x1FF8, 0x1FF8, 0x1FF8, 0x1FF8, 0x1FF8,
  0x285A, 0x2752, 0x2752, 0x2852, 0xD2CD, 0xF5F6, 0x12DE, 0x91DD,
  0x0FD5, 0xCECC, 0x8ECC, 0x8DC4, 0x6DC4, 0x6DC4, 0x30D5, 0xD5EE,
  0x16EF, 0x16EF, 0x16EF, 0xF5EE, 0x56F7, 0xCC8B, 0xC649, 0x285A,
  0x2752, 0x2752, 0x2752, 0x0752, 0x685A, 0x54DE, 0x36F7, 0xF6EE,
  0x16EF, 0x16EF, 0x16EF, 0x16EF, 0x16EF, 0x16EF, 0x16EF, 0x16EF,
  0x16EF, 0x16EF, 0x16EF, 0x16EF, 0x16EF, 0x16EF, 0x16EF, 0x16EF,
  0x16EF, 0x16EF, 0x16EF, 0x16EF, 0x16EF, 0x16EF, 0x16EF, 0x16EF,
  0xF6EE, 0x36F7, 0x0D94, 0xE749, 0x285A, 0x2752, 0x485A, 0x2852,
  0x2752, 0x0752, 0x685A, 0x94DE, 0x36F7, 0xF6EE, 0x16EF, 0x16EF,
  0x16EF, 0x53E6, 0x70D5, 0xEFCC, 0xAECC, 0xAECC, 0xAECC, 0xCECC,
  0x0FD5, 0xB2DD, 0x94EE, 0xF6EE, 0xC96A, 0x0752, 0x2752, 0x485A,
  0x0752, 0x1FF8, 0x1FF8, 0x1FF8, 0x1FF8, 0x1FF8, 0x1FF8, 0x485A,
  0x2752, 0x0752, 0xA962, 0x95E6, 0x36F7, 0x36EF, 0x36F7, 0xF6EE,
  0xD5EE, 0x74E6, 0x13E6, 0xF2DD, 0x33E6, 0xD5EE, 0x16EF, 0x16EF,
  0x16EF, 0x16EF, 0xF5EE, 0x57FF, 0x2D94, 0xC649, 0x285A, 0x2752,
  0x2752, 0x2752, 0x2752, 0x2752, 0xF3CD, 0x36F7, 0xF6EE, 0x16EF,
  0x16EF, 0x16EF, 0x16EF, 0x16EF, 0x16EF, 0x16EF, 0x16EF, 0x16EF,
  0x16EF, 0x16EF, 0x16EF, 0x16EF, 0x16EF, 0x16EF, 0x16EF, 0x16EF,
  0x16EF, 0x16EF, 0x16EF, 0x16EF, 0x16EF, 0x16EF, 0x16EF, 0xF6EE,
  0x56F7, 0x6E9C, 0xE749, 0x285A, 0x2752, 0x485A, 0x485A, 0x2752,
  0x2752, 0x2852, 0x13D6, 0x36F7, 0xF6EE, 0x16EF, 0x16EF, 0x16EF,
  0x36F7, 0x16EF, 0xF5EE, 0x94E6, 0x74E6, 0x74E6, 0xD5EE, 0xF6EE,
  0x16F7, 0x16EF, 0x16F7, 0x6B83, 0xE749, 0x2752, 0x485A, 0x0752,
  0x1FF8, 0x1FF8, 0x1FF8, 0x1FF8, 0x1FF8, 0x0752, 0x485A, 0x2752,
  0x0752, 0xEA6A, 0x16EF, 0x16F7, 0x16EF, 0x16EF, 0x16EF, 0x16EF,
  0x16EF, 0x36F7, 0x36F7, 0x36F7, 0x16EF, 0x16EF, 0x16EF, 0x16EF,
  0x16EF, 0xF5EE, 0x57FF, 0x4E9C, 0xC749, 0x285A, 0x2752, 0x2752,
  0x2752, 0x2852, 0x0752, 0xB2C5, 0x56F7, 0xF6EE, 0x16EF, 0x16EF,
  0x16EF, 0x16EF, 0x16EF, 0x16EF, 0x16EF, 0x16EF, 0x16EF, 0x16EF,
  0x16EF, 0x16EF, 0x16EF, 0x16EF, 0x16EF, 0x16EF, 0x16EF, 0x16EF,
  0x16EF, 0x16EF, 0x16EF, 0x16EF, 0x16EF, 0x16EF, 0xF6EE, 0x56F7,
  0xCFAC, 0xE749, 0x285A, 0x2752, 0x485A, 0x485A, 0x2752, 0x2852,
  0x0752, 0x71BD, 0x56F7, 0xF6EE, 0x16EF, 0x16EF, 0x16EF, 0xF6EE,
  0xF6EE, 0x16EF, 0x16EF, 0x36F7, 0x36F7, 0x36F7, 0x36F7, 0x36F7,
  0x16EF, 0x56F7, 0x6E9C, 0xC749, 0x285A, 0x285A, 0x0752, 0x1FF8,
  0x1FF8, 0x1FF8, 0x1FF8, 0x1FF8, 0x0752, 0x485A, 0x2752, 0xE751,
  0x2A73, 0xB5EE, 0xB5EE, 0xD5EE, 0xF5EE, 0xF6EE, 0x16EF, 0x36F7,
  0x36F7, 0x16EF, 0xF6EE, 0xF6EE, 0x16EF, 0x16EF, 0x16EF, 0x16EF,
  0xF5EE, 0x57FF, 0x8EA4, 0xE749, 0x285A, 0x2752, 0x2752, 0x2752,
  0x285A, 0xE749, 0x92C5, 0x56FF, 0xF5EE, 0x16EF, 0x16EF, 0x16EF,
  0x16EF, 0x16EF, 0x16EF, 0x16EF, 0x16EF, 0x16EF, 0x16EF, 0x16EF,
  0x16EF, 0x16EF, 0x16EF, 0x16EF, 0x16EF, 0x16EF, 0x16EF, 0x16EF,
  0x16EF, 0x16EF, 0x16EF, 0x16EF, 0x16EF, 0xF6EE, 0x56F7, 0x50B5,
  0xE749, 0x285A, 0x2752, 0x485A, 0x485A, 0x2752, 0x2852, 0xE749,
  0xF0AC, 0x56FF, 0xF5EE, 0x16EF, 0x16EF, 0x16EF, 0xF6EE, 0x16EF,
  0x36F7, 0x16EF, 0xD5EE, 0x74E6, 0x53E6, 0x33E6, 0x33E6, 0x53E6,
  0x56F7, 0x51B5, 0xE749, 0x285A, 0x2852, 0x2752, 0x1FF8, 0x1FF8,
  0x1FF8, 0x1FF8, 0x1FF8, 0x0752, 0x485A, 0x2752, 0x0752, 0xE972,
  0xCECC, 0xAECC, 0xCECC, 0xEFCC, 0x0FD5, 0x50D5, 0xB1DD, 0x12DE,
  0x74E6, 0xF6EE, 0x16EF, 0x16EF, 0x16EF, 0x16EF, 0x16EF, 0xF5EE,
  0x56FF, 0xCFA4, 0xE749, 0x285A, 0x2752, 0x2752, 0x2752, 0x285A,
  0xC749, 0x30B5, 0x56F7, 0xF6EE, 0x16EF, 0x16EF, 0x16EF, 0x16EF,
  0x16EF, 0x16EF, 0x16EF, 0x16EF, 0x16EF, 0x16EF, 0x16EF, 0x16EF,
  0x16EF, 0x16EF, 0x16EF, 0x16EF, 0x16EF, 0x16EF, 0x16EF, 0x16EF,
  0x16EF, 0x16EF, 0x16EF, 0x16EF, 0xF6EE, 0x56F7, 0xB2C5, 0x0752,
  0x2852, 0x2752, 0x2852, 0x285A, 0x2752, 0x285A, 0xE749, 0xAFA4,
  0x57FF, 0xF5EE, 0x16EF, 0x16EF, 0xF6EE, 0x36F7, 0xD5EE, 0xF2DD,
  0x30D5, 0xCECC, 0xAECC, 0x8DCC, 0x8DCC, 0x8DCC, 0x8DCC, 0x30D5,
  0x10BD, 0x2852, 0x2752, 0x2752, 0x2852, 0x1FF8, 0x1FF8, 0x1FF8,
  0x1FF8, 0x1FF8, 0x2752, 0x485A, 0x2752, 0x0752, 0xE97A, 0xAECC,
  0x8DCC, 0x8DCC, 0x8DCC, 0x8DCC, 0x6DC4, 0x6DC4, 0x6DC4, 0x8ECC,
  0x30D5, 0xB4EE, 0x16EF, 0xF6EE, 0x16EF, 0x16EF, 0xF6EE, 0x56F7,
  0x10B5, 0xE751, 0x2852, 0x2752, 0x2752, 0x2752, 0x285A, 0xE749,
  0x6E9C, 0x56F7, 0xF6EE, 0x16EF, 0x16EF, 0x16EF, 0x16EF, 0x16EF,
  0x16EF, 0x16EF, 0x16EF, 0x16EF, 0x16EF, 0x16EF, 0x16EF, 0x16EF,
  0x16EF, 0x16EF, 0x16EF, 0x16EF, 0x16EF, 0x16EF, 0x16EF, 0x16EF,
  0x16EF, 0x16EF, 0x16EF, 0xF6EE, 0x56F7, 0xF2CD, 0x2752, 0x2752,
  0x2752, 0x2752, 0x2752, 0x2752, 0x285A, 0xE749, 0xAFA4, 0x57FF,
  0xF5EE, 0x16EF, 0xF6EE, 0x16F7, 0x53E6, 0xEFCC, 0x6DC4, 0x8DC4,
  0x8DCC, 0x8ECC, 0x8ECC, 0x8ECC, 0x8ECC, 0x8ECC, 0x8DCC, 0x4DBC,
  0x685A, 0x0752, 0x2752, 0x485A, 0x1FF8, 0x1FF8, 0x1FF8, 0x1FF8,
  0x1FF8, 0x2752, 0x485A, 0x2752, 0x0752, 0xE97A, 0xAECC, 0x8ECC,
  0x8ECC, 0x8ECC, 0xAECC, 0xAECC, 0xAECC, 0xAECC, 0xAECC, 0x6DC4,
  0x91DD, 0x16EF, 0xF6EE, 0x16EF, 0x16EF, 0xF6EE, 0x56F7, 0x71BD,
  0x0752, 0x2852, 0x2752, 0x2752, 0x2752, 0x285A, 0xE749, 0xCFAC,
  0x56F7, 0xF6EE, 0x16EF, 0x16EF, 0x16EF, 0x16EF, 0x16EF, 0x16EF,
  0x16EF, 0x16EF, 0x16EF, 0x16EF, 0x16EF, 0x16EF, 0x16EF, 0x16EF,
  0x16EF, 0x16EF, 0x16EF, 0x16EF, 0x16EF, 0x16EF, 0x16EF, 0x16EF,
  0x16EF, 0x16EF, 0xF6EE, 0x16F7, 0xB5E6, 0xC96A, 0xE751, 0x485A,
  0x285A, 0x2852, 0x2852, 0x285A, 0x0752, 0x71BD, 0x56F7, 0xF5EE,
  0xF6EE, 0x16F7, 0x53E6, 0x8ECC, 0x8DC4, 0xAECC, 0xAECC, 0x8ECC,
  0x8ECC, 0x8ECC, 0x8ECC, 0x8ECC, 0x8ECC, 0xAECC, 0x8DC4, 0x6862,
  0x0752, 0x2752, 0x485A, 0x1FF8, 0x1FF8, 0x1FF8, 0x1FF8, 0x1FF8,
  0x2752, 0x485A, 0x275A, 0x0752, 0xE97A, 0xAECC, 0x8ECC, 0x8ECC,
  0x8ECC, 0x8ECC, 0x8ECC, 0x8ECC, 0x8ECC, 0xAECC, 0x8DC4, 0x50D5,
  0x16EF, 0x16EF, 0x16EF, 0x16EF, 0xF6EE, 0x36F7, 0x33D6, 0x485A,
  0x0752, 0x285A, 0x285A, 0x485A, 0x0752, 0xA962, 0x94DE, 0x36F7,
  0xF6EE, 0x16EF, 0x16EF, 0x16EF, 0x16EF, 0x16EF, 0x16EF, 0x16EF,
  0x16EF, 0x16EF, 0x16EF, 0x16EF, 0x16EF, 0x16EF, 0x16EF, 0x16EF,
  0x16EF, 0x16EF, 0x16EF, 0x16EF, 0x16EF, 0x16EF, 0x16EF, 0x16EF,
  0x16EF, 0x16EF, 0xF6EE, 0x36F7, 0x50B5, 0x485A, 0xC749, 0xE749,
  0xE751, 0x0752, 0xC649, 0x6B7B, 0xD5EE, 0x16EF, 0xF6EE, 0x16EF,
  0xF6EE, 0x2FD5, 0x8DC4, 0xAECC, 0x8ECC, 0x8ECC, 0x8ECC, 0x8ECC,
  0x8ECC, 0x8ECC, 0x8ECC, 0x8ECC, 0x8ECC, 0x8ECC, 0x896A, 0x0752,
  0x2752, 0x485A, 0x0752, 0x1FF8, 0x1FF8, 0x1FF8, 0x1FF8, 0x0752,
  0x485A, 0x2752, 0x0752, 0xE97A, 0xAECC, 0xAECC, 0xAECC, 0xAECC,
  0xAECC, 0xAECC, 0xAECC, 0x8ECC, 0x8DCC, 0x8DCC, 0x33E6, 0x16F7,
  0xF6EE, 0x16EF, 0x16EF, 0x16EF, 0xF6EE, 0x16F7, 0x2D94, 0xE751,
  0xE749, 0xE749, 0x0752, 0xC649, 0xCFAC, 0x56F7, 0xF6EE, 0x16EF,
  0x16EF, 0x16EF, 0x16EF, 0x16EF, 0x16EF, 0x16EF, 0x16EF, 0x16EF,
  0x16EF, 0x16EF, 0x16EF, 0x16EF, 0x16EF, 0x16EF, 0x16EF, 0x16EF,
  0x16EF, 0x16EF, 0x16EF, 0x16EF, 0x16EF, 0x16EF, 0x16EF, 0x16EF,
  0x16EF, 0x16EF, 0xF6EE, 0x36F7, 0xF2CD, 0x6E9C, 0x8C83, 0x2A73,
  0x2A73, 0x4E9C, 0x94E6, 0x16F7, 0xF6EE, 0xF6EE, 0x16EF, 0xB4EE,
  0xCECC, 0x8ECC, 0x8ECC, 0x8ECC, 0x8ECC, 0x8ECC, 0x8ECC, 0x8ECC,
  0x8ECC, 0x8ECC, 0xAECC, 0xAECC, 0x8ECC, 0xA972, 0x0752, 0x2752,
  0x485A, 0x0752, 0x1FF8, 0x1FF8, 0x1FF8, 0x1FF8, 0x0752, 0x485A,
  0x2752, 0x0752, 0x0A7B, 0x8ECC, 0x6DC4, 0x8DC4, 0x8DCC, 0x8DCC,
  0x6DC4, 0x6DC4, 0x8DCC, 0xEFCC, 0x13E6, 0x16EF, 0x16EF, 0x16EF,
  0x16EF, 0x16EF, 0x16EF, 0xF6EE, 0x16F7, 0xF5EE, 0x51BD, 0xAFA4,
  0x0D94, 0x2A73, 0x8EA4, 0xF5EE, 0x16EF, 0xF6EE, 0x16EF, 0x16EF,
  0x16EF, 0x16EF, 0x16EF, 0x16EF, 0x16EF, 0x16EF, 0x16EF, 0x16EF,
  0x16EF, 0x16EF, 0x16EF, 0x16EF, 0x16EF, 0x16EF, 0x16EF, 0x16EF,
  0x16EF, 0x16EF, 0x16EF, 0x16EF, 0x16EF, 0x16EF, 0x16EF, 0x16EF,
  0x16EF, 0x16EF, 0xF6EE, 0x36F7, 0x56F7, 0x16F7, 0xF6EE, 0xF6EE,
  0x36F7, 0x16F7, 0xF6EE, 0x16EF, 0x16EF, 0x16EF, 0xF5EE, 0x0FD5,
  0x6DC4, 0xAECC, 0xAECC, 0xAECC, 0xAECC, 0xAECC, 0xAECC, 0xAECC,
  0x8ECC, 0x8DCC, 0x6DC4, 0x8ECC, 0xC972, 0x0752, 0x2752, 0x485A,
  0x0752, 0x1FF8, 0x1FF8, 0x1FF8, 0x1FF8, 0x0752, 0x485A, 0x2852,
  0xE749, 0xAC8B, 0x74E6, 0xB1DD, 0x30D5, 0xEFCC, 0x0FD5, 0x71D5,
  0xF2DD, 0x53E6, 0xF5EE, 0x36F7, 0x16EF, 0x16EF, 0x16EF, 0x16EF,
  0x16EF, 0x16EF, 0x16EF, 0x16EF, 0x16EF, 0x36F7, 0x56F7, 0x36F7,
  0xF5EE, 0x36F7, 0x16EF, 0x16EF, 0x16EF, 0x16EF, 0x16EF, 0x16EF,
  0x16EF, 0x16EF, 0x16EF, 0x16EF, 0x16EF, 0x16EF, 0x16EF, 0x16EF,
  0x16EF, 0x16EF, 0x16EF, 0x16EF, 0x16EF, 0x16EF, 0x16EF, 0x16EF,
  0x16EF, 0x16EF, 0x16EF, 0x16EF, 0x16EF, 0x16EF, 0x16EF, 0x16EF,
  0x16EF, 0x16EF, 0xF6EE, 0xF6EE, 0x16EF, 0x16EF, 0x16EF, 0xF6EE,
  0xF6EE, 0x16EF, 0x16EF, 0x16EF, 0xF6EE, 0x16F7, 0x53E6, 0xCECC,
  0x6DC4, 0x6DC4, 0x6DC4, 0x8DC4, 0x6DC4, 0x6DC4, 0x6DC4, 0xAECC,
  0xEFCC, 0xB1DD, 0x74E6, 0x6B7B, 0xE749, 0x275A, 0x485A, 0x0752,
  0x1FF8, 0x1FF8, 0x1FF8, 0x1FF8, 0x0752, 0x485A, 0x2852, 0xE749,
  0xCC8B, 0x56F7, 0x36EF, 0x16EF, 0xF5EE, 0xF6EE, 0x16EF, 0x36F7,
  0x36F7, 0x16EF, 0xF6EE, 0x16EF, 0x16EF, 0x16EF, 0x16EF, 0x16EF,
  0x16EF, 0x16EF, 0x16EF, 0x16EF, 0xF6EE, 0xF6EE, 0xF6EE, 0x16EF,
  0xF6EE, 0xF6EE, 0x16EF, 0x16EF, 0x16EF, 0x16EF, 0x16EF, 0x16EF,
  0x16EF, 0x16EF, 0x16EF, 0x16EF, 0x16EF, 0x16EF, 0x16EF, 0x16EF,
  0x16EF, 0x16EF, 0x16EF, 0x16EF, 0x16EF, 0x16EF, 0x16EF, 0x16EF,
  0x16EF, 0x16EF, 0x16EF, 0x16EF, 0x16EF, 0x16EF, 0x16EF, 0x16EF,
  0x16EF, 0x16EF, 0x16EF, 0x16EF, 0x16EF, 0x16EF, 0x16EF, 0x16EF,
  0x16EF, 0x16EF, 0x16EF, 0x16EF, 0x16EF, 0x16EF, 0xB4EE, 0xF2DD,
  0x91DD, 0x50D5, 0x30D5, 0x50D5, 0x91DD, 0x12DE, 0x74E6, 0xF5EE,
  0x36F7, 0x36F7, 0x6B7B, 0xE749, 0x275A, 0x485A, 0x0752, 0x1FF8,
  0x1FF8, 0x1FF8, 0x1FF8, 0x0752, 0x485A, 0x2852, 0xE749, 0xCC8B,
  0x16F7, 0xF5EE, 0x16EF, 0x16EF, 0x16EF, 0x16EF, 0xF6EE, 0xF5EE,
  0xF6EE, 0x16EF, 0x16EF, 0x16EF, 0x16EF, 0x16EF, 0x16EF, 0x16EF,
  0x16EF, 0x16EF, 0x16EF, 0x16EF, 0x16EF, 0x16EF, 0x16EF, 0x16EF,
  0x16EF, 0x16EF, 0x16EF, 0x16EF, 0x16EF, 0x16EF, 0x16EF, 0x16EF,
  0x16EF, 0x16EF, 0x16EF, 0x16EF, 0x16EF, 0x16EF, 0x16EF, 0x16EF,
  0x16EF, 0x16EF, 0x16EF, 0x16EF, 0x16EF, 0x16EF, 0x16EF, 0x16EF,
  0x16EF, 0x16EF, 0x16EF, 0x16EF, 0x16EF, 0x16EF, 0x16EF, 0x16EF,
  0x16EF, 0x16EF, 0x16EF, 0x16EF, 0x16EF, 0x16EF, 0x16EF, 0x16EF,
  0x16EF, 0x16EF, 0x16EF, 0x16EF, 0xF6EE, 0x16EF, 0x36F7, 0x16F7,
  0x16EF, 0x16EF, 0x16EF, 0x36F7, 0x36F7, 0x16F7, 0x16EF, 0xF6EE,
  0x16EF, 0x4B7B, 0xE751, 0x2752, 0x485A, 0x2752, 0x1FF8, 0x1FF8,
  0x1FF8, 0x1FF8, 0x0752, 0x485A, 0x2852, 0xE749, 0xCC8B, 0x36F7,
  0xF5EE, 0xF5EE, 0xF5EE, 0xF6EE, 0x16EF, 0x16EF, 0x36F7, 0x36F7,
  0x16EF, 0x16EF, 0x16EF, 0x16EF, 0x16EF, 0x16EF, 0x16EF, 0x16EF,
  0x16EF, 0x16EF, 0x16EF, 0x16EF, 0x16EF, 0x16EF, 0x16EF, 0x16EF,
  0x16EF, 0x16EF, 0x16EF, 0x16EF, 0x16EF, 0x16EF, 0x16EF, 0x16EF,
  0x16EF, 0x16EF, 0x16EF, 0x16EF, 0x16EF, 0x16EF, 0x16EF, 0x16EF,
  0x16EF, 0x16EF, 0x16EF, 0x16EF, 0x16EF, 0x16EF, 0x16EF, 0x16EF,
  0x16EF, 0x16EF, 0x16EF, 0x16EF, 0x16EF, 0x16EF, 0x16EF, 0x16EF,
  0x16EF, 0x16EF, 0x16EF, 0x16EF, 0x16EF, 0x16EF, 0x16EF, 0x16EF,
  0x16EF, 0x16EF, 0x16EF, 0x16EF, 0xF6EE, 0xF6EE, 0xF6EE, 0x16EF,
  0x16EF, 0x16EF, 0xF6EE, 0xF6EE, 0xF6EE, 0x16EF, 0x16EF, 0xF6EE,
  0x0A73, 0x0752, 0x2752, 0x485A, 0x0752, 0x1FF8, 0x1FF8, 0x1FF8,
  0x1FF8, 0x0752, 0x485A, 0x2752, 0xE749, 0x4B83, 0x50D5, 0xEFCC,
  0xEFCC, 0xEFCC, 0x0FD5, 0x30D5, 0x71D5, 0xF2DD, 0x53E6, 0xF5EE,
  0x16EF, 0x16EF, 0x16EF, 0x16EF, 0x16EF, 0x16EF, 0x16EF, 0x16EF,
  0x16EF, 0x16EF, 0x16EF, 0x16EF, 0x16EF, 0x16EF, 0x16EF, 0x16EF,
  0x16EF, 0x16EF, 0x16EF, 0x16EF, 0x16EF, 0x16EF, 0x16EF, 0x16EF,
  0x16EF, 0x16EF, 0x16EF, 0x16EF, 0x16EF, 0x16EF, 0x16EF, 0x16EF,
  0x16EF, 0x16EF, 0x16EF, 0x16EF, 0x16EF, 0x16EF, 0x16EF, 0x16EF,
  0x16EF, 0x16EF, 0x16EF, 0x16EF, 0x16EF, 0x16EF, 0x16EF, 0x16EF,
  0x16EF, 0x16EF, 0x16EF, 0x16EF, 0x16EF, 0x16EF, 0x16EF, 0x16EF,
  0x16EF, 0x16EF, 0x16EF, 0x16EF, 0xF6EE, 0x16EF, 0x16EF, 0x16EF,
  0x16EF, 0x16EF, 0x16EF, 0x16EF, 0x16EF, 0x16EF, 0xF5EE, 0xEA6A,
  0x0752, 0x2752, 0x485A, 0x0752, 0x1FF8, 0x1FF8, 0x1FF8, 0x1FF8,
  0x0752, 0x485A, 0x275A, 0x0752, 0xE97A, 0x8DCC, 0x8DC4, 0x8DCC,
  0x8DCC, 0x8DCC, 0x8DC4, 0x6DC4, 0x6DC4, 0x8DCC, 0x50D5, 0xD5EE,
  0x16EF, 0xF6EE, 0x16EF, 0x16EF, 0x16EF, 0x16EF, 0x16EF, 0x16EF,
  0x16EF, 0x16EF, 0x16EF, 0x16EF, 0x16EF, 0x16EF, 0x16EF, 0x16EF,
  0x16EF, 0x16EF, 0x16EF, 0x16EF, 0x16EF, 0x16EF, 0x16EF, 0x16EF,
  0x16EF, 0x16EF, 0x16EF, 0x16EF, 0x16EF, 0x16EF, 0x16EF, 0x16EF,
  0x16EF, 0x16EF, 0x16EF, 0x16EF, 0x16EF, 0x16EF, 0x16EF, 0x16EF,
  0x16EF, 0x16EF, 0x16EF, 0x16EF, 0x16EF, 0x16EF, 0x16EF, 0x16EF,
  0x16EF, 0x16EF, 0x16EF, 0x16EF, 0x16EF, 0x16EF, 0x16EF, 0x16EF,
  0x16EF, 0x16EF, 0x16EF, 0x36F7, 0x16EF, 0xF6EE, 0xF5EE, 0xF5EE,
  0xD5EE, 0xD5EE, 0xF5EE, 0xF6EE, 0x36F7, 0xF6EE, 0xC96A, 0x0752,
  0x2752, 0x485A, 0x1FF8, 0x1FF8, 0x1FF8, 0x1FF8, 0x1FF8, 0x0752,
  0x485A, 0x275A, 0x0752, 0xE97A, 0xAECC, 0xAECC, 0xAECC, 0xAECC,
  0xAECC, 0xAECC, 0xAECC, 0xAECC, 0xAECC, 0x6DC4, 0xD2DD, 0x16F7,
  0xF6EE, 0x16EF, 0x16EF, 0x16EF, 0x16EF, 0x16EF, 0x16EF, 0x16EF,
  0x16EF, 0x16EF, 0x16EF, 0x16EF, 0x16EF, 0x16EF, 0x16EF, 0x16EF,
  0x16EF, 0x16EF, 0x16EF, 0x16EF, 0x16EF, 0x16EF, 0x16EF, 0x16EF,
  0x16EF, 0x16EF, 0x16EF, 0x16EF, 0x16EF, 0x16EF, 0x16EF, 0x16EF,
  0x16EF, 0x16EF, 0x16EF, 0x16EF, 0x16EF, 0x16EF, 0x16EF, 0x16EF,
  0x16EF, 0x16EF, 0x16EF, 0x16EF, 0x16EF, 0x16EF, 0x16EF, 0x16EF,
  0x16EF, 0x16EF, 0x16EF, 0x16EF, 0x16EF, 0x16EF, 0x16EF, 0x16EF,
  0x16EF, 0xF5EE, 0x12DE, 0x50D5, 0x0FCD, 0xEFCC, 0xCECC, 0xCECC,
  0xCECC, 0xEFCC, 0x0FCD, 0xB1DD, 0x33DE, 0x8962, 0x0752, 0x2752,
  0x485A, 0x1FF8, 0x1FF8, 0x1FF8, 0x1FF8, 0x1FF8, 0x0752, 0x485A,
  0x2752, 0x0752, 0xA972, 0xAECC, 0x8ECC, 0x8ECC, 0x8ECC, 0x8ECC,
  0x8ECC, 0x8ECC, 0x8ECC, 0xAECC, 0x6DC4, 0xB1DD, 0x36F7, 0xF6EE,
  0x16EF, 0x16EF, 0x16EF, 0x16EF, 0x16EF, 0x16EF, 0x16EF, 0x16EF,
  0x16EF, 0x16EF, 0x16EF, 0x16EF, 0x16EF, 0x16EF, 0x16EF, 0x16EF,
  0x16EF, 0x16EF, 0x16EF, 0x16EF, 0x16EF, 0x16EF, 0x16EF, 0x16EF,
  0x16EF, 0x16EF, 0x16EF, 0x16EF, 0x16EF, 0x16EF, 0x16EF, 0x16EF,
  0x16EF, 0x16EF, 0x16EF, 0x16EF, 0x16EF, 0x16EF, 0x16EF, 0x16EF,
  0x16EF, 0x16EF, 0x16EF, 0x16EF, 0x16EF, 0x16EF, 0x16EF, 0x16EF,
  0x16EF, 0x16EF, 0x16EF, 0x16EF, 0x16EF, 0x16EF, 0x16EF, 0xF5EE,
  0x50D5, 0x6DC4, 0x6DC4, 0x8DCC, 0x8DCC, 0x8DCC, 0x8DCC, 0x8DCC,
  0x8DCC, 0x6DC4, 0x8DCC, 0x2DB4, 0x485A, 0x2752, 0x2752, 0x285A,
  0x1FF8, 0x1FF8, 0x1FF8, 0x1FF8, 0x1FF8, 0x0752, 0x485A, 0x2752,
  0x0752, 0x6862, 0x6DC4, 0xAECC, 0xAECC, 0xAECC, 0xAECC, 0xAECC,
  0xAECC, 0x8DCC, 0x6DC4, 0xCFCC, 0x94E6, 0x16EF, 0xF6EE, 0x16EF,
  0x16EF, 0x16EF, 0x16EF, 0x16EF, 0x16EF, 0x16EF, 0x16EF, 0x16EF,
  0x16EF, 0x16EF, 0x16EF, 0x16EF, 0x16EF, 0x16EF, 0x16EF, 0x16EF,
  0x16EF, 0x16EF, 0x16EF, 0x16EF, 0x16EF, 0x16EF, 0x16EF, 0x16EF,
  0x16EF, 0x16EF, 0x16EF, 0x16EF, 0x16EF, 0x16EF, 0x16EF, 0x16EF,
  0x16EF, 0x16EF, 0x16EF, 0x16EF, 0x16EF, 0x16EF, 0x16EF, 0x16EF,
  0x16EF, 0x16EF, 0x16EF, 0x16EF, 0x16EF, 0x16EF, 0x16EF, 0x16EF,
  0x16EF, 0x16EF, 0x16EF, 0x16EF, 0xF6EE, 0x36F7, 0x33E6, 0x8DCC,
  0xAECC, 0xAECC, 0xAECC, 0x8ECC, 0x8ECC, 0x8ECC, 0x8ECC, 0x8ECC,
  0x8DCC, 0xCED4, 0xCCA3, 0x0752, 0x2752, 0x2752, 0x2752, 0x1FF8,
  0x1FF8, 0x1FF8, 0x1FF8, 0x1FF8, 0x1FF8, 0x485A, 0x2752, 0x2752,
  0x2752, 0xECAB, 0xAECC, 0x6DC4, 0x6DC4, 0x6DC4, 0x6DC4, 0x6DCC,
  0xCECC, 0x91DD, 0xB5EE, 0x16EF, 0xF6EE, 0x16EF, 0x16EF, 0x16EF,
  0x16EF, 0x16EF, 0x16EF, 0x16EF, 0x16EF, 0x16EF, 0x16EF, 0x16EF,
  0x16EF, 0x16EF, 0x16EF, 0x16EF, 0x16EF, 0x16EF, 0x16EF, 0x16EF,
  0x16EF, 0x16EF, 0x16EF, 0x16EF, 0x16EF, 0x16EF, 0x16EF, 0x16EF,
  0x16EF, 0x16EF, 0x16EF, 0x16EF, 0x16EF, 0x16EF, 0x16EF, 0x16EF,
  0x16EF, 0x16EF, 0x16EF, 0x16EF, 0x16EF, 0x16EF, 0x16EF, 0x16EF,
  0x16EF, 0x16EF, 0x16EF, 0x16EF, 0x16EF, 0x16EF, 0x16EF, 0x16EF,
  0x16EF, 0x16EF, 0x16EF, 0xF6EE, 0x36F7, 0xF2DD, 0x8DC4, 0xAECC,
  0x8ECC, 0x8ECC, 0x8ECC, 0x8ECC, 0x8ECC, 0x8ECC, 0x8ECC, 0x8DC4,
  0xCED4, 0x8B93, 0x074A, 0x2752, 0x2852, 0x2752, 0x1FF8, 0x1FF8,
  0x1FF8, 0x1FF8, 0x1FF8, 0x1FF8, 0x0752, 0x2852, 0x285A, 0xE749,
  0x0D94, 0x53E6, 0xD2DD, 0xB2DD, 0x91DD, 0xB1DD, 0x33E6, 0xD5EE,
  0x36F7, 0x16EF, 0x16EF, 0x16EF, 0x16EF, 0x16EF, 0x16EF, 0x16EF,
  0x16EF, 0x16EF, 0x16EF, 0x16EF, 0x16EF, 0x16EF, 0x16EF, 0x16EF,
  0x16EF, 0x16EF, 0x16EF, 0x16EF, 0x16EF, 0x16EF, 0x16EF, 0x16EF,
  0x16EF, 0x16EF, 0x16EF, 0x16EF, 0x16EF, 0x16EF, 0x16EF, 0x16EF,
  0x16EF, 0x16EF, 0x16EF, 0x16EF, 0x16EF, 0x16EF, 0x16EF, 0x16EF,
  0x16EF, 0x16EF, 0x16EF, 0x16EF, 0x16EF, 0x16EF, 0x16EF, 0x16EF,
  0x16EF, 0x16EF, 0x16EF, 0x16EF, 0x16EF, 0x16EF, 0x16EF, 0x16EF,
  0x16EF, 0x16EF, 0xF6EE, 0x16EF, 0x74E6, 0xAECC, 0x8DCC, 0xAECC,
  0x8ECC, 0x8ECC, 0x8ECC, 0x8ECC, 0x8ECC, 0x8ECC, 0x8DC4, 0xCED4,
  0xEA7A, 0x0752, 0x2752, 0x285A, 0x0752, 0x1FF8, 0x1FF8, 0x1FF8,
  0x1FF8, 0x1FF8, 0x1FF8, 0x0752, 0x485A, 0x2752, 0x0752, 0xC96A,
  0x16EF, 0x56F7, 0x36F7, 0x36F7, 0x36F7, 0x36F7, 0x16EF, 0xF6EE,
  0xF6EE, 0x16EF, 0x16EF, 0x16EF, 0x16EF, 0x16EF, 0x16EF, 0x16EF,
  0x16EF, 0x16EF, 0x16EF, 0x16EF, 0x16EF, 0x16EF, 0x16EF, 0x16EF,
  0x16EF, 0x16EF, 0x16EF, 0x16EF, 0x16EF, 0x16EF, 0x16EF, 0x16EF,
  0x16EF, 0x16EF, 0x16EF, 0x16EF, 0x16EF, 0x16EF, 0x16EF, 0x16EF,
  0x16EF, 0x16EF, 0x16EF, 0x16EF, 0x16EF, 0x16EF, 0x16EF, 0x16EF,
  0x16EF, 0x16EF, 0x16EF, 0x16EF, 0x16EF, 0x16EF, 0x16EF, 0x16EF,
  0x16EF, 0x16EF, 0x16EF, 0x16EF, 0x16EF, 0x16EF, 0x16EF, 0x16EF,
  0x16EF, 0x16EF, 0xF6EE, 0x16F7, 0xF2DD, 0x8DCC, 0x8DCC, 0xAECC,
  0xAECC, 0x8ECC, 0x8ECC, 0x8ECC, 0x8DCC, 0xCED4, 0x0CAC, 0x485A,
  0x2752, 0x2752, 0x485A, 0x0752, 0x1FF8, 0x1FF8, 0x1FF8, 0x1FF8,
  0x1FF8, 0x1FF8, 0x1FF8, 0x485A, 0x2752, 0x2852, 0xE751, 0x6E9C,
  0x56F7, 0xF5EE, 0xF6EE, 0xF6EE, 0xF6EE, 0x16EF, 0x16EF, 0x16EF,
  0x16EF, 0x16EF, 0x16EF, 0x16EF, 0x16EF, 0x16EF, 0x16EF, 0x16EF,
  0x16EF, 0x16EF, 0x16EF, 0x16EF, 0x16EF, 0x16EF, 0x16EF, 0x16EF,
  0x16EF, 0x16EF, 0x16EF, 0x16EF, 0x16EF, 0x16EF, 0x16EF, 0x16EF,
  0x16EF, 0x16EF, 0x16EF, 0x16EF, 0x16EF, 0x16EF, 0x16EF, 0x16EF,
  0x16EF, 0x16EF, 0x16EF, 0x16EF, 0x16EF, 0x16EF, 0x16EF, 0x16EF,
  0x16EF, 0x16EF, 0x16EF, 0x16EF, 0x16EF, 0x16EF, 0x16EF, 0x16EF,
  0x16EF, 0x16EF, 0x16EF, 0x16EF, 0x16EF, 0x16EF, 0x16EF, 0x16EF,
  0x16EF, 0x16EF, 0x16EF, 0x16EF, 0x33E6, 0xEFCC, 0x8DC4, 0x6DC4,
  0x8DCC, 0x8ECC, 0x8DC4, 0xAECC, 0xCCA3, 0x485A, 0x0752, 0x2752,
  0x2752, 0x485A, 0x1FF8, 0x1FF8, 0x1FF8, 0x1FF8, 0x1FF8, 0x1FF8,
  0x1FF8, 0x1FF8, 0x2752, 0x2752, 0x2752, 0x2752, 0x0752, 0x8FA4,
  0x56F7, 0xF6EE, 0xF6EE, 0x16EF, 0x16EF, 0x16EF, 0x16EF, 0x16EF,
  0x16EF, 0x16EF, 0x16EF, 0x16EF, 0x16EF, 0x16EF, 0x16EF, 0x16EF,
  0x16EF, 0x16EF, 0x16EF, 0x16EF, 0x16EF, 0x16EF, 0x16EF, 0x16EF,
  0x16EF, 0x16EF, 0x16EF, 0x16EF, 0x16EF, 0x16EF, 0x16EF, 0x16EF,
  0x16EF, 0x16EF, 0x16EF, 0x16EF, 0x16EF, 0x16EF, 0x16EF, 0x16EF,
  0x16EF, 0x16EF, 0x16EF, 0x16EF, 0x16EF, 0x16EF, 0x16EF, 0x16EF,
  0x16EF, 0x16EF, 0x16EF, 0x16EF, 0x16EF, 0x16EF, 0x16EF, 0x16EF,
  0x16EF, 0x16EF, 0x16EF, 0x16EF, 0x16EF, 0x16EF, 0x16EF, 0x16EF,
  0x16EF, 0x16EF, 0x16EF, 0x36F7, 0xF5EE, 0x12DE, 0x30D5, 0xCECC,
  0x8DC4, 0xCED4, 0xECA3, 0x2752, 0x2752, 0x2752, 0x2752, 0x485A,
  0x0752, 0x1FF8, 0x1FF8, 0x1FF8, 0x1FF8, 0x1FF8, 0x1FF8, 0x1FF8,
  0x1FF8, 0x2752, 0x485A, 0x2752, 0x2752, 0x2752, 0xE749, 0x10B5,
  0x77FF, 0x16F7, 0xF5EE, 0x16EF, 0x16EF, 0x16EF, 0x16EF, 0x16EF,
  0x16EF, 0x16EF, 0x16EF, 0x16EF, 0x16EF, 0x16EF, 0x16EF, 0x16EF,
  0x16EF, 0x16EF, 0x16EF, 0x16EF, 0x16EF, 0x16EF, 0x16EF, 0x16EF,
  0x16EF, 0x16EF, 0x16EF, 0x16EF, 0x16EF, 0x16EF, 0x16EF, 0x16EF,
  0x16EF, 0x16EF, 0x16EF, 0x16EF, 0x16EF, 0x16EF, 0x16EF, 0x16EF,
  0x16EF, 0x16EF, 0x16EF, 0x16EF, 0x16EF, 0x16EF, 0x16EF, 0x16EF,
  0x16EF, 0x16EF, 0x16EF, 0x16EF, 0x16EF, 0x16EF, 0x16EF, 0x16EF,
  0x16EF, 0x16EF, 0x16EF, 0x16EF, 0x16EF, 0x16EF, 0x16EF, 0x16EF,
  0x16EF, 0x16EF, 0xF6EE, 0x16EF, 0x36F7, 0x16EF, 0xB5EE, 0xB4EE,
  0xEFB4, 0x485A, 0x2752, 0x2752, 0x2752, 0x285A, 0x2752, 0x1FF8,
  0x1FF8, 0x1FF8, 0x1FF8, 0x1FF8, 0x1FF8, 0x1FF8, 0x1FF8, 0x1FF8,
  0x1FF8, 0x2752, 0x285A, 0x2752, 0x2852, 0x2752, 0x2752, 0x6E9C,
  0xD5E6, 0x56F7, 0x16EF, 0xF5EE, 0xF6EE, 0x16EF, 0x16EF, 0x16EF,
  0x16EF, 0x16EF, 0x16EF, 0x16EF, 0x16EF, 0x16EF, 0x16EF, 0x16EF,
  0x16EF, 0x16EF, 0x16EF, 0x16EF, 0x16EF, 0x16EF, 0x16EF, 0x16EF,
  0x16EF, 0x16EF, 0x16EF, 0x16EF, 0x16EF, 0x16EF, 0x16EF, 0x16EF,
  0x16EF, 0x16EF, 0x16EF, 0x16EF, 0x16EF, 0x16EF, 0x16EF, 0x16EF,
  0x16EF, 0x16EF, 0x16EF, 0x16EF, 0x16EF, 0x16EF, 0x16EF, 0x16EF,
  0x16EF, 0x16EF, 0x16EF, 0x16EF, 0x16EF, 0x16EF, 0x16EF, 0x16EF,
  0x16EF, 0x16EF, 0x16EF, 0x16EF, 0x16EF, 0x16EF, 0x16EF, 0x16EF,
  0x16EF, 0x16EF, 0xF6EE, 0xF5EE, 0x36F7, 0x56F7, 0x30B5, 0x685A,
  0x0752, 0x2852, 0x2752, 0x285A, 0x2752, 0x1FF8, 0x1FF8, 0x1FF8,
  0x1FF8, 0x1FF8, 0x1FF8, 0x1FF8, 0x1FF8, 0x1FF8, 0x1FF8, 0x1FF8,
  0x1FF8, 0x2752, 0x485A, 0x2752, 0x2752, 0x2752, 0xE749, 0xE96A,
  0x51B5, 0xF6EE, 0x56F7, 0x16F7, 0xF5EE, 0xF6EE, 0x16EF, 0x16EF,
  0x16EF, 0x16EF, 0x16EF, 0x16EF, 0x16EF, 0x16EF, 0x16EF, 0x16EF,
  0x16EF, 0x16EF, 0x16EF, 0x16EF, 0x16EF, 0xF5EE, 0xF5EE, 0xF5EE,
  0xF5EE, 0xF5EE, 0xF5EE, 0xF5EE, 0xF5EE, 0xF5EE, 0xF5EE, 0xF5EE,
  0xF5EE, 0xF5EE, 0xF5EE, 0xF5EE, 0xF5EE, 0xF5EE, 0xF5EE, 0xF5EE,
  0x16EF, 0x16EF, 0x16EF, 0x16EF, 0x16EF, 0x16EF, 0x16EF, 0x16EF,
  0x16EF, 0x16EF, 0x16EF, 0x16EF, 0x16EF, 0x16EF, 0x16EF, 0x16EF,
  0x16EF, 0x16EF, 0x16EF, 0x16EF, 0x16EF, 0x16EF, 0x16EF, 0xF6EE,
  0xF5EE, 0x16EF, 0x56FF, 0x94DE, 0xCC8B, 0xE751, 0x0752, 0x2852,
  0x2752, 0x285A, 0x2752, 0x1FF8, 0x1FF8, 0x1FF8, 0x1FF8, 0x1FF8,
  0x1FF8, 0x1FF8, 0x1FF8, 0x1FF8, 0x1FF8, 0x1FF8, 0x1FF8, 0x1FF8,
  0x1FF8, 0x2752, 0x485A, 0x2752, 0x2752, 0x285A, 0x0752, 0xE751,
  0x2A73, 0x51B5, 0xD5EE, 0x56FF, 0x36F7, 0xF6EE, 0xF5EE, 0xF6EE,
  0x16EF, 0x16EF, 0x16EF, 0x16EF, 0x16EF, 0x16EF, 0x16EF, 0xF6EE,
  0xF5EE, 0xF5EE, 0x16EF, 0x16EF, 0x37F7, 0x58F7, 0x59F7, 0x79F7,
  0x7AF7, 0x7AF7, 0x7AF7, 0x7AF7, 0x7AF7, 0x7AF7, 0x7AF7, 0x79F7,
  0x79F7, 0x79F7, 0x79F7, 0x59F7, 0x59F7, 0x58F7, 0x37F7, 0x16EF,
  0xF5EE, 0xF5EE, 0xF5EE, 0x16EF, 0x16EF, 0x16EF, 0x16EF, 0x16EF,
  0x16EF, 0x16EF, 0x16EF, 0x16EF, 0x16EF, 0x16EF, 0x16EF, 0x16EF,
  0x16EF, 0x16EF, 0x16EF, 0x16EF, 0xF6EE, 0xF6EE, 0x16F7, 0x56F7,
  0x16F7, 0x51B5, 0xA962, 0xE749, 0x2852, 0x2752, 0x2752, 0x485A,
  0x2752, 0x1FF8, 0x1FF8, 0x1FF8, 0x1FF8, 0x1FF8, 0x1FF8, 0x1FF8,
  0x1FF8, 0x1FF8, 0x1FF8, 0x1FF8, 0x1FF8, 0x1FF8, 0x1FF8, 0x1FF8,
  0x1FF8, 0x2752, 0x2852, 0x485A, 0x2752, 0x2752, 0x2852, 0xE751,
  0xE751, 0xEA6A, 0xAFA4, 0x54DE, 0x36F7, 0x56FF, 0x16F7, 0xF6EE,
  0xF5EE, 0xF6EE, 0x16EF, 0x16EF, 0xF5EE, 0xF5EE, 0x16EF, 0x59F7,
  0x9BF7, 0xBDFF, 0xDEFF, 0xFFFF, 0xFFFF, 0xFFFF, 0xFFFF, 0xFFFF,
  0xFFFF, 0xFFFF, 0xFFFF, 0xFFFF, 0xFFFF, 0xFFFF, 0xFFFF, 0xFFFF,
  0xFFFF, 0xFFFF, 0xFFFF, 0xFFFF, 0xFFFF, 0xFEFF, 0xDDFF, 0x9BF7,
  0x79F7, 0x37F7, 0x16EF, 0xF5EE, 0xF5EE, 0x16EF, 0x16EF, 0x16EF,
  0x16EF, 0x16EF, 0x16EF, 0x16EF, 0x16EF, 0x16EF, 0x16EF, 0x16EF,
  0xF6EE, 0xF5EE, 0xF6EE, 0x36F7, 0x56F7, 0xB5E6, 0x71BD, 0x6B7B,
  0x0752, 0x0752, 0x285A, 0x2752, 0x2752, 0x485A, 0x2752, 0x1FF8,
  0x1FF8, 0x1FF8, 0x1FF8, 0x1FF8, 0x1FF8, 0x1FF8, 0x1FF8, 0x1FF8,
  0x1FF8, 0x1FF8, 0x1FF8, 0x1FF8, 0x1FF8, 0x1FF8, 0x1FF8, 0x1FF8,
  0x1FF8, 0x1FF8, 0x2852, 0x485A, 0x485A, 0x2752, 0x2852, 0x2852,
  0x0752, 0xE749, 0x685A, 0xAC83, 0x30B5, 0x94DE, 0x36F7, 0x57FF,
  0x36F7, 0x15EF, 0xF5EE, 0x38EF, 0x9BF7, 0xDEFF, 0xFFFF, 0xFFFF,
  0xFFFF, 0xFFFF, 0xFFFF, 0xFFFF, 0xFFFF, 0xFFFF, 0xFFFF, 0xFFFF,
  0xFFFF, 0xFFFF, 0xFFFF, 0xFFFF, 0xFFFF, 0xFFFF, 0xFFFF, 0xFFFF,
  0xFFFF, 0xFFFF, 0xFFFF, 0xFFFF, 0xFFFF, 0xFFFF, 0xFFFF, 0xFFFF,
  0xFFFF, 0xBDFF, 0x7AF7, 0x58F7, 0x16EF, 0xF5EE, 0xF5EE, 0xF5EE,
  0x16EF, 0x16EF, 0x16EF, 0xF6EE, 0xF5EE, 0xF5EE, 0x16EF, 0x16F7,
  0x56FF, 0x36F7, 0x13D6, 0x4E9C, 0xC96A, 0xE751, 0xE749, 0x2852,
  0x2852, 0x2752, 0x285A, 0x285A, 0x0752, 0x1FF8, 0x1FF8, 0x1FF8,
  0x1FF8, 0x1FF8, 0x1FF8, 0x1FF8, 0x1FF8, 0x1FF8, 0x1FF8, 0x1FF8,
  0x1FF8, 0x1FF8, 0x1FF8, 0x1FF8, 0x1FF8, 0x1FF8, 0x1FF8, 0x1FF8,
  0x1FF8, 0x1FF8, 0x1FF8, 0x2752, 0x285A, 0x485A, 0x2752, 0x2752,
  0x285A, 0x0752, 0xE749, 0xE749, 0x8962, 0xAC83, 0x10AD, 0x33D6,
  0x17EF, 0xFDFF, 0xFFFF, 0xFFFF, 0xFFFF, 0xFFFF, 0xFFFF, 0xFFFF,
  0xDFFF, 0xFFFF, 0xFFFF, 0xFFFF, 0xFFFF, 0xFFFF, 0xFFFF, 0xFFFF,
  0xFFFF, 0xFFFF, 0xFFFF, 0xFFFF, 0xFFFF, 0xFFFF, 0xFFFF, 0xFFFF,
  0xFFFF, 0xFFFF, 0xFFFF, 0xFFFF, 0xFFFF, 0xFFFF, 0xFFFF, 0xFFFF,
  0xFFFF, 0xFFFF, 0xFFFF, 0xDEFF, 0x9BF7, 0x59F7, 0x17EF, 0xF5EE,
  0xF5EE, 0x16EF, 0x16F7, 0x56F7, 0x56F7, 0x16EF, 0x94DE, 0x51B5,
  0x8C83, 0x485A, 0xE749, 0x0752, 0x2852, 0x2852, 0x2752, 0x2752,
  0x485A, 0x2752, 0x1FF8, 0x1FF8, 0x1FF8, 0x1FF8, 0x1FF8, 0x1FF8,
  0x1FF8, 0x1FF8, 0x1FF8, 0x1FF8, 0x1FF8, 0x1FF8, 0x1FF8, 0x1FF8,
  0x1FF8, 0x1FF8, 0x1FF8, 0x1FF8, 0x1FF8, 0x1FF8, 0x1FF8, 0x1FF8,
  0x1FF8, 0x1FF8, 0x1FF8, 0x1FF8, 0x0752, 0x2752, 0x485A, 0x2852,
  0x2752, 0x285A, 0x2852, 0x0752, 0xE749, 0xE749, 0x485A, 0x0B6B,
  0x7194, 0x34AD, 0x58CE, 0x1BE7, 0x9DF7, 0xFFFF, 0xFFFF, 0xFFFF,
  0xFFFF, 0xFFFF, 0xFFFF, 0xFFFF, 0xFFFF, 0xFFFF, 0xDFFF, 0xFFFF,
  0xFFFF, 0xFFFF, 0xFFFF, 0xFFFF, 0xFFFF, 0xFFFF, 0xFFFF, 0xFFFF,
  0xFFFF, 0xFFFF, 0xFFFF, 0xFFFF, 0xFFFF, 0xFFFF, 0xFFFF, 0xFFFF,
  0xDFFF, 0xFFFF, 0xFFFF, 0xFFFF, 0xFFFF, 0xFFFF, 0xDDFF, 0x99FF,
  0x16F7, 0x94E6, 0x71BD, 0x8EA4, 0x4B7B, 0x8962, 0xE749, 0xE749,
  0x2752, 0x285A, 0x2752, 0x2752, 0x2852, 0x485A, 0x2752, 0x2752,
  0x1FF8, 0x1FF8, 0x1FF8, 0x1FF8, 0x1FF8, 0x1FF8, 0x1FF8, 0x1FF8,
  0x1FF8, 0x1FF8, 0x1FF8, 0x1FF8, 0x1FF8, 0x1FF8, 0x1FF8, 0x1FF8,
  0x1FF8, 0x1FF8, 0x1FF8, 0x1FF8, 0x1FF8, 0x1FF8, 0x1FF8, 0x1FF8,
  0x1FF8, 0x1FF8, 0x1FF8, 0x1FF8, 0x1FF8, 0x0752, 0x2752, 0x485A,
  0x485A, 0x2852, 0x2752, 0x285A, 0x285A, 0x2752, 0x0752, 0xC649,
  0xC649, 0x0752, 0x485A, 0xCA6A, 0xCE83, 0x719C, 0x54AD, 0x58CE,
  0x1BE7, 0x7DEF, 0xFFFF, 0xFFFF, 0xFFFF, 0xFFFF, 0xFFFF, 0xFFFF,
  0xFFFF, 0xFFFF, 0xFFFF, 0xFFFF, 0xFFFF, 0xFFFF, 0xFFFF, 0xFFFF,
  0xFFFF, 0xFFFF, 0xFFFF, 0xFFFF, 0xFFFF, 0xFFFF, 0xFFFF, 0xFFFF,
  0xFFFF, 0xFFFF, 0xFFFF, 0xFFFF, 0xDFFF, 0x1CE7, 0x74B5, 0x8C83,
  0x8962, 0x0752, 0xC749, 0xE751, 0x0752, 0x2852, 0x2852, 0x2752,
  0x2752, 0x285A, 0x485A, 0x2752, 0x2752, 0x1FF8, 0x1FF8, 0x1FF8,
  0x1FF8, 0x1FF8, 0x1FF8, 0x1FF8, 0x1FF8, 0x1FF8, 0x1FF8, 0x1FF8,
  0x1FF8, 0x1FF8, 0x1FF8, 0x1FF8, 0x1FF8, 0x1FF8, 0x1FF8, 0x1FF8,
  0x1FF8, 0x1FF8, 0x1FF8, 0x1FF8, 0x1FF8, 0x1FF8, 0x1FF8, 0x1FF8,
  0x1FF8, 0x1FF8, 0x1FF8, 0x1FF8, 0x1FF8, 0x1FF8, 0x1FF8, 0x0752,
  0x0752, 0x485A, 0x485A, 0x285A, 0x2752, 0x2752, 0x285A, 0x285A,
  0x2752, 0x2752, 0x0752, 0xE649, 0xC649, 0xC649, 0x0752, 0x485A,
  0xA962, 0x6D7B, 0x3094, 0x919C, 0x13AD, 0xB6BD, 0x38CE, 0x99D6,
  0xBADE, 0xDBDE, 0xFBDE, 0x1CE7, 0x7DEF, 0xBEF7, 0xDEFF, 0xDFFF,
  0xFFFF, 0xDFFF, 0xDEF7, 0x9EF7, 0x3CE7, 0xBADE, 0x58CE, 0xF7C5,
  0x96BD, 0x54AD, 0x5094, 0x2C73, 0x685A, 0xE649, 0xE749, 0x0752,
  0x2752, 0x285A, 0x2852, 0x2752, 0x2752, 0x2852, 0x485A, 0x2852,
  0x2752, 0x1FF8, 0x1FF8, 0x1FF8, 0x1FF8, 0x1FF8, 0x1FF8, 0x1FF8,
  0x1FF8, 0x1FF8, 0x1FF8, 0x1FF8, 0x1FF8, 0x1FF8, 0x1FF8, 0x1FF8,
  0x1FF8, 0x1FF8, 0x1FF8, 0x1FF8, 0x1FF8, 0x1FF8, 0x1FF8, 0x1FF8,
  0x1FF8, 0x1FF8, 0x1FF8, 0x1FF8, 0x1FF8, 0x1FF8, 0x1FF8, 0x1FF8,
  0x1FF8, 0x1FF8, 0x1FF8, 0x1FF8, 0x1FF8, 0x1FF8, 0x1FF8, 0x1FF8,
  0x1FF8, 0x2752, 0x2752, 0x285A, 0x485A, 0x285A, 0x2852, 0x2752,
  0x2752, 0x2852, 0x2852, 0x485A, 0x285A, 0x2752, 0x2752, 0x0752,
  0xE649, 0xC649, 0xC649, 0xC649, 0xE649, 0x0752, 0x2752, 0x2852,
  0x485A, 0x485A, 0x685A, 0x8962, 0xCA6A, 0x0B6B, 0x2C73, 0x2C73,
  0x0B73, 0xEB6A, 0xAA62, 0x8962, 0x485A, 0x0752, 0xE751, 0xC649,
  0xC649, 0xC649, 0xE751, 0x0752, 0x285A, 0x2852, 0x2752, 0x2752,
  0x2852, 0x285A, 0x485A, 0x285A, 0x0752, 0x0752, 0x1FF8, 0x1FF8,
  0x1FF8, 0x1FF8, 0x1FF8, 0x1FF8, 0x1FF8, 0x1FF8, 0x1FF8, 0x1FF8,
  0x1FF8, 0x1FF8, 0x1FF8, 0x1FF8, 0x1FF8, 0x1FF8, 0x1FF8, 0x1FF8,
  0x1FF8, 0x1FF8, 0x1FF8, 0x1FF8, 0x1FF8, 0x1FF8, 0x1FF8, 0x1FF8,
  0x1FF8, 0x1FF8, 0x1FF8, 0x1FF8, 0x1FF8, 0x1FF8, 0x1FF8, 0x1FF8,
  0x1FF8, 0x1FF8, 0x1FF8, 0x1FF8, 0x1FF8, 0x1FF8, 0x1FF8, 0x1FF8,
  0x1FF8, 0x1FF8, 0x1FF8, 0x0752, 0x2752, 0x2752, 0x485A, 0x485A,
  0x285A, 0x285A, 0x2752, 0x2752, 0x2752, 0x2752, 0x2752, 0x2852,
  0x285A, 0x485A, 0x285A, 0x2852, 0x2752, 0x2752, 0x2752, 0x2752,
  0x2752, 0x0752, 0x0752, 0x0752, 0xE751, 0xE751, 0xE751, 0xE751,
  0x0752, 0x0752, 0x0752, 0x2752, 0x2752, 0x2852, 0x285A, 0x285A,
  0x285A, 0x2852, 0x2752, 0x2752, 0x285A, 0x485A, 0x485A, 0x0752,
  0x2752, 0x2752, 0x1FF8, 0x1FF8, 0x1FF8, 0x1FF8, 0x1FF8, 0x1FF8,
  0x1FF8, 0x1FF8, 0x1FF8, 0x1FF8, 0x1FF8, 0x1FF8, 0x1FF8, 0x1FF8,
  0x1FF8, 0x1FF8, 0x1FF8, 0x1FF8, 0x1FF8, 0x1FF8, 0x1FF8, 0x1FF8,
  0x1FF8, 0x1FF8, 0x1FF8, 0x1FF8, 0x1FF8, 0x1FF8, 0x1FF8, 0x1FF8,
  0x1FF8, 0x1FF8, 0x1FF8, 0x1FF8, 0x1FF8, 0x1FF8, 0x1FF8, 0x1FF8,
  0x1FF8, 0x1FF8, 0x1FF8, 0x1FF8, 0x1FF8, 0x1FF8, 0x1FF8, 0x1FF8,
  0x1FF8, 0x1FF8, 0x1FF8, 0x1FF8, 0x1FF8, 0x1FF8, 0x0752, 0x0752,
  0x2752, 0x2752, 0x285A, 0x485A, 0x485A, 0x485A, 0x285A, 0x285A,
  0x285A, 0x285A, 0x485A, 0x485A, 0x485A, 0x285A, 0x285A, 0x2852,
  0x2752, 0x2752, 0x2852, 0x2852, 0x2852, 0x2852, 0x2852, 0x2852,
  0x2752, 0x2752, 0x2752, 0x2852, 0x2852, 0x2852, 0x285A, 0x285A,
  0x485A, 0x485A, 0x2752, 0x2752, 0x2752, 0x1FF8, 0x1FF8, 0x1FF8,
  0x1FF8, 0x1FF8, 0x1FF8, 0x1FF8, 0x1FF8, 0x1FF8, 0x1FF8, 0x1FF8,
  0x1FF8, 0x1FF8, 0x1FF8, 0x1FF8, 0x1FF8, 0x1FF8, 0x1FF8, 0x1FF8,
  0x1FF8, 0x1FF8, 0x1FF8, 0x1FF8, 0x1FF8, 0x1FF8, 0x1FF8, 0x1FF8,
  0x1FF8, 0x1FF8, 0x1FF8, 0x1FF8, 0x1FF8, 0x1FF8, 0x1FF8, 0x1FF8,
  0x1FF8, 0x1FF8, 0x1FF8, 0x1FF8, 0x1FF8, 0x1FF8, 0x1FF8, 0x1FF8,
  0x1FF8, 0x1FF8, 0x1FF8, 0x1FF8, 0x1FF8, 0x1FF8, 0x1FF8, 0x1FF8,
  0x1FF8, 0x1FF8, 0x1FF8, 0x1FF8, 0x1FF8, 0x1FF8, 0x1FF8, 0x1FF8,
  0x1FF8, 0x1FF8, 0x1FF8, 0x2752, 0x2752, 0x2752, 0x0752, 0x2752,
  0x2752, 0x2752, 0x0752, 0x2752, 0x0752, 0x2752, 0x2752, 0x285A,
  0x485A, 0x485A, 0x485A, 0x485A, 0x285A, 0x485A, 0x485A, 0x485A,
  0x285A, 0x285A, 0x2752, 0x2752, 0x0752, 0x2752, 0x0752, 0x0752,
  0x1FF8, 0x1FF8, 0x1FF8, 0x1FF8, 0x1FF8, 0x1FF8, 0x1FF8, 0x1FF8,
  0x1FF8, 0x1FF8, 0x1FF8, 0x1FF8, 0x1FF8, 0x1FF8, 0x1FF8, 0x1FF8,
  0x1FF8, 0x1FF8, 0x1FF8, 0x1FF8, 0x1FF8, 0x1FF8, 0x1FF8, 0x1FF8,
  0x1FF8, 0x1FF8, 0x1FF8, 0x1FF8, 0x1FF8, 0x1FF8, 0x1FF8, 0x1FF8,
  0x1FF8, 0x1FF8, 0x1FF8, 0x1FF8, 0x1FF8, 0x1FF8, 0x1FF8, 0x1FF8,
  0x1FF8, 0x1FF8, 0x1FF8, 0x1FF8, 0x1FF8, 0x1FF8, 0x1FF8, 0x1FF8,
  0x1FF8, 0x1FF8, 0x1FF8, 0x1FF8, 0x1FF8, 0x1FF8, 0x1FF8, 0x1FF8,
  0x1FF8, 0x1FF8, 0x1FF8, 0x1FF8, 0x1FF8, 0x1FF8, 0x1FF8, 0x1FF8,
  0x1FF8, 0x1FF8, 0x1FF8, 0x1FF8, 0x1FF8, 0x1FF8, 0x1FF8, 0x1FF8,
  0x1FF8, 0x1FF8, 0x1FF8, 0x1FF8, 0x1FF8, 0x1FF8, 0x1FF8, 0x1FF8,
  0x0752, 0x0752, 0x0752, 0x0752, 0x0752, 0x0752, 0x1FF8, 0x1FF8,
  0x1FF8, 0x1FF8, 0x1FF8, 0x1FF8, 0x1FF8, 0x1FF8, 0x1FF8, 0x1FF8,
  0x1FF8, 0x1FF8, 0x1FF8, 0x1FF8, 0x1FF8, 0x1FF8, 0x1FF8, 0x1FF8,
  0x1FF8, 0x1FF8, 0x1FF8, 0x1FF8, 0x1FF8, 0x1FF8, 0x1FF8, 0x1FF8,
  0x1FF8, 0x1FF8, 0x1FF8, 0x1FF8, 0x1FF8, 0x1FF8, 0x1FF8, 0x1FF8,
  0x1FF8, 0x1FF8, 0x1FF8, 0x1FF8, 0x1FF8,
};
static const shapoco::gfx2d::Texture tex_head = {
  shapoco::gfx2d::PixelFormat::RGB565_SWAPPED, 95, 91, 190, tex_headData,
};

alignas(4) static const uint16_t tex_mouth_openData[] = {
  0x1FF8, 0x1FF8, 0x1FF8, 0x1FF8, 0x1FF8, 0x1FF8, 0x1FF8, 0x1FF8,
  0x1FF8, 0x1FF8, 0x1FF8, 0x1FF8, 0x1FF8, 0x1FF8, 0x1FF8, 0x1FF8,
  0x1FF8, 0x1FF8, 0x1FF8, 0x1FF8, 0x1FF8, 0x1FF8, 0x1FF8, 0x1FF8,
  0x1FF8, 0x1FF8, 0x1FF8, 0x1FF8, 0x1FF8, 0x1FF8, 0x0752, 0x1FF8,
  0x1FF8, 0x1FF8, 0x1FF8, 0x1FF8, 0x1FF8, 0x1FF8, 0x1FF8, 0x1FF8,
  0x1FF8, 0x1FF8, 0x1FF8, 0x1FF8, 0x1FF8, 0x1FF8, 0x1FF8, 0x1FF8,
  0x1FF8, 0x1FF8, 0x1FF8, 0x1FF8, 0x1FF8, 0x1FF8, 0x1FF8, 0x1FF8,
  0x1FF8, 0x1FF8, 0x1FF8, 0x1FF8, 0x1FF8, 0x1FF8, 0x1FF8, 0x1FF8,
  0x2852, 0x285A, 0x285A, 0x0752, 0x1FF8, 0x1FF8, 0x1FF8, 0x1FF8,
  0x1FF8, 0x1FF8, 0x1FF8, 0x1FF8, 0x1FF8, 0x1FF8, 0x1FF8, 0x1FF8,
  0xFFFF, 0xFFFF, 0xFFFF, 0xFFFF, 0xFFFF, 0xFFFF, 0x1FF8, 0x1FF8,
  0x1FF8, 0x1FF8, 0x1FF8, 0xFFFF, 0xFFFF, 0xFFFF, 0xFFFF, 0xFFFF,
  0xFFFF, 0xFFFF, 0xEB6A, 0x0752, 0x285A, 0x2752, 0x485A, 0x0752,
  0x1FF8, 0x1FF8, 0x1FF8, 0x1FF8, 0x1FF8, 0x1FF8, 0x0752, 0x2852,
  0xE649, 0xF3A4, 0xFFFF, 0xFFFF, 0xFFFF, 0xFFFF, 0xFFFF, 0xFFFF,
  0xFFFF, 0xDFFF, 0xFFFF, 0x1FF8, 0x1FF8, 0xFFFF, 0xFFFF, 0xFFFF,
  0xFFFF, 0xFFFF, 0xFFFF, 0xFFFF, 0xFFFF, 0xB29C, 0xA649, 0x2852,
  0x2752, 0x2752, 0x2752, 0x1FF8, 0x1FF8, 0x1FF8, 0x1FF8, 0x1FF8,
  0x2752, 0x485A, 0x285A, 0x285A, 0xCA6A, 0x1BE7, 0xFFFF, 0xDFFF,
  0xFFFF, 0xFFFF, 0xFFFF, 0xFFFF, 0xFFFF, 0xFFFF, 0xFFFF, 0xFFFF,
  0xFFFF, 0xFFFF, 0xFFFF, 0xFFFF, 0xFFFF, 0xFFFF, 0xFFFF, 0xFFFF,
  0x9DF7, 0xD2A4, 0x2752, 0x2752, 0x2752, 0x285A, 0x1FF8, 0x1FF8,
  0x1FF8, 0x1FF8, 0x285A, 0x2852, 0x2752, 0x485A, 0xE649, 0xCA6A,
  0x5CEF, 0xFFFF, 0xFFFF, 0xFFFF, 0xFFFF, 0xFFFF, 0x5DEF, 0xB29C,
  0xCE83, 0x17C6, 0xFFFF, 0xFFFF, 0xFFFF, 0xFFFF, 0xFFFF, 0xFFFF,
  0xFFFF, 0xFFFF, 0xFFFF, 0xFFFF, 0xFFFF, 0xCA6A, 0x0752, 0x2852,
  0x485A, 0x0752, 0x1FF8, 0x1FF8, 0x2752, 0x2852, 0x2752, 0x285A,
  0xE649, 0xAA62, 0x59CE, 0xFFFF, 0xFFFF, 0xFFFF, 0xFFFF, 0xFFFF,
  0x9EF7, 0x4C7B, 0xC649, 0xE649, 0xE751, 0x17C6, 0xFFFF, 0xFFFF,
  0xFFFF, 0xFFFF, 0xFFFF, 0xFFFF, 0xFFFF, 0xFFFF, 0xFFFF, 0xDEF7,
  0x2B73, 0xE751, 0x2852, 0x485A, 0x0752, 0x1FF8, 0x0752, 0x485A,
  0x2752, 0x285A, 0xE649, 0x6D7B, 0x3CE7, 0xFFFF, 0xFFFF, 0xFFFF,
  0xFFFF, 0xFFFF, 0xFFFF, 0xB29C, 0xC649, 0x485A, 0x485A, 0xC649,
  0x5094, 0xFFFF, 0xFFFF, 0xFFFF, 0xFFFF, 0xFFFF, 0xFFFF, 0xFFFF,
  0xFFFF, 0xFFFF, 0xDFFF, 0x0B73, 0xE751, 0x2852, 0x485A, 0x0752,
  0x1FF8, 0x2752, 0x2752, 0x2852, 0xE751, 0x0B73, 0x7DEF, 0xFFFF,
  0xFFFF, 0xFFFF, 0xFFFF, 0xFFFF, 0xFFFF, 0xBADE, 0x2852, 0x2752,
  0x2852, 0x485A, 0xC649, 0x719C, 0xFFFF, 0xFFFF, 0xFFFF, 0xFFFF,
  0xFFFF, 0xFFFF, 0xFFFF, 0xFFFF, 0xFFFF, 0xDEFF, 0xEB6A, 0xE751,
  0x2852, 0x485A, 0x2752, 0x0752, 0x485A, 0x2752, 0x2752, 0x2752,
  0x79D6, 0xFFFF, 0xDFFF, 0xFFFF, 0xFFFF, 0xFFFF, 0xFFFF, 0xFFFF,
  0x8D83, 0xE649, 0x285A, 0x2752, 0x485A, 0xC649, 0x3094, 0xFFFF,
  0xFFFF, 0xFFFF, 0xFFFF, 0xFFFF, 0xFFFF, 0xFFFF, 0xFFFF, 0xFFFF,
  0xBEF7, 0xAA62, 0x0752, 0x2852, 0x485A, 0x1FF8, 0x0752, 0x285A,
  0x2852, 0xE649, 0x6D7B, 0xFFFF, 0xFFFF, 0xFFFF, 0xFFFF, 0xFFFF,
  0xDFFF, 0xFFFF, 0x96BD, 0xE649, 0x285A, 0x2752, 0x2752, 0x2752,
  0x2752, 0x685A, 0xDBDE, 0xFFFF, 0xDFFF, 0xFFFF, 0xFFFF, 0xFFFF,
  0xFFFF, 0xFFFF, 0xFFFF, 0xDADE, 0x485A, 0x2752, 0x2752, 0x2852,
  0x1FF8, 0x0752, 0x285A, 0x285A, 0xC649, 0x5094, 0xFFFF, 0xFFFF,
  0xFFFF, 0xFFFF, 0xDFFF, 0xFFFF, 0x1BE7, 0x8962, 0x0752, 0x2852,
  0x2752, 0x2752, 0x2752, 0x285A, 0xE751, 0xEB6A, 0x5CEF, 0xFFFF,
  0xDFFF, 0xFFFF, 0xFFFF, 0xFFFF, 0xDEFF, 0xFFFF, 0x95B5, 0xC649,
  0x285A, 0x2852, 0x2752, 0x1FF8, 0x0752, 0x285A, 0x2852, 0xE751,
  0x2C73, 0xFFFF, 0xFFFF, 0xDFFF, 0xFFFF, 0xFFFF, 0x9DEF, 0x4C73,
  0xE751, 0x285A, 0x2752, 0x2752, 0x2752, 0x2752, 0x2752, 0x285A,
  0xE751, 0x0B73, 0x1BE7, 0xFFFF, 0xFFFF, 0xFFFF, 0xFFFF, 0xFFFF,
  0x5CEF, 0xEB6A, 0x0752, 0x2852, 0x285A, 0x0752, 0x1FF8, 0x0752,
  0x485A, 0x2752, 0x2852, 0x0752, 0x75B5, 0xFFFF, 0xFFFF, 0xFFFF,
  0xFBE6, 0x6C7B, 0xE649, 0x285A, 0x2852, 0x0752, 0x496A, 0xEDA2,
  0x285A, 0x2752, 0x2752, 0x285A, 0xE751, 0xA962, 0x75B5, 0x9DF7,
  0xFFFF, 0xDEF7, 0x38CE, 0x0B6B, 0xE751, 0x2852, 0x2752, 0x485A,
  0x0752, 0x1FF8, 0x1FF8, 0x2752, 0x2752, 0x2752, 0x0752, 0x2752,
  0x5094, 0x54B5, 0x7194, 0x695A, 0xE651, 0x285A, 0x2752, 0x2752,
  0x2752, 0xEDAA, 0x71DB, 0xED9A, 0x2752, 0x2752, 0x2852, 0x285A,
  0x0752, 0xE649, 0xAA62, 0x4C7B, 0xEB6A, 0x0752, 0xE751, 0x2852,
  0x2752, 0x2852, 0x2752, 0x1FF8, 0x1FF8, 0x1FF8, 0x0752, 0x485A,
  0x2752, 0x2752, 0x2752, 0xC649, 0xC649, 0xC649, 0x0752, 0x285A,
  0x2852, 0x2752, 0x0752, 0xCC92, 0x70D3, 0x50CB, 0x70D3, 0xED9A,
  0x2752, 0x2752, 0x285A, 0x285A, 0x285A, 0x0752, 0xE751, 0x0752,
  0x2852, 0x2852, 0x2752, 0x2852, 0x2852, 0x1FF8, 0x1FF8, 0x1FF8,
  0x1FF8, 0x1FF8, 0x2752, 0x485A, 0x2752, 0x2752, 0x285A, 0x485A,
  0x285A, 0x2852, 0x2852, 0x2752, 0x2752, 0xCC92, 0x70D3, 0x50CB,
  0x50CB, 0x50CB, 0x70D3, 0x0DAB, 0x4862, 0x074A, 0x2752, 0x2752,
  0x2852, 0x2852, 0x2852, 0x2752, 0x2752, 0x485A, 0x2752, 0x1FF8,
  0x1FF8, 0x1FF8, 0x1FF8, 0x1FF8, 0x1FF8, 0x1FF8, 0x0752, 0x485A,
  0x485A, 0x2852, 0x2752, 0x2752, 0x2752, 0x0752, 0x496A, 0xEDAA,
  0x70D3, 0x50CB, 0x50CB, 0x50CB, 0x50CB, 0x50CB, 0x70D3, 0x2FC3,
  0xAB8A, 0x485A, 0x2752, 0x2752, 0x2752, 0x2752, 0x2752, 0x2752,
  0x2752, 0x1FF8, 0x1FF8, 0x1FF8, 0x1FF8, 0x1FF8, 0x1FF8, 0x1FF8,
  0x1FF8, 0x1FF8, 0x1FF8, 0x0752, 0x2752, 0x2852, 0x2752, 0x285A,
  0xCC9A, 0x4FC3, 0x70D3, 0x50CB, 0x50CB, 0x50CB, 0x50CB, 0x50CB,
  0x50CB, 0x50CB, 0x70CB, 0x70D3, 0x4FC3, 0xAB8A, 0x2752, 0x2852,
  0x2752, 0x485A, 0x2752, 0x1FF8, 0x1FF8, 0x1FF8, 0x1FF8, 0x1FF8,
  0x1FF8, 0x1FF8, 0x1FF8, 0x1FF8, 0x1FF8, 0x1FF8, 0x1FF8, 0x2752,
  0x485A, 0x2752, 0x2752, 0x0DAB, 0x70D3, 0x50CB, 0x50CB, 0x50CB,
  0x50CB, 0x50CB, 0x50CB, 0x50CB, 0x50CB, 0x50CB, 0x50CB, 0x70CB,
  0x8A7A, 0x0752, 0x2852, 0x2752, 0x2752, 0x1FF8, 0x1FF8, 0x1FF8,
  0x1FF8, 0x1FF8, 0x1FF8, 0x1FF8, 0x1FF8, 0x1FF8, 0x1FF8, 0x1FF8,
  0x1FF8, 0x1FF8, 0x1FF8, 0x485A, 0x2752, 0x0752, 0x496A, 0x4FC3,
  0x50CB, 0x50CB, 0x50CB, 0x50CB, 0x50CB, 0x50CB, 0x50CB, 0x50CB,
  0x50CB, 0x70D3, 0xCC92, 0x074A, 0x2752, 0x2752, 0x485A, 0x0752,
  0x1FF8, 0x1FF8, 0x1FF8, 0x1FF8, 0x1FF8, 0x1FF8, 0x1FF8, 0x1FF8,
  0x1FF8, 0x1FF8, 0x1FF8, 0x1FF8, 0x1FF8, 0x1FF8, 0x2752, 0x2752,
  0x2852, 0x0752, 0xCC92, 0x71D3, 0x50CB, 0x50CB, 0x50CB, 0x50CB,
  0x50CB, 0x50CB, 0x50CB, 0x70D3, 0x0EB3, 0x285A, 0x2752, 0x2752,
  0x2752, 0x2752, 0x1FF8, 0x1FF8, 0x1FF8, 0x1FF8, 0x1FF8, 0x1FF8,
  0x1FF8, 0x1FF8, 0x1FF8, 0x1FF8, 0x1FF8, 0x1FF8, 0x1FF8, 0x1FF8,
  0x1FF8, 0x0752, 0x485A, 0x2752, 0x2752, 0x285A, 0x0EB3, 0x71D3,
  0x70CB, 0x70CB, 0x50CB, 0x70CB, 0x70D3, 0x70D3, 0x0EAB, 0x4862,
  0x2752, 0x2852, 0x2752, 0x485A, 0x0752, 0x1FF8, 0x1FF8, 0x1FF8,
  0x1FF8, 0x1FF8, 0x1FF8, 0x1FF8, 0x1FF8, 0x1FF8, 0x1FF8, 0x1FF8,
  0x1FF8, 0x1FF8, 0x1FF8, 0x1FF8, 0x1FF8, 0x485A, 0x2752, 0x2752,
  0x2752, 0x485A, 0xCC92, 0x2EB3, 0x4FC3, 0x50C3, 0x2FBB, 0xEDA2,
  0xAB82, 0x2752, 0x2752, 0x2852, 0x2752, 0x485A, 0x0752, 0x1FF8,
  0x1FF8, 0x1FF8, 0x1FF8, 0x1FF8, 0x1FF8, 0x1FF8, 0x1FF8, 0x1FF8,
  0x1FF8, 0x1FF8, 0x1FF8, 0x1FF8, 0x1FF8, 0x1FF8, 0x1FF8, 0x1FF8,
  0x0752, 0x485A, 0x2752, 0x2752, 0x2752, 0x074A, 0x285A, 0x4862,
  0x4862, 0x485A, 0x2752, 0x074A, 0x2752, 0x2752, 0x2752, 0x285A,
  0x2752, 0x1FF8, 0x1FF8, 0x1FF8, 0x1FF8, 0x1FF8, 0x1FF8, 0x1FF8,
  0x1FF8, 0x1FF8, 0x1FF8, 0x1FF8, 0x1FF8, 0x1FF8, 0x1FF8, 0x1FF8,
  0x1FF8, 0x1FF8, 0x1FF8, 0x1FF8, 0x2752, 0x485A, 0x2752, 0x2752,
  0x2852, 0x2752, 0x2752, 0x2752, 0x2752, 0x2752, 0x2852, 0x2752,
  0x2752, 0x485A, 0x2752, 0x1FF8, 0x1FF8, 0x1FF8, 0x1FF8, 0x1FF8,
  0x1FF8, 0x1FF8, 0x1FF8, 0x1FF8, 0x1FF8, 0x1FF8, 0x1FF8, 0x1FF8,
  0x1FF8, 0x1FF8, 0x1FF8, 0x1FF8, 0x1FF8, 0x1FF8, 0x1FF8, 0x1FF8,
  0x2752, 0x485A, 0x285A, 0x2752, 0x2752, 0x2752, 0x2752, 0x2752,
  0x2752, 0x285A, 0x485A, 0x485A, 0x2752, 0x1FF8, 0x1FF8, 0x1FF8,
  0x1FF8, 0x1FF8, 0x1FF8, 0x1FF8, 0x1FF8, 0x1FF8, 0x1FF8, 0x1FF8,
  0x1FF8, 0x1FF8, 0x1FF8, 0x1FF8, 0x1FF8, 0x1FF8, 0x1FF8, 0x1FF8,
  0x1FF8, 0x1FF8, 0x1FF8, 0x1FF8, 0x1FF8, 0x2752, 0x2752, 0x285A,
  0x485A, 0x485A, 0x285A, 0x2752, 0x0752, 0x0752, 0x1FF8, 0x1FF8,
  0x1FF8, 0x1FF8, 0x1FF8, 0x1FF8, 0x1FF8, 0x1FF8, 0x1FF8, 0x1FF8,
  0x1FF8, 0x1FF8, 0x1FF8, 0x1FF8,
};
static const shapoco::gfx2d::Texture tex_mouth_open = {
  shapoco::gfx2d::PixelFormat::RGB565_SWAPPED, 35, 28, 70, tex_mouth_openData,
};

alignas(4) static const uint16_t tex_mouth_closeData[] = {
  0x1FF8, 0x1FF8, 0x1FF8, 0x1FF8, 0x1FF8, 0x1FF8, 0x1FF8, 0x1FF8,
  0x1FF8, 0xFFFF, 0xFFFF, 0xFFFF, 0xFFFF, 0x1FF8, 0x1FF8, 0x1FF8,
  0x1FF8, 0x1FF8, 0x1FF8, 0x1FF8, 0x1FF8, 0x1FF8, 0x1FF8, 0x1FF8,
  0x1FF8, 0x1FF8, 0x1FF8, 0x1FF8, 0x1FF8, 0x1FF8, 0x1FF8, 0x1FF8,
  0x1FF8, 0x1FF8, 0x1FF8, 0x1FF8, 0x1FF8, 0x1FF8, 0x1FF8, 0x1FF8,
  0xFFFF, 0xFFFF, 0xFFFF, 0xFFFF, 0xFFFF, 0xFFFF, 0xFFFF, 0xFFFF,
  0xFFFF, 0x1FF8, 0x1FF8, 0x1FF8, 0x1FF8, 0x1FF8, 0x1FF8, 0x1FF8,
  0x1FF8, 0x1FF8, 0x1FF8, 0x1FF8, 0x1FF8, 0x1FF8, 0x1FF8, 0x1FF8,
  0x1FF8, 0x1FF8, 0x1FF8, 0x1FF8, 0x1FF8, 0x1FF8, 0x1FF8, 0x1FF8,
  0x1FF8, 0xFFFF, 0xFFFF, 0xFFFF, 0xFFFF, 0xFFFF, 0xFFFF, 0xFFFF,
  0xFFFF, 0xFFFF, 0xFFFF, 0xFFFF, 0x1FF8, 0x1FF8, 0x1FF8, 0x1FF8,
  0x1FF8, 0xFFFF, 0xFFFF, 0xFFFF, 0xFFFF, 0xFFFF, 0xFFFF, 0xFFFF,
  0x9EF7, 0xCA6A, 0x0752, 0x2852, 0x1FF8, 0x1FF8, 0x1FF8, 0x1FF8,
  0x1FF8, 0x1FF8, 0xBAD6, 0xFFFF, 0xFFFF, 0xFFFF, 0xFFFF, 0xFFFF,
  0xFFFF, 0xFFFF, 0xFFFF, 0xFFFF, 0xFFFF, 0xFFFF, 0xFFFF, 0x1FF8,
  0x1FF8, 0xFFFF, 0xFFFF, 0xFFFF, 0xFFFF, 0xFFFF, 0xFFFF, 0xFFFF,
  0xDFFF, 0xFFFF, 0x38CE, 0x285A, 0x2752, 0x485A, 0x0752, 0x1FF8,
  0x1FF8, 0x1FF8, 0x2752, 0x485A, 0x8962, 0x99D6, 0xFFFF, 0xFFFF,
  0xFFFF, 0xFFFF, 0xFFFF, 0xFFFF, 0xFFFF, 0xFFFF, 0xFFFF, 0xFFFF,
  0x5CEF, 0xFBDE, 0xFFFF, 0xFFFF, 0xFFFF, 0xFFFF, 0xFFFF, 0xFFFF,
  0xFFFF, 0xFFFF, 0xDFFF, 0xFFFF, 0x95B5, 0xC649, 0x2852, 0x2752,
  0x2852, 0x1FF8, 0x1FF8, 0x2752, 0x485A, 0x2752, 0xC649, 0x75B5,
  0xFFFF, 0xDFFF, 0xFFFF, 0xFFFF, 0xFFFF, 0xFFFF, 0xFFFF, 0xFFFF,
  0xDFFF, 0xB29C, 0xA962, 0x2B73, 0x38CE, 0xFFFF, 0xFFFF, 0xFFFF,
  0xFFFF, 0xFFFF, 0xFFFF, 0xFFFF, 0xFFFF, 0xFFFF, 0xFBDE, 0x485A,
  0x2752, 0x2752, 0x485A, 0x0752, 0x1FF8, 0x2852, 0x2752, 0x2752,
  0x485A, 0xBAD6, 0xFFFF, 0xFFFF, 0xFFFF, 0xFFFF, 0xFFFF, 0xFFFF,
  0xFFFF, 0xFFFF, 0xD7C5, 0xC649, 0x2752, 0xC649, 0xCA6A, 0x7DEF,
  0xFFFF, 0xFFFF, 0xFFFF, 0xFFFF, 0xFFFF, 0xFFFF, 0xFFFF, 0xFFFF,
  0xDEF7, 0x0B73, 0xE751, 0x2852, 0x285A, 0x0752, 0x2752, 0x485A,
  0x2852, 0x0752, 0xEA6A, 0xBEF7, 0xFFFF, 0xFFFF, 0xFFFF, 0xFFFF,
  0xFFFF, 0xFFFF, 0xFFFF, 0xFFFF, 0xCE83, 0xE649, 0x485A, 0x2852,
  0x2852, 0xDADE, 0xFFFF, 0xFFFF, 0xFFFF, 0xFFFF, 0xFFFF, 0xFFFF,
  0xFFFF, 0xFFFF, 0xFFFF, 0x308C, 0xC649, 0x285A, 0x2852, 0x0752,
  0x0752, 0x285A, 0x2852, 0xE751, 0x4C7B, 0xDEF7, 0xFFFF, 0xFFFF,
  0xFFFF, 0xFFFF, 0xFFFF, 0xFFFF, 0xFFFF, 0x7DEF, 0xA962, 0x0752,
  0x285A, 0x0752, 0x685A, 0xFBE6, 0xFFFF, 0xFFFF, 0xFFFF, 0xFFFF,
  0xFFFF, 0xFFFF, 0xFFFF, 0xDFFF, 0xFFFF, 0x919C, 0xC649, 0x485A,
  0x2852, 0x2752, 0x0752, 0x285A, 0x2852, 0xE751, 0x0B73, 0xBEF7,
  0xFFFF, 0xFFFF, 0xFFFF, 0xFFFF, 0xFFFF, 0xDFFF, 0xFFFF, 0xD6BD,
  0xE649, 0x285A, 0x2852, 0x2752, 0x685A, 0xFBE6, 0xFFFF, 0xFFFF,
  0xFFFF, 0xFFFF, 0xFFFF, 0xFFFF, 0xFFFF, 0xFFFF, 0xFFFF, 0x4C7B,
  0xE751, 0x2852, 0x2852, 0x0752, 0x0752, 0x485A, 0x2752, 0x0752,
  0xA962, 0x9DF7, 0xFFFF, 0xFFFF, 0xFFFF, 0xFFFF, 0xFFFF, 0xFFFF,
  0xDFFF, 0x2C73, 0xE751, 0x285A, 0x2752, 0x2852, 0x0752, 0x79D6,
  0xFFFF, 0xFFFF, 0xFFFF, 0xFFFF, 0xFFFF, 0xFFFF, 0xDFFF, 0xFFFF,
  0x17C6, 0x0752, 0x2852, 0x2752, 0x485A, 0x0752, 0x1FF8, 0x285A,
  0x2752, 0x2752, 0x2752, 0x79D6, 0xFFFF, 0xFFFF, 0xFFFF, 0xFFFF,
  0xFFFF, 0xFFFF, 0xB29C, 0xE649, 0x285A, 0x2752, 0x2752, 0x285A,
  0xC649, 0x5094, 0xFFFF, 0xDFFF, 0xFFFF, 0xFFFF, 0xFFFF, 0xDFFF,
  0xFFFF, 0x1BE7, 0xAA62, 0x0752, 0x2852, 0x2752, 0x2752, 0x1FF8,
  0x1FF8, 0x2752, 0x2852, 0x285A, 0xC649, 0xF3A4, 0xFFFF, 0xDEFF,
  0xFFFF, 0xFFFF, 0xFFFF, 0xD2A4, 0xE751, 0x2852, 0x2752, 0x2752,
  0x2752, 0x2852, 0x2752, 0x2852, 0x17C6, 0xFFFF, 0xFFFF, 0xFFFF,
  0xFFFF, 0xFFFF, 0x79D6, 0xEA6A, 0xE751, 0x285A, 0x2752, 0x485A,
  0x0752, 0x1FF8, 0x1FF8, 0x2752, 0x285A, 0x2852, 0x0752, 0x0B6B,
  0xDEF7, 0xFFFF, 0xFFFF, 0xDADE, 0xCE83, 0xE649, 0x2852, 0x2852,
  0x2752, 0x285A, 0x2852, 0x2752, 0x2852, 0x0752, 0x285A, 0x7194,
  0x58CE, 0x1CE7, 0x58CE, 0x7194, 0x485A, 0x0752, 0x285A, 0x2752,
  0x2852, 0x2752, 0x1FF8, 0x1FF8, 0x1FF8, 0x0752, 0x485A, 0x2752,
  0x2852, 0xE649, 0xF3A4, 0x38CE, 0x3094, 0x485A, 0xE649, 0x285A,
  0x2752, 0x2752, 0x485A, 0x0752, 0x0752, 0x285A, 0x2752, 0x2852,
  0x2752, 0xC649, 0x0752, 0x285A, 0x0752, 0xC649, 0x2752, 0x2852,
  0x2752, 0x2752, 0x285A, 0x1FF8, 0x1FF8, 0x1FF8, 0x1FF8, 0x1FF8,
  0x2752, 0x2752, 0x2752, 0x2752, 0x0752, 0x0752, 0xC649, 0x2752,
  0x285A, 0x2752, 0x2752, 0x485A, 0x2752, 0x1FF8, 0x1FF8, 0x2752,
  0x285A, 0x2752, 0x2752, 0x285A, 0x2852, 0x2752, 0x2852, 0x285A,
  0x2752, 0x2752, 0x285A, 0x2752, 0x1FF8, 0x1FF8, 0x1FF8, 0x1FF8,
  0x1FF8, 0x1FF8, 0x0752, 0x485A, 0x2752, 0x2752, 0x2852, 0x2852,
  0x285A, 0x2752, 0x2752, 0x285A, 0x485A, 0x2752, 0x1FF8, 0x1FF8,
  0x1FF8, 0x1FF8, 0x2752, 0x485A, 0x285A, 0x2752, 0x2752, 0x2752,
  0x2752, 0x2752, 0x285A, 0x485A, 0x2752, 0x1FF8, 0x1FF8, 0x1FF8,
  0x1FF8, 0x1FF8, 0x1FF8, 0x1FF8, 0x1FF8, 0x2752, 0x485A, 0x2752,
  0x2752, 0x2752, 0x2852, 0x485A, 0x485A, 0x2752, 0x1FF8, 0x1FF8,
  0x1FF8, 0x1FF8, 0x1FF8, 0x1FF8, 0x1FF8, 0x0752, 0x0752, 0x2752,
  0x485A, 0x485A, 0x485A, 0x2752, 0x2752, 0x1FF8, 0x1FF8, 0x1FF8,
  0x1FF8, 0x1FF8, 0x1FF8, 0x1FF8, 0x1FF8, 0x1FF8, 0x1FF8, 0x1FF8,
  0x2752, 0x0752, 0x285A, 0x2852, 0x0752, 0x2752, 0x1FF8, 0x1FF8,
  0x1FF8, 0x1FF8, 0x1FF8, 0x1FF8, 0x1FF8, 0x1FF8, 0x1FF8, 0x1FF8,
  0x1FF8, 0x1FF8, 0x1FF8, 0x1FF8, 0x1FF8, 0x1FF8, 0x1FF8, 0x1FF8,
  0x1FF8, 0x1FF8, 0x1FF8, 0x1FF8, 0x1FF8, 0x1FF8,
};
static const shapoco::gfx2d::Texture tex_mouth_close = {
  shapoco::gfx2d::PixelFormat::RGB565_SWAPPED, 34, 19, 68, tex_mouth_closeData,
};

alignas(4) static const uint16_t tex_whiskersData[] = {
  0x1FF8, 0x0752, 0x2752, 0x0752, 0x0752, 0x0752, 0x1FF8, 0x1FF8,
  0x1FF8, 0x1FF8, 0x1FF8, 0x1FF8, 0x1FF8, 0x1FF8, 0x1FF8, 0x1FF8,
  0x1FF8, 0x1FF8, 0x1FF8, 0x1FF8, 0x1FF8, 0x1FF8, 0x1FF8, 0x1FF8,
  0x1FF8, 0x1FF8, 0x1FF8, 0x1FF8, 0x1FF8, 0x1FF8, 0x1FF8, 0x1FF8,
  0x1FF8, 0x1FF8, 0x1FF8, 0x1FF8, 0x1FF8, 0x1FF8, 0x1FF8, 0x1FF8,
  0x1FF8, 0x1FF8, 0x1FF8, 0x1FF8, 0x1FF8, 0x1FF8, 0x1FF8, 0x1FF8,
  0x1FF8, 0x1FF8, 0x1FF8, 0x1FF8, 0x1FF8, 0x1FF8, 0x1FF8, 0x1FF8,
  0x1FF8, 0x1FF8, 0x1FF8, 0x1FF8, 0x1FF8, 0x1FF8, 0x1FF8, 0x1FF8,
  0x1FF8, 0x1FF8, 0x1FF8, 0x1FF8, 0x1FF8, 0x1FF8, 0x1FF8, 0x1FF8,
  0x1FF8, 0x1FF8, 0x1FF8, 0x1FF8, 0x1FF8, 0x1FF8, 0x1FF8, 0x1FF8,
  0x1FF8, 0x1FF8, 0x1FF8, 0x1FF8, 0x1FF8, 0x1FF8, 0x1FF8, 0x1FF8,
  0x1FF8, 0x1FF8, 0x1FF8, 0x1FF8, 0x1FF8, 0x1FF8, 0x1FF8, 0x1FF8,
  0x1FF8, 0x1FF8, 0x1FF8, 0x1FF8, 0x1FF8, 0x1FF8, 0x1FF8, 0x1FF8,
  0x1FF8, 0x1FF8, 0x1FF8, 0x1FF8, 0x1FF8, 0x1FF8, 0x1FF8, 0x1FF8,
  0x1FF8, 0x1FF8, 0x1FF8, 0x1FF8, 0x1FF8, 0x1FF8, 0x1FF8, 0x1FF8,
  0x1FF8, 0x1FF8, 0x1FF8, 0x1FF8, 0x1FF8, 0x1FF8, 0x1FF8, 0x1FF8,
  0x1FF8, 0x1FF8, 0x1FF8, 0x1FF8, 0x1FF8, 0x2752, 0x285A, 0x2852,
  0x285A, 0x485A, 0x485A, 0x285A, 0x2852, 0x2852, 0x285A, 0x285A,
  0x285A, 0x285A, 0x2752, 0x2752, 0x2752, 0x2752, 0x0752, 0x1FF8,
  0x1FF8, 0x1FF8, 0x1FF8, 0x1FF8, 0x1FF8, 0x1FF8, 0x1FF8, 0x1FF8,
  0x1FF8, 0x1FF8, 0x1FF8, 0x1FF8, 0x1FF8, 0x1FF8, 0x1FF8, 0x1FF8,
  0x1FF8, 0x1FF8, 0x1FF8, 0x1FF8, 0x1FF8, 0x1FF8, 0x1FF8, 0x1FF8,
  0x1FF8, 0x1FF8, 0x1FF8, 0x1FF8, 0x1FF8, 0x1FF8, 0x1FF8, 0x1FF8,
  0x1FF8, 0x1FF8, 0x1FF8, 0x1FF8, 0x1FF8, 0x1FF8, 0x1FF8, 0x1FF8,
  0x1FF8, 0x1FF8, 0x1FF8, 0x1FF8, 0x1FF8, 0x1FF8, 0x1FF8, 0x1FF8,
  0x1FF8, 0x1FF8, 0x1FF8, 0x1FF8, 0x1FF8, 0x1FF8, 0x1FF8, 0x1FF8,
  0x1FF8, 0x1FF8, 0x1FF8, 0x1FF8, 0x1FF8, 0x1FF8, 0x1FF8, 0x1FF8,
  0x1FF8, 0x1FF8, 0x1FF8, 0x1FF8, 0x1FF8, 0x1FF8, 0x1FF8, 0x1FF8,
  0x1FF8, 0x1FF8, 0x1FF8, 0x1FF8, 0x1FF8, 0x1FF8, 0x1FF8, 0x1FF8,
  0x1FF8, 0x1FF8, 0x1FF8, 0x1FF8, 0x1FF8, 0x1FF8, 0x1FF8, 0x1FF8,
  0x1FF8, 0x1FF8, 0x1FF8, 0x1FF8, 0x1FF8, 0x1FF8, 0x1FF8, 0x1FF8,
  0x0752, 0x2752, 0x0752, 0x0752, 0x0752, 0x2852, 0x285A, 0x2752,
  0x285A, 0x485A, 0x485A, 0x485A, 0x485A, 0x285A, 0x2752, 0x1FF8,
  0x0752, 0x485A, 0x2752, 0x2752, 0x2752, 0x2752, 0x2752, 0x2752,
  0x2752, 0x2752, 0x2752, 0x2752, 0x2752, 0x2752, 0x2752, 0x2752,
  0x285A, 0x285A, 0x485A, 0x485A, 0x285A, 0x2752, 0x2752, 0x0752,
  0x1FF8, 0x1FF8, 0x1FF8, 0x1FF8, 0x1FF8, 0x1FF8, 0x1FF8, 0x1FF8,
  0x1FF8, 0x1FF8, 0x1FF8, 0x1FF8, 0x1FF8, 0x1FF8, 0x1FF8, 0x1FF8,
  0x1FF8, 0x1FF8, 0x1FF8, 0x1FF8, 0x1FF8, 0x1FF8, 0x1FF8, 0x1FF8,
  0x1FF8, 0x1FF8, 0x1FF8, 0x1FF8, 0x1FF8, 0x1FF8, 0x1FF8, 0x1FF8,
  0x1FF8, 0x1FF8, 0x1FF8, 0x1FF8, 0x1FF8, 0x1FF8, 0x1FF8, 0x1FF8,
  0x1FF8, 0x1FF8, 0x1FF8, 0x1FF8, 0x1FF8, 0x1FF8, 0x1FF8, 0x1FF8,
  0x1FF8, 0x1FF8, 0x1FF8, 0x1FF8, 0x1FF8, 0x1FF8, 0x1FF8, 0x1FF8,
  0x1FF8, 0x1FF8, 0x1FF8, 0x1FF8, 0x1FF8, 0x1FF8, 0x1FF8, 0x1FF8,
  0x1FF8, 0x1FF8, 0x1FF8, 0x1FF8, 0x1FF8, 0x1FF8, 0x1FF8, 0x1FF8,
  0x1FF8, 0x1FF8, 0x1FF8, 0x1FF8, 0x1FF8, 0x1FF8, 0x1FF8, 0x1FF8,
  0x1FF8, 0x1FF8, 0x1FF8, 0x1FF8, 0x1FF8, 0x1FF8, 0x0752, 0x0752,
  0x2752, 0x2752, 0x285A, 0x485A, 0x485A, 0x485A, 0x485A, 0x285A,
  0x2852, 0x2752, 0x2752, 0x2752, 0x2752, 0x2752, 0x2752, 0x2752,
  0x2752, 0x2752, 0x285A, 0x0752, 0x1FF8, 0x0752, 0x285A, 0x485A,
  0x485A, 0x285A, 0x285A, 0x2852, 0x2752, 0x2752, 0x2852, 0x2852,
  0x2852, 0x2852, 0x2752, 0x2752, 0x2752, 0x2752, 0x2752, 0x2752,
  0x2752, 0x2852, 0x285A, 0x485A, 0x285A, 0x2752, 0x0752, 0x1FF8,
  0x1FF8, 0x1FF8, 0x1FF8, 0x1FF8, 0x1FF8, 0x1FF8, 0x1FF8, 0x1FF8,
  0x1FF8, 0x1FF8, 0x1FF8, 0x1FF8, 0x1FF8, 0x1FF8, 0x1FF8, 0x1FF8,
  0x1FF8, 0x1FF8, 0x1FF8, 0x1FF8, 0x1FF8, 0x1FF8, 0x1FF8, 0x1FF8,
  0x1FF8, 0x1FF8, 0x1FF8, 0x1FF8, 0x1FF8, 0x1FF8, 0x1FF8, 0x1FF8,
  0x1FF8, 0x1FF8, 0x1FF8, 0x1FF8, 0x1FF8, 0x1FF8, 0x1FF8, 0x1FF8,
  0x1FF8, 0x1FF8, 0x1FF8, 0x1FF8, 0x1FF8, 0x1FF8, 0x1FF8, 0x1FF8,
  0x1FF8, 0x1FF8, 0x1FF8, 0x1FF8, 0x1FF8, 0x1FF8, 0x1FF8, 0x1FF8,
  0x1FF8, 0x1FF8, 0x1FF8, 0x1FF8, 0x1FF8, 0x1FF8, 0x1FF8, 0x1FF8,
  0x1FF8, 0x1FF8, 0x1FF8, 0x1FF8, 0x1FF8, 0x1FF8, 0x1FF8, 0x1FF8,
  0x1FF8, 0x1FF8, 0x1FF8, 0x0752, 0x0752, 0x2752, 0x2752, 0x2752,
  0x485A, 0x485A, 0x485A, 0x285A, 0x285A, 0x2752, 0x2752, 0x2752,
  0x2752, 0x2752, 0x2752, 0x2752, 0x2752, 0x2752, 0x2752, 0x2852,
  0x285A, 0x285A, 0x285A, 0x285A, 0x285A, 0x285A, 0x2852, 0x1FF8,
  0x1FF8, 0x1FF8, 0x1FF8, 0x0752, 0x2752, 0x2752, 0x2752, 0x0752,
  0x0752, 0x0752, 0x2752, 0x2752, 0x2752, 0x2752, 0x2752, 0x285A,
  0x485A, 0x485A, 0x285A, 0x285A, 0x2752, 0x2752, 0x2752, 0x2752,
  0x2752, 0x2852, 0x485A, 0x485A, 0x2752, 0x0752, 0x0752, 0x1FF8,
  0x1FF8, 0x1FF8, 0x1FF8, 0x1FF8, 0x1FF8, 0x1FF8, 0x1FF8, 0x1FF8,
  0x1FF8, 0x1FF8, 0x1FF8, 0x1FF8, 0x1FF8, 0x1FF8, 0x1FF8, 0x1FF8,
  0x1FF8, 0x1FF8, 0x1FF8, 0x1FF8, 0x1FF8, 0x1FF8, 0x1FF8, 0x1FF8,
  0x1FF8, 0x1FF8, 0x1FF8, 0x1FF8, 0x1FF8, 0x1FF8, 0x1FF8, 0x1FF8,
  0x1FF8, 0x1FF8, 0x1FF8, 0x1FF8, 0x1FF8, 0x1FF8, 0x1FF8, 0x1FF8,
  0x1FF8, 0x1FF8, 0x1FF8, 0x1FF8, 0x1FF8, 0x1FF8, 0x1FF8, 0x1FF8,
  0x1FF8, 0x1FF8, 0x1FF8, 0x1FF8, 0x1FF8, 0x1FF8, 0x1FF8, 0x1FF8,
  0x1FF8, 0x1FF8, 0x1FF8, 0x1FF8, 0x1FF8, 0x1FF8, 0x1FF8, 0x1FF8,
  0x1FF8, 0x1FF8, 0x1FF8, 0x0752, 0x2752, 0x2752, 0x485A, 0x485A,
  0x485A, 0x285A, 0x2852, 0x2752, 0x2752, 0x2752, 0x2752, 0x2752,
  0x2752, 0x2752, 0x2752, 0x285A, 0x285A, 0x485A, 0x485A, 0x485A,
  0x485A, 0x485A, 0x285A, 0x2752, 0x2752, 0x2752, 0x0752, 0x2752,
  0x2752, 0x2752, 0x0752, 0x1FF8, 0x1FF8, 0x1FF8, 0x1FF8, 0x1FF8,
  0x1FF8, 0x1FF8, 0x1FF8, 0x1FF8, 0x1FF8, 0x1FF8, 0x1FF8, 0x1FF8,
  0x1FF8, 0x1FF8, 0x1FF8, 0x1FF8, 0x1FF8, 0x0752, 0x2752, 0x2752,
  0x2752, 0x485A, 0x485A, 0x285A, 0x2752, 0x2752, 0x2752, 0x2752,
  0x2752, 0x285A, 0x485A, 0x2752, 0x0752, 0x1FF8, 0x1FF8, 0x1FF8,
  0x1FF8, 0x1FF8, 0x1FF8, 0x1FF8, 0x1FF8, 0x1FF8, 0x1FF8, 0x1FF8,
  0x1FF8, 0x1FF8, 0x1FF8, 0x1FF8, 0x1FF8, 0x1FF8, 0x1FF8, 0x1FF8,
  0x1FF8, 0x1FF8, 0x1FF8, 0x1FF8, 0x1FF8, 0x1FF8, 0x1FF8, 0x1FF8,
  0x1FF8, 0x1FF8, 0x1FF8, 0x1FF8, 0x1FF8, 0x1FF8, 0x1FF8, 0x1FF8,
  0x1FF8, 0x1FF8, 0x1FF8, 0x1FF8, 0x1FF8, 0x1FF8, 0x1FF8, 0x1FF8,
  0x1FF8, 0x1FF8, 0x1FF8, 0x1FF8, 0x1FF8, 0x1FF8, 0x1FF8, 0x1FF8,
  0x1FF8, 0x1FF8, 0x1FF8, 0x1FF8, 0x1FF8, 0x1FF8, 0x1FF8, 0x1FF8,
  0x1FF8, 0x1FF8, 0x1FF8, 0x1FF8, 0x2752, 0x2752, 0x485A, 0x485A,
  0x285A, 0x2752, 0x2752, 0x2752, 0x2752, 0x2752, 0x2752, 0x2752,
  0x2852, 0x285A, 0x285A, 0x485A, 0x485A, 0x285A, 0x2752, 0x2752,
  0x0752, 0x0752, 0x0752, 0x0752, 0x1FF8, 0x1FF8, 0x1FF8, 0x1FF8,
  0x1FF8, 0x1FF8, 0x1FF8, 0x1FF8, 0x1FF8, 0x1FF8, 0x1FF8, 0x1FF8,
  0x1FF8, 0x1FF8, 0x1FF8, 0x1FF8, 0x1FF8, 0x1FF8, 0x1FF8, 0x1FF8,
  0x1FF8, 0x1FF8, 0x1FF8, 0x1FF8, 0x1FF8, 0x1FF8, 0x1FF8, 0x1FF8,
  0x1FF8, 0x1FF8, 0x1FF8, 0x1FF8, 0x1FF8, 0x1FF8, 0x0752, 0x0752,
  0x2852, 0x485A, 0x285A, 0x2752, 0x2752, 0x2752, 0x2752, 0x2752,
  0x485A, 0x0752, 0x1FF8, 0x1FF8, 0x1FF8, 0x1FF8, 0x1FF8, 0x1FF8,
  0x1FF8, 0x1FF8, 0x1FF8, 0x1FF8, 0x1FF8, 0x1FF8, 0x1FF8, 0x1FF8,
  0x1FF8, 0x1FF8, 0x1FF8, 0x1FF8, 0x1FF8, 0x1FF8, 0x1FF8, 0x1FF8,
  0x1FF8, 0x1FF8, 0x1FF8, 0x1FF8, 0x1FF8, 0x1FF8, 0x1FF8, 0x1FF8,
  0x1FF8, 0x1FF8, 0x1FF8, 0x1FF8, 0x1FF8, 0x1FF8, 0x1FF8, 0x1FF8,
  0x1FF8, 0x1FF8, 0x1FF8, 0x1FF8, 0x1FF8, 0x1FF8, 0x1FF8, 0x1FF8,
  0x1FF8, 0x1FF8, 0x1FF8, 0x1FF8, 0x1FF8, 0x1FF8, 0x1FF8, 0x1FF8,
  0x1FF8, 0x1FF8, 0x1FF8, 0x1FF8, 0x1FF8, 0x1FF8, 0x1FF8, 0x1FF8,
  0x485A, 0x2752, 0x2752, 0x2752, 0x2752, 0x2752, 0x2852, 0x285A,
  0x485A, 0x485A, 0x485A, 0x2852, 0x2752, 0x2752, 0x0752, 0x0752,
  0x1FF8, 0x1FF8, 0x1FF8, 0x1FF8, 0x1FF8, 0x1FF8, 0x1FF8, 0x1FF8,
  0x1FF8, 0x1FF8, 0x1FF8, 0x1FF8, 0x1FF8, 0x1FF8, 0x1FF8, 0x1FF8,
  0x1FF8, 0x1FF8, 0x1FF8, 0x1FF8, 0x1FF8, 0x1FF8, 0x1FF8, 0x1FF8,
  0x1FF8, 0x1FF8, 0x1FF8, 0x1FF8, 0x1FF8, 0x1FF8, 0x1FF8, 0x1FF8,
  0x1FF8, 0x1FF8, 0x1FF8, 0x1FF8, 0x1FF8, 0x1FF8, 0x1FF8, 0x1FF8,
  0x1FF8, 0x1FF8, 0x1FF8, 0x1FF8, 0x1FF8, 0x0752, 0x0752, 0x2752,
  0x485A, 0x285A, 0x2752, 0x2752, 0x285A, 0x2752, 0x1FF8, 0x1FF8,
  0x1FF8, 0x1FF8, 0x1FF8, 0x1FF8, 0x1FF8, 0x1FF8, 0x1FF8, 0x1FF8,
  0x1FF8, 0x1FF8, 0x1FF8, 0x1FF8, 0x1FF8, 0x1FF8, 0x1FF8, 0x1FF8,
  0x1FF8, 0x1FF8, 0x1FF8, 0x1FF8, 0x1FF8, 0x1FF8, 0x1FF8, 0x1FF8,
  0x1FF8, 0x1FF8, 0x1FF8, 0x1FF8, 0x1FF8, 0x1FF8, 0x1FF8, 0x1FF8,
  0x1FF8, 0x1FF8, 0x1FF8, 0x1FF8, 0x1FF8, 0x1FF8, 0x1FF8, 0x1FF8,
  0x1FF8, 0x1FF8, 0x1FF8, 0x1FF8, 0x1FF8, 0x1FF8, 0x1FF8, 0x1FF8,
  0x1FF8, 0x1FF8, 0x1FF8, 0x1FF8, 0x1FF8, 0x1FF8, 0x1FF8, 0x1FF8,
  0x1FF8, 0x1FF8, 0x1FF8, 0x0752, 0x485A, 0x2752, 0x2752, 0x285A,
  0x485A, 0x285A, 0x2752, 0x2752, 0x0752, 0x0752, 0x1FF8, 0x1FF8,
  0x1FF8, 0x1FF8, 0x1FF8, 0x1FF8, 0x1FF8, 0x1FF8, 0x1FF8, 0x1FF8,
  0x1FF8, 0x1FF8, 0x1FF8, 0x1FF8, 0x1FF8, 0x1FF8, 0x1FF8, 0x1FF8,
  0x1FF8, 0x1FF8, 0x1FF8, 0x1FF8, 0x1FF8, 0x1FF8, 0x1FF8, 0x1FF8,
  0x1FF8, 0x1FF8, 0x1FF8, 0x1FF8, 0x1FF8, 0x1FF8, 0x1FF8, 0x1FF8,
  0x1FF8, 0x1FF8, 0x1FF8, 0x1FF8, 0x1FF8, 0x1FF8, 0x1FF8, 0x1FF8,
  0x1FF8, 0x1FF8, 0x1FF8, 0x1FF8, 0x1FF8, 0x1FF8, 0x1FF8, 0x1FF8,
  0x1FF8, 0x1FF8, 0x1FF8, 0x1FF8, 0x0752, 0x2752, 0x485A, 0x485A,
  0x485A, 0x0752, 0x1FF8, 0x1FF8, 0x1FF8, 0x1FF8, 0x1FF8, 0x1FF8,
  0x1FF8, 0x1FF8, 0x1FF8, 0x1FF8, 0x1FF8, 0x1FF8, 0x1FF8, 0x1FF8,
  0x1FF8, 0x1FF8, 0x1FF8, 0x1FF8, 0x1FF8, 0x1FF8, 0x1FF8, 0x1FF8,
  0x1FF8, 0x1FF8, 0x1FF8, 0x1FF8, 0x1FF8, 0x1FF8, 0x1FF8, 0x1FF8,
  0x1FF8, 0x1FF8, 0x1FF8, 0x1FF8, 0x1FF8, 0x1FF8, 0x1FF8, 0x1FF8,
  0x1FF8, 0x1FF8, 0x1FF8, 0x1FF8, 0x1FF8, 0x1FF8, 0x1FF8, 0x1FF8,
  0x1FF8, 0x1FF8, 0x1FF8, 0x1FF8, 0x1FF8, 0x1FF8, 0x1FF8, 0x1FF8,
  0x1FF8, 0x1FF8, 0x1FF8, 0x1FF8, 0x1FF8, 0x1FF8, 0x1FF8, 0x1FF8,
  0x2752, 0x485A, 0x2852, 0x0752, 0x0752, 0x1FF8, 0x1FF8, 0x1FF8,
  0x1FF8, 0x1FF8, 0x1FF8, 0x1FF8, 0x1FF8, 0x1FF8, 0x1FF8, 0x1FF8,
  0x1FF8, 0x1FF8, 0x1FF8, 0x1FF8, 0x1FF8, 0x1FF8, 0x1FF8, 0x1FF8,
  0x1FF8, 0x1FF8, 0x1FF8, 0x1FF8, 0x1FF8, 0x1FF8, 0x1FF8, 0x1FF8,
  0x1FF8, 0x1FF8, 0x1FF8, 0x1FF8, 0x1FF8, 0x1FF8, 0x1FF8, 0x1FF8,
  0x1FF8, 0x1FF8, 0x1FF8, 0x1FF8, 0x1FF8, 0x1FF8, 0x1FF8, 0x1FF8,
  0x1FF8, 0x1FF8, 0x1FF8, 0x1FF8, 0x1FF8, 0x1FF8, 0x1FF8, 0x1FF8,
  0x1FF8, 0x1FF8, 0x1FF8, 0x1FF8, 0x1FF8, 0x1FF8, 0x1FF8, 0x1FF8,
  0x1FF8, 0x1FF8, 0x1FF8, 0x0752, 0x1FF8, 0x1FF8, 0x1FF8, 0x1FF8,
  0x1FF8, 0x1FF8, 0x1FF8, 0x1FF8, 0x1FF8, 0x1FF8, 0x1FF8, 0x1FF8,
  0x1FF8, 0x1FF8, 0x1FF8, 0x1FF8, 0x1FF8, 0x1FF8, 0x1FF8, 0x1FF8,
  0x1FF8, 0x1FF8, 0x1FF8, 0x1FF8, 0x1FF8, 0x1FF8, 0x1FF8, 0x1FF8,
  0x1FF8, 0x1FF8, 0x1FF8, 0x1FF8, 0x1FF8, 0x1FF8, 0x1FF8, 0x1FF8,
  0x1FF8, 0x1FF8, 0x1FF8, 0x1FF8, 0x1FF8, 0x1FF8, 0x1FF8, 0x1FF8,
  0x1FF8, 0x1FF8, 0x1FF8, 0x1FF8, 0x1FF8, 0x1FF8, 0x1FF8, 0x1FF8,
  0x1FF8, 0x1FF8, 0x1FF8, 0x1FF8, 0x1FF8, 0x1FF8, 0x1FF8, 0x1FF8,
  0x1FF8, 0x1FF8, 0x1FF8, 0x1FF8, 0x1FF8, 0x0752, 0x1FF8, 0x1FF8,
  0x1FF8, 0x1FF8, 0x1FF8, 0x1FF8, 0x1FF8, 0x1FF8, 0x1FF8, 0x1FF8,
  0x1FF8, 0x1FF8, 0x1FF8, 0x1FF8, 0x1FF8, 0x1FF8, 0x1FF8, 0x1FF8,
  0x1FF8, 0x1FF8, 0x1FF8, 0x1FF8, 0x1FF8, 0x1FF8, 0x1FF8, 0x1FF8,
  0x1FF8, 0x1FF8, 0x1FF8, 0x1FF8, 0x1FF8, 0x1FF8, 0x1FF8, 0x1FF8,
  0x1FF8, 0x1FF8, 0x1FF8, 0x1FF8, 0x1FF8, 0x1FF8, 0x1FF8, 0x1FF8,
  0x1FF8, 0x1FF8, 0x1FF8, 0x1FF8, 0x1FF8, 0x1FF8, 0x1FF8, 0x1FF8,
  0x1FF8, 0x1FF8, 0x1FF8, 0x1FF8, 0x1FF8, 0x1FF8, 0x1FF8, 0x1FF8,
  0x1FF8, 0x1FF8, 0x1FF8, 0x1FF8, 0x1FF8, 0x1FF8, 0x1FF8, 0x1FF8,
  0x1FF8, 0x1FF8, 0x1FF8, 0x1FF8, 0x1FF8, 0x1FF8, 0x1FF8, 0x1FF8,
  0x1FF8, 0x1FF8, 0x1FF8, 0x1FF8, 0x1FF8, 0x1FF8, 0x1FF8, 0x1FF8,
  0x1FF8, 0x1FF8, 0x1FF8, 0x1FF8, 0x1FF8, 0x1FF8, 0x1FF8, 0x1FF8,
  0x1FF8, 0x1FF8, 0x1FF8, 0x1FF8, 0x1FF8, 0x1FF8, 0x1FF8, 0x1FF8,
  0x1FF8, 0x1FF8, 0x1FF8, 0x1FF8, 0x1FF8, 0x1FF8, 0x1FF8, 0x1FF8,
  0x1FF8, 0x1FF8, 0x1FF8, 0x1FF8, 0x1FF8, 0x1FF8, 0x1FF8, 0x1FF8,
  0x1FF8, 0x1FF8, 0x1FF8, 0x1FF8, 0x1FF8, 0x1FF8, 0x1FF8, 0x1FF8,
  0x1FF8, 0x1FF8, 0x1FF8, 0x1FF8, 0x1FF8, 0x1FF8, 0x1FF8, 0x1FF8,
  0x1FF8, 0x1FF8, 0x1FF8, 0x1FF8, 0x1FF8, 0x1FF8, 0x1FF8, 0x1FF8,
  0x1FF8, 0x1FF8, 0x1FF8, 0x1FF8, 0x1FF8, 0x1FF8, 0x1FF8, 0x1FF8,
  0x1FF8, 0x1FF8, 0x1FF8, 0x1FF8, 0x1FF8, 0x1FF8, 0x1FF8, 0x1FF8,
  0x1FF8, 0x1FF8, 0x1FF8, 0x1FF8, 0x1FF8, 0x1FF8, 0x1FF8, 0x1FF8,
  0x1FF8, 0x1FF8, 0x1FF8, 0x1FF8, 0x1FF8, 0x1FF8, 0x1FF8, 0x1FF8,
  0x1FF8, 0x1FF8, 0x1FF8, 0x1FF8, 0x1FF8, 0x1FF8, 0x1FF8, 0x1FF8,
  0x1FF8, 0x1FF8, 0x1FF8, 0x1FF8, 0x1FF8, 0x1FF8, 0x1FF8, 0x1FF8,
  0x1FF8, 0x1FF8, 0x1FF8, 0x1FF8, 0x1FF8, 0x1FF8, 0x1FF8, 0x1FF8,
  0x1FF8, 0x1FF8, 0x1FF8, 0x1FF8, 0x1FF8, 0x1FF8, 0x1FF8, 0x1FF8,
  0x1FF8, 0x1FF8, 0x1FF8, 0x1FF8, 0x1FF8, 0x1FF8, 0x1FF8, 0x1FF8,
  0x1FF8, 0x1FF8, 0x1FF8, 0x1FF8, 0x1FF8, 0x1FF8, 0x1FF8, 0x1FF8,
  0x1FF8, 0x1FF8, 0x1FF8, 0x1FF8, 0x1FF8, 0x1FF8, 0x1FF8, 0x1FF8,
  0x1FF8, 0x1FF8, 0x1FF8, 0x1FF8, 0x1FF8, 0x1FF8, 0x1FF8, 0x1FF8,
  0x1FF8, 0x1FF8, 0x1FF8, 0x1FF8, 0x1FF8, 0x1FF8, 0x1FF8, 0x1FF8,
  0x1FF8, 0x1FF8, 0x1FF8, 0x1FF8, 0x1FF8, 0x1FF8, 0x1FF8, 0x1FF8,
  0x1FF8, 0x1FF8, 0x1FF8, 0x1FF8, 0x1FF8, 0x1FF8, 0x1FF8, 0x1FF8,
  0x1FF8, 0x1FF8, 0x1FF8, 0x1FF8, 0x1FF8, 0x1FF8, 0x1FF8, 0x1FF8,
  0x1FF8, 0x1FF8, 0x1FF8, 0x1FF8, 0x1FF8, 0x1FF8, 0x1FF8, 0x1FF8,
  0x1FF8, 0x1FF8, 0x1FF8, 0x1FF8, 0x1FF8, 0x1FF8, 0x1FF8, 0x1FF8,
  0x1FF8, 0x1FF8, 0x1FF8, 0x1FF8, 0x1FF8, 0x1FF8, 0x1FF8, 0x1FF8,
  0x1FF8, 0x1FF8, 0x1FF8, 0x1FF8, 0x1FF8, 0x1FF8, 0x1FF8, 0x1FF8,
  0x1FF8, 0x1FF8, 0x1FF8, 0x1FF8, 0x1FF8, 0x1FF8, 0x1FF8, 0x1FF8,
  0x1FF8, 0x1FF8, 0x1FF8, 0x1FF8, 0x1FF8, 0x1FF8, 0x1FF8, 0x1FF8,
  0x1FF8, 0x1FF8, 0x1FF8, 0x1FF8, 0x1FF8, 0x1FF8, 0x1FF8, 0x1FF8,
  0x1FF8, 0x1FF8, 0x1FF8, 0x1FF8, 0x1FF8, 0x1FF8, 0x1FF8, 0x1FF8,
  0x1FF8, 0x1FF8, 0x1FF8, 0x1FF8, 0x1FF8, 0x1FF8, 0x1FF8, 0x1FF8,
  0x1FF8, 0x1FF8, 0x1FF8, 0x1FF8, 0x1FF8, 0x1FF8, 0x1FF8, 0x1FF8,
  0x1FF8, 0x1FF8, 0x1FF8, 0x1FF8, 0x1FF8, 0x1FF8, 0x1FF8, 0x1FF8,
  0x1FF8, 0x1FF8, 0x1FF8, 0x1FF8, 0x1FF8, 0x1FF8, 0x1FF8, 0x1FF8,
  0x1FF8, 0x1FF8, 0x1FF8, 0x1FF8, 0x1FF8, 0x1FF8, 0x1FF8, 0x1FF8,
  0x1FF8, 0x1FF8, 0x1FF8, 0x1FF8, 0x1FF8, 0x1FF8, 0x1FF8, 0x1FF8,
  0x1FF8, 0x1FF8, 0x1FF8, 0x1FF8, 0x1FF8, 0x1FF8, 0x1FF8, 0x1FF8,
  0x1FF8, 0x1FF8, 0x1FF8, 0x1FF8, 0x1FF8, 0x1FF8, 0x1FF8, 0x1FF8,
  0x1FF8, 0x1FF8, 0x1FF8, 0x1FF8, 0x1FF8, 0x1FF8, 0x1FF8, 0x1FF8,
  0x1FF8, 0x1FF8, 0x1FF8, 0x1FF8, 0x1FF8, 0x1FF8, 0x1FF8, 0x1FF8,
  0x1FF8, 0x1FF8, 0x1FF8, 0x1FF8, 0x1FF8, 0x1FF8, 0x1FF8, 0x1FF8,
  0x1FF8, 0x1FF8, 0x1FF8, 0x1FF8, 0x1FF8, 0x1FF8, 0x1FF8, 0x1FF8,
  0x1FF8, 0x1FF8, 0x1FF8, 0x1FF8, 0x1FF8, 0x1FF8, 0x1FF8, 0x1FF8,
  0x1FF8, 0x1FF8, 0x1FF8, 0x1FF8, 0x1FF8, 0x1FF8, 0x1FF8, 0x1FF8,
  0x1FF8, 0x1FF8, 0x1FF8, 0x1FF8, 0x1FF8, 0x1FF8, 0x1FF8, 0x1FF8,
  0x1FF8, 0x1FF8, 0x1FF8, 0x1FF8, 0x1FF8, 0x1FF8, 0x1FF8, 0x1FF8,
  0x1FF8, 0x1FF8, 0x1FF8, 0x1FF8, 0x1FF8, 0x1FF8, 0x1FF8, 0x1FF8,
  0x1FF8, 0x1FF8, 0x1FF8, 0x1FF8, 0x1FF8, 0x1FF8, 0x1FF8, 0x1FF8,
  0x1FF8, 0x1FF8, 0x1FF8, 0x1FF8, 0x1FF8, 0x1FF8, 0x1FF8, 0x1FF8,
  0x1FF8, 0x1FF8, 0x1FF8, 0x1FF8, 0x1FF8, 0x1FF8, 0x1FF8, 0x1FF8,
  0x1FF8, 0x1FF8, 0x1FF8, 0x1FF8, 0x1FF8, 0x1FF8, 0x1FF8, 0x1FF8,
  0x1FF8, 0x1FF8, 0x1FF8, 0x1FF8, 0x1FF8, 0x1FF8, 0x1FF8, 0x1FF8,
  0x1FF8, 0x1FF8, 0x1FF8, 0x1FF8, 0x1FF8, 0x1FF8, 0x1FF8, 0x1FF8,
  0x1FF8, 0x1FF8, 0x1FF8, 0x1FF8, 0x1FF8, 0x1FF8, 0x1FF8, 0x1FF8,
  0x1FF8, 0x1FF8, 0x1FF8, 0x1FF8, 0x1FF8, 0x1FF8, 0x1FF8, 0x1FF8,
  0x1FF8, 0x1FF8, 0x1FF8, 0x1FF8, 0x1FF8, 0x1FF8, 0x1FF8, 0x1FF8,
  0x1FF8, 0x1FF8, 0x1FF8, 0x1FF8, 0x1FF8, 0x1FF8, 0x1FF8, 0x1FF8,
  0x1FF8, 0x1FF8, 0x1FF8, 0x1FF8, 0x1FF8, 0x1FF8, 0x1FF8, 0x1FF8,
  0x1FF8, 0x1FF8, 0x1FF8, 0x1FF8, 0x1FF8, 0x1FF8, 0x1FF8, 0x1FF8,
  0x1FF8, 0x1FF8, 0x1FF8, 0x1FF8, 0x1FF8, 0x1FF8, 0x1FF8, 0x1FF8,
  0x1FF8, 0x1FF8, 0x1FF8, 0x1FF8, 0x1FF8, 0x1FF8, 0x1FF8, 0x1FF8,
  0x1FF8, 0x0752, 0x2752, 0x0752, 0x0752, 0x0752, 0x0752, 0x1FF8,
  0x1FF8, 0x1FF8, 0x1FF8, 0x1FF8, 0x1FF8, 0x1FF8, 0x1FF8, 0x1FF8,
  0x1FF8, 0x1FF8, 0x1FF8, 0x1FF8, 0x1FF8, 0x1FF8, 0x1FF8, 0x1FF8,
  0x1FF8, 0x1FF8, 0x1FF8, 0x1FF8, 0x1FF8, 0x1FF8, 0x1FF8, 0x1FF8,
  0x1FF8, 0x1FF8, 0x1FF8, 0x1FF8, 0x1FF8, 0x1FF8, 0x1FF8, 0x1FF8,
  0x1FF8, 0x1FF8, 0x1FF8, 0x1FF8, 0x1FF8, 0x1FF8, 0x1FF8, 0x1FF8,
  0x1FF8, 0x1FF8, 0x1FF8, 0x1FF8, 0x1FF8, 0x1FF8, 0x1FF8, 0x1FF8,
  0x1FF8, 0x1FF8, 0x1FF8, 0x1FF8, 0x1FF8, 0x1FF8, 0x1FF8, 0x1FF8,
  0x1FF8, 0x1FF8, 0x1FF8, 0x1FF8, 0x1FF8, 0x1FF8, 0x1FF8, 0x1FF8,
  0x1FF8, 0x1FF8, 0x1FF8, 0x1FF8, 0x1FF8, 0x1FF8, 0x1FF8, 0x1FF8,
  0x1FF8, 0x1FF8, 0x2752, 0x485A, 0x485A, 0x285A, 0x2752, 0x2752,
  0x2752, 0x2752, 0x0752, 0x2752, 0x2752, 0x2752, 0x2752, 0x2752,
  0x2752, 0x0752, 0x2752, 0x0752, 0x0752, 0x0752, 0x1FF8, 0x1FF8,
  0x1FF8, 0x1FF8, 0x1FF8, 0x1FF8, 0x1FF8, 0x1FF8, 0x1FF8, 0x1FF8,
  0x1FF8, 0x1FF8, 0x1FF8, 0x1FF8, 0x1FF8, 0x1FF8, 0x1FF8, 0x1FF8,
  0x1FF8, 0x1FF8, 0x1FF8, 0x1FF8, 0x1FF8, 0x1FF8, 0x1FF8, 0x0752,
  0x0752, 0x2752, 0x2752, 0x485A, 0x485A, 0x485A, 0x485A, 0x485A,
  0x485A, 0x485A, 0x485A, 0x485A, 0x485A, 0x2752, 0x2752, 0x2752,
  0x0752, 0x2752, 0x2752, 0x2752, 0x2752, 0x2752, 0x1FF8, 0x1FF8,
  0x1FF8, 0x1FF8, 0x1FF8, 0x1FF8, 0x1FF8, 0x1FF8, 0x1FF8, 0x1FF8,
  0x1FF8, 0x1FF8, 0x1FF8, 0x1FF8, 0x1FF8, 0x1FF8, 0x1FF8, 0x1FF8,
  0x1FF8, 0x1FF8, 0x1FF8, 0x1FF8, 0x1FF8, 0x1FF8, 0x1FF8, 0x1FF8,
  0x1FF8, 0x1FF8, 0x1FF8, 0x1FF8, 0x1FF8, 0x1FF8, 0x1FF8, 0x1FF8,
  0x1FF8, 0x1FF8, 0x1FF8, 0x1FF8, 0x1FF8, 0x1FF8, 0x1FF8, 0x1FF8,
  0x1FF8, 0x1FF8, 0x1FF8, 0x1FF8, 0x1FF8, 0x1FF8, 0x1FF8, 0x1FF8,
  0x1FF8, 0x1FF8, 0x1FF8, 0x1FF8, 0x1FF8, 0x1FF8, 0x1FF8, 0x1FF8,
  0x1FF8, 0x1FF8, 0x1FF8, 0x1FF8, 0x1FF8, 0x0752, 0x485A, 0x2752,
  0x2752, 0x2752, 0x2752, 0x285A, 0x285A, 0x285A, 0x285A, 0x285A,
  0x285A, 0x285A, 0x285A, 0x285A, 0x285A, 0x285A, 0x285A, 0x285A,
  0x485A, 0x485A, 0x485A, 0x285A, 0x0752, 0x0752, 0x0752, 0x1FF8,
  0x1FF8, 0x1FF8, 0x1FF8, 0x1FF8, 0x1FF8, 0x1FF8, 0x1FF8, 0x1FF8,
  0x1FF8, 0x1FF8, 0x1FF8, 0x1FF8, 0x0752, 0x0752, 0x0752, 0x0752,
  0x0752, 0x2752, 0x485A, 0x485A, 0x485A, 0x285A, 0x2752, 0x2752,
  0x2752, 0x2752, 0x2752, 0x2752, 0x2752, 0x2752, 0x2752, 0x2752,
  0x2752, 0x2752, 0x2852, 0x285A, 0x285A, 0x285A, 0x285A, 0x285A,
  0x285A, 0x485A, 0x2752, 0x1FF8, 0x1FF8, 0x1FF8, 0x1FF8, 0x1FF8,
  0x1FF8, 0x1FF8, 0x1FF8, 0x1FF8, 0x1FF8, 0x1FF8, 0x1FF8, 0x1FF8,
  0x1FF8, 0x1FF8, 0x1FF8, 0x1FF8, 0x1FF8, 0x1FF8, 0x1FF8, 0x1FF8,
  0x1FF8, 0x1FF8, 0x1FF8, 0x1FF8, 0x1FF8, 0x1FF8, 0x1FF8, 0x1FF8,
  0x1FF8, 0x1FF8, 0x1FF8, 0x1FF8, 0x1FF8, 0x1FF8, 0x1FF8, 0x1FF8,
  0x1FF8, 0x1FF8, 0x1FF8, 0x1FF8, 0x1FF8, 0x1FF8, 0x1FF8, 0x1FF8,
  0x1FF8, 0x1FF8, 0x1FF8, 0x1FF8, 0x1FF8, 0x1FF8, 0x1FF8, 0x1FF8,
  0x1FF8, 0x1FF8, 0x1FF8, 0x1FF8, 0x1FF8, 0x1FF8, 0x1FF8, 0x1FF8,
  0x1FF8, 0x1FF8, 0x2752, 0x485A, 0x285A, 0x2852, 0x2752, 0x2752,
  0x2752, 0x2752, 0x2752, 0x2752, 0x2752, 0x2752, 0x2752, 0x2752,
  0x2752, 0x2752, 0x2752, 0x2752, 0x2752, 0x2752, 0x2752, 0x2752,
  0x2852, 0x285A, 0x485A, 0x485A, 0x2752, 0x0752, 0x1FF8, 0x1FF8,
  0x1FF8, 0x1FF8, 0x1FF8, 0x1FF8, 0x1FF8, 0x1FF8, 0x2752, 0x485A,
  0x485A, 0x485A, 0x485A, 0x285A, 0x285A, 0x2752, 0x2752, 0x2752,
  0x2752, 0x2752, 0x2752, 0x2752, 0x285A, 0x285A, 0x285A, 0x485A,
  0x485A, 0x285A, 0x285A, 0x285A, 0x2852, 0x2752, 0x2752, 0x2752,
  0x2752, 0x2752, 0x2752, 0x2752, 0x2752, 0x2752, 0x2752, 0x1FF8,
  0x1FF8, 0x1FF8, 0x1FF8, 0x1FF8, 0x1FF8, 0x1FF8, 0x1FF8, 0x1FF8,
  0x1FF8, 0x1FF8, 0x1FF8, 0x1FF8, 0x1FF8, 0x1FF8, 0x1FF8, 0x1FF8,
  0x1FF8, 0x1FF8, 0x1FF8, 0x1FF8, 0x1FF8, 0x1FF8, 0x1FF8, 0x1FF8,
  0x1FF8, 0x1FF8, 0x1FF8, 0x1FF8, 0x1FF8, 0x1FF8, 0x1FF8, 0x1FF8,
  0x1FF8, 0x1FF8, 0x1FF8, 0x1FF8, 0x1FF8, 0x1FF8, 0x1FF8, 0x1FF8,
  0x1FF8, 0x1FF8, 0x1FF8, 0x1FF8, 0x1FF8, 0x1FF8, 0x1FF8, 0x1FF8,
  0x1FF8, 0x1FF8, 0x1FF8, 0x1FF8, 0x1FF8, 0x1FF8, 0x1FF8, 0x1FF8,
  0x1FF8, 0x1FF8, 0x1FF8, 0x1FF8, 0x1FF8, 0x1FF8, 0x1FF8, 0x0752,
  0x2752, 0x0752, 0x2852, 0x485A, 0x485A, 0x485A, 0x485A, 0x485A,
  0x485A, 0x485A, 0x485A, 0x485A, 0x485A, 0x485A, 0x485A, 0x485A,
  0x485A, 0x285A, 0x2852, 0x2752, 0x2752, 0x2752, 0x2752, 0x2752,
  0x2852, 0x485A, 0x485A, 0x2752, 0x2752, 0x1FF8, 0x1FF8, 0x1FF8,
  0x1FF8, 0x2752, 0x485A, 0x2752, 0x2752, 0x2752, 0x2752, 0x2752,
  0x2752, 0x2752, 0x2752, 0x285A, 0x485A, 0x485A, 0x485A, 0x2752,
  0x2752, 0x2752, 0x0752, 0x0752, 0x0752, 0x0752, 0x2752, 0x2752,
  0x2752, 0x2752, 0x485A, 0x485A, 0x485A, 0x485A, 0x485A, 0x485A,
  0x485A, 0x485A, 0x0752, 0x1FF8, 0x1FF8, 0x1FF8, 0x1FF8, 0x1FF8,
  0x1FF8, 0x1FF8, 0x1FF8, 0x1FF8, 0x1FF8, 0x1FF8, 0x1FF8, 0x1FF8,
  0x1FF8, 0x1FF8, 0x1FF8, 0x1FF8, 0x1FF8, 0x1FF8, 0x1FF8, 0x1FF8,
  0x1FF8, 0x1FF8, 0x1FF8, 0x1FF8, 0x1FF8, 0x1FF8, 0x1FF8, 0x1FF8,
  0x1FF8, 0x1FF8, 0x1FF8, 0x1FF8, 0x1FF8, 0x1FF8, 0x1FF8, 0x1FF8,
  0x1FF8, 0x1FF8, 0x1FF8, 0x1FF8, 0x1FF8, 0x1FF8, 0x1FF8, 0x1FF8,
  0x1FF8, 0x1FF8, 0x1FF8, 0x1FF8, 0x1FF8, 0x1FF8, 0x1FF8, 0x1FF8,
  0x1FF8, 0x1FF8, 0x1FF8, 0x1FF8, 0x1FF8, 0x1FF8, 0x1FF8, 0x1FF8,
  0x1FF8, 0x1FF8, 0x1FF8, 0x1FF8, 0x1FF8, 0x1FF8, 0x1FF8, 0x1FF8,
  0x0752, 0x0752, 0x0752, 0x0752, 0x0752, 0x0752, 0x0752, 0x1FF8,
  0x1FF8, 0x1FF8, 0x0752, 0x0752, 0x0752, 0x0752, 0x0752, 0x2852,
  0x485A, 0x485A, 0x285A, 0x2752, 0x2752, 0x2752, 0x2752, 0x2752,
  0x485A, 0x2752, 0x1FF8, 0x1FF8, 0x1FF8, 0x0752, 0x485A, 0x485A,
  0x485A, 0x485A, 0x485A, 0x485A, 0x485A, 0x485A, 0x2752, 0x2752,
  0x2752, 0x2752, 0x1FF8, 0x1FF8, 0x1FF8, 0x1FF8, 0x1FF8, 0x1FF8,
  0x1FF8, 0x1FF8, 0x1FF8, 0x1FF8, 0x1FF8, 0x1FF8, 0x1FF8, 0x1FF8,
  0x1FF8, 0x0752, 0x2752, 0x2752, 0x2752, 0x0752, 0x1FF8, 0x1FF8,
  0x1FF8, 0x1FF8, 0x1FF8, 0x1FF8, 0x1FF8, 0x1FF8, 0x1FF8, 0x1FF8,
  0x1FF8, 0x1FF8, 0x1FF8, 0x1FF8, 0x1FF8, 0x1FF8, 0x1FF8, 0x1FF8,
  0x1FF8, 0x1FF8, 0x1FF8, 0x1FF8, 0x1FF8, 0x1FF8, 0x1FF8, 0x1FF8,
  0x1FF8, 0x1FF8, 0x1FF8, 0x1FF8, 0x1FF8, 0x1FF8, 0x1FF8, 0x1FF8,
  0x1FF8, 0x1FF8, 0x1FF8, 0x1FF8, 0x1FF8, 0x1FF8, 0x1FF8, 0x1FF8,
  0x1FF8, 0x1FF8, 0x1FF8, 0x1FF8, 0x1FF8, 0x1FF8, 0x1FF8, 0x1FF8,
  0x1FF8, 0x1FF8, 0x1FF8, 0x1FF8, 0x1FF8, 0x1FF8, 0x1FF8, 0x1FF8,
  0x1FF8, 0x1FF8, 0x1FF8, 0x1FF8, 0x1FF8, 0x1FF8, 0x1FF8, 0x1FF8,
  0x1FF8, 0x1FF8, 0x1FF8, 0x1FF8, 0x1FF8, 0x1FF8, 0x1FF8, 0x1FF8,
  0x1FF8, 0x1FF8, 0x1FF8, 0x1FF8, 0x1FF8, 0x1FF8, 0x1FF8, 0x1FF8,
  0x1FF8, 0x1FF8, 0x1FF8, 0x1FF8, 0x1FF8, 0x0752, 0x2752, 0x2752,
  0x485A, 0x285A, 0x2752, 0x2752, 0x2752, 0x285A, 0x1FF8, 0x1FF8,
  0x1FF8, 0x1FF8, 0x1FF8, 0x0752, 0x0752, 0x2752, 0x0752, 0x0752,
  0x1FF8, 0x1FF8, 0x1FF8, 0x1FF8, 0x1FF8, 0x1FF8, 0x1FF8, 0x1FF8,
  0x1FF8, 0x1FF8, 0x1FF8, 0x1FF8, 0x1FF8, 0x1FF8, 0x1FF8, 0x1FF8,
  0x1FF8, 0x1FF8, 0x1FF8, 0x1FF8, 0x1FF8, 0x1FF8, 0x1FF8, 0x1FF8,
  0x1FF8, 0x1FF8, 0x1FF8, 0x1FF8, 0x1FF8, 0x1FF8, 0x1FF8, 0x1FF8,
  0x1FF8, 0x1FF8, 0x1FF8, 0x1FF8, 0x1FF8, 0x1FF8, 0x1FF8, 0x1FF8,
  0x1FF8, 0x1FF8, 0x1FF8, 0x1FF8, 0x1FF8, 0x1FF8, 0x1FF8, 0x1FF8,
  0x1FF8, 0x1FF8, 0x1FF8, 0x1FF8, 0x1FF8, 0x1FF8, 0x1FF8, 0x1FF8,
  0x1FF8, 0x1FF8, 0x1FF8, 0x1FF8, 0x1FF8, 0x1FF8, 0x1FF8, 0x1FF8,
  0x1FF8, 0x1FF8, 0x1FF8, 0x1FF8, 0x1FF8, 0x1FF8, 0x1FF8, 0x1FF8,
  0x1FF8, 0x1FF8, 0x1FF8, 0x1FF8, 0x1FF8, 0x1FF8, 0x1FF8, 0x1FF8,
  0x1FF8, 0x1FF8, 0x1FF8, 0x1FF8, 0x1FF8, 0x1FF8, 0x1FF8, 0x1FF8,
  0x1FF8, 0x1FF8, 0x1FF8, 0x1FF8, 0x1FF8, 0x1FF8, 0x1FF8, 0x1FF8,
  0x1FF8, 0x1FF8, 0x1FF8, 0x1FF8, 0x1FF8, 0x1FF8, 0x1FF8, 0x1FF8,
  0x1FF8, 0x1FF8, 0x1FF8, 0x1FF8, 0x1FF8, 0x1FF8, 0x1FF8, 0x1FF8,
  0x1FF8, 0x1FF8, 0x1FF8, 0x1FF8, 0x0752, 0x2752, 0x485A, 0x285A,
  0x485A, 0x0752, 0x1FF8, 0x1FF8, 0x1FF8, 0x1FF8, 0x1FF8, 0x1FF8,
  0x1FF8, 0x1FF8, 0x1FF8, 0x1FF8, 0x1FF8, 0x1FF8, 0x1FF8, 0x1FF8,
  0x1FF8, 0x1FF8, 0x1FF8, 0x1FF8, 0x1FF8, 0x1FF8, 0x1FF8, 0x1FF8,
  0x1FF8, 0x1FF8, 0x1FF8, 0x1FF8, 0x1FF8, 0x1FF8, 0x1FF8, 0x1FF8,
  0x1FF8, 0x1FF8, 0x1FF8, 0x1FF8, 0x1FF8, 0x1FF8, 0x1FF8, 0x1FF8,
  0x1FF8, 0x1FF8, 0x1FF8, 0x1FF8, 0x1FF8, 0x1FF8, 0x1FF8, 0x1FF8,
  0x1FF8, 0x1FF8, 0x1FF8, 0x1FF8, 0x1FF8, 0x1FF8, 0x1FF8, 0x1FF8,
  0x1FF8, 0x1FF8, 0x1FF8, 0x1FF8, 0x1FF8, 0x1FF8, 0x1FF8, 0x1FF8,
  0x1FF8, 0x1FF8, 0x1FF8, 0x1FF8, 0x1FF8, 0x1FF8, 0x1FF8, 0x1FF8,
  0x1FF8, 0x1FF8, 0x1FF8, 0x1FF8, 0x1FF8, 0x1FF8, 0x1FF8, 0x1FF8,
  0x1FF8, 0x1FF8, 0x1FF8, 0x1FF8, 0x1FF8, 0x1FF8, 0x1FF8, 0x1FF8,
  0x1FF8, 0x1FF8, 0x1FF8, 0x1FF8, 0x1FF8, 0x1FF8, 0x1FF8, 0x1FF8,
  0x1FF8, 0x1FF8, 0x1FF8, 0x1FF8, 0x1FF8, 0x1FF8, 0x1FF8, 0x1FF8,
  0x1FF8, 0x1FF8, 0x1FF8, 0x1FF8, 0x1FF8, 0x1FF8, 0x1FF8, 0x1FF8,
  0x1FF8, 0x1FF8, 0x1FF8, 0x1FF8, 0x1FF8, 0x1FF8, 0x1FF8, 0x1FF8,
  0x1FF8, 0x1FF8, 0x1FF8, 0x1FF8, 0x1FF8, 0x1FF8, 0x1FF8, 0x1FF8,
  0x1FF8, 0x1FF8, 0x0752, 0x2752, 0x2752, 0x1FF8, 0x1FF8, 0x1FF8,
  0x1FF8, 0x1FF8, 0x1FF8, 0x1FF8, 0x1FF8, 0x1FF8, 0x1FF8, 0x1FF8,
  0x1FF8, 0x1FF8, 0x1FF8, 0x1FF8, 0x1FF8, 0x1FF8, 0x1FF8, 0x1FF8,
  0x1FF8, 0x1FF8, 0x1FF8, 0x1FF8, 0x1FF8, 0x1FF8, 0x1FF8, 0x1FF8,
  0x1FF8, 0x1FF8, 0x1FF8, 0x1FF8, 0x1FF8, 0x1FF8, 0x1FF8, 0x1FF8,
  0x1FF8, 0x1FF8, 0x1FF8, 0x1FF8, 0x1FF8, 0x1FF8, 0x1FF8, 0x1FF8,
  0x1FF8, 0x1FF8, 0x1FF8, 0x1FF8, 0x1FF8, 0x1FF8, 0x1FF8, 0x1FF8,
  0x1FF8, 0x1FF8, 0x1FF8, 0x1FF8, 0x1FF8, 0x1FF8, 0x1FF8, 0x1FF8,
  0x1FF8, 0x1FF8, 0x1FF8, 0x1FF8, 0x1FF8, 0x1FF8, 0x1FF8, 0x1FF8,
  0x1FF8, 0x1FF8, 0x1FF8, 0x1FF8, 0x1FF8, 0x1FF8, 0x1FF8, 0x1FF8,
  0x1FF8, 0x1FF8, 0x1FF8, 0x1FF8, 0x1FF8, 0x1FF8, 0x1FF8, 0x1FF8,
  0x1FF8, 0x1FF8, 0x1FF8, 0x1FF8, 0x1FF8, 0x1FF8, 0x1FF8, 0x1FF8,
  0x1FF8, 0x1FF8, 0x1FF8, 0x1FF8, 0x1FF8, 0x1FF8, 0x1FF8, 0x1FF8,
  0x1FF8, 0x1FF8, 0x1FF8, 0x1FF8, 0x1FF8, 0x1FF8, 0x1FF8, 0x1FF8,
  0x1FF8, 0x1FF8, 0x1FF8, 0x1FF8, 0x1FF8, 0x1FF8, 0x1FF8, 0x1FF8,
  0x1FF8, 0x1FF8, 0x1FF8, 0x1FF8, 0x1FF8, 0x1FF8, 0x1FF8, 0x1FF8,
  0x1FF8, 0x1FF8, 0x1FF8, 0x1FF8, 0x1FF8, 0x1FF8, 0x1FF8, 0x1FF8,
  0x1FF8, 0x1FF8, 0x1FF8, 0x1FF8, 0x1FF8, 0x1FF8, 0x1FF8, 0x1FF8,
  0x1FF8, 0x1FF8, 0x1FF8, 0x1FF8, 0x1FF8, 0x1FF8, 0x1FF8, 0x1FF8,
  0x1FF8, 0x1FF8, 0x1FF8, 0x1FF8, 0x1FF8, 0x1FF8, 0x1FF8, 0x1FF8,
  0x1FF8, 0x1FF8, 0x1FF8, 0x1FF8, 0x1FF8, 0x1FF8, 0x1FF8, 0x1FF8,
  0x1FF8, 0x1FF8, 0x1FF8, 0x1FF8, 0x1FF8, 0x1FF8, 0x2752, 0x2752,
  0x2752, 0x1FF8, 0x1FF8, 0x1FF8, 0x1FF8, 0x1FF8, 0x1FF8, 0x1FF8,
  0x1FF8, 0x1FF8, 0x1FF8, 0x1FF8, 0x1FF8, 0x1FF8, 0x1FF8, 0x1FF8,
  0x1FF8, 0x1FF8, 0x1FF8, 0x1FF8, 0x1FF8, 0x1FF8, 0x1FF8, 0x1FF8,
  0x1FF8, 0x1FF8, 0x1FF8, 0x1FF8, 0x1FF8, 0x1FF8, 0x1FF8, 0x1FF8,
  0x1FF8, 0x1FF8, 0x1FF8, 0x1FF8, 0x1FF8, 0x1FF8, 0x1FF8, 0x1FF8,
  0x1FF8, 0x1FF8, 0x1FF8, 0x1FF8, 0x1FF8, 0x1FF8, 0x1FF8, 0x1FF8,
  0x1FF8, 0x1FF8, 0x1FF8, 0x1FF8, 0x1FF8, 0x1FF8, 0x1FF8, 0x1FF8,
  0x1FF8, 0x1FF8, 0x1FF8, 0x1FF8, 0x1FF8, 0x1FF8, 0x2752, 0x0752,
  0x2752, 0x1FF8, 0x1FF8, 0x1FF8, 0x1FF8, 0x1FF8, 0x1FF8, 0x1FF8,
  0x1FF8, 0x1FF8, 0x1FF8, 0x1FF8, 0x1FF8, 0x1FF8, 0x1FF8, 0x1FF8,
  0x1FF8, 0x1FF8, 0x1FF8, 0x1FF8, 0x1FF8, 0x1FF8, 0x1FF8, 0x1FF8,
  0x1FF8, 0x1FF8, 0x1FF8, 0x1FF8, 0x1FF8, 0x1FF8, 0x1FF8, 0x1FF8,
  0x1FF8, 0x1FF8, 0x1FF8, 0x1FF8, 0x1FF8, 0x1FF8, 0x1FF8, 0x1FF8,
  0x1FF8, 0x1FF8, 0x1FF8, 0x1FF8, 0x1FF8, 0x1FF8, 0x1FF8, 0x1FF8,
  0x1FF8, 0x1FF8, 0x1FF8, 0x1FF8, 0x1FF8, 0x1FF8, 0x1FF8, 0x1FF8,
  0x1FF8, 0x1FF8, 0x1FF8, 0x1FF8, 0x1FF8, 0x1FF8, 0x0752, 0x0752,
  0x2852, 0x485A, 0x485A, 0x2852, 0x485A, 0x2752, 0x1FF8, 0x1FF8,
  0x1FF8, 0x1FF8, 0x1FF8, 0x1FF8, 0x1FF8, 0x1FF8, 0x1FF8, 0x1FF8,
  0x1FF8, 0x1FF8, 0x1FF8, 0x1FF8, 0x1FF8, 0x1FF8, 0x1FF8, 0x1FF8,
  0x1FF8, 0x1FF8, 0x1FF8, 0x1FF8, 0x1FF8, 0x1FF8, 0x1FF8, 0x1FF8,
  0x1FF8, 0x1FF8, 0x1FF8, 0x1FF8, 0x1FF8, 0x1FF8, 0x1FF8, 0x1FF8,
  0x1FF8, 0x1FF8, 0x1FF8, 0x1FF8, 0x1FF8, 0x1FF8, 0x1FF8, 0x1FF8,
  0x1FF8, 0x1FF8, 0x1FF8, 0x1FF8, 0x1FF8, 0x1FF8, 0x1FF8, 0x1FF8,
  0x1FF8, 0x1FF8, 0x1FF8, 0x1FF8, 0x1FF8, 0x1FF8, 0x1FF8, 0x1FF8,
  0x1FF8, 0x0752, 0x485A, 0x2852, 0x485A, 0x485A, 0x2752, 0x0752,
  0x0752, 0x1FF8, 0x1FF8, 0x1FF8, 0x1FF8, 0x1FF8, 0x1FF8, 0x1FF8,
  0x1FF8, 0x1FF8, 0x1FF8, 0x1FF8, 0x1FF8, 0x1FF8, 0x1FF8, 0x1FF8,
  0x1FF8, 0x1FF8, 0x1FF8, 0x1FF8, 0x1FF8, 0x1FF8, 0x1FF8, 0x1FF8,
  0x1FF8, 0x1FF8, 0x1FF8, 0x1FF8, 0x1FF8, 0x1FF8, 0x1FF8, 0x1FF8,
  0x1FF8, 0x1FF8, 0x1FF8, 0x1FF8, 0x1FF8, 0x1FF8, 0x1FF8, 0x1FF8,
  0x1FF8, 0x1FF8, 0x1FF8, 0x1FF8, 0x1FF8, 0x1FF8, 0x1FF8, 0x1FF8,
  0x1FF8, 0x1FF8, 0x1FF8, 0x1FF8, 0x1FF8, 0x1FF8, 0x2752, 0x0752,
  0x2752, 0x485A, 0x485A, 0x2852, 0x2752, 0x2752, 0x2752, 0x2752,
  0x275A, 0x2752, 0x1FF8, 0x1FF8, 0x1FF8, 0x1FF8, 0x1FF8, 0x1FF8,
  0x1FF8, 0x1FF8, 0x1FF8, 0x1FF8, 0x1FF8, 0x1FF8, 0x1FF8, 0x1FF8,
  0x1FF8, 0x1FF8, 0x1FF8, 0x1FF8, 0x1FF8, 0x1FF8, 0x1FF8, 0x1FF8,
  0x1FF8, 0x1FF8, 0x1FF8, 0x1FF8, 0x1FF8, 0x1FF8, 0x1FF8, 0x1FF8,
  0x1FF8, 0x1FF8, 0x1FF8, 0x1FF8, 0x1FF8, 0x1FF8, 0x1FF8, 0x1FF8,
  0x1FF8, 0x1FF8, 0x1FF8, 0x1FF8, 0x1FF8, 0x1FF8, 0x1FF8, 0x1FF8,
  0x1FF8, 0x1FF8, 0x1FF8, 0x1FF8, 0x1FF8, 0x1FF8, 0x1FF8, 0x1FF8,
  0x1FF8, 0x1FF8, 0x1FF8, 0x1FF8, 0x1FF8, 0x1FF8, 0x2752, 0x485A,
  0x2752, 0x2752, 0x2752, 0x285A, 0x485A, 0x285A, 0x0752, 0x0752,
  0x1FF8, 0x1FF8, 0x1FF8, 0x1FF8, 0x1FF8, 0x1FF8, 0x1FF8, 0x1FF8,
  0x1FF8, 0x1FF8, 0x1FF8, 0x1FF8, 0x1FF8, 0x1FF8, 0x1FF8, 0x1FF8,
  0x1FF8, 0x1FF8, 0x1FF8, 0x1FF8, 0x1FF8, 0x1FF8, 0x1FF8, 0x1FF8,
  0x1FF8, 0x1FF8, 0x1FF8, 0x1FF8, 0x1FF8, 0x1FF8, 0x1FF8, 0x1FF8,
  0x1FF8, 0x1FF8, 0x1FF8, 0x1FF8, 0x1FF8, 0x1FF8, 0x1FF8, 0x1FF8,
  0x1FF8, 0x1FF8, 0x1FF8, 0x1FF8, 0x1FF8, 0x1FF8, 0x1FF8, 0x0752,
  0x0752, 0x2752, 0x485A, 0x285A, 0x2752, 0x2752, 0x2752, 0x2752,
  0x2752, 0x2852, 0x285A, 0x485A, 0x485A, 0x0752, 0x1FF8, 0x1FF8,
  0x1FF8, 0x1FF8, 0x1FF8, 0x1FF8, 0x1FF8, 0x1FF8, 0x1FF8, 0x1FF8,
  0x1FF8, 0x1FF8, 0x1FF8, 0x1FF8, 0x1FF8, 0x1FF8, 0x1FF8, 0x1FF8,
  0x1FF8, 0x1FF8, 0x1FF8, 0x1FF8, 0x1FF8, 0x1FF8, 0x1FF8, 0x1FF8,
  0x1FF8, 0x1FF8, 0x1FF8, 0x1FF8, 0x1FF8, 0x1FF8, 0x1FF8, 0x1FF8,
  0x1FF8, 0x1FF8, 0x1FF8, 0x1FF8, 0x1FF8, 0x1FF8, 0x1FF8, 0x1FF8,
  0x1FF8, 0x1FF8, 0x1FF8, 0x1FF8, 0x1FF8, 0x1FF8, 0x1FF8, 0x1FF8,
  0x1FF8, 0x1FF8, 0x1FF8, 0x1FF8, 0x1FF8, 0x1FF8, 0x1FF8, 0x1FF8,
  0x1FF8, 0x1FF8, 0x1FF8, 0x0752, 0x2752, 0x485A, 0x2752, 0x2752,
  0x2752, 0x2752, 0x285A, 0x485A, 0x2752, 0x0752, 0x1FF8, 0x1FF8,
  0x1FF8, 0x1FF8, 0x1FF8, 0x1FF8, 0x1FF8, 0x1FF8, 0x1FF8, 0x1FF8,
  0x1FF8, 0x1FF8, 0x1FF8, 0x1FF8, 0x1FF8, 0x1FF8, 0x1FF8, 0x1FF8,
  0x1FF8, 0x1FF8, 0x1FF8, 0x1FF8, 0x1FF8, 0x1FF8, 0x1FF8, 0x1FF8,
  0x1FF8, 0x1FF8, 0x1FF8, 0x1FF8, 0x1FF8, 0x1FF8, 0x1FF8, 0x1FF8,
  0x1FF8, 0x1FF8, 0x1FF8, 0x1FF8, 0x1FF8, 0x1FF8, 0x1FF8, 0x1FF8,
  0x2752, 0x0752, 0x285A, 0x485A, 0x285A, 0x2752, 0x2752, 0x2752,
  0x2752, 0x2752, 0x285A, 0x485A, 0x285A, 0x0752, 0x0752, 0x0752,
  0x1FF8, 0x1FF8, 0x1FF8, 0x1FF8, 0x1FF8, 0x1FF8, 0x1FF8, 0x1FF8,
  0x1FF8, 0x1FF8, 0x1FF8, 0x1FF8, 0x1FF8, 0x1FF8, 0x1FF8, 0x1FF8,
  0x1FF8, 0x1FF8, 0x1FF8, 0x1FF8, 0x1FF8, 0x1FF8, 0x1FF8, 0x1FF8,
  0x1FF8, 0x1FF8, 0x1FF8, 0x1FF8, 0x1FF8, 0x1FF8, 0x1FF8, 0x1FF8,
  0x1FF8, 0x1FF8, 0x1FF8, 0x1FF8, 0x1FF8, 0x1FF8, 0x1FF8, 0x1FF8,
  0x1FF8, 0x1FF8, 0x1FF8, 0x1FF8, 0x1FF8, 0x1FF8, 0x1FF8, 0x1FF8,
  0x1FF8, 0x1FF8, 0x1FF8, 0x1FF8, 0x1FF8, 0x1FF8, 0x1FF8, 0x1FF8,
  0x1FF8, 0x1FF8, 0x1FF8, 0x1FF8, 0x1FF8, 0x1FF8, 0x1FF8, 0x1FF8,
  0x1FF8, 0x0752, 0x2752, 0x485A, 0x285A, 0x2752, 0x2752, 0x2752,
  0x2752, 0x485A, 0x485A, 0x0752, 0x1FF8, 0x1FF8, 0x1FF8, 0x1FF8,
  0x1FF8, 0x1FF8, 0x1FF8, 0x1FF8, 0x1FF8, 0x1FF8, 0x1FF8, 0x1FF8,
  0x1FF8, 0x1FF8, 0x1FF8, 0x1FF8, 0x1FF8, 0x1FF8, 0x1FF8, 0x1FF8,
  0x1FF8, 0x1FF8, 0x1FF8, 0x1FF8, 0x1FF8, 0x1FF8, 0x1FF8, 0x1FF8,
  0x1FF8, 0x1FF8, 0x1FF8, 0x1FF8, 0x1FF8, 0x1FF8, 0x1FF8, 0x1FF8,
  0x1FF8, 0x0752, 0x2752, 0x285A, 0x485A, 0x2852, 0x2752, 0x2752,
  0x2752, 0x2752, 0x2752, 0x285A, 0x485A, 0x2752, 0x0752, 0x2752,
  0x1FF8, 0x1FF8, 0x1FF8, 0x1FF8, 0x1FF8, 0x1FF8, 0x1FF8, 0x1FF8,
  0x1FF8, 0x1FF8, 0x1FF8, 0x1FF8, 0x1FF8, 0x1FF8, 0x1FF8, 0x1FF8,
  0x1FF8, 0x1FF8, 0x1FF8, 0x1FF8, 0x1FF8, 0x1FF8, 0x1FF8, 0x1FF8,
  0x1FF8, 0x1FF8, 0x1FF8, 0x1FF8, 0x1FF8, 0x1FF8, 0x1FF8, 0x1FF8,
  0x1FF8, 0x1FF8, 0x1FF8, 0x1FF8, 0x1FF8, 0x1FF8, 0x1FF8, 0x1FF8,
  0x1FF8, 0x1FF8, 0x1FF8, 0x1FF8, 0x1FF8, 0x1FF8, 0x1FF8, 0x1FF8,
  0x1FF8, 0x1FF8, 0x1FF8, 0x1FF8, 0x1FF8, 0x1FF8, 0x1FF8, 0x1FF8,
  0x1FF8, 0x1FF8, 0x1FF8, 0x1FF8, 0x1FF8, 0x1FF8, 0x1FF8, 0x1FF8,
  0x1FF8, 0x1FF8, 0x1FF8, 0x1FF8, 0x1FF8, 0x1FF8, 0x1FF8, 0x0752,
  0x2752, 0x485A, 0x485A, 0x2752, 0x2752, 0x2752, 0x2752, 0x285A,
  0x485A, 0x0752, 0x0752, 0x1FF8, 0x1FF8, 0x1FF8, 0x1FF8, 0x1FF8,
  0x1FF8, 0x1FF8, 0x1FF8, 0x1FF8, 0x1FF8, 0x1FF8, 0x1FF8, 0x1FF8,
  0x1FF8, 0x1FF8, 0x1FF8, 0x1FF8, 0x1FF8, 0x1FF8, 0x1FF8, 0x1FF8,
  0x1FF8, 0x1FF8, 0x1FF8, 0x1FF8, 0x1FF8, 0x1FF8, 0x1FF8, 0x1FF8,
  0x1FF8, 0x1FF8, 0x1FF8, 0x2752, 0x2752, 0x485A, 0x285A, 0x2752,
  0x2752, 0x2752, 0x2752, 0x285A, 0x485A, 0x485A, 0x2752, 0x0752,
  0x2752, 0x1FF8, 0x1FF8, 0x1FF8, 0x1FF8, 0x1FF8, 0x1FF8, 0x1FF8,
  0x1FF8, 0x1FF8, 0x1FF8, 0x1FF8, 0x1FF8, 0x1FF8, 0x1FF8, 0x1FF8,
  0x1FF8, 0x1FF8, 0x1FF8, 0x1FF8, 0x1FF8, 0x1FF8, 0x1FF8, 0x1FF8,
  0x1FF8, 0x1FF8, 0x1FF8, 0x1FF8, 0x1FF8, 0x1FF8, 0x1FF8, 0x1FF8,
  0x1FF8, 0x1FF8, 0x1FF8, 0x1FF8, 0x1FF8, 0x1FF8, 0x1FF8, 0x1FF8,
  0x1FF8, 0x1FF8, 0x1FF8, 0x1FF8, 0x1FF8, 0x1FF8, 0x1FF8, 0x1FF8,
  0x1FF8, 0x1FF8, 0x1FF8, 0x1FF8, 0x1FF8, 0x1FF8, 0x1FF8, 0x1FF8,
  0x1FF8, 0x1FF8, 0x1FF8, 0x1FF8, 0x1FF8, 0x1FF8, 0x1FF8, 0x1FF8,
  0x1FF8, 0x1FF8, 0x1FF8, 0x1FF8, 0x1FF8, 0x1FF8, 0x1FF8, 0x1FF8,
  0x1FF8, 0x1FF8, 0x1FF8, 0x1FF8, 0x1FF8, 0x1FF8, 0x0752, 0x2752,
  0x485A, 0x2852, 0x2752, 0x2752, 0x2752, 0x285A, 0x485A, 0x2752,
  0x1FF8, 0x1FF8, 0x1FF8, 0x1FF8, 0x1FF8, 0x1FF8, 0x1FF8, 0x1FF8,
  0x1FF8, 0x1FF8, 0x1FF8, 0x1FF8, 0x1FF8, 0x1FF8, 0x1FF8, 0x1FF8,
  0x1FF8, 0x1FF8, 0x1FF8, 0x1FF8, 0x1FF8, 0x1FF8, 0x1FF8, 0x1FF8,
  0x1FF8, 0x1FF8, 0x1FF8, 0x1FF8, 0x1FF8, 0x2752, 0x2752, 0x485A,
  0x2852, 0x2752, 0x2752, 0x2752, 0x2852, 0x485A, 0x285A, 0x2752,
  0x2752, 0x1FF8, 0x1FF8, 0x1FF8, 0x1FF8, 0x1FF8, 0x1FF8, 0x1FF8,
  0x1FF8, 0x1FF8, 0x1FF8, 0x1FF8, 0x1FF8, 0x1FF8, 0x1FF8, 0x1FF8,
  0x1FF8, 0x1FF8, 0x1FF8, 0x1FF8, 0x1FF8, 0x1FF8, 0x1FF8, 0x1FF8,
  0x1FF8, 0x1FF8, 0x1FF8, 0x1FF8, 0x1FF8, 0x1FF8, 0x1FF8, 0x1FF8,
  0x1FF8, 0x1FF8, 0x1FF8, 0x1FF8, 0x1FF8, 0x1FF8, 0x1FF8, 0x1FF8,
  0x1FF8, 0x1FF8, 0x1FF8, 0x1FF8, 0x1FF8, 0x1FF8, 0x1FF8, 0x1FF8,
  0x1FF8, 0x1FF8, 0x1FF8, 0x1FF8, 0x1FF8, 0x1FF8, 0x1FF8, 0x1FF8,
  0x1FF8, 0x1FF8, 0x1FF8, 0x1FF8, 0x1FF8, 0x1FF8, 0x1FF8, 0x1FF8,
  0x1FF8, 0x1FF8, 0x1FF8, 0x1FF8, 0x1FF8, 0x1FF8, 0x1FF8, 0x1FF8,
  0x1FF8, 0x1FF8, 0x1FF8, 0x1FF8, 0x1FF8, 0x1FF8, 0x1FF8, 0x1FF8,
  0x1FF8, 0x1FF8, 0x1FF8, 0x1FF8, 0x2752, 0x2752, 0x485A, 0x285A,
  0x2752, 0x2752, 0x2752, 0x285A, 0x485A, 0x2752, 0x1FF8, 0x1FF8,
  0x1FF8, 0x1FF8, 0x1FF8, 0x1FF8, 0x1FF8, 0x1FF8, 0x1FF8, 0x1FF8,
  0x1FF8, 0x1FF8, 0x1FF8, 0x1FF8, 0x1FF8, 0x1FF8, 0x1FF8, 0x1FF8,
  0x1FF8, 0x1FF8, 0x1FF8, 0x1FF8, 0x1FF8, 0x1FF8, 0x1FF8, 0x1FF8,
  0x2752, 0x485A, 0x2852, 0x2752, 0x2752, 0x2752, 0x285A, 0x485A,
  0x0752, 0x0752, 0x1FF8, 0x1FF8, 0x1FF8, 0x1FF8, 0x1FF8, 0x1FF8,
  0x1FF8, 0x1FF8, 0x1FF8, 0x1FF8, 0x1FF8, 0x1FF8, 0x1FF8, 0x1FF8,
  0x1FF8, 0x1FF8, 0x1FF8, 0x1FF8, 0x1FF8, 0x1FF8, 0x1FF8, 0x1FF8,
  0x1FF8, 0x1FF8, 0x1FF8, 0x1FF8, 0x1FF8, 0x1FF8, 0x1FF8, 0x1FF8,
  0x1FF8, 0x1FF8, 0x1FF8, 0x1FF8, 0x1FF8, 0x1FF8, 0x1FF8, 0x1FF8,
  0x1FF8, 0x1FF8, 0x1FF8, 0x1FF8, 0x1FF8, 0x1FF8, 0x1FF8, 0x1FF8,
  0x1FF8, 0x1FF8, 0x1FF8, 0x1FF8, 0x1FF8, 0x1FF8, 0x1FF8, 0x1FF8,
  0x1FF8, 0x1FF8, 0x1FF8, 0x1FF8, 0x1FF8, 0x1FF8, 0x1FF8, 0x1FF8,
  0x1FF8, 0x1FF8, 0x1FF8, 0x1FF8, 0x1FF8, 0x1FF8, 0x1FF8, 0x1FF8,
  0x1FF8, 0x1FF8, 0x1FF8, 0x1FF8, 0x1FF8, 0x1FF8, 0x1FF8, 0x1FF8,
  0x1FF8, 0x1FF8, 0x1FF8, 0x1FF8, 0x1FF8, 0x1FF8, 0x1FF8, 0x1FF8,
  0x1FF8, 0x1FF8, 0x0752, 0x2752, 0x485A, 0x285A, 0x2752, 0x2752,
  0x2752, 0x485A, 0x2752, 0x2752, 0x1FF8, 0x1FF8, 0x1FF8, 0x1FF8,
  0x1FF8, 0x1FF8, 0x1FF8, 0x1FF8, 0x1FF8, 0x1FF8, 0x1FF8, 0x1FF8,
  0x1FF8, 0x1FF8, 0x1FF8, 0x1FF8, 0x1FF8, 0x1FF8, 0x1FF8, 0x1FF8,
  0x1FF8, 0x1FF8, 0x2752, 0x485A, 0x285A, 0x2752, 0x2752, 0x2752,
  0x285A, 0x485A, 0x2752, 0x1FF8, 0x1FF8, 0x1FF8, 0x1FF8, 0x1FF8,
  0x1FF8, 0x1FF8, 0x1FF8, 0x1FF8, 0x1FF8, 0x1FF8, 0x1FF8, 0x1FF8,
  0x1FF8, 0x1FF8, 0x1FF8, 0x1FF8, 0x1FF8, 0x1FF8, 0x1FF8, 0x1FF8,
  0x1FF8, 0x1FF8, 0x1FF8, 0x1FF8, 0x1FF8, 0x1FF8, 0x1FF8, 0x1FF8,
  0x1FF8, 0x1FF8, 0x1FF8, 0x1FF8, 0x1FF8, 0x1FF8, 0x1FF8, 0x1FF8,
  0x1FF8, 0x1FF8, 0x1FF8, 0x1FF8, 0x1FF8, 0x1FF8, 0x1FF8, 0x1FF8,
  0x1FF8, 0x1FF8, 0x1FF8, 0x1FF8, 0x1FF8, 0x1FF8, 0x1FF8, 0x1FF8,
  0x1FF8, 0x1FF8, 0x1FF8, 0x1FF8, 0x1FF8, 0x1FF8, 0x1FF8, 0x1FF8,
  0x1FF8, 0x1FF8, 0x1FF8, 0x1FF8, 0x1FF8, 0x1FF8, 0x1FF8, 0x1FF8,
  0x1FF8, 0x1FF8, 0x1FF8, 0x1FF8, 0x1FF8, 0x1FF8, 0x1FF8, 0x1FF8,
  0x1FF8, 0x1FF8, 0x1FF8, 0x1FF8, 0x1FF8, 0x1FF8, 0x1FF8, 0x1FF8,
  0x1FF8, 0x1FF8, 0x1FF8, 0x1FF8, 0x1FF8, 0x1FF8, 0x1FF8, 0x1FF8,
  0x1FF8, 0x2752, 0x485A, 0x2852, 0x2752, 0x2752, 0x2752, 0x485A,
  0x2752, 0x1FF8, 0x1FF8, 0x1FF8, 0x1FF8, 0x1FF8, 0x1FF8, 0x1FF8,
  0x1FF8, 0x1FF8, 0x1FF8, 0x1FF8, 0x1FF8, 0x1FF8, 0x1FF8, 0x1FF8,
  0x1FF8, 0x1FF8, 0x1FF8, 0x0752, 0x0752, 0x485A, 0x285A, 0x2752,
  0x2752, 0x2752, 0x285A, 0x485A, 0x2752, 0x1FF8, 0x1FF8, 0x1FF8,
  0x1FF8, 0x1FF8, 0x1FF8, 0x1FF8, 0x1FF8, 0x1FF8, 0x1FF8, 0x1FF8,
  0x1FF8, 0x1FF8, 0x1FF8, 0x1FF8, 0x1FF8, 0x1FF8, 0x1FF8, 0x1FF8,
  0x1FF8, 0x1FF8, 0x1FF8, 0x1FF8, 0x1FF8, 0x1FF8, 0x1FF8, 0x1FF8,
  0x1FF8, 0x1FF8, 0x1FF8, 0x1FF8, 0x1FF8, 0x1FF8, 0x1FF8, 0x1FF8,
  0x1FF8, 0x1FF8, 0x1FF8, 0x1FF8, 0x1FF8, 0x1FF8, 0x1FF8, 0x1FF8,
  0x1FF8, 0x1FF8, 0x1FF8, 0x1FF8, 0x1FF8, 0x1FF8, 0x1FF8, 0x1FF8,
  0x1FF8, 0x1FF8, 0x1FF8, 0x1FF8, 0x1FF8, 0x1FF8, 0x1FF8, 0x1FF8,
  0x1FF8, 0x1FF8, 0x1FF8, 0x1FF8, 0x1FF8, 0x1FF8, 0x1FF8, 0x1FF8,
  0x1FF8, 0x1FF8, 0x1FF8, 0x1FF8, 0x1FF8, 0x1FF8, 0x1FF8, 0x1FF8,
  0x1FF8, 0x1FF8, 0x1FF8, 0x1FF8, 0x1FF8, 0x1FF8, 0x1FF8, 0x1FF8,
  0x1FF8, 0x1FF8, 0x1FF8, 0x1FF8, 0x1FF8, 0x1FF8, 0x1FF8, 0x1FF8,
  0x1FF8, 0x1FF8, 0x1FF8, 0x1FF8, 0x1FF8, 0x1FF8, 0x2752, 0x2752,
  0x485A, 0x2752, 0x2752, 0x2752, 0x285A, 0x285A, 0x2752, 0x1FF8,
  0x1FF8, 0x1FF8, 0x1FF8, 0x1FF8, 0x1FF8, 0x1FF8, 0x1FF8, 0x1FF8,
  0x1FF8, 0x1FF8, 0x1FF8, 0x1FF8, 0x1FF8, 0x0752, 0x2752, 0x485A,
  0x285A, 0x2752, 0x2752, 0x2752, 0x2852, 0x485A, 0x0752, 0x1FF8,
  0x1FF8, 0x1FF8, 0x1FF8, 0x1FF8, 0x1FF8, 0x1FF8, 0x1FF8, 0x1FF8,
  0x1FF8, 0x1FF8, 0x1FF8, 0x1FF8, 0x1FF8, 0x1FF8, 0x1FF8, 0x1FF8,
  0x1FF8, 0x1FF8, 0x1FF8, 0x1FF8, 0x1FF8, 0x1FF8, 0x1FF8, 0x1FF8,
  0x1FF8, 0x1FF8, 0x1FF8, 0x1FF8, 0x1FF8, 0x1FF8, 0x1FF8, 0x1FF8,
  0x1FF8, 0x1FF8, 0x1FF8, 0x1FF8, 0x1FF8, 0x1FF8, 0x1FF8, 0x1FF8,
  0x1FF8, 0x1FF8, 0x1FF8, 0x1FF8, 0x1FF8, 0x1FF8, 0x1FF8, 0x1FF8,
  0x1FF8, 0x1FF8, 0x1FF8, 0x1FF8, 0x1FF8, 0x1FF8, 0x1FF8, 0x1FF8,
  0x1FF8, 0x1FF8, 0x1FF8, 0x1FF8, 0x1FF8, 0x1FF8, 0x1FF8, 0x1FF8,
  0x1FF8, 0x1FF8, 0x1FF8, 0x1FF8, 0x1FF8, 0x1FF8, 0x1FF8, 0x1FF8,
  0x1FF8, 0x1FF8, 0x1FF8, 0x1FF8, 0x1FF8, 0x1FF8, 0x1FF8, 0x1FF8,
  0x1FF8, 0x1FF8, 0x1FF8, 0x1FF8, 0x1FF8, 0x1FF8, 0x1FF8, 0x1FF8,
  0x1FF8, 0x1FF8, 0x1FF8, 0x1FF8, 0x1FF8, 0x1FF8, 0x1FF8, 0x1FF8,
  0x1FF8, 0x1FF8, 0x1FF8, 0x1FF8, 0x0752, 0x485A, 0x285A, 0x2752,
  0x2752, 0x2752, 0x485A, 0x485A, 0x0752, 0x1FF8, 0x1FF8, 0x1FF8,
  0x1FF8, 0x1FF8, 0x1FF8, 0x1FF8, 0x1FF8, 0x1FF8, 0x1FF8, 0x1FF8,
  0x1FF8, 0x285A, 0x2752, 0x2752, 0x2752, 0x2752, 0x2852, 0x485A,
  0x2752, 0x0752, 0x1FF8, 0x1FF8, 0x1FF8, 0x1FF8, 0x1FF8, 0x1FF8,
  0x1FF8, 0x1FF8, 0x1FF8, 0x1FF8, 0x1FF8, 0x1FF8, 0x1FF8, 0x1FF8,
  0x1FF8, 0x1FF8, 0x1FF8, 0x1FF8, 0x1FF8, 0x1FF8, 0x1FF8, 0x1FF8,
  0x1FF8, 0x1FF8, 0x1FF8, 0x1FF8, 0x1FF8, 0x1FF8, 0x1FF8, 0x1FF8,
  0x1FF8, 0x1FF8, 0x1FF8, 0x1FF8, 0x1FF8, 0x1FF8, 0x1FF8, 0x1FF8,
  0x1FF8, 0x1FF8, 0x1FF8, 0x1FF8, 0x1FF8, 0x1FF8, 0x1FF8, 0x1FF8,
  0x1FF8, 0x1FF8, 0x1FF8, 0x1FF8, 0x1FF8, 0x1FF8, 0x1FF8, 0x1FF8,
  0x1FF8, 0x1FF8, 0x1FF8, 0x1FF8, 0x1FF8, 0x1FF8, 0x1FF8, 0x1FF8,
  0x1FF8, 0x1FF8, 0x1FF8, 0x1FF8, 0x1FF8, 0x1FF8, 0x1FF8, 0x1FF8,
  0x1FF8, 0x1FF8, 0x1FF8, 0x1FF8, 0x1FF8, 0x1FF8, 0x1FF8, 0x1FF8,
  0x1FF8, 0x1FF8, 0x1FF8, 0x1FF8, 0x1FF8, 0x1FF8, 0x1FF8, 0x1FF8,
  0x1FF8, 0x1FF8, 0x1FF8, 0x1FF8, 0x1FF8, 0x1FF8, 0x1FF8, 0x1FF8,
  0x1FF8, 0x1FF8, 0x1FF8, 0x1FF8, 0x1FF8, 0x1FF8, 0x1FF8, 0x1FF8,
  0x1FF8, 0x1FF8, 0x2752, 0x485A, 0x2752, 0x2752, 0x2752, 0x2752,
  0x485A, 0x1FF8, 0x1FF8, 0x1FF8, 0x1FF8, 0x1FF8, 0x1FF8, 0x1FF8,
  0x1FF8, 0x1FF8, 0x1FF8, 0x1FF8, 0x1FF8, 0x485A, 0x2752, 0x2752,
  0x285A, 0x485A, 0x2752, 0x2752, 0x1FF8, 0x1FF8, 0x1FF8, 0x1FF8,
  0x1FF8, 0x1FF8, 0x1FF8, 0x1FF8, 0x1FF8, 0x1FF8, 0x1FF8, 0x1FF8,
  0x1FF8, 0x1FF8, 0x1FF8, 0x1FF8, 0x1FF8, 0x1FF8, 0x1FF8, 0x1FF8,
  0x1FF8, 0x1FF8, 0x1FF8, 0x1FF8, 0x1FF8, 0x1FF8, 0x1FF8, 0x1FF8,
  0x1FF8, 0x1FF8, 0x1FF8, 0x1FF8, 0x1FF8, 0x1FF8, 0x1FF8, 0x1FF8,
  0x1FF8, 0x1FF8, 0x1FF8, 0x1FF8, 0x1FF8, 0x1FF8, 0x1FF8, 0x1FF8,
  0x1FF8, 0x1FF8, 0x1FF8, 0x1FF8, 0x1FF8, 0x1FF8, 0x1FF8, 0x1FF8,
  0x1FF8, 0x1FF8, 0x1FF8, 0x1FF8, 0x1FF8, 0x1FF8, 0x1FF8, 0x1FF8,
  0x1FF8, 0x1FF8, 0x1FF8, 0x1FF8, 0x1FF8, 0x1FF8, 0x1FF8, 0x1FF8,
  0x1FF8, 0x1FF8, 0x1FF8, 0x1FF8, 0x1FF8, 0x1FF8, 0x1FF8, 0x1FF8,
  0x1FF8, 0x1FF8, 0x1FF8, 0x1FF8, 0x1FF8, 0x1FF8, 0x1FF8, 0x1FF8,
  0x1FF8, 0x1FF8, 0x1FF8, 0x1FF8, 0x1FF8, 0x1FF8, 0x1FF8, 0x1FF8,
  0x1FF8, 0x1FF8, 0x1FF8, 0x1FF8, 0x1FF8, 0x1FF8, 0x1FF8, 0x1FF8,
  0x1FF8, 0x1FF8, 0x1FF8, 0x1FF8, 0x1FF8, 0x1FF8, 0x1FF8, 0x2752,
  0x2752, 0x485A, 0x285A, 0x285A, 0x2852, 0x1FF8, 0x1FF8, 0x1FF8,
  0x1FF8, 0x1FF8, 0x1FF8, 0x1FF8, 0x1FF8, 0x1FF8, 0x1FF8, 0x1FF8,
  0x1FF8, 0x0752, 0x2752, 0x2752, 0x2752, 0x0752, 0x1FF8, 0x1FF8,
  0x1FF8, 0x1FF8, 0x1FF8, 0x1FF8, 0x1FF8, 0x1FF8, 0x1FF8, 0x1FF8,
  0x1FF8, 0x1FF8, 0x1FF8, 0x1FF8, 0x1FF8, 0x1FF8, 0x1FF8, 0x1FF8,
  0x1FF8, 0x1FF8, 0x1FF8, 0x1FF8, 0x1FF8, 0x1FF8, 0x1FF8, 0x1FF8,
  0x1FF8, 0x1FF8, 0x1FF8, 0x1FF8, 0x1FF8, 0x1FF8, 0x1FF8, 0x1FF8,
  0x1FF8, 0x1FF8, 0x1FF8, 0x1FF8, 0x1FF8, 0x1FF8, 0x1FF8, 0x1FF8,
  0x1FF8, 0x1FF8, 0x1FF8, 0x1FF8, 0x1FF8, 0x1FF8, 0x1FF8, 0x1FF8,
  0x1FF8, 0x1FF8, 0x1FF8, 0x1FF8, 0x1FF8, 0x1FF8, 0x1FF8, 0x1FF8,
  0x1FF8, 0x1FF8, 0x1FF8, 0x1FF8, 0x1FF8, 0x1FF8, 0x1FF8, 0x1FF8,
  0x1FF8, 0x1FF8, 0x1FF8, 0x1FF8, 0x1FF8, 0x1FF8, 0x1FF8, 0x1FF8,
  0x1FF8, 0x1FF8, 0x1FF8, 0x1FF8, 0x1FF8, 0x1FF8, 0x1FF8, 0x1FF8,
  0x1FF8, 0x1FF8, 0x1FF8, 0x1FF8, 0x1FF8, 0x1FF8, 0x1FF8, 0x1FF8,
  0x1FF8, 0x1FF8, 0x1FF8, 0x1FF8, 0x1FF8, 0x1FF8, 0x1FF8, 0x1FF8,
  0x1FF8, 0x1FF8, 0x1FF8, 0x1FF8, 0x1FF8, 0x1FF8, 0x1FF8, 0x1FF8,
  0x1FF8, 0x1FF8, 0x1FF8, 0x1FF8, 0x1FF8, 0x0752, 0x2752, 0x2752,
  0x0752, 0x1FF8, 0x1FF8, 0x1FF8, 0x1FF8, 0x1FF8, 0x1FF8, 0x1FF8,
};
static const shapoco::gfx2d::Texture tex_whiskers = {
  shapoco::gfx2d::PixelFormat::RGB565_SWAPPED, 132, 38, 264, tex_whiskersData,
};

static const int16_t hull_tail[] = {0, 10, 11, -1, 25, -1, 72, 84, 72, 107, 54, 133, 8, 147, 0, 138};

static const int16_t hull_body[] = {-1, 81, 18, 3, 59, -3, 80, 18, 96, 78, 96, 124, 26, 129, -1, 116};

static const int16_t hull_head[] = {0, -1, 96, 1, 94, 75, 85, 84, 64, 92, 25, 90, 3, 79, 0, 23};

static const int16_t hull_mouth_open[] = {0, 8, 5, 2, 34, -1, 36, 6, 34, 14, 24, 28, 10, 28, 0, 15};

static const int16_t hull_mouth_close[] = {0, 5, 8, -1, 34, 2, 34, 12, 29, 18, 4, 20, 1, 17, 0, 11};

static const int16_t hull_whiskers[] = {-1, 2, 1, -1, 131, 1, 133, 2, 130, 21, 125, 38, 5, 38, 1, 20};

static const shapoco::gfx2d::rig::Attachment attachments_tail[] = {
  {&tex_tail, {0, 0, 71, 143}, {0.006076229f, 0.9999815f, -0.9999815f, 0.006076229f, 133.345f, -18.06634f}, hull_tail, 8},
};

static const shapoco::gfx2d::rig::Attachment attachments_body[] = {
  {&tex_body, {0, 0, 95, 128}, {0.00548996f, 0.9947765f, -0.9960786f, 0.005497145f, 120.6571f, -46.01122f}, hull_body, 8},
};

static const shapoco::gfx2d::rig::Attachment attachments_head[] = {
  {&tex_head, {0, 0, 95, 91}, {-0.001859684f, 1.005207f, -0.9999983f, -0.001850048f, 76.21883f, -48.74886f}, hull_head, 8},
};

static const shapoco::gfx2d::rig::Attachment attachments_mouth[] = {
  {&tex_mouth_open, {0, 0, 35, 28}, {-0.001850048f, 0.9999983f, -0.9999983f, -0.001850048f, 18.66385f, -18.30684f}, hull_mouth_open, 8},
  {&tex_mouth_close, {0, 0, 34, 19}, {-0.001822841f, 0.9852924f, -0.9749984f, -0.001803797f, 16.66247f, -18.31563f}, hull_mouth_close, 8},
};

static const shapoco::gfx2d::rig::Attachment attachments_whiskers[] = {
  {&tex_whiskers, {0, 0, 132, 38}, {0.9961778f, -0.008270987f, 0.008302436f, 0.9999655f, -68.75668f, -15.33084f}, hull_whiskers, 8},
};

static const shapoco::gfx2d::rig::Bone bones[] = {
  {"root", 0.0f, 0.0f, 0, 0, 4096, 4096, 0xFF},
  {"tail", 43.0f, -6.875f, -11538, -11538, 4096, 4096, 0},
  {"body", 0.0f, 0.875f, -16307, -16307, 4096, 4096, 0},
  {"head", 109.2765f, -0.20525f, -77, -77, 4096, 4096, 2},
  {"whiskers", 12.225f, 0.3f, 16490, 16490, 4096, 4096, 3},
};

static const shapoco::gfx2d::rig::Slot slots[] = {
  {"tail", attachments_tail, 1, 0, 1, 255, shapoco::gfx2d::BlendMode::ALPHA},
  {"body", attachments_body, 1, 0, 2, 255, shapoco::gfx2d::BlendMode::ALPHA},
  {"head", attachments_head, 1, 0, 3, 255, shapoco::gfx2d::BlendMode::ALPHA},
  {"mouth", attachments_mouth, 2, 1, 3, 255, shapoco::gfx2d::BlendMode::ALPHA},
  {"whiskers", attachments_whiskers, 1, 0, 4, 255, shapoco::gfx2d::BlendMode::ALPHA},
};

static const shapoco::gfx2d::rig::Armature armature = {
  "Armature220-kitty-merged", bones, slots, 5, 5,
  true, 0xFFFF00FFu,
  {-67.7337f, -189.5315f, 180.0f, 197.0f},
  0xFE31C341u,
};

// animation "idle": 48 frames at 24 fps
static const shapoco::gfx2d::rig::Curve anim_idle_curves[] = {
  {{0, 90, 383, 917, 1735, 2878, 4370, 6181, 8192, 10203, 12014, 13506, 14649, 15467, 16001, 16294, 16384}},
};
static const shapoco::gfx2d::rig::RotateKey anim_idle_bone1_rotate[] = {
  {0, 0x00, 0, -303, -303},
  {24, 0x00, 0, -2857, -2857},
  {48, 0xFE, 0, -304, -304},
};
static const shapoco::gfx2d::rig::RotateKey anim_idle_bone2_rotate[] = {
  {0, 0x00, 0, -1797, -1797},
  {24, 0x00, 0, 1522, 1522},
  {48, 0xFE, 0, -1797, -1797},
};
static const shapoco::gfx2d::rig::RotateKey anim_idle_bone3_rotate[] = {
  {0, 0x00, 0, -2253, -2253},
  {24, 0x00, 0, 3043, 3043},
  {48, 0xFE, 0, -2253, -2253},
};
static const shapoco::gfx2d::rig::RotateKey anim_idle_bone4_rotate[] = {
  {0, 0x00, 0, -1016, -1016},
  {24, 0x00, 0, 1022, 1022},
  {48, 0xFE, 0, -1016, -1016},
};
static const shapoco::gfx2d::rig::BoneTimeline anim_idle_boneTimelines[] = {
  {anim_idle_bone1_rotate, 3, 1, shapoco::gfx2d::rig::Channel::ROTATE},
  {anim_idle_bone2_rotate, 3, 2, shapoco::gfx2d::rig::Channel::ROTATE},
  {anim_idle_bone3_rotate, 3, 3, shapoco::gfx2d::rig::Channel::ROTATE},
  {anim_idle_bone4_rotate, 3, 4, shapoco::gfx2d::rig::Channel::ROTATE},
};
static const shapoco::gfx2d::rig::Animation anim_idle = {
  "idle", 48, 24, 4, 0, 1, 0,
  anim_idle_boneTimelines, nullptr, nullptr, anim_idle_curves,
  0xFE31C341u,
};

// animation "meow": 48 frames at 24 fps
static const shapoco::gfx2d::rig::Curve anim_meow_curves[] = {
  {{0, 1892, 3633, 5258, 6776, 8192, 9507, 10719, 11828, 12830, 13721, 14496, 15149, 15673, 16060, 16301, 16384}},
  {{0, 83, 324, 711, 1235, 1888, 2663, 3554, 4556, 5665, 6877, 8192, 9608, 11126, 12751, 14492, 16384}},
  {{0, 90, 383, 917, 1735, 2878, 4370, 6181, 8192, 10203, 12014, 13506, 14649, 15467, 16001, 16294, 16384}},
};
static const shapoco::gfx2d::rig::RotateKey anim_meow_bone1_rotate[] = {
  {0, 0x00, 0, 0, 0},
  {12, 0x01, 0, 0, 0},
  {22, 0xFF, 0, 0, 0},
  {24, 0x02, 0, 0, 0},
  {48, 0xFE, 0, -303, -303},
};
static const shapoco::gfx2d::rig::ScaleKey anim_meow_bone1_scale[] = {
  {0, 0x00, 0, 4096, 4096},
  {12, 0x01, 0, 4710, 3686},
  {22, 0xFF, 0, 3482, 4710},
  {24, 0x02, 0, 4096, 4096},
  {48, 0xFE, 0, 4096, 4096},
};
static const shapoco::gfx2d::rig::RotateKey anim_meow_bone2_rotate[] = {
  {0, 0x00, 0, 0, 0},
  {12, 0x01, 0, 0, 0},
  {22, 0xFF, 0, 0, 0},
  {24, 0x02, 0, 0, 0},
  {48, 0xFE, 0, -1797, -1797},
};
static const shapoco::gfx2d::rig::ScaleKey anim_meow_bone2_scale[] = {
  {0, 0x00, 0, 4096, 4096},
  {12, 0x01, 0, 4710, 3686},
  {22, 0xFF, 0, 3645, 4997},
  {24, 0x02, 0, 4096, 4096},
  {48, 0xFE, 0, 4096, 4096},
};
static const shapoco::gfx2d::rig::RotateKey anim_meow_bone3_rotate[] = {
  {0, 0xFE, 0, 0, 0},
  {24, 0x02, 0, 0, 0},
  {48, 0xFE, 0, -2253, -2253},
};
static const shapoco::gfx2d::rig::RotateKey anim_meow_bone4_rotate[] = {
  {0, 0xFE, 0, 0, 0},
  {24, 0x02, 0, 0, 0},
  {48, 0xFE, 0, -1016, -1016},
};
static const shapoco::gfx2d::rig::AttachmentKey anim_meow_slot3_attachment[] = {
  {0, 0, 0},
  {22, 1, 0},
  {48, 1, 0},
};
static const shapoco::gfx2d::rig::BoneTimeline anim_meow_boneTimelines[] = {
  {anim_meow_bone1_rotate, 5, 1, shapoco::gfx2d::rig::Channel::ROTATE},
  {anim_meow_bone1_scale, 5, 1, shapoco::gfx2d::rig::Channel::SCALE},
  {anim_meow_bone2_rotate, 5, 2, shapoco::gfx2d::rig::Channel::ROTATE},
  {anim_meow_bone2_scale, 5, 2, shapoco::gfx2d::rig::Channel::SCALE},
  {anim_meow_bone3_rotate, 3, 3, shapoco::gfx2d::rig::Channel::ROTATE},
  {anim_meow_bone4_rotate, 3, 4, shapoco::gfx2d::rig::Channel::ROTATE},
};
static const shapoco::gfx2d::rig::SlotTimeline anim_meow_slotTimelines[] = {
  {anim_meow_slot3_attachment, 3, 3, shapoco::gfx2d::rig::Channel::ATTACHMENT},
};
static const shapoco::gfx2d::rig::Animation anim_meow = {
  "meow", 48, 24, 6, 1, 3, 0,
  anim_meow_boneTimelines, anim_meow_slotTimelines, nullptr, anim_meow_curves,
  0xFE31C341u,
};

static const shapoco::gfx2d::rig::Animation *const animations[] = {&anim_idle, &anim_meow};
static constexpr int ANIMATION_COUNT = 2;

}  // namespace kitty_fast

#endif
